{"type": "FeatureCollection", "features": [{"type": "Feature", "bbox": [-88.3564621, 41.7481353, -88.3562993, 41.7482291], "geometry": {"type": "Polygon", "coordinates": [[[-88.3564356, 41.7482291], [-88.3564621, 41.7481525], [-88.3563188, 41.7481353], [-88.3562993, 41.7482198], [-88.3564356, 41.7482291]]]}, "properties": {"course_id": "aurora_country_club_il", "course_name": "Aurora Country Club", "hole_number": 1, "feature_type": "tee_box", "name": "hole_1_tee_box", "feature-color": "#8b7355", "is_approximate": true, "source": "osm", "@id": "3f5bbf42-52ba-4283-a76e-a2f05a97d7b4", "osm_id": 787977942}}, {"type": "Feature", "bbox": [-88.3582014, 41.7516211, -88.3580795, 41.7516793], "geometry": {"type": "Polygon", "coordinates": [[[-88.3580856, 41.7516793], [-88.3582014, 41.7516779], [-88.3581974, 41.7516211], [-88.3580795, 41.7516211], [-88.3580856, 41.7516793]]]}, "properties": {"course_id": "aurora_country_club_il", "course_name": "Aurora Country Club", "hole_number": 8, "feature_type": "tee_box", "name": "hole_8_tee_box", "feature-color": "#8b7355", "is_approximate": true, "source": "osm", "@id": "77a87075-40c8-4b7f-8655-e4c1ece03e79", "osm_id": 787998574}}, {"type": "Feature", "bbox": [-88.3585819, 41.7507416, -88.3578359, 41.7513618], "geometry": {"type": "Polygon", "coordinates": [[[-88.3583116, 41.75133], [-88.358336, 41.7513391], [-88.3583603, 41.7513542], [-88.3584051, 41.7513618], [-88.3584478, 41.7513451], [-88.3584904, 41.7513194], [-88.3585209, 41.7512981], [-88.3585453, 41.7512663], [-88.3585575, 41.7512223], [-88.3585474, 41.7511889], [-88.3585596, 41.7511586], [-88.3585738, 41.7511298], [-88.3585819, 41.7510949], [-88.3585311, 41.7510191], [-88.3584925, 41.750969], [-88.3584538, 41.7509417], [-88.3583624, 41.7508781], [-88.3583278, 41.7508629], [-88.358275, 41.750828], [-88.3582526, 41.7507962], [-88.3582242, 41.7507749], [-88.3581794, 41.7507567], [-88.3581083, 41.7507416], [-88.3580392, 41.7507492], [-88.3579965, 41.7507673], [-88.357966, 41.7507931], [-88.3579457, 41.7508189], [-88.3579314, 41.7508492], [-88.3579172, 41.7508826], [-88.357905, 41.7509129], [-88.3579009, 41.7509372], [-88.3578989, 41.750966], [-88.3579076, 41.750994], [-88.3579127, 41.7510194], [-88.3579013, 41.7510429], [-88.3578916, 41.751054], [-88.3578691, 41.7510677], [-88.3578518, 41.7510877], [-88.357842, 41.7511055], [-88.3578359, 41.7511268], [-88.357844, 41.751151], [-88.3578644, 41.7511783], [-88.3579009, 41.7511935], [-88.3579457, 41.7512056], [-88.3579904, 41.7512041], [-88.3580371, 41.7511965], [-88.3580798, 41.7511889], [-88.3581286, 41.7511738], [-88.3581733, 41.7511525], [-88.3581855, 41.7511419], [-88.3581998, 41.7511222], [-88.358212, 41.7511101], [-88.3582323, 41.751107], [-88.3582587, 41.7511101], [-88.358277, 41.7511374], [-88.3582811, 41.7511677], [-88.358279, 41.751195], [-88.3582709, 41.7512269], [-88.3582668, 41.7512451], [-88.3582628, 41.7512572], [-88.3582628, 41.7512845], [-88.3582668, 41.7513012], [-88.3582831, 41.7513163], [-88.3583116, 41.75133]]]}, "properties": {"course_id": "aurora_country_club_il", "course_name": "Aurora Country Club", "hole_number": 2, "feature_type": "water", "name": "hole_2_water", "feature-color": "#2255cc", "is_approximate": true, "source": "osm", "@id": "48b69b76-6784-45a9-b44d-0aa9d8ca5857", "osm_id": 787998575}}, {"type": "Feature", "bbox": [-88.3574955, 41.7483686, -88.3573584, 41.7485944], "geometry": {"type": "Polygon", "coordinates": [[[-88.357383, 41.748568], [-88.3574046, 41.7485852], [-88.3574331, 41.7485944], [-88.3574593, 41.7485875], [-88.357477, 41.7485778], [-88.357487, 41.7485646], [-88.3574909, 41.7485375], [-88.3574947, 41.7485192], [-88.3574955, 41.7484996], [-88.3574855, 41.748483], [-88.3574747, 41.7484669], [-88.3574724, 41.7484468], [-88.3574786, 41.7484312], [-88.3574855, 41.7484082], [-88.3574786, 41.7483933], [-88.3574593, 41.7483778], [-88.3574377, 41.7483686], [-88.3574154, 41.7483692], [-88.3574038, 41.7483732], [-88.3573938, 41.7483858], [-88.3573892, 41.7484042], [-88.3573861, 41.7484243], [-88.3573938, 41.7484422], [-88.3574054, 41.7484525], [-88.3574223, 41.7484651], [-88.3574385, 41.7484772], [-88.3574485, 41.7484893], [-88.3574578, 41.7485059], [-88.3574578, 41.7485261], [-88.3574531, 41.7485381], [-88.3574439, 41.7485416], [-88.35743, 41.7485387], [-88.3574239, 41.7485278], [-88.3574231, 41.748518], [-88.3574231, 41.7485059], [-88.3574131, 41.7484985], [-88.3574031, 41.7484956], [-88.3573907, 41.748495], [-88.3573792, 41.7485002], [-88.3573638, 41.7485111], [-88.3573584, 41.7485301], [-88.3573584, 41.7485427], [-88.3573684, 41.7485565], [-88.357383, 41.748568]]]}, "properties": {"course_id": "aurora_country_club_il", "course_name": "Aurora Country Club", "hole_number": 2, "feature_type": "bunker", "name": "hole_2_bunker", "feature-color": "#d4b483", "is_approximate": true, "source": "osm", "@id": "c21a5ba9-512b-4d94-a82b-9353486eb5c9", "osm_id": 787998578}}, {"type": "Feature", "bbox": [-88.357978, 41.7495642, -88.3578297, 41.7496635], "geometry": {"type": "Polygon", "coordinates": [[[-88.3578601, 41.74964], [-88.3578713, 41.7496506], [-88.3578886, 41.7496612], [-88.3579008, 41.7496635], [-88.357912, 41.7496612], [-88.3579211, 41.7496521], [-88.3579343, 41.7496445], [-88.3579465, 41.7496415], [-88.3579587, 41.7496324], [-88.3579699, 41.749621], [-88.357978, 41.7496059], [-88.357976, 41.7495884], [-88.3579618, 41.749574], [-88.3579425, 41.7495642], [-88.3579221, 41.7495642], [-88.357914, 41.749577], [-88.3579069, 41.7495877], [-88.3578906, 41.7495915], [-88.3578774, 41.7495839], [-88.3578591, 41.749577], [-88.3578419, 41.7495763], [-88.3578347, 41.7495869], [-88.3578297, 41.7496021], [-88.3578398, 41.7496157], [-88.357849, 41.7496286], [-88.3578601, 41.74964]]]}, "properties": {"course_id": "aurora_country_club_il", "course_name": "Aurora Country Club", "hole_number": 2, "feature_type": "bunker", "name": "hole_2_bunker_2", "feature-color": "#d4b483", "is_approximate": true, "source": "osm", "@id": "80eb9abb-489e-4556-8f00-bf45512d4e82", "osm_id": 787998579}}, {"type": "Feature", "bbox": [-88.3579517, 41.7492422, -88.3577332, 41.7495356], "geometry": {"type": "Polygon", "coordinates": [[[-88.357843, 41.7495265], [-88.3578796, 41.7494969], [-88.3579152, 41.7494613], [-88.3579375, 41.7494386], [-88.3579517, 41.7494196], [-88.3579507, 41.7493991], [-88.3579273, 41.7493847], [-88.3579101, 41.7493809], [-88.3578928, 41.7493855], [-88.3578796, 41.7494014], [-88.3578725, 41.749415], [-88.3578643, 41.7494348], [-88.3578511, 41.7494423], [-88.3578298, 41.7494378], [-88.3578176, 41.7494272], [-88.3578145, 41.7494082], [-88.3578247, 41.7493893], [-88.3578369, 41.7493794], [-88.3578572, 41.7493688], [-88.3578816, 41.7493612], [-88.357904, 41.7493506], [-88.3579162, 41.7493324], [-88.3579395, 41.7492869], [-88.3579426, 41.7492611], [-88.3579314, 41.7492475], [-88.3579121, 41.7492422], [-88.3578948, 41.7492422], [-88.3578775, 41.749246], [-88.3578623, 41.7492588], [-88.3578572, 41.7492808], [-88.3578491, 41.7492968], [-88.3578328, 41.7493059], [-88.3578135, 41.7493134], [-88.3578044, 41.7493256], [-88.3577962, 41.7493407], [-88.3577922, 41.7493574], [-88.357781, 41.7493733], [-88.3577668, 41.749384], [-88.3577525, 41.7493938], [-88.3577353, 41.7494082], [-88.3577332, 41.7494257], [-88.3577403, 41.7494454], [-88.3577586, 41.7494696], [-88.3577739, 41.7494901], [-88.357781, 41.7495053], [-88.3577912, 41.749522], [-88.3578044, 41.7495326], [-88.3578237, 41.7495356], [-88.357843, 41.7495265]]]}, "properties": {"course_id": "aurora_country_club_il", "course_name": "Aurora Country Club", "hole_number": 2, "feature_type": "bunker", "name": "hole_2_bunker_3", "feature-color": "#d4b483", "is_approximate": true, "source": "osm", "@id": "9ff60eb9-ebbe-49ae-b77b-094f6e6e555c", "osm_id": 787998580}}, {"type": "Feature", "bbox": [-88.3552899, 41.7468738, -88.3545368, 41.747331], "geometry": {"type": "Polygon", "coordinates": [[[-88.3549525, 41.7472863], [-88.3549891, 41.7473075], [-88.355047, 41.7473219], [-88.355105, 41.747331], [-88.355168, 41.747325], [-88.3552137, 41.7473113], [-88.3552574, 41.7472742], [-88.3552767, 41.7472408], [-88.3552899, 41.7472029], [-88.3552818, 41.7471589], [-88.3552676, 41.7471142], [-88.3552584, 41.7470922], [-88.3552249, 41.7470664], [-88.3552213, 41.7470652], [-88.3552011, 41.7470586], [-88.3551761, 41.7470505], [-88.3551172, 41.7470323], [-88.355044, 41.7470224], [-88.3549871, 41.7470194], [-88.3549312, 41.7470095], [-88.3548997, 41.7469989], [-88.35486, 41.7469701], [-88.3548438, 41.7469345], [-88.3548143, 41.7469087], [-88.3547787, 41.7468905], [-88.3547462, 41.7468806], [-88.3546944, 41.7468738], [-88.3546547, 41.7468761], [-88.3546273, 41.7468852], [-88.3546039, 41.7468988], [-88.3545714, 41.74692], [-88.3545622, 41.746939], [-88.3545439, 41.7469746], [-88.3545368, 41.747005], [-88.3545399, 41.7470406], [-88.3545663, 41.7470709], [-88.3545998, 41.7470982], [-88.354673, 41.7471278], [-88.354734, 41.747146], [-88.3547818, 41.7471582], [-88.3548468, 41.7471824], [-88.3548763, 41.747209], [-88.3548885, 41.7472325], [-88.3549159, 41.7472582], [-88.3549525, 41.7472863]]]}, "properties": {"course_id": "aurora_country_club_il", "course_name": "Aurora Country Club", "hole_number": 3, "feature_type": "water", "name": "hole_3_water", "feature-color": "#2255cc", "is_approximate": true, "source": "osm", "@id": "7b223f32-950b-4e8e-b802-b3434b7edb00", "osm_id": 787998586}}, {"type": "Feature", "bbox": [-88.3537486, 41.7480643, -88.35285, 41.7486886], "geometry": {"type": "Polygon", "coordinates": [[[-88.3532242, 41.7485255], [-88.3532094, 41.7485626], [-88.353192, 41.7486016], [-88.353192, 41.7486346], [-88.3532215, 41.7486576], [-88.3532537, 41.7486736], [-88.3532832, 41.7486856], [-88.3533315, 41.7486886], [-88.3533824, 41.7486766], [-88.35342, 41.7486576], [-88.3534562, 41.7486206], [-88.3534844, 41.7485866], [-88.35353, 41.7485656], [-88.3536198, 41.7485295], [-88.3536842, 41.7484985], [-88.3537325, 41.7484695], [-88.3537486, 41.7484225], [-88.3537243, 41.7483913], [-88.3537003, 41.7483605], [-88.3536641, 41.7483364], [-88.3536118, 41.7483074], [-88.3535662, 41.7482844], [-88.3535286, 41.7482614], [-88.3535018, 41.7482334], [-88.3534736, 41.7481934], [-88.3534589, 41.7481603], [-88.3534186, 41.7481313], [-88.3533623, 41.7481203], [-88.3533006, 41.7481173], [-88.3532591, 41.7481183], [-88.3532121, 41.7481053], [-88.3531772, 41.7480893], [-88.3531451, 41.7480713], [-88.3530981, 41.7480643], [-88.3530525, 41.7480873], [-88.3530123, 41.7481153], [-88.3529546, 41.7481193], [-88.352905, 41.7481333], [-88.3528715, 41.7481533], [-88.35285, 41.7482074], [-88.3528755, 41.7482474], [-88.3529305, 41.7482854], [-88.3529962, 41.7483164], [-88.3530311, 41.7483294], [-88.3530847, 41.7483464], [-88.3531048, 41.7483524], [-88.3531236, 41.7483474], [-88.353141, 41.7483384], [-88.3531625, 41.7483214], [-88.3531893, 41.7482934], [-88.3532161, 41.7482734], [-88.3532363, 41.7482644], [-88.3532564, 41.7482614], [-88.3532886, 41.7482674], [-88.3533234, 41.7482804], [-88.3533502, 41.7482974], [-88.3533637, 41.7483124], [-88.3533596, 41.7483364], [-88.3533489, 41.7483625], [-88.3533328, 41.7483815], [-88.3533127, 41.7484045], [-88.3532886, 41.7484315], [-88.3532591, 41.7484565], [-88.3532363, 41.7484785], [-88.3532282, 41.7484975], [-88.3532242, 41.7485255]]]}, "properties": {"course_id": "aurora_country_club_il", "course_name": "Aurora Country Club", "hole_number": 18, "feature_type": "water", "name": "hole_18_water", "feature-color": "#2255cc", "is_approximate": true, "source": "osm", "@id": "379f6d0f-23d4-4bc0-9dab-108cd3d2b1fa", "osm_id": 787998587}}, {"type": "Feature", "bbox": [-88.3511135, 41.7473303, -88.3496254, 41.7481533], "geometry": {"type": "Polygon", "coordinates": [[[-88.3500567, 41.7480222], [-88.3501091, 41.7480084], [-88.3501615, 41.7479648], [-88.3501862, 41.7479096], [-88.3501892, 41.7478797], [-88.3502262, 41.7478291], [-88.3502724, 41.7478154], [-88.3503587, 41.7477855], [-88.3503987, 41.7477556], [-88.350445, 41.7477533], [-88.3505066, 41.7477533], [-88.350562, 41.7477556], [-88.3506267, 41.7477579], [-88.3506822, 41.7477579], [-88.3507407, 41.7477533], [-88.350787, 41.7477418], [-88.3508332, 41.7477303], [-88.3508886, 41.7477119], [-88.3509271, 41.747697], [-88.3509718, 41.7476797], [-88.3510704, 41.7476407], [-88.3511074, 41.74762], [-88.3511135, 41.7475717], [-88.351092, 41.7475004], [-88.3510365, 41.7474545], [-88.3509595, 41.7474085], [-88.3509164, 41.7473786], [-88.3508393, 41.7473556], [-88.3507746, 41.7473349], [-88.3506668, 41.7473303], [-88.3505898, 41.7473533], [-88.3505158, 41.7473763], [-88.350408, 41.7474062], [-88.3503156, 41.7474476], [-88.3502509, 41.7474659], [-88.3501923, 41.747482], [-88.3501369, 41.747505], [-88.3500752, 41.7475303], [-88.350029, 41.7475625], [-88.3499766, 41.7476085], [-88.3499273, 41.7476636], [-88.3498596, 41.7476866], [-88.3497456, 41.7477372], [-88.3496254, 41.7477786], [-88.3496316, 41.7481234], [-88.3496408, 41.7481533], [-88.3497163, 41.7480774], [-88.3497508, 41.7480319], [-88.3498342, 41.7480106], [-88.3499134, 41.7480273], [-88.3500069, 41.7480349], [-88.3500567, 41.7480222]]]}, "properties": {"course_id": "aurora_country_club_il", "course_name": "Aurora Country Club", "hole_number": 13, "feature_type": "water", "name": "hole_13_water", "feature-color": "#2255cc", "is_approximate": true, "source": "osm", "@id": "0d97bdf5-0e2b-4563-926c-867db24224ef", "osm_id": 787998588}}, {"type": "Feature", "bbox": [-88.3501533, 41.7485884, -88.3496126, 41.7494044], "geometry": {"type": "Polygon", "coordinates": [[[-88.3497549, 41.7494028], [-88.349885, 41.7494044], [-88.3499846, 41.7493892], [-88.3500253, 41.7493865], [-88.3500753, 41.749363], [-88.3501195, 41.7493142], [-88.3501355, 41.7492919], [-88.3501533, 41.7492284], [-88.350135, 41.7491708], [-88.3501167, 41.7491056], [-88.3500964, 41.7490662], [-88.3500659, 41.7490313], [-88.3500517, 41.7489828], [-88.3500272, 41.7489433], [-88.350011, 41.7489084], [-88.3499781, 41.748853], [-88.3499647, 41.7487926], [-88.3499464, 41.7487286], [-88.3499153, 41.7486672], [-88.3498658, 41.7486185], [-88.3497935, 41.7486051], [-88.3497183, 41.7485884], [-88.3496126, 41.74859], [-88.3496288, 41.7493407], [-88.3496553, 41.7493786], [-88.3497549, 41.7494028]]]}, "properties": {"course_id": "aurora_country_club_il", "course_name": "Aurora Country Club", "hole_number": 12, "feature_type": "water", "name": "hole_12_water", "feature-color": "#2255cc", "is_approximate": true, "source": "osm", "@id": "9098a297-0b6b-4f4f-93d7-61f10e83ca41", "osm_id": 787998589}}, {"type": "Feature", "bbox": [-88.3519598, 41.7454917, -88.3506088, 41.745897], "geometry": {"type": "Polygon", "coordinates": [[[-88.3517029, 41.7457121], [-88.3517403, 41.7457191], [-88.3517975, 41.7457225], [-88.3518535, 41.7457199], [-88.3518967, 41.7457051], [-88.3519376, 41.7456903], [-88.3519586, 41.7456668], [-88.3519598, 41.7456441], [-88.3519516, 41.7456058], [-88.3519259, 41.7455605], [-88.3518792, 41.7455292], [-88.3517905, 41.7454917], [-88.3516307, 41.7455068], [-88.3514403, 41.7455278], [-88.3513209, 41.7455498], [-88.3510755, 41.7455918], [-88.3509521, 41.7456048], [-88.3508636, 41.7456198], [-88.3507643, 41.7456409], [-88.3506611, 41.7456689], [-88.3506262, 41.7456979], [-88.3506128, 41.7457289], [-88.3506088, 41.7457699], [-88.3506168, 41.745819], [-88.3506396, 41.745852], [-88.3506571, 41.745868], [-88.3506839, 41.745882], [-88.3507228, 41.745895], [-88.3507536, 41.745897], [-88.3507992, 41.745888], [-88.3508368, 41.745875], [-88.3508676, 41.745856], [-88.3509213, 41.745828], [-88.3509628, 41.74581], [-88.3510151, 41.7457799], [-88.3510567, 41.7457589], [-88.3511238, 41.7457289], [-88.3511653, 41.7457149], [-88.3512042, 41.7457049], [-88.3512364, 41.7456949], [-88.3512793, 41.7456899], [-88.3513357, 41.7456779], [-88.351392, 41.7456759], [-88.3514376, 41.7456759], [-88.3514778, 41.7456769], [-88.3515476, 41.7456809], [-88.3516213, 41.7456899], [-88.3516602, 41.7456979], [-88.3517029, 41.7457121]]]}, "properties": {"course_id": "aurora_country_club_il", "course_name": "Aurora Country Club", "hole_number": 15, "feature_type": "water", "name": "hole_15_water", "feature-color": "#2255cc", "is_approximate": true, "source": "osm", "@id": "f730715c-bfda-4baa-8545-cff90d8c8a6d", "osm_id": 788018372}}, {"type": "Feature", "bbox": [-88.3496805, 41.7517509, -88.3495893, 41.7518393], "geometry": {"type": "Polygon", "coordinates": [[[-88.3496805, 41.7517687], [-88.3496513, 41.7518393], [-88.3495893, 41.7518242], [-88.3496168, 41.7517509], [-88.3496805, 41.7517687]]]}, "properties": {"course_id": "aurora_country_club_il", "course_name": "Aurora Country Club", "hole_number": 12, "feature_type": "tee_box", "name": "hole_12_tee_box", "feature-color": "#8b7355", "is_approximate": true, "source": "osm", "@id": "0da890cc-2881-4f16-a199-98db3ffc865f", "osm_id": 788023178}}, {"type": "Feature", "bbox": [-88.3563971, 41.7482882, -88.35625, 41.7483906], "geometry": {"type": "Polygon", "coordinates": [[[-88.35625, 41.7483814], [-88.3563825, 41.7483906], [-88.3563971, 41.7483052], [-88.3562576, 41.7482882], [-88.35625, 41.7483814]]]}, "properties": {"course_id": "aurora_country_club_il", "course_name": "Aurora Country Club", "hole_number": 1, "feature_type": "tee_box", "name": "hole_1_tee_box_2", "feature-color": "#8b7355", "is_approximate": true, "source": "osm", "@id": "fdf0c38b-5669-4261-b677-5d2aef6cad02", "osm_id": 788054020}}, {"type": "Feature", "bbox": [-88.3563831, 41.7484062, -88.3562261, 41.7484999], "geometry": {"type": "Polygon", "coordinates": [[[-88.3563685, 41.7484999], [-88.3562261, 41.7484877], [-88.3562471, 41.7484062], [-88.3563831, 41.7484141], [-88.3563685, 41.7484999]]]}, "properties": {"course_id": "aurora_country_club_il", "course_name": "Aurora Country Club", "hole_number": 1, "feature_type": "tee_box", "name": "hole_1_tee_box_3", "feature-color": "#8b7355", "is_approximate": true, "source": "osm", "@id": "d178b428-b2e8-431e-b20b-94120d7b4b01", "osm_id": 788054021}}, {"type": "Feature", "bbox": [-88.3563107, 41.7485116, -88.35618, 41.7485809], "geometry": {"type": "Polygon", "coordinates": [[[-88.3563002, 41.7485809], [-88.35618, 41.7485669], [-88.3561905, 41.7485116], [-88.3563107, 41.748519], [-88.3563002, 41.7485809]]]}, "properties": {"course_id": "aurora_country_club_il", "course_name": "Aurora Country Club", "hole_number": 1, "feature_type": "tee_box", "name": "hole_1_tee_box_4", "feature-color": "#8b7355", "is_approximate": true, "source": "osm", "@id": "b17ce52a-8088-4b91-b670-993b90df9c0c", "osm_id": 788054022}}, {"type": "Feature", "bbox": [-88.3586814, 41.7483374, -88.3585834, 41.7484634], "geometry": {"type": "Polygon", "coordinates": [[[-88.3586762, 41.7484634], [-88.3585834, 41.7484612], [-88.3585886, 41.7483374], [-88.3586814, 41.7483395], [-88.3586762, 41.7484634]]]}, "properties": {"course_id": "aurora_country_club_il", "course_name": "Aurora Country Club", "hole_number": 7, "feature_type": "tee_box", "name": "hole_7_tee_box", "feature-color": "#8b7355", "is_approximate": true, "source": "osm", "@id": "240b707e-6def-4b90-937e-87191c50d003", "osm_id": 788054059}}, {"type": "Feature", "bbox": [-88.3585463, 41.7492956, -88.3583406, 41.7495534], "geometry": {"type": "Polygon", "coordinates": [[[-88.3584579, 41.7495496], [-88.3584479, 41.7495447], [-88.3584412, 41.7495202], [-88.3584325, 41.7495042], [-88.3584177, 41.7494907], [-88.3584231, 41.7494667], [-88.3584278, 41.7494537], [-88.3584271, 41.7494457], [-88.358411, 41.7494437], [-88.3583989, 41.7494477], [-88.3583775, 41.7494507], [-88.3583667, 41.7494467], [-88.3583507, 41.7494387], [-88.3583406, 41.7494202], [-88.3583406, 41.7494082], [-88.3583433, 41.7493951], [-88.3583513, 41.7493836], [-88.3583614, 41.7493751], [-88.3583681, 41.7493626], [-88.3583735, 41.7493531], [-88.3583661, 41.7493391], [-88.3583594, 41.7493216], [-88.3583728, 41.7493061], [-88.3583895, 41.7493016], [-88.3584192, 41.7492956], [-88.3584436, 41.7493062], [-88.3584589, 41.7493145], [-88.3584701, 41.7493236], [-88.3584843, 41.7493449], [-88.3584853, 41.7493699], [-88.3584884, 41.7493926], [-88.3585067, 41.7494108], [-88.358526, 41.749426], [-88.3585463, 41.7494435], [-88.3585443, 41.7494723], [-88.3585239, 41.7494852], [-88.3585138, 41.7495064], [-88.3585138, 41.7495231], [-88.3585056, 41.7495451], [-88.3584833, 41.7495534], [-88.3584579, 41.7495496]]]}, "properties": {"course_id": "aurora_country_club_il", "course_name": "Aurora Country Club", "hole_number": 7, "feature_type": "bunker", "name": "hole_7_bunker", "feature-color": "#d4b483", "is_approximate": true, "source": "osm", "@id": "ade4c92e-7bba-4479-8ad8-8f666481b988", "osm_id": 788054061}}, {"type": "Feature", "bbox": [-88.3588604, 41.7503771, -88.3587195, 41.7505049], "geometry": {"type": "Polygon", "coordinates": [[[-88.3588426, 41.7504626], [-88.3588319, 41.7504569], [-88.3588208, 41.7504526], [-88.3588165, 41.7504477], [-88.3588177, 41.7504434], [-88.3588215, 41.7504411], [-88.3588265, 41.7504408], [-88.3588323, 41.7504417], [-88.3588408, 41.7504411], [-88.3588481, 41.750438], [-88.3588516, 41.7504331], [-88.3588554, 41.750427], [-88.3588543, 41.7504181], [-88.3588531, 41.7504055], [-88.3588519, 41.7503929], [-88.3588481, 41.7503854], [-88.3588392, 41.7503811], [-88.3588296, 41.7503793], [-88.3588204, 41.7503771], [-88.358813, 41.7503785], [-88.3588053, 41.7503816], [-88.3587984, 41.750386], [-88.3587845, 41.7503885], [-88.3587742, 41.7503977], [-88.3587634, 41.7504015], [-88.3587534, 41.7504038], [-88.358741, 41.7504043], [-88.3587299, 41.7504107], [-88.3587237, 41.7504153], [-88.3587218, 41.7504239], [-88.3587195, 41.7504314], [-88.3587202, 41.75044], [-88.3587237, 41.7504512], [-88.3587287, 41.7504552], [-88.3587433, 41.7504575], [-88.358751, 41.7504584], [-88.3587599, 41.7504598], [-88.3587664, 41.7504618], [-88.3587691, 41.7504638], [-88.3587726, 41.7504676], [-88.3587788, 41.7504753], [-88.3587842, 41.7504851], [-88.3587915, 41.7504923], [-88.3588038, 41.7504983], [-88.3588154, 41.7505018], [-88.3588381, 41.7505049], [-88.358855, 41.750502], [-88.3588585, 41.7504926], [-88.3588604, 41.7504862], [-88.3588562, 41.7504739], [-88.3588426, 41.7504626]]]}, "properties": {"course_id": "aurora_country_club_il", "course_name": "Aurora Country Club", "hole_number": 7, "feature_type": "bunker", "name": "hole_7_bunker_2", "feature-color": "#d4b483", "is_approximate": true, "source": "osm", "@id": "3499909a-a4a0-4a74-89c4-f05ade22be7c", "osm_id": 788054062}}, {"type": "Feature", "bbox": [-88.3587894, 41.7504918, -88.3586303, 41.7506004], "geometry": {"type": "Polygon", "coordinates": [[[-88.3587617, 41.7505648], [-88.3587748, 41.7505628], [-88.3587821, 41.7505565], [-88.3587894, 41.750547], [-88.3587859, 41.7505346], [-88.358779, 41.750528], [-88.3587694, 41.7505185], [-88.3587551, 41.7505067], [-88.3587524, 41.7505027], [-88.3587386, 41.7504953], [-88.3587239, 41.7504918], [-88.3587008, 41.7504932], [-88.3586835, 41.7505053], [-88.3586754, 41.7505122], [-88.3586639, 41.7505162], [-88.3586515, 41.7505205], [-88.35864, 41.7505274], [-88.3586303, 41.7505369], [-88.3586319, 41.7505496], [-88.3586369, 41.7505588], [-88.3586458, 41.7505642], [-88.3586592, 41.7505642], [-88.3586692, 41.7505602], [-88.3586789, 41.7505527], [-88.358685, 41.7505493], [-88.3586935, 41.7505473], [-88.3587016, 41.7505473], [-88.3587047, 41.7505504], [-88.3587031, 41.7505559], [-88.3586989, 41.7505625], [-88.3586947, 41.7505688], [-88.35869, 41.7505708], [-88.3586823, 41.7505769], [-88.3586808, 41.7505817], [-88.3586808, 41.7505861], [-88.3586831, 41.7505924], [-88.3586939, 41.7505981], [-88.3587054, 41.7506001], [-88.3587162, 41.7506004], [-88.3587289, 41.7505975], [-88.358737, 41.7505924], [-88.3587386, 41.7505878], [-88.3587393, 41.7505823], [-88.3587401, 41.7505771], [-88.3587409, 41.7505734], [-88.3587432, 41.7505677], [-88.3587463, 41.7505636], [-88.3587494, 41.7505619], [-88.3587617, 41.7505648]]]}, "properties": {"course_id": "aurora_country_club_il", "course_name": "Aurora Country Club", "hole_number": 7, "feature_type": "bunker", "name": "hole_7_bunker_3", "feature-color": "#d4b483", "is_approximate": true, "source": "osm", "@id": "74e82642-b869-4dcf-8a22-d597a4ad02f1", "osm_id": 788054063}}, {"type": "Feature", "bbox": [-88.3589622, 41.7517537, -88.3587653, 41.7518296], "geometry": {"type": "Polygon", "coordinates": [[[-88.3589571, 41.7518296], [-88.3589622, 41.7517616], [-88.3587703, 41.7517537], [-88.3587653, 41.7518216], [-88.3589571, 41.7518296]]]}, "properties": {"course_id": "aurora_country_club_il", "course_name": "Aurora Country Club", "hole_number": 8, "feature_type": "tee_box", "name": "hole_8_tee_box_2", "feature-color": "#8b7355", "is_approximate": true, "source": "osm", "@id": "adc6b651-0b39-4067-b0d4-7a7670cb1d4d", "osm_id": 788054065}}, {"type": "Feature", "bbox": [-88.3587377, 41.7517478, -88.3585066, 41.7518181], "geometry": {"type": "Polygon", "coordinates": [[[-88.3587366, 41.7518181], [-88.3587377, 41.7517499], [-88.3585077, 41.7517478], [-88.3585066, 41.751816], [-88.3587366, 41.7518181]]]}, "properties": {"course_id": "aurora_country_club_il", "course_name": "Aurora Country Club", "hole_number": 8, "feature_type": "tee_box", "name": "hole_8_tee_box_3", "feature-color": "#8b7355", "is_approximate": true, "source": "osm", "@id": "49b8fdf7-84e2-4a5d-acee-d45da9c5f3f1", "osm_id": 788054066}}, {"type": "Feature", "bbox": [-88.3559116, 41.7517623, -88.3557734, 41.7518656], "geometry": {"type": "Polygon", "coordinates": [[[-88.355899, 41.7518054], [-88.3559032, 41.7518177], [-88.3559116, 41.7518355], [-88.3559085, 41.7518517], [-88.3558965, 41.7518639], [-88.3558492, 41.7518656], [-88.3558244, 41.7518514], [-88.3558258, 41.7518349], [-88.3558236, 41.7518207], [-88.3558165, 41.7518151], [-88.3558045, 41.7518114], [-88.3557939, 41.7518078], [-88.3557815, 41.7518032], [-88.3557734, 41.7517939], [-88.355778, 41.7517824], [-88.3557857, 41.7517726], [-88.355805, 41.7517634], [-88.3558281, 41.7517623], [-88.3558574, 41.7517646], [-88.3558697, 41.751772], [-88.355882, 41.7517812], [-88.3558959, 41.751795], [-88.355899, 41.7518054]]]}, "properties": {"course_id": "aurora_country_club_il", "course_name": "Aurora Country Club", "hole_number": 8, "feature_type": "bunker", "name": "hole_8_bunker", "feature-color": "#d4b483", "is_approximate": true, "source": "osm", "@id": "33aa5c1a-4c0b-4ad9-90ad-0667cbc9942a", "osm_id": 788054068}}, {"type": "Feature", "bbox": [-88.355303, 41.7517791, -88.3552289, 41.7518614], "geometry": {"type": "Polygon", "coordinates": [[[-88.3552365, 41.7518326], [-88.3552417, 41.7518522], [-88.3552575, 41.7518614], [-88.3552756, 41.7518588], [-88.3552844, 41.7518483], [-88.3552984, 41.7518374], [-88.355303, 41.7518257], [-88.3552937, 41.751817], [-88.3552838, 41.7517987], [-88.3552727, 41.7517852], [-88.3552598, 41.7517795], [-88.3552429, 41.7517791], [-88.3552318, 41.7517847], [-88.3552289, 41.751793], [-88.355233, 41.7518043], [-88.3552371, 41.7518143], [-88.3552382, 41.7518235], [-88.3552365, 41.7518326]]]}, "properties": {"course_id": "aurora_country_club_il", "course_name": "Aurora Country Club", "hole_number": 8, "feature_type": "bunker", "name": "hole_8_bunker_2", "feature-color": "#d4b483", "is_approximate": true, "source": "osm", "@id": "3fcba1ce-1c6e-4016-9681-22af052b1f9b", "osm_id": 788054069}}, {"type": "Feature", "bbox": [-88.3552197, 41.7517183, -88.3550493, 41.7518676], "geometry": {"type": "Polygon", "coordinates": [[[-88.3551794, 41.7518641], [-88.3551917, 41.7518598], [-88.3552039, 41.7518502], [-88.3552121, 41.751838], [-88.3552127, 41.7518249], [-88.3552057, 41.7518067], [-88.3552039, 41.7517962], [-88.3552029, 41.7517866], [-88.3552103, 41.7517737], [-88.3552197, 41.7517561], [-88.3552191, 41.7517435], [-88.3552133, 41.7517287], [-88.355201, 41.751723], [-88.355196, 41.7517183], [-88.355169, 41.75172], [-88.3551567, 41.7517275], [-88.35516, 41.7517398], [-88.3551637, 41.7517502], [-88.3551745, 41.7517667], [-88.3551779, 41.7517834], [-88.3551661, 41.7517945], [-88.3551495, 41.751796], [-88.3551332, 41.7517897], [-88.3551236, 41.7517821], [-88.355112, 41.7517726], [-88.3551012, 41.7517596], [-88.3550837, 41.7517605], [-88.3550668, 41.7517653], [-88.3550528, 41.7517788], [-88.3550493, 41.751791], [-88.3550516, 41.7518049], [-88.3550627, 41.7518119], [-88.355086, 41.7518158], [-88.3551, 41.7518167], [-88.3551065, 41.7518167], [-88.3551158, 41.7518215], [-88.3551216, 41.7518289], [-88.3551228, 41.7518358], [-88.3551263, 41.7518432], [-88.3551298, 41.7518546], [-88.3551467, 41.7518637], [-88.3551654, 41.7518676], [-88.3551794, 41.7518641]]]}, "properties": {"course_id": "aurora_country_club_il", "course_name": "Aurora Country Club", "hole_number": 8, "feature_type": "bunker", "name": "hole_8_bunker_3", "feature-color": "#d4b483", "is_approximate": true, "source": "osm", "@id": "3d7bbfb3-39e2-4442-9e91-8cc9de61193d", "osm_id": 788054070}}, {"type": "Feature", "bbox": [-88.3550865, 41.7518315, -88.354968, 41.7519007], "geometry": {"type": "Polygon", "coordinates": [[[-88.3550655, 41.7518964], [-88.3550865, 41.751885], [-88.3550835, 41.7518694], [-88.3550719, 41.7518533], [-88.3550538, 41.7518415], [-88.3550281, 41.7518332], [-88.3550117, 41.7518315], [-88.3549896, 41.751838], [-88.3549785, 41.7518459], [-88.354968, 41.7518541], [-88.3549691, 41.751862], [-88.3549721, 41.7518724], [-88.3549901, 41.7518798], [-88.3550001, 41.7518803], [-88.3550053, 41.7518829], [-88.3550123, 41.7518898], [-88.3550246, 41.7518968], [-88.3550398, 41.7519003], [-88.3550567, 41.7519007], [-88.3550655, 41.7518964]]]}, "properties": {"course_id": "aurora_country_club_il", "course_name": "Aurora Country Club", "hole_number": 8, "feature_type": "bunker", "name": "hole_8_bunker_4", "feature-color": "#d4b483", "is_approximate": true, "source": "osm", "@id": "18ee1da4-2247-419f-b4b5-1f4ee6126884", "osm_id": 788054071}}, {"type": "Feature", "bbox": [-88.3551707, 41.75148, -88.3549396, 41.7515767], "geometry": {"type": "Polygon", "coordinates": [[[-88.3551245, 41.7515693], [-88.3551328, 41.751558], [-88.3551415, 41.7515462], [-88.3551585, 41.7515362], [-88.355169, 41.7515292], [-88.3551707, 41.7515135], [-88.3551672, 41.7515018], [-88.3551602, 41.7514905], [-88.3551509, 41.7514865], [-88.355138, 41.7514844], [-88.3551293, 41.7514848], [-88.355117, 41.7514892], [-88.3551083, 41.7514926], [-88.3551018, 41.7514926], [-88.3550937, 41.7514861], [-88.3550832, 41.7514826], [-88.3550727, 41.75148], [-88.3550505, 41.7514805], [-88.3550411, 41.7514861], [-88.3550295, 41.7514918], [-88.3550236, 41.7514974], [-88.3550149, 41.7514992], [-88.3550055, 41.7514961], [-88.3549974, 41.7514905], [-88.3549816, 41.7514857], [-88.354967, 41.7514857], [-88.3549565, 41.7514879], [-88.3549477, 41.7514922], [-88.3549413, 41.7514979], [-88.3549396, 41.7515061], [-88.3549407, 41.7515162], [-88.3549437, 41.7515249], [-88.3549512, 41.7515362], [-88.3549577, 41.751544], [-88.3549635, 41.7515523], [-88.3549717, 41.7515588], [-88.3549839, 41.7515645], [-88.354995, 41.7515715], [-88.3550038, 41.7515732], [-88.3550213, 41.7515741], [-88.3550306, 41.7515684], [-88.3550353, 41.7515619], [-88.3550394, 41.7515514], [-88.3550417, 41.7515445], [-88.3550516, 41.7515331], [-88.3550598, 41.751527], [-88.3550686, 41.751524], [-88.3550779, 41.7515236], [-88.3550826, 41.7515257], [-88.3550843, 41.7515331], [-88.3550814, 41.7515414], [-88.3550744, 41.7515541], [-88.3550785, 41.7515654], [-88.3550855, 41.7515723], [-88.3550943, 41.7515767], [-88.3551048, 41.7515763], [-88.3551157, 41.7515736], [-88.3551245, 41.7515693]]]}, "properties": {"course_id": "aurora_country_club_il", "course_name": "Aurora Country Club", "hole_number": 8, "feature_type": "bunker", "name": "hole_8_bunker_5", "feature-color": "#d4b483", "is_approximate": true, "source": "osm", "@id": "085362e6-5b41-447b-a05b-d303b3a895fc", "osm_id": 788054074}}, {"type": "Feature", "bbox": [-88.3516392, 41.7513421, -88.3514555, 41.7514757], "geometry": {"type": "Polygon", "coordinates": [[[-88.3515419, 41.7514757], [-88.3514555, 41.7514458], [-88.3515342, 41.7513421], [-88.3516392, 41.7513882], [-88.3515419, 41.7514757]]]}, "properties": {"course_id": "aurora_country_club_il", "course_name": "Aurora Country Club", "hole_number": 18, "feature_type": "tee_box", "name": "hole_18_tee_box", "feature-color": "#8b7355", "is_approximate": true, "source": "osm", "@id": "7bfb9875-6fcd-4bf0-bd5a-0f3cfe242c98", "osm_id": 788059557}}, {"type": "Feature", "bbox": [-88.3517242, 41.7512345, -88.351563, 41.7513482], "geometry": {"type": "Polygon", "coordinates": [[[-88.3516574, 41.7513482], [-88.351563, 41.7513049], [-88.3516298, 41.7512345], [-88.3517242, 41.75128], [-88.3516574, 41.7513482]]]}, "properties": {"course_id": "aurora_country_club_il", "course_name": "Aurora Country Club", "hole_number": 18, "feature_type": "tee_box", "name": "hole_18_tee_box_2", "feature-color": "#8b7355", "is_approximate": true, "source": "osm", "@id": "819402b0-9d0a-42dd-9312-ec7ca5612816", "osm_id": 949727457}}, {"type": "Feature", "bbox": [-88.3586619, 41.7513315, -88.3584464, 41.7515898], "geometry": {"type": "Polygon", "coordinates": [[[-88.3584519, 41.751504], [-88.358462, 41.751534], [-88.3584709, 41.751559], [-88.358481, 41.7515823], [-88.3585011, 41.7515898], [-88.3585301, 41.7515898], [-88.3585558, 41.751579], [-88.3585826, 41.7515615], [-88.3585927, 41.7515398], [-88.3586038, 41.7515215], [-88.3586172, 41.751499], [-88.3586373, 41.751479], [-88.3586597, 41.7514565], [-88.3586619, 41.7514265], [-88.3586586, 41.7513882], [-88.3586452, 41.7513524], [-88.3586217, 41.7513349], [-88.3585826, 41.7513315], [-88.3585525, 41.751344], [-88.3585156, 41.7513649], [-88.3584732, 41.7513924], [-88.3584508, 41.7514124], [-88.3584486, 41.7514332], [-88.3584464, 41.7514624], [-88.3584497, 41.7514815], [-88.3584519, 41.751504]]]}, "properties": {"course_id": "aurora_country_club_il", "course_name": "Aurora Country Club", "hole_number": 7, "feature_type": "green", "name": "hole_7_green", "feature-color": "#2d6e2d", "is_approximate": true, "source": "osm", "@id": "b47be89d-2f87-4aa1-a6e5-cfe94e3e44ea", "osm_id": 993072523}}, {"type": "Feature", "bbox": [-88.3588347, 41.7486417, -88.3584066, 41.7514565], "geometry": {"type": "Polygon", "coordinates": [[[-88.3586597, 41.7514565], [-88.3587072, 41.751438], [-88.3587497, 41.7514083], [-88.3587695, 41.7513703], [-88.3587724, 41.7512624], [-88.3587865, 41.7511588], [-88.3588036, 41.7509959], [-88.3588234, 41.7508796], [-88.3588064, 41.750795], [-88.358761, 41.7507421], [-88.3586731, 41.750685], [-88.3586023, 41.7506511], [-88.3585654, 41.75063], [-88.3585824, 41.750575], [-88.3585966, 41.7505179], [-88.3586306, 41.7504671], [-88.3586958, 41.7502514], [-88.3587185, 41.7500335], [-88.3587667, 41.7497458], [-88.3587837, 41.749566], [-88.3588007, 41.7493778], [-88.3588092, 41.7491282], [-88.3588347, 41.7487961], [-88.3588347, 41.7487432], [-88.3588121, 41.7486861], [-88.3587412, 41.7486459], [-88.3586788, 41.7486417], [-88.3586278, 41.7486692], [-88.3585682, 41.7487094], [-88.35852, 41.7487813], [-88.3585002, 41.7488744], [-88.358486, 41.7489738], [-88.3584577, 41.7490943], [-88.3584463, 41.7491578], [-88.358435, 41.7492297], [-88.3584662, 41.7492805], [-88.3585512, 41.7493439], [-88.3585767, 41.7493968], [-88.3585966, 41.7494603], [-88.3585739, 41.7495216], [-88.3585229, 41.7496105], [-88.358486, 41.7496697], [-88.3584747, 41.7497712], [-88.3584633, 41.7500335], [-88.3584236, 41.7503444], [-88.3584095, 41.7504946], [-88.3584066, 41.750685], [-88.358435, 41.7507971], [-88.358452, 41.7508648], [-88.358486, 41.7509071], [-88.3585371, 41.7509621], [-88.3585853, 41.7510086], [-88.3586249, 41.7510763], [-88.3586108, 41.7512095], [-88.3585861, 41.7512783], [-88.3585516, 41.7513256], [-88.3585156, 41.7513649], [-88.3585525, 41.751344], [-88.3585826, 41.7513315], [-88.3586217, 41.7513349], [-88.3586452, 41.7513524], [-88.3586586, 41.7513882], [-88.3586619, 41.7514265], [-88.3586597, 41.7514565]]]}, "properties": {"course_id": "aurora_country_club_il", "course_name": "Aurora Country Club", "hole_number": 7, "feature_type": "fairway", "name": "hole_7_fairway", "feature-color": "#4a7c3f", "is_approximate": true, "source": "osm", "@id": "490acbc7-399e-4dc4-b5b2-36be8f30a30f", "osm_id": 993072524}}, {"type": "Feature", "bbox": [-88.3588612, 41.7474042, -88.3587549, 41.7475637], "geometry": {"type": "Polygon", "coordinates": [[[-88.3587648, 41.747552], [-88.3587582, 41.7475212], [-88.3587661, 41.7474992], [-88.3587674, 41.7474727], [-88.3587615, 41.7474537], [-88.3587549, 41.7474316], [-88.3587595, 41.7474135], [-88.3587713, 41.7474067], [-88.3587956, 41.7474042], [-88.3588225, 41.7474072], [-88.3588428, 41.747416], [-88.3588599, 41.7474292], [-88.3588612, 41.7474463], [-88.3588317, 41.7474669], [-88.3588317, 41.7474835], [-88.3588389, 41.7475178], [-88.3588415, 41.7475447], [-88.3588369, 41.7475579], [-88.3588179, 41.7475637], [-88.3587989, 41.7475637], [-88.3587772, 41.7475579], [-88.3587648, 41.747552]]]}, "properties": {"course_id": "aurora_country_club_il", "course_name": "Aurora Country Club", "hole_number": 7, "feature_type": "tee_box", "name": "hole_7_tee_box_2", "feature-color": "#8b7355", "is_approximate": true, "source": "osm", "@id": "e43431a0-adea-45da-b720-3ea45bbe085a", "osm_id": 993072525}}, {"type": "Feature", "bbox": [-88.3588586, 41.7475943, -88.3587278, 41.7477434], "geometry": {"type": "Polygon", "coordinates": [[[-88.3588418, 41.7477434], [-88.3588586, 41.7476018], [-88.3587446, 41.7475943], [-88.3587278, 41.7477359], [-88.3588418, 41.7477434]]]}, "properties": {"course_id": "aurora_country_club_il", "course_name": "Aurora Country Club", "hole_number": 7, "feature_type": "tee_box", "name": "hole_7_tee_box_3", "feature-color": "#8b7355", "is_approximate": true, "source": "osm", "@id": "f00a4588-0233-4aa4-84b3-f13c7840c087", "osm_id": 993072526}}, {"type": "Feature", "bbox": [-88.3588336, 41.7479087, -88.3587023, 41.7479754], "geometry": {"type": "Polygon", "coordinates": [[[-88.3587066, 41.7479754], [-88.3588336, 41.7479705], [-88.3588293, 41.7479087], [-88.3587023, 41.7479136], [-88.3587066, 41.7479754]]]}, "properties": {"course_id": "aurora_country_club_il", "course_name": "Aurora Country Club", "hole_number": 7, "feature_type": "tee_box", "name": "hole_7_tee_box_4", "feature-color": "#8b7355", "is_approximate": true, "source": "osm", "@id": "2f919622-2e20-4395-951e-9288a0ea0b8c", "osm_id": 993072527}}, {"type": "Feature", "bbox": [-88.3551785, 41.7516077, -88.3548781, 41.7518173], "geometry": {"type": "Polygon", "coordinates": [[[-88.3550159, 41.7517653], [-88.3550324, 41.7517519], [-88.3550542, 41.7517429], [-88.3550811, 41.7517345], [-88.3551156, 41.7517217], [-88.3551456, 41.7517066], [-88.3551665, 41.7516898], [-88.3551785, 41.7516686], [-88.3551755, 41.7516524], [-88.3551703, 41.7516351], [-88.3551538, 41.7516188], [-88.3551358, 41.7516077], [-88.3551223, 41.7516077], [-88.3550984, 41.751611], [-88.3550721, 41.7516161], [-88.3550392, 41.7516188], [-88.3550167, 41.7516233], [-88.3549965, 41.7516328], [-88.3549702, 41.7516518], [-88.3549448, 41.7516865], [-88.3549268, 41.7517133], [-88.3549096, 41.7517312], [-88.3548916, 41.751753], [-88.3548803, 41.7517658], [-88.3548781, 41.7517837], [-88.3548863, 41.7517983], [-88.3548968, 41.75181], [-88.3549103, 41.7518173], [-88.354935, 41.7518173], [-88.3549568, 41.7518139], [-88.3549717, 41.7518055], [-88.3549957, 41.7517882], [-88.3550055, 41.7517781], [-88.3550159, 41.7517653]]]}, "properties": {"course_id": "aurora_country_club_il", "course_name": "Aurora Country Club", "hole_number": 8, "feature_type": "green", "name": "hole_8_green", "feature-color": "#2d6e2d", "is_approximate": true, "source": "osm", "@id": "70b7e58e-032c-45e3-bb3b-c1c2818978aa", "osm_id": 993072528}}, {"type": "Feature", "bbox": [-88.3576187, 41.7515462, -88.3550721, 41.7518223], "geometry": {"type": "Polygon", "coordinates": [[[-88.3551456, 41.7517066], [-88.3552047, 41.7517021], [-88.3552872, 41.7517183], [-88.3553673, 41.7517401], [-88.3554655, 41.7517631], [-88.3555254, 41.7517742], [-88.3555756, 41.7517804], [-88.3556131, 41.7517815], [-88.355661, 41.7517793], [-88.3557142, 41.7517647], [-88.3557771, 41.7517513], [-88.3558198, 41.7517429], [-88.3558528, 41.7517435], [-88.355894, 41.7517597], [-88.3559457, 41.7517781], [-88.3559959, 41.7517932], [-88.3560386, 41.751805], [-88.3560701, 41.7518089], [-88.356103, 41.7518117], [-88.3561427, 41.7518106], [-88.3561802, 41.7518044], [-88.3562162, 41.7517966], [-88.3562776, 41.751791], [-88.3563143, 41.7517916], [-88.356342, 41.7517999], [-88.3563982, 41.7518106], [-88.3564559, 41.7518223], [-88.3564994, 41.7518217], [-88.3565428, 41.7518189], [-88.3565878, 41.7518078], [-88.3566357, 41.7517955], [-88.3567009, 41.7517837], [-88.3567414, 41.7517793], [-88.3568155, 41.7517776], [-88.3570755, 41.7517798], [-88.3572163, 41.7517849], [-88.3573392, 41.7517854], [-88.3574134, 41.7517815], [-88.3574688, 41.7517787], [-88.3575145, 41.7517742], [-88.357555, 41.7517631], [-88.3575745, 41.7517519], [-88.3575947, 41.7517385], [-88.3576089, 41.7517189], [-88.3576187, 41.7516876], [-88.3576134, 41.7516535], [-88.3576029, 41.7516278], [-88.3575902, 41.7516054], [-88.3575617, 41.7515842], [-88.3575228, 41.7515719], [-88.3574748, 41.7515641], [-88.3574081, 41.7515557], [-88.3573437, 41.7515568], [-88.3571339, 41.7515529], [-88.3569234, 41.7515551], [-88.3567646, 41.7515579], [-88.3566874, 41.7515613], [-88.356617, 41.751568], [-88.3565473, 41.7515691], [-88.3564896, 41.7515641], [-88.3563727, 41.7515557], [-88.3562341, 41.7515518], [-88.3560701, 41.7515518], [-88.355915, 41.7515484], [-88.3557487, 41.7515462], [-88.3555823, 41.7515473], [-88.3554273, 41.7515551], [-88.3553141, 41.7515669], [-88.3552422, 41.7515825], [-88.355207, 41.7515853], [-88.3551763, 41.7515825], [-88.3551523, 41.7515887], [-88.3551141, 41.7515937], [-88.3550721, 41.7516161], [-88.3550984, 41.751611], [-88.3551223, 41.7516077], [-88.3551358, 41.7516077], [-88.3551538, 41.7516188], [-88.3551703, 41.7516351], [-88.3551755, 41.7516524], [-88.3551785, 41.7516686], [-88.3551665, 41.7516898], [-88.3551456, 41.7517066]]]}, "properties": {"course_id": "aurora_country_club_il", "course_name": "Aurora Country Club", "hole_number": 8, "feature_type": "fairway", "name": "hole_8_fairway", "feature-color": "#4a7c3f", "is_approximate": true, "source": "osm", "@id": "bedbedf4-e683-4151-90cd-c69b2d5e822a", "osm_id": 993072529}}, {"type": "Feature", "bbox": [-88.358168, 41.7513725, -88.3580422, 41.7515321], "geometry": {"type": "Polygon", "coordinates": [[[-88.358168, 41.7515277], [-88.3580671, 41.7515321], [-88.3580422, 41.7513814], [-88.3581526, 41.7513725], [-88.358168, 41.7515277]]]}, "properties": {"course_id": "aurora_country_club_il", "course_name": "Aurora Country Club", "hole_number": 2, "feature_type": "tee_box", "name": "hole_2_tee_box", "feature-color": "#8b7355", "is_approximate": true, "source": "osm", "@id": "f56bb31f-a578-45af-ba63-4a3ef5d09ef6", "osm_id": 993073982}}, {"type": "Feature", "bbox": [-88.3581612, 41.7512225, -88.3579626, 41.751317], "geometry": {"type": "Polygon", "coordinates": [[[-88.3579977, 41.751317], [-88.3581612, 41.7513023], [-88.3581389, 41.7512225], [-88.3579626, 41.7512448], [-88.3579977, 41.751317]]]}, "properties": {"course_id": "aurora_country_club_il", "course_name": "Aurora Country Club", "hole_number": 2, "feature_type": "tee_box", "name": "hole_2_tee_box_2", "feature-color": "#8b7355", "is_approximate": true, "source": "osm", "@id": "4128ba0a-7ab6-4c71-ad05-a85f6197c905", "osm_id": 993073983}}, {"type": "Feature", "bbox": [-88.3578613, 41.7509326, -88.3577586, 41.7510564], "geometry": {"type": "Polygon", "coordinates": [[[-88.3578613, 41.7510537], [-88.3577646, 41.7510564], [-88.3577586, 41.7509353], [-88.3578553, 41.7509326], [-88.3578613, 41.7510537]]]}, "properties": {"course_id": "aurora_country_club_il", "course_name": "Aurora Country Club", "hole_number": 2, "feature_type": "tee_box", "name": "hole_2_tee_box_3", "feature-color": "#8b7355", "is_approximate": true, "source": "osm", "@id": "8d98ade0-247c-49f2-84f5-926062327e22", "osm_id": 993073984}}, {"type": "Feature", "bbox": [-88.3565158, 41.7511306, -88.3564047, 41.7512408], "geometry": {"type": "Polygon", "coordinates": [[[-88.3564274, 41.7511962], [-88.3564319, 41.7512138], [-88.3564379, 41.751227], [-88.3564465, 41.7512341], [-88.3564605, 41.7512382], [-88.3564721, 41.7512404], [-88.3564887, 41.7512408], [-88.3564992, 41.7512374], [-88.3565078, 41.7512288], [-88.3565148, 41.751221], [-88.3565158, 41.7512138], [-88.3565148, 41.7512018], [-88.3565108, 41.7511868], [-88.3565103, 41.7511737], [-88.3565093, 41.7511598], [-88.3565098, 41.7511448], [-88.3564977, 41.7511403], [-88.3564711, 41.7511332], [-88.3564424, 41.7511306], [-88.3564233, 41.7511355], [-88.3564088, 41.7511441], [-88.3564047, 41.7511538], [-88.3564113, 41.751164], [-88.3564208, 41.7511745], [-88.3564269, 41.7511835], [-88.3564274, 41.7511962]]]}, "properties": {"course_id": "aurora_country_club_il", "course_name": "Aurora Country Club", "hole_number": 1, "feature_type": "bunker", "name": "hole_1_bunker", "feature-color": "#d4b483", "is_approximate": true, "source": "osm", "@id": "9dd69225-f835-4d28-b0ee-cdbb506e1d05", "osm_id": 993073985}}, {"type": "Feature", "bbox": [-88.3561983, 41.751063, -88.3560845, 41.7512596], "geometry": {"type": "Polygon", "coordinates": [[[-88.3560965, 41.7512456], [-88.3561128, 41.7512564], [-88.3561299, 41.7512596], [-88.356153, 41.7512539], [-88.3561615, 41.751245], [-88.3561718, 41.7512296], [-88.3561761, 41.7512143], [-88.356171, 41.7512035], [-88.3561615, 41.7511964], [-88.356153, 41.7511875], [-88.3561564, 41.7511734], [-88.3561864, 41.7511575], [-88.3561932, 41.751139], [-88.3561983, 41.7511147], [-88.3561889, 41.7510898], [-88.3561787, 41.7510738], [-88.3561684, 41.7510655], [-88.3561547, 41.751063], [-88.3561342, 41.7510732], [-88.3561033, 41.7510987], [-88.3560905, 41.7511102], [-88.3560879, 41.75113], [-88.3560905, 41.7511434], [-88.3561033, 41.7511524], [-88.3561128, 41.7511588], [-88.3561076, 41.7511754], [-88.3560888, 41.7511913], [-88.3560845, 41.7512092], [-88.3560862, 41.7512322], [-88.3560965, 41.7512456]]]}, "properties": {"course_id": "aurora_country_club_il", "course_name": "Aurora Country Club", "hole_number": 1, "feature_type": "bunker", "name": "hole_1_bunker_2", "feature-color": "#d4b483", "is_approximate": true, "source": "osm", "@id": "f2417b67-c334-4524-9fb4-3bfb143ad30b", "osm_id": 993073986}}, {"type": "Feature", "bbox": [-88.356403, 41.7511178, -88.3562073, 41.7513058], "geometry": {"type": "Polygon", "coordinates": [[[-88.3563063, 41.7512994], [-88.3563263, 41.7513037], [-88.356344, 41.7513058], [-88.3563618, 41.751304], [-88.3563787, 41.7512986], [-88.3563899, 41.7512905], [-88.3563968, 41.751281], [-88.356403, 41.7512693], [-88.3563991, 41.7512503], [-88.3563883, 41.7512164], [-88.3563733, 41.7511882], [-88.356351, 41.7511523], [-88.3563367, 41.7511374], [-88.3563248, 41.7511293], [-88.3563028, 41.7511224], [-88.3562855, 41.7511187], [-88.3562697, 41.7511178], [-88.3562543, 41.7511236], [-88.3562416, 41.7511377], [-88.3562216, 41.7511624], [-88.35621, 41.7511902], [-88.3562073, 41.7512092], [-88.3562073, 41.7512259], [-88.3562127, 41.7512443], [-88.3562193, 41.7512543], [-88.3562354, 41.7512684], [-88.356252, 41.7512796], [-88.356267, 41.7512871], [-88.356287, 41.751294], [-88.3563063, 41.7512994]]]}, "properties": {"course_id": "aurora_country_club_il", "course_name": "Aurora Country Club", "hole_number": 1, "feature_type": "green", "name": "hole_1_green", "feature-color": "#2d6e2d", "is_approximate": true, "source": "osm", "@id": "6f1a8b85-311a-4fba-bf97-b5ea5341b771", "osm_id": 993073987}}, {"type": "Feature", "bbox": [-88.3513868, 41.7460008, -88.3512993, 41.7460846], "geometry": {"type": "Polygon", "coordinates": [[[-88.3513868, 41.7460791], [-88.3513795, 41.7460008], [-88.3512993, 41.7460052], [-88.3513052, 41.7460846], [-88.3513868, 41.7460791]]]}, "properties": {"course_id": "aurora_country_club_il", "course_name": "Aurora Country Club", "hole_number": 15, "feature_type": "tee_box", "name": "hole_15_tee_box", "feature-color": "#8b7355", "is_approximate": true, "source": "osm", "@id": "c244366d-8303-4066-8119-1c90616cd1ea", "osm_id": 993088127}}, {"type": "Feature", "bbox": [-88.3512367, 41.7460106, -88.3509962, 41.7461161], "geometry": {"type": "Polygon", "coordinates": [[[-88.3512367, 41.7460954], [-88.3512323, 41.7460106], [-88.3509962, 41.7460302], [-88.3510049, 41.7461161], [-88.3512367, 41.7460954]]]}, "properties": {"course_id": "aurora_country_club_il", "course_name": "Aurora Country Club", "hole_number": 15, "feature_type": "tee_box", "name": "hole_15_tee_box_2", "feature-color": "#8b7355", "is_approximate": true, "source": "osm", "@id": "545f9e17-c9b6-4a32-8eef-ba307d4ef104", "osm_id": 993088128}}, {"type": "Feature", "bbox": [-88.3505356, 41.7461117, -88.3502675, 41.746227], "geometry": {"type": "Polygon", "coordinates": [[[-88.3505356, 41.7462074], [-88.3505284, 41.7461117], [-88.3502675, 41.7461346], [-88.3502748, 41.746227], [-88.3505356, 41.7462074]]]}, "properties": {"course_id": "aurora_country_club_il", "course_name": "Aurora Country Club", "hole_number": 15, "feature_type": "tee_box", "name": "hole_15_tee_box_3", "feature-color": "#8b7355", "is_approximate": true, "source": "osm", "@id": "308ee389-3075-45bd-beff-1420d9210c07", "osm_id": 993088129}}, {"type": "Feature", "bbox": [-88.3507411, 41.7462444, -88.3505371, 41.7464195], "geometry": {"type": "Polygon", "coordinates": [[[-88.350661, 41.7464162], [-88.3506916, 41.7464108], [-88.3507339, 41.7463879], [-88.3507411, 41.7463564], [-88.3507411, 41.7462444], [-88.3505371, 41.746264], [-88.3505633, 41.7464195], [-88.350661, 41.7464162]]]}, "properties": {"course_id": "aurora_country_club_il", "course_name": "Aurora Country Club", "hole_number": null, "feature_type": "tee_box", "name": "unassigned_tee_box", "feature-color": "#8b7355", "is_approximate": true, "source": "osm", "@id": "3a74bc93-2dda-4e60-8607-22cb7a0b3171", "osm_id": 993088130, "needs_hole_assignment": true}}, {"type": "Feature", "bbox": [-88.3505852, 41.745692, -88.3503025, 41.7458007], "geometry": {"type": "Polygon", "coordinates": [[[-88.3505531, 41.7458007], [-88.3503025, 41.7457736], [-88.3503185, 41.745692], [-88.3505852, 41.7457192], [-88.3505531, 41.7458007]]]}, "properties": {"course_id": "aurora_country_club_il", "course_name": "Aurora Country Club", "hole_number": 15, "feature_type": "tee_box", "name": "hole_15_tee_box_4", "feature-color": "#8b7355", "is_approximate": true, "source": "osm", "@id": "cf007b13-3959-4e66-95a2-11e4bd0fdca7", "osm_id": 993088131}}, {"type": "Feature", "bbox": [-88.3500343, 41.7455811, -88.3498915, 41.745667], "geometry": {"type": "Polygon", "coordinates": [[[-88.3500081, 41.745667], [-88.3500343, 41.7456039], [-88.3499089, 41.7455811], [-88.3498915, 41.7456496], [-88.3500081, 41.745667]]]}, "properties": {"course_id": "aurora_country_club_il", "course_name": "Aurora Country Club", "hole_number": 15, "feature_type": "tee_box", "name": "hole_15_tee_box_5", "feature-color": "#8b7355", "is_approximate": true, "source": "osm", "@id": "f71d9400-4ccf-4d39-95cc-8838dc2a553b", "osm_id": 993088132}}, {"type": "Feature", "bbox": [-88.3547068, 41.7457605, -88.3543949, 41.7459182], "geometry": {"type": "Polygon", "coordinates": [[[-88.3545071, 41.7459182], [-88.354561, 41.745916], [-88.3545902, 41.7459092], [-88.3546223, 41.7458943], [-88.3546689, 41.7458649], [-88.3546966, 41.7458345], [-88.3547068, 41.7458094], [-88.3547053, 41.745792], [-88.3546908, 41.7457703], [-88.3546689, 41.7457605], [-88.3546441, 41.7457605], [-88.3545902, 41.7457746], [-88.3545115, 41.7457823], [-88.3544561, 41.7457844], [-88.3544299, 41.7457986], [-88.3543993, 41.7458301], [-88.3543949, 41.7458529], [-88.3543949, 41.7458769], [-88.3544095, 41.7458986], [-88.3544357, 41.7459127], [-88.3544649, 41.7459171], [-88.3545071, 41.7459182]]]}, "properties": {"course_id": "aurora_country_club_il", "course_name": "Aurora Country Club", "hole_number": 15, "feature_type": "green", "name": "hole_15_green", "feature-color": "#2d6e2d", "is_approximate": true, "source": "osm", "@id": "f19dbbc6-3ad1-42cd-9a0f-22cc9580e2a2", "osm_id": 993088134}}, {"type": "Feature", "bbox": [-88.3544969, 41.745916, -88.3542404, 41.7460574], "geometry": {"type": "Polygon", "coordinates": [[[-88.3542535, 41.7459834], [-88.3542725, 41.7460258], [-88.3542914, 41.7460411], [-88.3543075, 41.746053], [-88.3543439, 41.7460574], [-88.3543862, 41.7460563], [-88.3544401, 41.7460541], [-88.3544649, 41.7460454], [-88.3544896, 41.7460269], [-88.3544969, 41.7460041], [-88.3544823, 41.7459802], [-88.3544547, 41.7459693], [-88.3544255, 41.7459693], [-88.3543993, 41.7459867], [-88.3543832, 41.7459954], [-88.3543526, 41.745991], [-88.3543381, 41.7459747], [-88.3543366, 41.745953], [-88.3543308, 41.7459247], [-88.3543031, 41.745916], [-88.3542754, 41.745916], [-88.3542535, 41.745928], [-88.3542404, 41.7459454], [-88.3542404, 41.7459671], [-88.3542535, 41.7459834]]]}, "properties": {"course_id": "aurora_country_club_il", "course_name": "Aurora Country Club", "hole_number": 15, "feature_type": "bunker", "name": "hole_15_bunker", "feature-color": "#d4b483", "is_approximate": true, "source": "osm", "@id": "e03761fd-5df0-4712-b467-cf1bd7c9cdb8", "osm_id": 993088135}}, {"type": "Feature", "bbox": [-88.3544226, 41.7457007, -88.3542288, 41.7458236], "geometry": {"type": "Polygon", "coordinates": [[[-88.3542462, 41.7457964], [-88.3542958, 41.7458138], [-88.3543293, 41.7458236], [-88.3543585, 41.7458181], [-88.3543716, 41.7458062], [-88.3543716, 41.7457942], [-88.3543424, 41.7457844], [-88.3543424, 41.7457681], [-88.3543599, 41.7457594], [-88.3543818, 41.7457616], [-88.3544007, 41.745767], [-88.3544182, 41.7457562], [-88.3544226, 41.7457388], [-88.3544197, 41.7457203], [-88.3544066, 41.7457116], [-88.354373, 41.7457007], [-88.3543497, 41.7457105], [-88.3543264, 41.7457257], [-88.3542987, 41.7457344], [-88.3542608, 41.7457399], [-88.3542448, 41.7457518], [-88.3542302, 41.7457627], [-88.3542288, 41.7457757], [-88.3542346, 41.7457877], [-88.3542462, 41.7457964]]]}, "properties": {"course_id": "aurora_country_club_il", "course_name": "Aurora Country Club", "hole_number": 15, "feature_type": "bunker", "name": "hole_15_bunker_2", "feature-color": "#d4b483", "is_approximate": true, "source": "osm", "@id": "efa984a8-772d-418b-86d0-3a71276637ad", "osm_id": 993088137}}, {"type": "Feature", "bbox": [-88.3545667, 41.745685, -88.3544717, 41.745755], "geometry": {"type": "Polygon", "coordinates": [[[-88.3544907, 41.7457483], [-88.3545242, 41.745755], [-88.3545466, 41.7457467], [-88.3545622, 41.7457275], [-88.3545667, 41.7457058], [-88.3545555, 41.74569], [-88.3545153, 41.745685], [-88.3544896, 41.7456967], [-88.3544773, 41.745715], [-88.3544717, 41.7457308], [-88.3544907, 41.7457483]]]}, "properties": {"course_id": "aurora_country_club_il", "course_name": "Aurora Country Club", "hole_number": 15, "feature_type": "bunker", "name": "hole_15_bunker_3", "feature-color": "#d4b483", "is_approximate": true, "source": "osm", "@id": "92210bc7-2c2a-40ff-bed8-181ef132a46d", "osm_id": 993088138}}, {"type": "Feature", "bbox": [-88.3531673, 41.74567, -88.3530332, 41.7458475], "geometry": {"type": "Polygon", "coordinates": [[[-88.3530656, 41.74577], [-88.3530589, 41.7458033], [-88.3530623, 41.7458242], [-88.3530801, 41.7458383], [-88.3530991, 41.745845], [-88.3531282, 41.7458475], [-88.3531494, 41.7458433], [-88.3531628, 41.7458308], [-88.3531606, 41.7458167], [-88.3531527, 41.7458042], [-88.3531393, 41.7457925], [-88.3531326, 41.7457842], [-88.3531382, 41.7457708], [-88.3531606, 41.7457617], [-88.3531673, 41.74575], [-88.3531673, 41.7457317], [-88.3531449, 41.745715], [-88.3531226, 41.7457008], [-88.3531148, 41.745685], [-88.353098, 41.74567], [-88.3530768, 41.74567], [-88.35305, 41.7456792], [-88.3530332, 41.7456967], [-88.3530344, 41.7457133], [-88.35305, 41.74573], [-88.3530612, 41.7457442], [-88.3530634, 41.7457508], [-88.3530656, 41.74577]]]}, "properties": {"course_id": "aurora_country_club_il", "course_name": "Aurora Country Club", "hole_number": 15, "feature_type": "bunker", "name": "hole_15_bunker_4", "feature-color": "#d4b483", "is_approximate": true, "source": "osm", "@id": "82d7a88d-d35d-4612-8877-ebeab42c2599", "osm_id": 993088139}}, {"type": "Feature", "bbox": [-88.3530254, 41.745665, -88.3528367, 41.745825], "geometry": {"type": "Polygon", "coordinates": [[[-88.3528601, 41.7457608], [-88.352907, 41.7457883], [-88.3529405, 41.7458042], [-88.3529539, 41.7458158], [-88.3529707, 41.745825], [-88.352993, 41.745825], [-88.3530064, 41.7458175], [-88.3530187, 41.7458], [-88.3530243, 41.7457825], [-88.3530254, 41.7457658], [-88.3530008, 41.7457567], [-88.352983, 41.7457617], [-88.3529584, 41.7457633], [-88.3529383, 41.7457592], [-88.3529316, 41.7457458], [-88.352935, 41.7457308], [-88.3529573, 41.7457225], [-88.3529796, 41.7457117], [-88.3529807, 41.7456958], [-88.3529807, 41.7456792], [-88.3529696, 41.7456683], [-88.3529428, 41.745665], [-88.352888, 41.7456867], [-88.3528534, 41.7457042], [-88.35284, 41.7457208], [-88.3528367, 41.7457367], [-88.3528456, 41.7457525], [-88.3528601, 41.7457608]]]}, "properties": {"course_id": "aurora_country_club_il", "course_name": "Aurora Country Club", "hole_number": 15, "feature_type": "bunker", "name": "hole_15_bunker_5", "feature-color": "#d4b483", "is_approximate": true, "source": "osm", "@id": "e5c0af57-94a1-4975-9d38-ed44a88e8fd5", "osm_id": 993095125}}, {"type": "Feature", "bbox": [-88.3501002, 41.7458387, -88.3499576, 41.7460132], "geometry": {"type": "Polygon", "coordinates": [[[-88.3499709, 41.7459607], [-88.3500051, 41.7459636], [-88.350026, 41.7459636], [-88.3500432, 41.7459536], [-88.350026, 41.7459338], [-88.3500032, 41.7459196], [-88.3499918, 41.7459068], [-88.3499994, 41.7458855], [-88.3500203, 41.7458756], [-88.3500374, 41.7458628], [-88.3500432, 41.7458458], [-88.3500698, 41.7458387], [-88.3500945, 41.74585], [-88.3501002, 41.7458798], [-88.3500907, 41.7459281], [-88.350066, 41.7459749], [-88.3500546, 41.745999], [-88.3500279, 41.7460132], [-88.3499956, 41.7460132], [-88.3499766, 41.7460033], [-88.3499576, 41.7459848], [-88.3499709, 41.7459607]]]}, "properties": {"course_id": "aurora_country_club_il", "course_name": "Aurora Country Club", "hole_number": 14, "feature_type": "bunker", "name": "hole_14_bunker", "feature-color": "#d4b483", "is_approximate": true, "source": "osm", "@id": "dc29fd99-391c-4b0a-abc7-fb263b8139fa", "osm_id": 993095126}}, {"type": "Feature", "bbox": [-88.3498479, 41.7460329, -88.3497677, 41.7461047], "geometry": {"type": "Polygon", "coordinates": [[[-88.3497736, 41.7460808], [-88.3497852, 41.7461014], [-88.3498158, 41.7461047], [-88.3498362, 41.7460916], [-88.3498464, 41.7460786], [-88.3498479, 41.7460601], [-88.3498421, 41.7460449], [-88.349829, 41.7460373], [-88.3498071, 41.7460329], [-88.3497765, 41.7460394], [-88.3497677, 41.7460612], [-88.3497736, 41.7460808]]]}, "properties": {"course_id": "aurora_country_club_il", "course_name": "Aurora Country Club", "hole_number": 14, "feature_type": "bunker", "name": "hole_14_bunker_2", "feature-color": "#d4b483", "is_approximate": true, "source": "osm", "@id": "f7f54577-2f1d-4219-96e7-48ce27e624b0", "osm_id": 993095127}}, {"type": "Feature", "bbox": [-88.3497444, 41.7459318, -88.3496074, 41.7461471], "geometry": {"type": "Polygon", "coordinates": [[[-88.3496176, 41.7460492], [-88.3496089, 41.7460753], [-88.3496089, 41.7461014], [-88.3496249, 41.7461254], [-88.3496366, 41.7461373], [-88.3496628, 41.7461471], [-88.3496905, 41.7461438], [-88.3497153, 41.7461362], [-88.3497357, 41.7461275], [-88.3497444, 41.7461123], [-88.3497415, 41.7460862], [-88.3497371, 41.7460645], [-88.3497269, 41.746046], [-88.3497007, 41.7460449], [-88.3496803, 41.7460384], [-88.3496745, 41.7460264], [-88.3496701, 41.7460123], [-88.3496905, 41.745996], [-88.3497094, 41.7459764], [-88.3497036, 41.7459514], [-88.3496716, 41.745934], [-88.3496366, 41.7459318], [-88.3496162, 41.7459503], [-88.3496074, 41.7459688], [-88.3496089, 41.7459905], [-88.3496264, 41.7460068], [-88.3496322, 41.7460308], [-88.3496176, 41.7460492]]]}, "properties": {"course_id": "aurora_country_club_il", "course_name": "Aurora Country Club", "hole_number": 14, "feature_type": "bunker", "name": "hole_14_bunker_3", "feature-color": "#d4b483", "is_approximate": true, "source": "osm", "@id": "97cd72a1-4760-403c-9aa3-45cfaf1fe63e", "osm_id": 993095128}}, {"type": "Feature", "bbox": [-88.3499466, 41.7458246, -88.3497754, 41.7460193], "geometry": {"type": "Polygon", "coordinates": [[[-88.3497918, 41.7460021], [-88.3498257, 41.7460132], [-88.349861, 41.7460193], [-88.3498855, 41.7460132], [-88.3499073, 41.745997], [-88.3499181, 41.7459757], [-88.3499398, 41.7459209], [-88.3499466, 41.7458865], [-88.3499426, 41.7458521], [-88.3499317, 41.7458398], [-88.34991, 41.7458298], [-88.3498896, 41.7458246], [-88.3498664, 41.7458267], [-88.3498284, 41.7458388], [-88.3498026, 41.7458733], [-88.349785, 41.7459099], [-88.3497809, 41.7459423], [-88.3497754, 41.7459646], [-88.3497781, 41.7459808], [-88.3497918, 41.7460021]]]}, "properties": {"course_id": "aurora_country_club_il", "course_name": "Aurora Country Club", "hole_number": 14, "feature_type": "green", "name": "hole_14_green", "feature-color": "#2d6e2d", "is_approximate": true, "source": "osm", "@id": "a8e7fde6-e313-43e7-bd6b-b8362c7b5dab", "osm_id": 993095129}}, {"type": "Feature", "bbox": [-88.3497983, 41.747453, -88.3496876, 41.7475302], "geometry": {"type": "Polygon", "coordinates": [[[-88.3497881, 41.7475302], [-88.3497983, 41.7474574], [-88.3496963, 41.747453], [-88.3496876, 41.747527], [-88.3497881, 41.7475302]]]}, "properties": {"course_id": "aurora_country_club_il", "course_name": "Aurora Country Club", "hole_number": 14, "feature_type": "tee_box", "name": "hole_14_tee_box", "feature-color": "#8b7355", "is_approximate": true, "source": "osm", "@id": "3473cea0-fdff-44af-9d04-e54e2eb7e133", "osm_id": 993095132}}, {"type": "Feature", "bbox": [-88.3498085, 41.747278, -88.3496978, 41.7474313], "geometry": {"type": "Polygon", "coordinates": [[[-88.3497954, 41.7474302], [-88.3496978, 41.7474313], [-88.3496992, 41.747278], [-88.3498085, 41.7472888], [-88.3497954, 41.7474302]]]}, "properties": {"course_id": "aurora_country_club_il", "course_name": "Aurora Country Club", "hole_number": 14, "feature_type": "tee_box", "name": "hole_14_tee_box_2", "feature-color": "#8b7355", "is_approximate": true, "source": "osm", "@id": "3095f5d4-3931-4588-9bc0-c63253bf40af", "osm_id": 993095133}}, {"type": "Feature", "bbox": [-88.3499499, 41.7471855, -88.3497153, 41.7473574], "geometry": {"type": "Polygon", "coordinates": [[[-88.3499353, 41.7473552], [-88.3498406, 41.7473574], [-88.3498435, 41.7472595], [-88.3497153, 41.7472497], [-88.3497182, 41.7471855], [-88.3499499, 41.7471986], [-88.3499353, 41.7473552]]]}, "properties": {"course_id": "aurora_country_club_il", "course_name": "Aurora Country Club", "hole_number": 14, "feature_type": "tee_box", "name": "hole_14_tee_box_3", "feature-color": "#8b7355", "is_approximate": true, "source": "osm", "@id": "8fc37eed-1f7e-485d-9a6f-3dbc0710ba6e", "osm_id": 993095134}}, {"type": "Feature", "bbox": [-88.349947, 41.7470877, -88.3497269, 41.7471692], "geometry": {"type": "Polygon", "coordinates": [[[-88.3499383, 41.7471692], [-88.3497269, 41.747154], [-88.3497298, 41.7470877], [-88.349947, 41.7471051], [-88.3499383, 41.7471692]]]}, "properties": {"course_id": "aurora_country_club_il", "course_name": "Aurora Country Club", "hole_number": 14, "feature_type": "tee_box", "name": "hole_14_tee_box_4", "feature-color": "#8b7355", "is_approximate": true, "source": "osm", "@id": "ac82fd0c-83a2-4940-a8a6-64b7c54fb5ec", "osm_id": 993095135}}, {"type": "Feature", "bbox": [-88.3549298, 41.7456837, -88.3548203, 41.7457449], "geometry": {"type": "Polygon", "coordinates": [[[-88.3549064, 41.7457449], [-88.3549298, 41.7457004], [-88.3548399, 41.7456837], [-88.3548203, 41.7457245], [-88.3549064, 41.7457449]]]}, "properties": {"course_id": "aurora_country_club_il", "course_name": "Aurora Country Club", "hole_number": 5, "feature_type": "tee_box", "name": "hole_5_tee_box", "feature-color": "#8b7355", "is_approximate": true, "source": "osm", "@id": "40213909-56d3-4db5-9b6e-a787db5f23cc", "osm_id": 993098334}}, {"type": "Feature", "bbox": [-88.3552192, 41.7456975, -88.3549836, 41.7458091], "geometry": {"type": "Polygon", "coordinates": [[[-88.3551899, 41.7458091], [-88.3552192, 41.7457413], [-88.355009, 41.7456975], [-88.3549836, 41.7457603], [-88.3551899, 41.7458091]]]}, "properties": {"course_id": "aurora_country_club_il", "course_name": "Aurora Country Club", "hole_number": 5, "feature_type": "tee_box", "name": "hole_5_tee_box_2", "feature-color": "#8b7355", "is_approximate": true, "source": "osm", "@id": "e37a71f6-bc88-4529-b0b4-5e536e52938a", "osm_id": 993098335}}, {"type": "Feature", "bbox": [-88.3554441, 41.7457442, -88.355271, 41.7458412], "geometry": {"type": "Polygon", "coordinates": [[[-88.3554138, 41.7458412], [-88.3554441, 41.7457792], [-88.3552984, 41.7457442], [-88.355271, 41.7458077], [-88.3554138, 41.7458412]]]}, "properties": {"course_id": "aurora_country_club_il", "course_name": "Aurora Country Club", "hole_number": 5, "feature_type": "tee_box", "name": "hole_5_tee_box_3", "feature-color": "#8b7355", "is_approximate": true, "source": "osm", "@id": "5bae8aaf-eed6-4605-86ec-f2495468e006", "osm_id": 993098336}}, {"type": "Feature", "bbox": [-88.3556318, 41.7457945, -88.3554744, 41.7458733], "geometry": {"type": "Polygon", "coordinates": [[[-88.3556113, 41.7458733], [-88.3556318, 41.7458244], [-88.355493, 41.7457945], [-88.3554744, 41.7458449], [-88.3556113, 41.7458733]]]}, "properties": {"course_id": "aurora_country_club_il", "course_name": "Aurora Country Club", "hole_number": 5, "feature_type": "tee_box", "name": "hole_5_tee_box_4", "feature-color": "#8b7355", "is_approximate": true, "source": "osm", "@id": "fde95798-5999-43a4-bb84-0eda89f06b38", "osm_id": 993098337}}, {"type": "Feature", "bbox": [-88.3581001, 41.7460494, -88.3565767, 41.7464964], "geometry": {"type": "Polygon", "coordinates": [[[-88.3570655, 41.7463602], [-88.3569514, 41.746329], [-88.3568221, 41.7463077], [-88.3567308, 41.7462906], [-88.3566566, 41.7462765], [-88.3566091, 41.7462538], [-88.3565844, 41.746214], [-88.3565767, 41.7461615], [-88.3565844, 41.7461161], [-88.356611, 41.7460877], [-88.3566585, 41.7460622], [-88.3566947, 41.7460523], [-88.3567574, 41.7460494], [-88.3568582, 41.7460679], [-88.3571283, 41.746126], [-88.357366, 41.7461828], [-88.3575505, 41.7462225], [-88.357716, 41.7462608], [-88.357889, 41.7462921], [-88.3579917, 41.7463148], [-88.358064, 41.7463375], [-88.3580944, 41.7463644], [-88.3581001, 41.7463957], [-88.3580925, 41.7464297], [-88.3580583, 41.746468], [-88.3580241, 41.7464865], [-88.3579746, 41.7464964], [-88.3579176, 41.7464893], [-88.3578681, 41.746468], [-88.3578187, 41.7464283], [-88.357773, 41.7463957], [-88.3577046, 41.74638], [-88.3576266, 41.7463772], [-88.3575391, 41.7463772], [-88.357463, 41.7463857], [-88.3573888, 41.7463928], [-88.357328, 41.7463957], [-88.3572367, 41.7463957], [-88.3571302, 41.7463772], [-88.3570655, 41.7463602]]]}, "properties": {"course_id": "aurora_country_club_il", "course_name": "Aurora Country Club", "hole_number": 5, "feature_type": "fairway", "name": "hole_5_fairway", "feature-color": "#4a7c3f", "is_approximate": true, "source": "osm", "@id": "cbf32488-900d-4c8d-a6a6-b94d96564f08", "osm_id": 993098338}}, {"type": "Feature", "bbox": [-88.3576038, 41.7464212, -88.3573793, 41.746529], "geometry": {"type": "Polygon", "coordinates": [[[-88.3574193, 41.7464368], [-88.3573888, 41.7464524], [-88.3573793, 41.7464709], [-88.3574098, 41.7464879], [-88.3574478, 41.7465007], [-88.3574649, 41.7465234], [-88.3574953, 41.746529], [-88.3575258, 41.7465219], [-88.3575144, 41.7464893], [-88.3575258, 41.7464723], [-88.3575714, 41.7464964], [-88.3575923, 41.746485], [-88.3576038, 41.7464567], [-88.3575904, 41.7464368], [-88.3575619, 41.746424], [-88.3575201, 41.7464283], [-88.3574858, 41.7464311], [-88.3574459, 41.7464212], [-88.3574193, 41.7464368]]]}, "properties": {"course_id": "aurora_country_club_il", "course_name": "Aurora Country Club", "hole_number": 5, "feature_type": "bunker", "name": "hole_5_bunker", "feature-color": "#d4b483", "is_approximate": true, "source": "osm", "@id": "d952bd15-5b91-418d-88ec-7da2ecfb53be", "osm_id": 993098339}}, {"type": "Feature", "bbox": [-88.357832, 41.7464311, -88.3576171, 41.7465631], "geometry": {"type": "Polygon", "coordinates": [[[-88.3577027, 41.7465432], [-88.3577065, 41.7465219], [-88.3577008, 41.7464978], [-88.3577084, 41.7464822], [-88.3577312, 41.7464737], [-88.3577483, 41.7464907], [-88.3577616, 41.7465078], [-88.3577901, 41.7465191], [-88.357813, 41.746512], [-88.357832, 41.7464907], [-88.3578263, 41.7464709], [-88.3577825, 41.7464467], [-88.3577407, 41.7464311], [-88.3577084, 41.7464325], [-88.3576722, 41.7464595], [-88.3576323, 41.7464964], [-88.3576171, 41.7465219], [-88.3576171, 41.7465475], [-88.357638, 41.7465617], [-88.3576684, 41.7465631], [-88.3576931, 41.7465574], [-88.3577027, 41.7465432]]]}, "properties": {"course_id": "aurora_country_club_il", "course_name": "Aurora Country Club", "hole_number": 5, "feature_type": "bunker", "name": "hole_5_bunker_2", "feature-color": "#d4b483", "is_approximate": true, "source": "osm", "@id": "d45f6002-f1f0-454d-939b-8878d7cea224", "osm_id": 993098340}}, {"type": "Feature", "bbox": [-88.3586483, 41.7464325, -88.3583864, 41.7465564], "geometry": {"type": "Polygon", "coordinates": [[[-88.3585002, 41.7465487], [-88.3585405, 41.7465544], [-88.3585627, 41.7465564], [-88.3585952, 41.7465532], [-88.3586201, 41.7465442], [-88.3586397, 41.746534], [-88.3586474, 41.7465206], [-88.3586483, 41.7465027], [-88.3586483, 41.7464848], [-88.3586406, 41.7464753], [-88.3586201, 41.746458], [-88.3585961, 41.7464472], [-88.3585584, 41.7464414], [-88.3585088, 41.7464395], [-88.3584686, 41.7464344], [-88.3584395, 41.7464325], [-88.3584121, 41.7464357], [-88.3583958, 41.7464465], [-88.3583864, 41.7464625], [-88.3583873, 41.7464829], [-88.3583992, 41.7465027], [-88.3584147, 41.7465174], [-88.3584326, 41.7465276], [-88.3584574, 41.7465366], [-88.3584771, 41.7465429], [-88.3585002, 41.7465487]]]}, "properties": {"course_id": "aurora_country_club_il", "course_name": "Aurora Country Club", "hole_number": 5, "feature_type": "green", "name": "hole_5_green", "feature-color": "#2d6e2d", "is_approximate": true, "source": "osm", "@id": "1abe0834-a9a0-4689-be79-0195cae7bab0", "osm_id": 993098344}}, {"type": "Feature", "bbox": [-88.3589076, 41.7464759, -88.3587878, 41.7465672], "geometry": {"type": "Polygon", "coordinates": [[[-88.3588802, 41.7465672], [-88.3589076, 41.746497], [-88.3588118, 41.7464759], [-88.3587878, 41.7465512], [-88.3588802, 41.7465672]]]}, "properties": {"course_id": "aurora_country_club_il", "course_name": "Aurora Country Club", "hole_number": 6, "feature_type": "tee_box", "name": "hole_6_tee_box", "feature-color": "#8b7355", "is_approximate": true, "source": "osm", "@id": "20dc2ab6-5d64-4588-9bea-089793dd2b8d", "osm_id": 993098345}}, {"type": "Feature", "bbox": [-88.3588931, 41.7465755, -88.358733, 41.7467026], "geometry": {"type": "Polygon", "coordinates": [[[-88.3588469, 41.7467026], [-88.3588931, 41.7466023], [-88.3587733, 41.7465755], [-88.358733, 41.7466841], [-88.3588469, 41.7467026]]]}, "properties": {"course_id": "aurora_country_club_il", "course_name": "Aurora Country Club", "hole_number": 6, "feature_type": "tee_box", "name": "hole_6_tee_box_2", "feature-color": "#8b7355", "is_approximate": true, "source": "osm", "@id": "a347e383-2c3d-48c6-b127-06bb98f6416d", "osm_id": 993098346}}, {"type": "Feature", "bbox": [-88.3588888, 41.7467064, -88.3586971, 41.7468201], "geometry": {"type": "Polygon", "coordinates": [[[-88.3588494, 41.7468201], [-88.3586971, 41.7467913], [-88.3587236, 41.7467064], [-88.3588888, 41.7467396], [-88.3588494, 41.7468201]]]}, "properties": {"course_id": "aurora_country_club_il", "course_name": "Aurora Country Club", "hole_number": 6, "feature_type": "tee_box", "name": "hole_6_tee_box_3", "feature-color": "#8b7355", "is_approximate": true, "source": "osm", "@id": "8d6aa5f1-d0d3-4ce3-ba9e-c44cd255922b", "osm_id": 993098347}}, {"type": "Feature", "bbox": [-88.3585165, 41.7477868, -88.3584215, 41.7478641], "geometry": {"type": "Polygon", "coordinates": [[[-88.3584669, 41.7478634], [-88.3584874, 41.7478583], [-88.3585062, 41.7478436], [-88.3585165, 41.7478219], [-88.3585097, 41.7478047], [-88.3584985, 41.7477926], [-88.3584831, 41.7477868], [-88.3584669, 41.74779], [-88.3584438, 41.7478041], [-88.3584326, 41.7478168], [-88.3584215, 41.7478296], [-88.3584241, 41.74785], [-88.3584326, 41.747859], [-88.3584472, 41.7478641], [-88.3584669, 41.7478634]]]}, "properties": {"course_id": "aurora_country_club_il", "course_name": "Aurora Country Club", "hole_number": 6, "feature_type": "bunker", "name": "hole_6_bunker", "feature-color": "#d4b483", "is_approximate": true, "source": "osm", "@id": "e7b5570d-e307-4bf7-882d-16e0434dedb3", "osm_id": 993099904}}, {"type": "Feature", "bbox": [-88.3586183, 41.7476316, -88.3584908, 41.7477594], "geometry": {"type": "Polygon", "coordinates": [[[-88.3585071, 41.7477517], [-88.3585259, 41.7477594], [-88.3585413, 41.7477574], [-88.358555, 41.7477504], [-88.3585627, 41.7477415], [-88.3585661, 41.7477255], [-88.3585636, 41.7477166], [-88.3585584, 41.7477044], [-88.3585567, 41.7476961], [-88.3585713, 41.7476891], [-88.3585867, 41.7476923], [-88.3586021, 41.7476942], [-88.3586149, 41.7476827], [-88.3586183, 41.7476617], [-88.3586149, 41.7476463], [-88.3585987, 41.7476355], [-88.3585764, 41.7476316], [-88.3585507, 41.7476355], [-88.3585293, 41.7476483], [-88.3585208, 41.7476604], [-88.3585191, 41.7476808], [-88.3585139, 41.747691], [-88.3585019, 41.7477089], [-88.3584917, 41.7477249], [-88.3584908, 41.7477364], [-88.3584968, 41.7477472], [-88.3585071, 41.7477517]]]}, "properties": {"course_id": "aurora_country_club_il", "course_name": "Aurora Country Club", "hole_number": 6, "feature_type": "bunker", "name": "hole_6_bunker_2", "feature-color": "#d4b483", "is_approximate": true, "source": "osm", "@id": "b2380d5d-1e01-441e-9a2b-3d70988d5e02", "osm_id": 993099905}}, {"type": "Feature", "bbox": [-88.3582341, 41.7477785, -88.358122, 41.7478877], "geometry": {"type": "Polygon", "coordinates": [[[-88.3581622, 41.7478513], [-88.3581716, 41.7478654], [-88.3581836, 41.7478807], [-88.3581981, 41.7478877], [-88.3582144, 41.7478858], [-88.3582272, 41.7478788], [-88.3582341, 41.7478705], [-88.3582306, 41.7478545], [-88.3582178, 41.7478379], [-88.3582067, 41.7478264], [-88.3581973, 41.7478136], [-88.3581896, 41.7477906], [-88.3581776, 41.7477817], [-88.3581562, 41.7477785], [-88.3581365, 41.7477843], [-88.3581271, 41.7478021], [-88.358122, 41.7478187], [-88.3581237, 41.7478315], [-88.3581305, 41.7478417], [-88.3581399, 41.7478449], [-88.3581553, 41.7478462], [-88.3581622, 41.7478513]]]}, "properties": {"course_id": "aurora_country_club_il", "course_name": "Aurora Country Club", "hole_number": 6, "feature_type": "bunker", "name": "hole_6_bunker_3", "feature-color": "#d4b483", "is_approximate": true, "source": "osm", "@id": "14773e09-123e-463d-a48d-34ced653ac25", "osm_id": 993099906}}, {"type": "Feature", "bbox": [-88.3582007, 41.7476623, -88.3581074, 41.7477523], "geometry": {"type": "Polygon", "coordinates": [[[-88.3581579, 41.7477498], [-88.3581733, 41.7477389], [-88.3581784, 41.747723], [-88.3581913, 41.7477153], [-88.3582007, 41.7477057], [-88.3582007, 41.7476923], [-88.3581956, 41.7476783], [-88.358175, 41.7476668], [-88.3581545, 41.7476623], [-88.3581374, 41.7476719], [-88.358116, 41.7476878], [-88.35811, 41.7477006], [-88.3581074, 41.7477185], [-88.3581125, 41.7477338], [-88.3581211, 41.7477472], [-88.3581408, 41.7477517], [-88.3581511, 41.7477523], [-88.3581579, 41.7477498]]]}, "properties": {"course_id": "aurora_country_club_il", "course_name": "Aurora Country Club", "hole_number": 6, "feature_type": "bunker", "name": "hole_6_bunker_4", "feature-color": "#d4b483", "is_approximate": true, "source": "osm", "@id": "dec76918-23e9-43d5-a587-1df563cd9bb0", "osm_id": 993099907}}, {"type": "Feature", "bbox": [-88.3583779, 41.747511, -88.3581802, 41.7476476], "geometry": {"type": "Polygon", "coordinates": [[[-88.3581827, 41.7476182], [-88.3581853, 41.7476361], [-88.3582015, 41.7476451], [-88.3582161, 41.7476476], [-88.3582349, 41.7476463], [-88.3582503, 41.74764], [-88.3582529, 41.747631], [-88.3582512, 41.7476138], [-88.3582546, 41.7476061], [-88.3582743, 41.7476074], [-88.3582914, 41.7476163], [-88.3583111, 41.7476131], [-88.3583205, 41.7475997], [-88.3583411, 41.7475959], [-88.3583642, 41.7475965], [-88.3583779, 41.7475774], [-88.358377, 41.7475576], [-88.3583701, 41.7475314], [-88.3583582, 41.7475167], [-88.3583402, 41.747511], [-88.3583137, 41.7475154], [-88.3582897, 41.747525], [-88.3582811, 41.7475384], [-88.3582666, 41.7475589], [-88.3582298, 41.7475704], [-88.3581998, 41.7475838], [-88.3581861, 41.747594], [-88.3581802, 41.7476067], [-88.3581827, 41.7476182]]]}, "properties": {"course_id": "aurora_country_club_il", "course_name": "Aurora Country Club", "hole_number": 6, "feature_type": "bunker", "name": "hole_6_bunker_5", "feature-color": "#d4b483", "is_approximate": true, "source": "osm", "@id": "f18384b2-1426-4fb0-9ff1-8f86984114de", "osm_id": 993099908}}, {"type": "Feature", "bbox": [-88.3584592, 41.7476138, -88.3582264, 41.7478456], "geometry": {"type": "Polygon", "coordinates": [[[-88.3583248, 41.7478449], [-88.3583547, 41.7478366], [-88.3583796, 41.7478207], [-88.3583984, 41.7478002], [-88.3584206, 41.7477728], [-88.3584369, 41.7477415], [-88.3584489, 41.7477121], [-88.3584557, 41.7476808], [-88.3584592, 41.7476591], [-88.3584557, 41.74764], [-88.3584455, 41.7476246], [-88.3584258, 41.7476157], [-88.358407, 41.7476138], [-88.3583856, 41.7476214], [-88.358353, 41.7476342], [-88.3583068, 41.7476559], [-88.3582666, 41.7476789], [-88.3582452, 41.7477051], [-88.3582281, 41.7477408], [-88.3582264, 41.7477657], [-88.3582349, 41.7477951], [-88.3582478, 41.7478181], [-88.3582615, 41.7478309], [-88.3582717, 41.7478392], [-88.3582983, 41.7478456], [-88.3583248, 41.7478449]]]}, "properties": {"course_id": "aurora_country_club_il", "course_name": "Aurora Country Club", "hole_number": 6, "feature_type": "green", "name": "hole_6_green", "feature-color": "#2d6e2d", "is_approximate": true, "source": "osm", "@id": "4d77ff3e-c80f-4d98-9efd-a0d8d48d21fb", "osm_id": 993099909}}, {"type": "Feature", "bbox": [-88.3546154, 41.7517789, -88.3545216, 41.7518704], "geometry": {"type": "Polygon", "coordinates": [[[-88.354601, 41.7518704], [-88.3546154, 41.7517906], [-88.3545341, 41.7517789], [-88.3545216, 41.7518606], [-88.354601, 41.7518704]]]}, "properties": {"course_id": "aurora_country_club_il", "course_name": "Aurora Country Club", "hole_number": 9, "feature_type": "tee_box", "name": "hole_9_tee_box", "feature-color": "#8b7355", "is_approximate": true, "source": "osm", "@id": "cc83f7e6-b539-4fe6-924a-7696613a2409", "osm_id": 993105888}}, {"type": "Feature", "bbox": [-88.3546469, 41.7516096, -88.3545328, 41.7517647], "geometry": {"type": "Polygon", "coordinates": [[[-88.3546102, 41.7517647], [-88.3545328, 41.7517549], [-88.3545564, 41.7516096], [-88.3546469, 41.7516194], [-88.3546102, 41.7517647]]]}, "properties": {"course_id": "aurora_country_club_il", "course_name": "Aurora Country Club", "hole_number": 9, "feature_type": "tee_box", "name": "hole_9_tee_box_2", "feature-color": "#8b7355", "is_approximate": true, "source": "osm", "@id": "957ac6e5-dd47-4c9e-bb46-96bf084adfb3", "osm_id": 993105889}}, {"type": "Feature", "bbox": [-88.3546672, 41.7515015, -88.3545544, 41.7515988], "geometry": {"type": "Polygon", "coordinates": [[[-88.3546416, 41.7515988], [-88.3545544, 41.7515895], [-88.3545688, 41.7515015], [-88.3546672, 41.7515103], [-88.3546416, 41.7515988]]]}, "properties": {"course_id": "aurora_country_club_il", "course_name": "Aurora Country Club", "hole_number": 9, "feature_type": "tee_box", "name": "hole_9_tee_box_3", "feature-color": "#8b7355", "is_approximate": true, "source": "osm", "@id": "ab021c39-cda4-4466-b9b7-cdfbd267ee40", "osm_id": 993105890}}, {"type": "Feature", "bbox": [-88.3548658, 41.7512859, -88.3547492, 41.7514164], "geometry": {"type": "Polygon", "coordinates": [[[-88.3548308, 41.7514164], [-88.3548658, 41.7513001], [-88.3547725, 41.7512859], [-88.3547492, 41.7514055], [-88.3548308, 41.7514164]]]}, "properties": {"course_id": "aurora_country_club_il", "course_name": "Aurora Country Club", "hole_number": 9, "feature_type": "tee_box", "name": "hole_9_tee_box_4", "feature-color": "#8b7355", "is_approximate": true, "source": "osm", "@id": "a2f5a191-5991-498c-a17c-d82678fa5150", "osm_id": 993105891}}, {"type": "Feature", "bbox": [-88.3553948, 41.7461222, -88.3552512, 41.7462101], "geometry": {"type": "Polygon", "coordinates": [[[-88.3553189, 41.7462101], [-88.3553423, 41.7462075], [-88.3553738, 41.7461971], [-88.355389, 41.7461875], [-88.3553948, 41.7461605], [-88.3553901, 41.7461422], [-88.3553679, 41.7461274], [-88.3553329, 41.7461222], [-88.3553084, 41.7461222], [-88.355285, 41.7461257], [-88.3552652, 41.7461422], [-88.3552512, 41.7461675], [-88.3552547, 41.7461823], [-88.3552652, 41.746198], [-88.3552769, 41.7462067], [-88.3552932, 41.7462101], [-88.3553189, 41.7462101]]]}, "properties": {"course_id": "aurora_country_club_il", "course_name": "Aurora Country Club", "hole_number": 4, "feature_type": "bunker", "name": "hole_4_bunker", "feature-color": "#d4b483", "is_approximate": true, "source": "osm", "@id": "99128243-6d66-4002-95ce-8644d71552f0", "osm_id": 993110130}}, {"type": "Feature", "bbox": [-88.3553901, 41.7460185, -88.3552862, 41.7461074], "geometry": {"type": "Polygon", "coordinates": [[[-88.3553026, 41.7460934], [-88.3553177, 41.7461047], [-88.3553364, 41.7461074], [-88.3553691, 41.7460873], [-88.3553831, 41.746069], [-88.3553901, 41.7460455], [-88.3553843, 41.7460298], [-88.3553703, 41.7460185], [-88.3553539, 41.7460194], [-88.3553352, 41.7460203], [-88.3553212, 41.746029], [-88.3553049, 41.7460412], [-88.3552897, 41.7460525], [-88.3552862, 41.7460664], [-88.3552862, 41.7460821], [-88.3553026, 41.7460934]]]}, "properties": {"course_id": "aurora_country_club_il", "course_name": "Aurora Country Club", "hole_number": 4, "feature_type": "bunker", "name": "hole_4_bunker_2", "feature-color": "#d4b483", "is_approximate": true, "source": "osm", "@id": "13120930-1b09-4b79-83c7-b3edb997f680", "osm_id": 993110131}}, {"type": "Feature", "bbox": [-88.3552535, 41.7459471, -88.3549757, 41.7462258], "geometry": {"type": "Polygon", "coordinates": [[[-88.3550971, 41.7462258], [-88.3551449, 41.7462128], [-88.35518, 41.7461945], [-88.3552103, 41.7461666], [-88.3552372, 41.7461326], [-88.3552535, 41.7461004], [-88.3552512, 41.7460664], [-88.355229, 41.746022], [-88.355201, 41.7459828], [-88.3551671, 41.7459628], [-88.3551251, 41.7459471], [-88.3550726, 41.7459549], [-88.3550422, 41.7459758], [-88.355006, 41.7459915], [-88.354985, 41.7460176], [-88.3549757, 41.7460638], [-88.354978, 41.7461187], [-88.354985, 41.7461474], [-88.3550037, 41.7461831], [-88.355027, 41.7462049], [-88.3550457, 41.7462171], [-88.3550621, 41.7462223], [-88.3550971, 41.7462258]]]}, "properties": {"course_id": "aurora_country_club_il", "course_name": "Aurora Country Club", "hole_number": 4, "feature_type": "green", "name": "hole_4_green", "feature-color": "#2d6e2d", "is_approximate": true, "source": "osm", "@id": "d10fe441-15be-4f54-babf-580651605a82", "osm_id": 993110132}}, {"type": "Feature", "bbox": [-88.3549803, 41.7459149, -88.3547795, 41.7461753], "geometry": {"type": "Polygon", "coordinates": [[[-88.3548379, 41.7461753], [-88.3548823, 41.7461614], [-88.3549044, 41.7461509], [-88.3549126, 41.7461344], [-88.3549079, 41.7461196], [-88.3548939, 41.746103], [-88.3548846, 41.7460882], [-88.3548858, 41.7460743], [-88.3549021, 41.7460612], [-88.3549208, 41.7460446], [-88.3549266, 41.7460211], [-88.3549255, 41.7460002], [-88.3549453, 41.7459854], [-88.3549745, 41.7459601], [-88.3549803, 41.7459401], [-88.354964, 41.7459244], [-88.3549301, 41.7459157], [-88.3548974, 41.7459149], [-88.3548706, 41.7459218], [-88.3548321, 41.7459436], [-88.3547947, 41.7459584], [-88.3547795, 41.7459758], [-88.3547819, 41.7459932], [-88.354797, 41.7460098], [-88.3548192, 41.7460246], [-88.3548192, 41.7460446], [-88.3548017, 41.7460943], [-88.3547865, 41.7461344], [-88.3547947, 41.7461544], [-88.3548029, 41.7461666], [-88.3548204, 41.7461727], [-88.3548379, 41.7461753]]]}, "properties": {"course_id": "aurora_country_club_il", "course_name": "Aurora Country Club", "hole_number": 4, "feature_type": "bunker", "name": "hole_4_bunker_3", "feature-color": "#d4b483", "is_approximate": true, "source": "osm", "@id": "7d9c8850-bedd-45ec-9deb-94007c1d01e2", "osm_id": 993110133}}, {"type": "Feature", "bbox": [-88.3550107, 41.7461953, -88.3548461, 41.7462912], "geometry": {"type": "Polygon", "coordinates": [[[-88.3548799, 41.7462755], [-88.3549149, 41.7462798], [-88.3549488, 41.7462859], [-88.354971, 41.7462912], [-88.3549885, 41.7462894], [-88.3550048, 41.7462807], [-88.3550107, 41.7462729], [-88.3550107, 41.7462581], [-88.3549932, 41.7462485], [-88.3549663, 41.7462476], [-88.3549523, 41.746245], [-88.3549453, 41.7462345], [-88.3549453, 41.7462206], [-88.3549453, 41.746204], [-88.3549325, 41.7461953], [-88.3549091, 41.7461962], [-88.3548823, 41.7462014], [-88.3548589, 41.7462075], [-88.3548461, 41.746218], [-88.3548496, 41.7462337], [-88.3548531, 41.7462467], [-88.3548624, 41.7462607], [-88.3548799, 41.7462755]]]}, "properties": {"course_id": "aurora_country_club_il", "course_name": "Aurora Country Club", "hole_number": 4, "feature_type": "bunker", "name": "hole_4_bunker_4", "feature-color": "#d4b483", "is_approximate": true, "source": "osm", "@id": "fb3d2afa-ddf5-4bb6-b093-e2fe3de105ad", "osm_id": 993110134}}, {"type": "Feature", "bbox": [-88.3549908, 41.7462999, -88.3548636, 41.7463878], "geometry": {"type": "Polygon", "coordinates": [[[-88.3548928, 41.7463539], [-88.3549091, 41.7463678], [-88.3549266, 41.7463817], [-88.3549441, 41.7463878], [-88.3549605, 41.7463835], [-88.3549733, 41.7463713], [-88.3549873, 41.746353], [-88.3549908, 41.7463417], [-88.3549908, 41.7463295], [-88.3549792, 41.7463199], [-88.3549628, 41.7463182], [-88.3549476, 41.7463182], [-88.3549336, 41.7463112], [-88.3549149, 41.7463025], [-88.3548916, 41.7462999], [-88.3548694, 41.746306], [-88.3548636, 41.7463182], [-88.3548671, 41.7463295], [-88.3548788, 41.7463417], [-88.3548928, 41.7463539]]]}, "properties": {"course_id": "aurora_country_club_il", "course_name": "Aurora Country Club", "hole_number": 4, "feature_type": "bunker", "name": "hole_4_bunker_5", "feature-color": "#d4b483", "is_approximate": true, "source": "osm", "@id": "d90bebe8-caec-4524-94ab-8013d53a7252", "osm_id": 993110135}}, {"type": "Feature", "bbox": [-88.3542074, 41.7475185, -88.3540393, 41.7476491], "geometry": {"type": "Polygon", "coordinates": [[[-88.3541479, 41.7476491], [-88.3542074, 41.7475594], [-88.3542016, 41.7475516], [-88.3541409, 41.7475255], [-88.3541199, 41.7475185], [-88.3540977, 41.7475281], [-88.3540627, 41.747569], [-88.3540393, 41.7476038], [-88.3541479, 41.7476491]]]}, "properties": {"course_id": "aurora_country_club_il", "course_name": "Aurora Country Club", "hole_number": 4, "feature_type": "tee_box", "name": "hole_4_tee_box", "feature-color": "#8b7355", "is_approximate": true, "source": "osm", "@id": "63b1eb88-52e5-4499-8f00-2622f0650c80", "osm_id": 993110137}}, {"type": "Feature", "bbox": [-88.3542845, 41.7473817, -88.3541304, 41.7474906], "geometry": {"type": "Polygon", "coordinates": [[[-88.3542285, 41.7474863], [-88.3542518, 41.7474906], [-88.3542763, 41.7474741], [-88.3542845, 41.7474523], [-88.354281, 41.7474366], [-88.3542355, 41.7474009], [-88.3541794, 41.7473817], [-88.3541584, 41.7473922], [-88.3541409, 41.7474131], [-88.3541304, 41.7474305], [-88.3541456, 41.7474453], [-88.3541888, 41.7474645], [-88.3542285, 41.7474863]]]}, "properties": {"course_id": "aurora_country_club_il", "course_name": "Aurora Country Club", "hole_number": 4, "feature_type": "tee_box", "name": "hole_4_tee_box_2", "feature-color": "#8b7355", "is_approximate": true, "source": "osm", "@id": "6e9ab688-6dba-4c3c-8b27-4039c136c282", "osm_id": 993110138}}, {"type": "Feature", "bbox": [-88.3544946, 41.7472502, -88.3542985, 41.7473748], "geometry": {"type": "Polygon", "coordinates": [[[-88.3544444, 41.7473748], [-88.3544946, 41.7472998], [-88.3543452, 41.7472502], [-88.3542985, 41.7473164], [-88.3544444, 41.7473748]]]}, "properties": {"course_id": "aurora_country_club_il", "course_name": "Aurora Country Club", "hole_number": 4, "feature_type": "tee_box", "name": "hole_4_tee_box_3", "feature-color": "#8b7355", "is_approximate": true, "source": "osm", "@id": "9552b6d1-e554-46c1-99a5-e75df94b83f9", "osm_id": 993110139}}, {"type": "Feature", "bbox": [-88.3545484, 41.7471709, -88.3543744, 41.7472694], "geometry": {"type": "Polygon", "coordinates": [[[-88.3545122, 41.7472694], [-88.3543744, 41.7472188], [-88.3544048, 41.7471709], [-88.3545484, 41.7472171], [-88.3545122, 41.7472694]]]}, "properties": {"course_id": "aurora_country_club_il", "course_name": "Aurora Country Club", "hole_number": 4, "feature_type": "tee_box", "name": "hole_4_tee_box_4", "feature-color": "#8b7355", "is_approximate": true, "source": "osm", "@id": "7e44e0a1-f4e6-417b-bc3a-6cb63c723234", "osm_id": 993110140}}, {"type": "Feature", "bbox": [-88.3548916, 41.7475716, -88.3547317, 41.7477223], "geometry": {"type": "Polygon", "coordinates": [[[-88.3547865, 41.7476544], [-88.3547753, 41.7476583], [-88.3547643, 41.7476622], [-88.3547562, 41.7476796], [-88.3547538, 41.7476988], [-88.3547597, 41.7477127], [-88.3547713, 41.7477214], [-88.35479, 41.7477223], [-88.3548122, 41.7477223], [-88.3548321, 41.747711], [-88.3548414, 41.7476962], [-88.3548426, 41.7476805], [-88.3548507, 41.7476683], [-88.3548682, 41.7476605], [-88.3548858, 41.74765], [-88.3548916, 41.7476361], [-88.3548788, 41.7476169], [-88.3548554, 41.7476056], [-88.3548286, 41.747596], [-88.3548064, 41.7475812], [-88.3547784, 41.7475716], [-88.3547527, 41.7475751], [-88.3547352, 41.7475943], [-88.3547317, 41.7476082], [-88.3547375, 41.7476195], [-88.3547515, 41.7476256], [-88.354769, 41.7476291], [-88.3547935, 41.7476291], [-88.354818, 41.7476308], [-88.354818, 41.7476413], [-88.3548052, 41.7476509], [-88.3547865, 41.7476544]]]}, "properties": {"course_id": "aurora_country_club_il", "course_name": "Aurora Country Club", "hole_number": 3, "feature_type": "bunker", "name": "hole_3_bunker", "feature-color": "#d4b483", "is_approximate": true, "source": "osm", "@id": "5a433530-a968-47dd-a806-abf3164e5c74", "osm_id": 993114914}}, {"type": "Feature", "bbox": [-88.3547176, 41.747569, -88.3544911, 41.7477432], "geometry": {"type": "Polygon", "coordinates": [[[-88.3546383, 41.7477432], [-88.3546721, 41.7477362], [-88.3547025, 41.7477171], [-88.3547118, 41.747697], [-88.3547165, 41.7476709], [-88.3547176, 41.7476387], [-88.3547001, 41.7476143], [-88.3546814, 41.7476038], [-88.3546429, 41.7475821], [-88.3546172, 41.7475716], [-88.3545951, 41.747569], [-88.3545635, 41.7475699], [-88.3545192, 41.7475873], [-88.3545028, 41.7476047], [-88.3544911, 41.7476369], [-88.3544958, 41.7476605], [-88.3545133, 41.7476883], [-88.354539, 41.7477119], [-88.354567, 41.7477267], [-88.3546032, 41.7477389], [-88.3546383, 41.7477432]]]}, "properties": {"course_id": "aurora_country_club_il", "course_name": "Aurora Country Club", "hole_number": 3, "feature_type": "green", "name": "hole_3_green", "feature-color": "#2d6e2d", "is_approximate": true, "source": "osm", "@id": "cd19d59a-7091-4eb9-8ed7-d409bb79219d", "osm_id": 993114915}}, {"type": "Feature", "bbox": [-88.354727, 41.7473948, -88.3546418, 41.7474863], "geometry": {"type": "Polygon", "coordinates": [[[-88.3546674, 41.7474593], [-88.3546674, 41.7474775], [-88.354692, 41.7474863], [-88.3547083, 41.7474819], [-88.3547235, 41.7474723], [-88.354727, 41.7474401], [-88.3547071, 41.7474183], [-88.354685, 41.7473965], [-88.3546709, 41.7473948], [-88.3546534, 41.7473974], [-88.3546453, 41.7474096], [-88.3546418, 41.7474209], [-88.3546558, 41.7474305], [-88.3546674, 41.7474453], [-88.3546674, 41.7474593]]]}, "properties": {"course_id": "aurora_country_club_il", "course_name": "Aurora Country Club", "hole_number": 3, "feature_type": "bunker", "name": "hole_3_bunker_2", "feature-color": "#d4b483", "is_approximate": true, "source": "osm", "@id": "727be919-68de-442b-ae0e-41af70b68ddb", "osm_id": 993114917}}, {"type": "Feature", "bbox": [-88.3546301, 41.7474375, -88.3545425, 41.7475002], "geometry": {"type": "Polygon", "coordinates": [[[-88.3545612, 41.7474863], [-88.354581, 41.7474976], [-88.3546009, 41.7475002], [-88.3546231, 41.7474932], [-88.3546301, 41.747481], [-88.3546289, 41.7474636], [-88.3546196, 41.7474523], [-88.3545997, 41.747441], [-88.3545787, 41.7474375], [-88.3545612, 41.7474383], [-88.3545449, 41.7474514], [-88.3545425, 41.7474653], [-88.3545507, 41.7474775], [-88.3545612, 41.7474863]]]}, "properties": {"course_id": "aurora_country_club_il", "course_name": "Aurora Country Club", "hole_number": 3, "feature_type": "bunker", "name": "hole_3_bunker_3", "feature-color": "#d4b483", "is_approximate": true, "source": "osm", "@id": "c445edea-6e76-434e-84ef-0937cb9a2f20", "osm_id": 993114918}}, {"type": "Feature", "bbox": [-88.3545822, 41.7474863, -88.3544409, 41.7475768], "geometry": {"type": "Polygon", "coordinates": [[[-88.354476, 41.7475072], [-88.3544526, 41.747522], [-88.3544433, 41.7475385], [-88.3544409, 41.7475568], [-88.3544468, 41.7475681], [-88.3544631, 41.7475768], [-88.3544795, 41.7475768], [-88.354497, 41.7475716], [-88.3545052, 41.747562], [-88.3544982, 41.7475498], [-88.3544946, 41.7475394], [-88.3545005, 41.7475289], [-88.3545285, 41.7475263], [-88.3545519, 41.7475403], [-88.354574, 41.7475368], [-88.3545822, 41.7475289], [-88.354581, 41.7475176], [-88.3545565, 41.747508], [-88.3545343, 41.7475002], [-88.3545168, 41.7474924], [-88.3545028, 41.7474863], [-88.354483, 41.7474976], [-88.354476, 41.7475072]]]}, "properties": {"course_id": "aurora_country_club_il", "course_name": "Aurora Country Club", "hole_number": 3, "feature_type": "bunker", "name": "hole_3_bunker_4", "feature-color": "#d4b483", "is_approximate": true, "source": "osm", "@id": "1fc19e4f-df47-4e90-89c3-e5d4fc92dae4", "osm_id": 993114919}}, {"type": "Feature", "bbox": [-88.3565098, 41.7466945, -88.3552967, 41.7470481], "geometry": {"type": "Polygon", "coordinates": [[[-88.3555442, 41.7470377], [-88.3556692, 41.7470063], [-88.3557532, 41.7469819], [-88.3558676, 41.7469636], [-88.3560603, 41.7469462], [-88.3562085, 41.7469331], [-88.3563124, 41.7469253], [-88.3563837, 41.7469218], [-88.356435, 41.7469096], [-88.3564724, 41.7468835], [-88.3564946, 41.7468547], [-88.3565098, 41.7468155], [-88.3565086, 41.7467702], [-88.3564841, 41.746731], [-88.3564467, 41.7467084], [-88.3563626, 41.7466945], [-88.3562529, 41.7467014], [-88.3559739, 41.7467049], [-88.3558501, 41.7467101], [-88.3556995, 41.7467136], [-88.3555676, 41.7467154], [-88.3554835, 41.7467319], [-88.3554158, 41.7467641], [-88.3553469, 41.7468269], [-88.3553072, 41.7469026], [-88.3552967, 41.7469549], [-88.3553084, 41.7469941], [-88.3553388, 41.7470246], [-88.355396, 41.7470411], [-88.3554462, 41.7470481], [-88.3554952, 41.7470455], [-88.3555442, 41.7470377]]]}, "properties": {"course_id": "aurora_country_club_il", "course_name": "Aurora Country Club", "hole_number": 3, "feature_type": "fairway", "name": "hole_3_fairway", "feature-color": "#4a7c3f", "is_approximate": true, "source": "osm", "@id": "36ffb788-870a-4358-9187-c41c5c9c0954", "osm_id": 993114920}}, {"type": "Feature", "bbox": [-88.3568892, 41.746637, -88.3567818, 41.746718], "geometry": {"type": "Polygon", "coordinates": [[[-88.3568892, 41.7467093], [-88.356888, 41.746637], [-88.3567818, 41.7466466], [-88.3567888, 41.746718], [-88.3568892, 41.7467093]]]}, "properties": {"course_id": "aurora_country_club_il", "course_name": "Aurora Country Club", "hole_number": 3, "feature_type": "tee_box", "name": "hole_3_tee_box", "feature-color": "#8b7355", "is_approximate": true, "source": "osm", "@id": "d685ed64-4c8c-4ad9-b559-e492f675a0df", "osm_id": 993114921}}, {"type": "Feature", "bbox": [-88.3575325, 41.7466927, -88.3573795, 41.7467711], "geometry": {"type": "Polygon", "coordinates": [[[-88.357529, 41.7467685], [-88.3575325, 41.7466927], [-88.3573795, 41.7467006], [-88.3573807, 41.7467711], [-88.357529, 41.7467685]]]}, "properties": {"course_id": "aurora_country_club_il", "course_name": "Aurora Country Club", "hole_number": 3, "feature_type": "tee_box", "name": "hole_3_tee_box_2", "feature-color": "#8b7355", "is_approximate": true, "source": "osm", "@id": "2e626395-9cf7-4c24-9635-88614c620b5f", "osm_id": 993114922}}, {"type": "Feature", "bbox": [-88.3577064, 41.7467032, -88.357599, 41.7468225], "geometry": {"type": "Polygon", "coordinates": [[[-88.3577029, 41.7468225], [-88.3577064, 41.7467049], [-88.3576165, 41.7467032], [-88.357599, 41.7468208], [-88.3577029, 41.7468225]]]}, "properties": {"course_id": "aurora_country_club_il", "course_name": "Aurora Country Club", "hole_number": 3, "feature_type": "tee_box", "name": "hole_3_tee_box_3", "feature-color": "#8b7355", "is_approximate": true, "source": "osm", "@id": "774748d9-5a1f-4e3f-a0b7-00259b16ea63", "osm_id": 993114923}}, {"type": "Feature", "bbox": [-88.3579236, 41.7467084, -88.3577683, 41.7468173], "geometry": {"type": "Polygon", "coordinates": [[[-88.3579224, 41.7468173], [-88.3579236, 41.7467084], [-88.3577695, 41.7467084], [-88.3577683, 41.7468164], [-88.3579224, 41.7468173]]]}, "properties": {"course_id": "aurora_country_club_il", "course_name": "Aurora Country Club", "hole_number": 3, "feature_type": "tee_box", "name": "hole_3_tee_box_4", "feature-color": "#8b7355", "is_approximate": true, "source": "osm", "@id": "2e5a0e5e-1dc2-4585-a4af-4fc6315c4eda", "osm_id": 993114924}}, {"type": "Feature", "bbox": [-88.358533, 41.7463544, -88.3584212, 41.7464124], "geometry": {"type": "Polygon", "coordinates": [[[-88.3584431, 41.7464036], [-88.3584604, 41.7464082], [-88.3584786, 41.7464124], [-88.3584939, 41.7464124], [-88.3585102, 41.7464097], [-88.3585239, 41.7464036], [-88.358533, 41.7463919], [-88.3585285, 41.7463801], [-88.3585168, 41.7463714], [-88.3585005, 41.7463616], [-88.3584807, 41.7463597], [-88.3584649, 41.746357], [-88.3584497, 41.7463544], [-88.3584385, 41.7463551], [-88.3584288, 41.7463623], [-88.3584212, 41.7463707], [-88.3584212, 41.7463805], [-88.3584268, 41.7463919], [-88.3584324, 41.746398], [-88.3584431, 41.7464036]]]}, "properties": {"course_id": "aurora_country_club_il", "course_name": "Aurora Country Club", "hole_number": 5, "feature_type": "bunker", "name": "hole_5_bunker_3", "feature-color": "#d4b483", "is_approximate": true, "source": "osm", "@id": "75cc3985-6307-4930-af8d-1d0ee03f54f5", "osm_id": 993114927}}, {"type": "Feature", "bbox": [-88.358405, 41.7464306, -88.3582154, 41.7466129], "geometry": {"type": "Polygon", "coordinates": [[[-88.358223, 41.7464984], [-88.3582154, 41.7465128], [-88.3582164, 41.7465273], [-88.3582235, 41.7465432], [-88.3582378, 41.7465523], [-88.3582545, 41.7465583], [-88.3582647, 41.7465644], [-88.3582703, 41.7465758], [-88.3582749, 41.7465894], [-88.3582835, 41.7465966], [-88.3582927, 41.7466046], [-88.3583018, 41.7466065], [-88.3583115, 41.7466012], [-88.3583176, 41.7465978], [-88.3583247, 41.7465951], [-88.3583338, 41.7465959], [-88.3583414, 41.7466012], [-88.358347, 41.7466088], [-88.3583577, 41.7466118], [-88.3583729, 41.7466129], [-88.3583892, 41.7466084], [-88.3583999, 41.7465993], [-88.358405, 41.7465887], [-88.3584019, 41.7465754], [-88.3583892, 41.7465629], [-88.358375, 41.7465553], [-88.3583455, 41.7465511], [-88.3583252, 41.7465424], [-88.3582972, 41.7465367], [-88.3582815, 41.7465291], [-88.3582744, 41.7465208], [-88.3582784, 41.7465121], [-88.3582901, 41.7465064], [-88.3583084, 41.7465015], [-88.3583201, 41.746495], [-88.3583272, 41.746489], [-88.3583298, 41.7464757], [-88.358317, 41.7464617], [-88.3582977, 41.746445], [-88.3582754, 41.7464306], [-88.358252, 41.7464325], [-88.3582337, 41.7464476], [-88.3582271, 41.7464609], [-88.3582276, 41.746473], [-88.3582312, 41.7464886], [-88.358223, 41.7464984]]]}, "properties": {"course_id": "aurora_country_club_il", "course_name": "Aurora Country Club", "hole_number": 5, "feature_type": "bunker", "name": "hole_5_bunker_4", "feature-color": "#d4b483", "is_approximate": true, "source": "osm", "@id": "398137f2-f065-4340-b596-bcc697babb1b", "osm_id": 993114928}}, {"type": "Feature", "bbox": [-88.3586255, 41.7465822, -88.3584771, 41.7466634], "geometry": {"type": "Polygon", "coordinates": [[[-88.3584903, 41.7466308], [-88.3585046, 41.7466497], [-88.3585157, 41.7466588], [-88.3585274, 41.7466634], [-88.3585432, 41.7466603], [-88.3585559, 41.7466546], [-88.358562, 41.7466455], [-88.3585676, 41.7466364], [-88.3585828, 41.7466368], [-88.3586016, 41.7466372], [-88.3586138, 41.7466323], [-88.3586255, 41.7466194], [-88.3586255, 41.7466057], [-88.3586235, 41.746597], [-88.3586128, 41.7465868], [-88.3586001, 41.7465822], [-88.3585904, 41.7465841], [-88.3585772, 41.7465894], [-88.358564, 41.7465947], [-88.3585518, 41.7465985], [-88.3585386, 41.7465974], [-88.3585203, 41.7465909], [-88.3585112, 41.7465909], [-88.3584995, 41.7465944], [-88.3584853, 41.7465997], [-88.3584781, 41.746605], [-88.3584771, 41.7466141], [-88.3584847, 41.7466239], [-88.3584903, 41.7466308]]]}, "properties": {"course_id": "aurora_country_club_il", "course_name": "Aurora Country Club", "hole_number": 5, "feature_type": "bunker", "name": "hole_5_bunker_5", "feature-color": "#d4b483", "is_approximate": true, "source": "osm", "@id": "f75f5542-cd05-469d-9fff-b1eec4961088", "osm_id": 993114929}}, {"type": "Feature", "bbox": [-88.3585999, 41.7467955, -88.3585007, 41.7468926], "geometry": {"type": "Polygon", "coordinates": [[[-88.3585879, 41.7468926], [-88.3585999, 41.7468095], [-88.3585181, 41.7467955], [-88.3585007, 41.7468786], [-88.3585879, 41.7468926]]]}, "properties": {"course_id": "aurora_country_club_il", "course_name": "Aurora Country Club", "hole_number": 6, "feature_type": "tee_box", "name": "hole_6_tee_box_4", "feature-color": "#8b7355", "is_approximate": true, "source": "osm", "@id": "21422ca6-0ff3-47f0-9d11-b58f4a4f1799", "osm_id": 993137792}}, {"type": "Feature", "bbox": [-88.358093, 41.7469756, -88.3578476, 41.7472078], "geometry": {"type": "Polygon", "coordinates": [[[-88.357971, 41.7471838], [-88.3580031, 41.7471647], [-88.358038, 41.7471487], [-88.3580675, 41.7471277], [-88.3580809, 41.7471007], [-88.358093, 41.7470617], [-88.358089, 41.7470347], [-88.3580662, 41.7470157], [-88.35803, 41.7469916], [-88.3579978, 41.7469786], [-88.3579683, 41.7469756], [-88.3579428, 41.7469786], [-88.3579146, 41.7469936], [-88.3578838, 41.7470127], [-88.357861, 41.7470527], [-88.3578489, 41.7471157], [-88.3578476, 41.7471467], [-88.3578503, 41.7471778], [-88.3578677, 41.7471968], [-88.3578771, 41.7472028], [-88.3578932, 41.7472078], [-88.3579334, 41.7472018], [-88.357971, 41.7471838]]]}, "properties": {"course_id": "aurora_country_club_il", "course_name": "Aurora Country Club", "hole_number": 2, "feature_type": "green", "name": "hole_2_green", "feature-color": "#2d6e2d", "is_approximate": true, "source": "osm", "@id": "8dfac80e-3370-4c42-a0c5-a3cd922c4a48", "osm_id": 993137793}}, {"type": "Feature", "bbox": [-88.3581145, 41.7471828, -88.3579468, 41.7472758], "geometry": {"type": "Polygon", "coordinates": [[[-88.357987, 41.7472728], [-88.3580125, 41.7472698], [-88.3580286, 41.7472678], [-88.3580595, 41.7472758], [-88.3580823, 41.7472748], [-88.3581064, 41.7472618], [-88.3581118, 41.7472418], [-88.3581145, 41.7472208], [-88.358097, 41.7472028], [-88.3580782, 41.7471858], [-88.3580595, 41.7471828], [-88.358038, 41.7471908], [-88.3580286, 41.7472018], [-88.3580192, 41.7472168], [-88.3579964, 41.7472198], [-88.3579723, 41.7472198], [-88.3579575, 41.7472308], [-88.3579468, 41.7472418], [-88.3579495, 41.7472588], [-88.3579642, 41.7472688], [-88.357987, 41.7472728]]]}, "properties": {"course_id": "aurora_country_club_il", "course_name": "Aurora Country Club", "hole_number": 2, "feature_type": "bunker", "name": "hole_2_bunker_4", "feature-color": "#d4b483", "is_approximate": true, "source": "osm", "@id": "3e8cad36-d873-4efd-aff8-3f850e809214", "osm_id": 993232380}}, {"type": "Feature", "bbox": [-88.358203, 41.7471107, -88.3581024, 41.7471928], "geometry": {"type": "Polygon", "coordinates": [[[-88.3581158, 41.7471667], [-88.3581346, 41.7471838], [-88.3581574, 41.7471928], [-88.3581802, 41.7471908], [-88.3581936, 41.7471788], [-88.358203, 41.7471597], [-88.3581976, 41.7471387], [-88.3581828, 41.7471227], [-88.3581587, 41.7471107], [-88.3581292, 41.7471147], [-88.3581037, 41.7471257], [-88.3581024, 41.7471397], [-88.3581064, 41.7471557], [-88.3581158, 41.7471667]]]}, "properties": {"course_id": "aurora_country_club_il", "course_name": "Aurora Country Club", "hole_number": 2, "feature_type": "bunker", "name": "hole_2_bunker_5", "feature-color": "#d4b483", "is_approximate": true, "source": "osm", "@id": "ae4e649e-db04-46ea-96a2-8793ba9b6254", "osm_id": 993232381}}, {"type": "Feature", "bbox": [-88.3578234, 41.7470087, -88.357696, 41.7472238], "geometry": {"type": "Polygon", "coordinates": [[[-88.3577161, 41.7470567], [-88.3576987, 41.7470727], [-88.357696, 41.7470887], [-88.3577054, 41.7471047], [-88.3577175, 41.7471207], [-88.3577376, 41.7471407], [-88.357743, 41.7471707], [-88.357755, 41.7471978], [-88.3577671, 41.7472158], [-88.3577832, 41.7472238], [-88.3578073, 41.7472228], [-88.3578234, 41.7472128], [-88.3578221, 41.7471918], [-88.357814, 41.7471808], [-88.3577966, 41.7471697], [-88.3577953, 41.7471557], [-88.357806, 41.7471397], [-88.35781, 41.7471247], [-88.3577819, 41.7471117], [-88.3577738, 41.7471007], [-88.3577832, 41.7470847], [-88.357806, 41.7470767], [-88.3578221, 41.7470637], [-88.3578221, 41.7470387], [-88.357802, 41.7470147], [-88.3577765, 41.7470087], [-88.3577483, 41.7470187], [-88.3577349, 41.7470317], [-88.3577282, 41.7470457], [-88.3577161, 41.7470567]]]}, "properties": {"course_id": "aurora_country_club_il", "course_name": "Aurora Country Club", "hole_number": 2, "feature_type": "bunker", "name": "hole_2_bunker_6", "feature-color": "#d4b483", "is_approximate": true, "source": "osm", "@id": "99408a9e-a7ca-4de4-99ab-8c2163b37448", "osm_id": 993232382}}, {"type": "Feature", "bbox": [-88.3576035, 41.747552, -88.3574747, 41.7477151], "geometry": {"type": "Polygon", "coordinates": [[[-88.3574841, 41.747663], [-88.3574922, 41.747686], [-88.3575002, 41.7477041], [-88.3575177, 41.7477151], [-88.3575378, 41.7477111], [-88.3575498, 41.747688], [-88.3575619, 41.747649], [-88.3575713, 41.747626], [-88.3575887, 41.747609], [-88.3576035, 41.747595], [-88.3575954, 41.747567], [-88.3575726, 41.747552], [-88.3575378, 41.747559], [-88.3575244, 41.747575], [-88.3575338, 41.747588], [-88.3575391, 41.747603], [-88.3575297, 41.747617], [-88.3575136, 41.747619], [-88.3574841, 41.747623], [-88.3574747, 41.747638], [-88.3574747, 41.747648], [-88.3574841, 41.747663]]]}, "properties": {"course_id": "aurora_country_club_il", "course_name": "Aurora Country Club", "hole_number": 2, "feature_type": "bunker", "name": "hole_2_bunker_7", "feature-color": "#d4b483", "is_approximate": true, "source": "osm", "@id": "37769d6a-bbde-4ccf-b762-80d90c1c8153", "osm_id": 993232383}}, {"type": "Feature", "bbox": [-88.3544628, 41.7461808, -88.3543295, 41.746271], "geometry": {"type": "Polygon", "coordinates": [[[-88.354422, 41.746271], [-88.3543295, 41.7462164], [-88.3543673, 41.7461808], [-88.3544628, 41.7462359], [-88.354422, 41.746271]]]}, "properties": {"course_id": "aurora_country_club_il", "course_name": "Aurora Country Club", "hole_number": 16, "feature_type": "tee_box", "name": "hole_16_tee_box", "feature-color": "#8b7355", "is_approximate": true, "source": "osm", "@id": "fa67c9a2-b8e7-4206-92d1-e7155dc2ebf3", "osm_id": 993232388}}, {"type": "Feature", "bbox": [-88.3543896, 41.7462043, -88.3541586, 41.7463687], "geometry": {"type": "Polygon", "coordinates": [[[-88.3543057, 41.7463687], [-88.3543896, 41.7462946], [-88.3542417, 41.7462043], [-88.3541586, 41.7462785], [-88.3543057, 41.7463687]]]}, "properties": {"course_id": "aurora_country_club_il", "course_name": "Aurora Country Club", "hole_number": 16, "feature_type": "tee_box", "name": "hole_16_tee_box_2", "feature-color": "#8b7355", "is_approximate": true, "source": "osm", "@id": "5329d94b-b4aa-478a-b5d4-2be46ebf3947", "osm_id": 993232389}}, {"type": "Feature", "bbox": [-88.3542772, 41.746317, -88.354043, 41.7464819], "geometry": {"type": "Polygon", "coordinates": [[[-88.3542009, 41.7464819], [-88.354043, 41.7464009], [-88.3541193, 41.746317], [-88.3542772, 41.746406], [-88.3542009, 41.7464819]]]}, "properties": {"course_id": "aurora_country_club_il", "course_name": "Aurora Country Club", "hole_number": 16, "feature_type": "tee_box", "name": "hole_16_tee_box_3", "feature-color": "#8b7355", "is_approximate": true, "source": "osm", "@id": "bbc297e1-ec8a-4204-8208-117cb4e85aac", "osm_id": 993232390}}, {"type": "Feature", "bbox": [-88.3536009, 41.7464704, -88.3534622, 41.7465974], "geometry": {"type": "Polygon", "coordinates": [[[-88.3535416, 41.7465974], [-88.3536009, 41.7464963], [-88.3535192, 41.7464704], [-88.3534622, 41.7465727], [-88.3535416, 41.7465974]]]}, "properties": {"course_id": "aurora_country_club_il", "course_name": "Aurora Country Club", "hole_number": 16, "feature_type": "tee_box", "name": "hole_16_tee_box_4", "feature-color": "#8b7355", "is_approximate": true, "source": "osm", "@id": "9ffdad37-1812-4c24-b628-0f688cbbe6b3", "osm_id": 993232391}}, {"type": "Feature", "bbox": [-88.3520218, 41.7486205, -88.3519224, 41.748695], "geometry": {"type": "Polygon", "coordinates": [[[-88.351925, 41.7486458], [-88.3519224, 41.7486579], [-88.3519251, 41.7486699], [-88.3519329, 41.7486807], [-88.351945, 41.748689], [-88.3519601, 41.748694], [-88.3519766, 41.748695], [-88.3519927, 41.7486919], [-88.3520065, 41.7486851], [-88.3520166, 41.7486753], [-88.3520218, 41.7486636], [-88.3520217, 41.7486513], [-88.3520161, 41.7486396], [-88.3520058, 41.74863], [-88.351992, 41.7486234], [-88.351976, 41.7486205], [-88.3519597, 41.7486217], [-88.3519447, 41.7486267], [-88.3519328, 41.748635], [-88.351925, 41.7486458]]]}, "properties": {"course_id": "aurora_country_club_il", "course_name": "Aurora Country Club", "hole_number": 16, "feature_type": "bunker", "name": "hole_16_bunker", "feature-color": "#d4b483", "is_approximate": true, "source": "osm", "@id": "2a0de2e8-a82c-4ab9-9042-d300983aedd2", "osm_id": 993232393}}, {"type": "Feature", "bbox": [-88.3516833, 41.7492257, -88.3515584, 41.7494069], "geometry": {"type": "Polygon", "coordinates": [[[-88.351563, 41.7493154], [-88.3515864, 41.7493076], [-88.3516027, 41.7493015], [-88.3516203, 41.7492919], [-88.3516191, 41.7492806], [-88.3516074, 41.7492736], [-88.3515841, 41.7492736], [-88.351563, 41.7492728], [-88.3515584, 41.749251], [-88.3515712, 41.7492301], [-88.3515981, 41.7492257], [-88.3516308, 41.7492353], [-88.3516564, 41.7492536], [-88.351681, 41.7492728], [-88.3516833, 41.7492989], [-88.3516798, 41.7493215], [-88.351674, 41.7493451], [-88.351674, 41.7493738], [-88.3516681, 41.749393], [-88.3516483, 41.7494069], [-88.3516238, 41.7494043], [-88.3516156, 41.7493877], [-88.3516203, 41.7493694], [-88.3516027, 41.7493607], [-88.3515771, 41.7493555], [-88.351563, 41.7493442], [-88.3515595, 41.7493302], [-88.351563, 41.7493154]]]}, "properties": {"course_id": "aurora_country_club_il", "course_name": "Aurora Country Club", "hole_number": 16, "feature_type": "bunker", "name": "hole_16_bunker_2", "feature-color": "#d4b483", "is_approximate": true, "source": "osm", "@id": "02119fff-db50-4954-859b-b7f7d5abdc50", "osm_id": 993232394}}, {"type": "Feature", "bbox": [-88.3518421, 41.7497867, -88.3516471, 41.7500567], "geometry": {"type": "Polygon", "coordinates": [[[-88.3516903, 41.7499792], [-88.3517031, 41.7500044], [-88.3517195, 41.7500271], [-88.3517323, 41.7500445], [-88.3517498, 41.7500523], [-88.351765, 41.7500567], [-88.3517872, 41.7500558], [-88.3518094, 41.7500497], [-88.3518246, 41.7500288], [-88.3518269, 41.7500001], [-88.3518257, 41.7499704], [-88.3518234, 41.7499469], [-88.3518327, 41.7499199], [-88.351838, 41.7498965], [-88.3518421, 41.7498607], [-88.3518421, 41.7498389], [-88.3518374, 41.7498163], [-88.3518199, 41.7498023], [-88.3517954, 41.7497893], [-88.3517732, 41.7497867], [-88.3517498, 41.749798], [-88.35173, 41.7498119], [-88.3516926, 41.7498459], [-88.3516623, 41.7498712], [-88.3516506, 41.7498903], [-88.3516471, 41.7499095], [-88.3516529, 41.7499217], [-88.3516658, 41.7499434], [-88.3516775, 41.7499635], [-88.3516903, 41.7499792]]]}, "properties": {"course_id": "aurora_country_club_il", "course_name": "Aurora Country Club", "hole_number": 16, "feature_type": "green", "name": "hole_16_green", "feature-color": "#2d6e2d", "is_approximate": true, "source": "osm", "@id": "5584f791-bb22-4028-be9b-14951e4f1788", "osm_id": 993233442}}, {"type": "Feature", "bbox": [-88.3519553, 41.7499173, -88.3518713, 41.749987], "geometry": {"type": "Polygon", "coordinates": [[[-88.3518946, 41.74998], [-88.3519133, 41.749987], [-88.351932, 41.7499861], [-88.3519472, 41.7499792], [-88.351953, 41.7499696], [-88.3519553, 41.7499513], [-88.3519495, 41.7499382], [-88.3519343, 41.7499252], [-88.3519168, 41.7499199], [-88.3518888, 41.7499173], [-88.3518724, 41.7499295], [-88.3518713, 41.7499469], [-88.3518713, 41.7499617], [-88.3518818, 41.7499704], [-88.3518946, 41.74998]]]}, "properties": {"course_id": "aurora_country_club_il", "course_name": "Aurora Country Club", "hole_number": 16, "feature_type": "bunker", "name": "hole_16_bunker_3", "feature-color": "#d4b483", "is_approximate": true, "source": "osm", "@id": "7100ba41-1f10-4721-afa4-f1967b84377d", "osm_id": 993233443}}, {"type": "Feature", "bbox": [-88.3517148, 41.7496917, -88.3515222, 41.7498677], "geometry": {"type": "Polygon", "coordinates": [[[-88.3515327, 41.7498407], [-88.3515455, 41.7498572], [-88.351563, 41.7498668], [-88.3515794, 41.7498677], [-88.3516086, 41.7498633], [-88.3516214, 41.7498537], [-88.3516191, 41.7498354], [-88.3516121, 41.7498145], [-88.3516062, 41.749798], [-88.3515981, 41.7497814], [-88.3516016, 41.749764], [-88.3516226, 41.7497579], [-88.3516366, 41.7497623], [-88.3516436, 41.749784], [-88.3516506, 41.7498032], [-88.3516623, 41.7498111], [-88.3516821, 41.7498128], [-88.3517055, 41.7498041], [-88.3517148, 41.7497928], [-88.3517113, 41.749764], [-88.3517031, 41.7497422], [-88.3516845, 41.7497266], [-88.3516564, 41.7497057], [-88.3516343, 41.7496917], [-88.3516167, 41.7496917], [-88.3515899, 41.7496987], [-88.3515607, 41.7497344], [-88.3515444, 41.7497631], [-88.3515269, 41.749791], [-88.3515222, 41.7498145], [-88.3515327, 41.7498407]]]}, "properties": {"course_id": "aurora_country_club_il", "course_name": "Aurora Country Club", "hole_number": 16, "feature_type": "bunker", "name": "hole_16_bunker_4", "feature-color": "#d4b483", "is_approximate": true, "source": "osm", "@id": "48730cfd-ede8-44f5-b5b0-39e9819a49c2", "osm_id": 993233444}}, {"type": "Feature", "bbox": [-88.3511735, 41.7493279, -88.3510029, 41.7494044], "geometry": {"type": "Polygon", "coordinates": [[[-88.3510029, 41.7494042], [-88.3511733, 41.7494044], [-88.3511735, 41.7493282], [-88.3510031, 41.7493279], [-88.3510029, 41.7494042]]]}, "properties": {"course_id": "aurora_country_club_il", "course_name": "Aurora Country Club", "hole_number": 13, "feature_type": "tee_box", "name": "hole_13_tee_box", "feature-color": "#8b7355", "is_approximate": true, "source": "osm", "@id": "93e1e5d9-6b69-4296-824f-1e43684dbf54", "osm_id": 993233445}}, {"type": "Feature", "bbox": [-88.3511319, 41.749439, -88.3509805, 41.7497188], "geometry": {"type": "Polygon", "coordinates": [[[-88.3511147, 41.7497188], [-88.3511319, 41.7494436], [-88.3509976, 41.749439], [-88.3509805, 41.7497142], [-88.3511147, 41.7497188]]]}, "properties": {"course_id": "aurora_country_club_il", "course_name": "Aurora Country Club", "hole_number": 13, "feature_type": "tee_box", "name": "hole_13_tee_box_2", "feature-color": "#8b7355", "is_approximate": true, "source": "osm", "@id": "c7847885-6cab-4efd-b4da-d29d78d62ddf", "osm_id": 993233446}}, {"type": "Feature", "bbox": [-88.3513207, 41.7494909, -88.3511856, 41.7497719], "geometry": {"type": "Polygon", "coordinates": [[[-88.3513106, 41.7497719], [-88.3511856, 41.7497694], [-88.3511956, 41.7494909], [-88.3513207, 41.7494934], [-88.3513106, 41.7497719]]]}, "properties": {"course_id": "aurora_country_club_il", "course_name": "Aurora Country Club", "hole_number": 17, "feature_type": "tee_box", "name": "hole_17_tee_box", "feature-color": "#8b7355", "is_approximate": true, "source": "osm", "@id": "dd9b1875-e56a-4b95-a02f-2fb595aa1a48", "osm_id": 993233447}}, {"type": "Feature", "bbox": [-88.3512958, 41.7498214, -88.351164, 41.749892], "geometry": {"type": "Polygon", "coordinates": [[[-88.3512915, 41.749892], [-88.351164, 41.7498873], [-88.3511683, 41.7498214], [-88.3512958, 41.749826], [-88.3512915, 41.749892]]]}, "properties": {"course_id": "aurora_country_club_il", "course_name": "Aurora Country Club", "hole_number": 17, "feature_type": "tee_box", "name": "hole_17_tee_box_2", "feature-color": "#8b7355", "is_approximate": true, "source": "osm", "@id": "1ffea819-9d35-4e21-ad34-34544accc484", "osm_id": 993233448}}, {"type": "Feature", "bbox": [-88.3512789, 41.7499751, -88.3511792, 41.7500729], "geometry": {"type": "Polygon", "coordinates": [[[-88.3512776, 41.7500729], [-88.3512789, 41.7499759], [-88.3511805, 41.7499751], [-88.3511792, 41.7500722], [-88.3512776, 41.7500729]]]}, "properties": {"course_id": "aurora_country_club_il", "course_name": "Aurora Country Club", "hole_number": 17, "feature_type": "tee_box", "name": "hole_17_tee_box_3", "feature-color": "#8b7355", "is_approximate": true, "source": "osm", "@id": "e4db67d2-1501-4aa0-9687-ebaa3b75b643", "osm_id": 993233449}}, {"type": "Feature", "bbox": [-88.3511146, 41.7489518, -88.3510336, 41.7490202], "geometry": {"type": "Polygon", "coordinates": [[[-88.3511112, 41.7490202], [-88.3510336, 41.749018], [-88.351037, 41.7489518], [-88.3511146, 41.748954], [-88.3511112, 41.7490202]]]}, "properties": {"course_id": "aurora_country_club_il", "course_name": "Aurora Country Club", "hole_number": 13, "feature_type": "tee_box", "name": "hole_13_tee_box_3", "feature-color": "#8b7355", "is_approximate": true, "source": "osm", "@id": "70d6c2d4-af67-4e36-b036-229681a968ec", "osm_id": 993233450}}, {"type": "Feature", "bbox": [-88.351437, 41.7471256, -88.3506045, 41.7486717], "geometry": {"type": "Polygon", "coordinates": [[[-88.3511252, 41.7486717], [-88.3511824, 41.74867], [-88.3512315, 41.7486587], [-88.3512793, 41.7486404], [-88.3513155, 41.7486143], [-88.3513377, 41.7485899], [-88.3513482, 41.7485663], [-88.3513552, 41.748508], [-88.3513564, 41.7484157], [-88.3513529, 41.7483573], [-88.3513494, 41.7483146], [-88.3513214, 41.7482841], [-88.3512712, 41.7482684], [-88.3511988, 41.7482475], [-88.3511486, 41.7482266], [-88.3511241, 41.7482092], [-88.3511089, 41.7481779], [-88.3511182, 41.7481448], [-88.3511369, 41.7481134], [-88.3511988, 41.7480733], [-88.3512934, 41.748028], [-88.3513646, 41.7479906], [-88.3514113, 41.7479627], [-88.3514335, 41.7479296], [-88.351437, 41.7478913], [-88.3514218, 41.7478373], [-88.3513938, 41.7477528], [-88.3513646, 41.7476848], [-88.3513295, 41.7476038], [-88.3513167, 41.7475411], [-88.3513085, 41.7474845], [-88.351291, 41.7474331], [-88.3512723, 41.7474018], [-88.3512035, 41.7473373], [-88.3511638, 41.7472929], [-88.3511322, 41.7472484], [-88.3510972, 41.7472084], [-88.3510622, 41.7471883], [-88.3510283, 41.7471744], [-88.3509676, 41.7471718], [-88.3508987, 41.7471605], [-88.3508205, 41.7471422], [-88.3507715, 41.7471282], [-88.3507353, 41.7471256], [-88.3506956, 41.7471361], [-88.3506524, 41.747184], [-88.3506045, 41.7472415], [-88.3506045, 41.7472694], [-88.350615, 41.7472903], [-88.3506407, 41.7473077], [-88.3506722, 41.747319], [-88.3507213, 41.7473207], [-88.3508123, 41.7473216], [-88.3508579, 41.7473321], [-88.3509279, 41.7473591], [-88.351033, 41.7474122], [-88.3510879, 41.7474427], [-88.3511171, 41.7474758], [-88.3511439, 41.7475176], [-88.3511579, 41.7475646], [-88.3511661, 41.7476099], [-88.3511439, 41.7476474], [-88.3511089, 41.7476805], [-88.3510774, 41.7476936], [-88.350977, 41.7477267], [-88.3508614, 41.7477728], [-88.3508228, 41.7478033], [-88.3507983, 41.7478382], [-88.3507878, 41.74788], [-88.3507972, 41.7479357], [-88.3508077, 41.7480097], [-88.3508299, 41.7480786], [-88.3508684, 41.7481683], [-88.3509104, 41.7482554], [-88.3509361, 41.7483181], [-88.3509501, 41.7484069], [-88.3509641, 41.7484993], [-88.3509653, 41.7485646], [-88.3509629, 41.7485881], [-88.3509676, 41.7486143], [-88.3509828, 41.7486325], [-88.3510143, 41.7486482], [-88.3510528, 41.7486613], [-88.3511252, 41.7486717]]]}, "properties": {"course_id": "aurora_country_club_il", "course_name": "Aurora Country Club", "hole_number": 13, "feature_type": "fairway", "name": "hole_13_fairway", "feature-color": "#4a7c3f", "is_approximate": true, "source": "osm", "@id": "527efb2d-42f4-4c33-a27c-2dc324888fd7", "osm_id": 993233451}}, {"type": "Feature", "bbox": [-88.3513424, 41.7481552, -88.3511311, 41.7482441], "geometry": {"type": "Polygon", "coordinates": [[[-88.3512023, 41.7481561], [-88.3511661, 41.748157], [-88.3511416, 41.7481639], [-88.3511311, 41.7481813], [-88.3511568, 41.7482005], [-88.3512151, 41.7482258], [-88.3512665, 41.7482441], [-88.3512957, 41.7482423], [-88.3513214, 41.7482362], [-88.3513424, 41.7482197], [-88.3513307, 41.7481927], [-88.3513109, 41.748184], [-88.351284, 41.7481944], [-88.3512572, 41.748197], [-88.3512443, 41.7481813], [-88.3512455, 41.7481639], [-88.351228, 41.7481552], [-88.3512023, 41.7481561]]]}, "properties": {"course_id": "aurora_country_club_il", "course_name": "Aurora Country Club", "hole_number": 13, "feature_type": "bunker", "name": "hole_13_bunker", "feature-color": "#d4b483", "is_approximate": true, "source": "osm", "@id": "0ee146df-b340-4d24-b390-77d451b1a46b", "osm_id": 993233452}}, {"type": "Feature", "bbox": [-88.3509933, 41.7470594, -88.3508357, 41.7471465], "geometry": {"type": "Polygon", "coordinates": [[[-88.3508509, 41.7471343], [-88.3508836, 41.747137], [-88.3509127, 41.7471387], [-88.3509396, 41.7471448], [-88.3509618, 41.7471465], [-88.3509863, 41.7471352], [-88.3509933, 41.7471221], [-88.3509863, 41.747103], [-88.3509676, 41.7470995], [-88.3509524, 41.7471091], [-88.3509198, 41.747116], [-88.3509092, 41.747096], [-88.3509104, 41.7470734], [-88.3508894, 41.747062], [-88.3508579, 41.7470594], [-88.3508357, 41.7470716], [-88.3508357, 41.747096], [-88.3508404, 41.7471178], [-88.3508509, 41.7471343]]]}, "properties": {"course_id": "aurora_country_club_il", "course_name": "Aurora Country Club", "hole_number": 13, "feature_type": "bunker", "name": "hole_13_bunker_2", "feature-color": "#d4b483", "is_approximate": true, "source": "osm", "@id": "116b2ae6-13aa-4bef-b70d-55c0f8d12556", "osm_id": 993233453}}, {"type": "Feature", "bbox": [-88.3507841, 41.7470031, -88.3507032, 41.7470637], "geometry": {"type": "Polygon", "coordinates": [[[-88.3507406, 41.7470031], [-88.3507273, 41.7470055], [-88.3507159, 41.747011], [-88.3507075, 41.747019], [-88.3507032, 41.7470286], [-88.3507033, 41.7470388], [-88.3507079, 41.7470483], [-88.3507164, 41.7470562], [-88.3507276, 41.7470614], [-88.3507403, 41.7470637], [-88.3507534, 41.7470629], [-88.3507655, 41.747059], [-88.3507752, 41.7470524], [-88.3507817, 41.7470439], [-88.3507841, 41.7470342], [-88.3507824, 41.7470245], [-88.3507762, 41.7470154], [-88.3507665, 41.7470084], [-88.3507541, 41.7470041], [-88.3507406, 41.7470031]]]}, "properties": {"course_id": "aurora_country_club_il", "course_name": "Aurora Country Club", "hole_number": 13, "feature_type": "bunker", "name": "hole_13_bunker_3", "feature-color": "#d4b483", "is_approximate": true, "source": "osm", "@id": "3a4783a4-f472-470a-88c4-ac34cf1933f2", "osm_id": 993233454}}, {"type": "Feature", "bbox": [-88.3506652, 41.747069, -88.3505041, 41.7472188], "geometry": {"type": "Polygon", "coordinates": [[[-88.3505193, 41.7471518], [-88.3505415, 41.7471518], [-88.3505613, 41.7471544], [-88.3505777, 41.7471605], [-88.3505882, 41.7471657], [-88.3506069, 41.7471587], [-88.3506115, 41.7471465], [-88.3506174, 41.7471343], [-88.3505964, 41.7471213], [-88.350587, 41.7471065], [-88.350587, 41.747089], [-88.350608, 41.747076], [-88.3506337, 41.747069], [-88.3506547, 41.7470716], [-88.3506652, 41.7470847], [-88.3506617, 41.7471082], [-88.3506489, 41.7471439], [-88.3506337, 41.7471648], [-88.350594, 41.7471927], [-88.3505625, 41.7472145], [-88.3505415, 41.7472188], [-88.3505181, 41.7472066], [-88.3505053, 41.7471883], [-88.3505041, 41.7471735], [-88.3505041, 41.7471622], [-88.3505193, 41.7471518]]]}, "properties": {"course_id": "aurora_country_club_il", "course_name": "Aurora Country Club", "hole_number": 13, "feature_type": "bunker", "name": "hole_13_bunker_4", "feature-color": "#d4b483", "is_approximate": true, "source": "osm", "@id": "e7b97286-8212-4f10-9cdc-af0f40069684", "osm_id": 993233455}}, {"type": "Feature", "bbox": [-88.350538, 41.7470281, -88.3503664, 41.7471213], "geometry": {"type": "Polygon", "coordinates": [[[-88.3503722, 41.7470725], [-88.3504025, 41.7470856], [-88.3504294, 41.7470917], [-88.3504457, 41.7471039], [-88.3504539, 41.7471204], [-88.3504831, 41.7471213], [-88.3505053, 41.747116], [-88.3505275, 41.7470995], [-88.350538, 41.7470829], [-88.3505368, 41.747062], [-88.350517, 41.7470498], [-88.3504773, 41.7470594], [-88.3504586, 41.7470368], [-88.3504224, 41.7470281], [-88.3503967, 41.7470307], [-88.3503722, 41.7470411], [-88.3503664, 41.7470542], [-88.3503722, 41.7470725]]]}, "properties": {"course_id": "aurora_country_club_il", "course_name": "Aurora Country Club", "hole_number": 13, "feature_type": "bunker", "name": "hole_13_bunker_5", "feature-color": "#d4b483", "is_approximate": true, "source": "osm", "@id": "4c370c3e-fdf9-4309-a6ce-fcc84e3b3899", "osm_id": 993233456}}, {"type": "Feature", "bbox": [-88.3504504, 41.7468634, -88.3503418, 41.7469532], "geometry": {"type": "Polygon", "coordinates": [[[-88.3503523, 41.7469262], [-88.3503664, 41.7469453], [-88.3503909, 41.7469532], [-88.3504177, 41.7469497], [-88.3504434, 41.7469383], [-88.3504504, 41.7469218], [-88.3504446, 41.7469035], [-88.3504387, 41.7468913], [-88.3504131, 41.746873], [-88.3503909, 41.7468634], [-88.3503582, 41.7468652], [-88.3503418, 41.74688], [-88.3503418, 41.7469026], [-88.3503523, 41.7469262]]]}, "properties": {"course_id": "aurora_country_club_il", "course_name": "Aurora Country Club", "hole_number": 13, "feature_type": "bunker", "name": "hole_13_bunker_6", "feature-color": "#d4b483", "is_approximate": true, "source": "osm", "@id": "c51d1a72-2f77-4a0a-a7f0-fd8ae8c1908c", "osm_id": 993233457}}, {"type": "Feature", "bbox": [-88.3506676, 41.7467946, -88.3504679, 41.7470455], "geometry": {"type": "Polygon", "coordinates": [[[-88.3505637, 41.7470429], [-88.3505929, 41.7470455], [-88.3506197, 41.7470377], [-88.3506384, 41.7470211], [-88.3506501, 41.7470037], [-88.3506594, 41.746981], [-88.3506676, 41.7469566], [-88.3506629, 41.7469296], [-88.3506501, 41.7469009], [-88.350622, 41.7468608], [-88.350594, 41.7468269], [-88.350566, 41.7468094], [-88.3505403, 41.7467964], [-88.3505158, 41.7467946], [-88.3504808, 41.7468042], [-88.3504749, 41.7468199], [-88.3504679, 41.7468556], [-88.3504726, 41.7468931], [-88.3504773, 41.7469349], [-88.3504761, 41.7469645], [-88.3504878, 41.7470046], [-88.3504983, 41.7470237], [-88.3505181, 41.7470324], [-88.3505403, 41.7470377], [-88.3505637, 41.7470429]]]}, "properties": {"course_id": "aurora_country_club_il", "course_name": "Aurora Country Club", "hole_number": 13, "feature_type": "green", "name": "hole_13_green", "feature-color": "#2d6e2d", "is_approximate": true, "source": "osm", "@id": "4f4d3ce9-398d-4bae-b708-875e7754c0bb", "osm_id": 993233458}}, {"type": "Feature", "bbox": [-88.3504012, 41.7485601, -88.3502825, 41.7486509], "geometry": {"type": "Polygon", "coordinates": [[[-88.3503318, 41.7486498], [-88.3503611, 41.7486509], [-88.3503888, 41.7486395], [-88.3503981, 41.7486222], [-88.3504012, 41.7486015], [-88.3503934, 41.7485843], [-88.350375, 41.7485693], [-88.3503349, 41.7485601], [-88.3503072, 41.7485693], [-88.3502887, 41.7485843], [-88.3502825, 41.7486061], [-88.3502902, 41.7486222], [-88.3503056, 41.7486372], [-88.3503318, 41.7486498]]]}, "properties": {"course_id": "aurora_country_club_il", "course_name": "Aurora Country Club", "hole_number": 12, "feature_type": "bunker", "name": "hole_12_bunker", "feature-color": "#d4b483", "is_approximate": true, "source": "osm", "@id": "aa50fa1c-62c1-4b07-b7c8-78f755d98ca7", "osm_id": 993234651}}, {"type": "Feature", "bbox": [-88.3502579, 41.7484452, -88.3500468, 41.7486866], "geometry": {"type": "Polygon", "coordinates": [[[-88.3500992, 41.7486624], [-88.3501146, 41.7486762], [-88.3501362, 41.7486843], [-88.3501701, 41.7486854], [-88.3502132, 41.7486866], [-88.3502348, 41.7486785], [-88.3502486, 41.7486613], [-88.3502502, 41.7486441], [-88.3502471, 41.7486211], [-88.350244, 41.7486015], [-88.3502456, 41.7485808], [-88.3502533, 41.7485556], [-88.3502563, 41.7485291], [-88.3502579, 41.7485004], [-88.3502456, 41.7484774], [-88.3502271, 41.7484602], [-88.3502024, 41.7484452], [-88.3501762, 41.7484487], [-88.3501408, 41.7484636], [-88.35011, 41.74849], [-88.3500792, 41.7485119], [-88.3500561, 41.7485349], [-88.3500468, 41.7485613], [-88.350053, 41.7485877], [-88.3500622, 41.7486096], [-88.350073, 41.7486245], [-88.3500884, 41.7486441], [-88.3500992, 41.7486624]]]}, "properties": {"course_id": "aurora_country_club_il", "course_name": "Aurora Country Club", "hole_number": 12, "feature_type": "green", "name": "hole_12_green", "feature-color": "#2d6e2d", "is_approximate": true, "source": "osm", "@id": "fc56cf75-637d-4bb3-b2d3-5f9585db17ea", "osm_id": 993234652}}, {"type": "Feature", "bbox": [-88.350224, 41.7485762, -88.3499313, 41.7488797], "geometry": {"type": "Polygon", "coordinates": [[[-88.3500699, 41.7487061], [-88.3500515, 41.7487314], [-88.3500468, 41.7487521], [-88.3500684, 41.7487613], [-88.3500853, 41.7487705], [-88.3501223, 41.7487843], [-88.3501362, 41.7487636], [-88.35015, 41.7487394], [-88.3501547, 41.7487188], [-88.3501778, 41.7487165], [-88.3502055, 41.7487234], [-88.350224, 41.7487429], [-88.3502225, 41.7487624], [-88.350207, 41.7487843], [-88.3501916, 41.748805], [-88.3501608, 41.7488211], [-88.3501423, 41.7488452], [-88.35013, 41.7488624], [-88.3501146, 41.7488739], [-88.3500961, 41.7488797], [-88.3500638, 41.7488682], [-88.3500453, 41.7488325], [-88.3500422, 41.748805], [-88.3500345, 41.7487843], [-88.349996, 41.7487486], [-88.3499898, 41.7487199], [-88.349996, 41.7486912], [-88.3499945, 41.7486751], [-88.3499744, 41.748659], [-88.3499405, 41.7486291], [-88.3499313, 41.7486073], [-88.3499544, 41.7485843], [-88.3499883, 41.7485762], [-88.3500129, 41.7485808], [-88.3500268, 41.748605], [-88.3500268, 41.7486257], [-88.3500437, 41.7486372], [-88.3500607, 41.7486486], [-88.3500746, 41.748667], [-88.3500746, 41.7486889], [-88.3500699, 41.7487061]]]}, "properties": {"course_id": "aurora_country_club_il", "course_name": "Aurora Country Club", "hole_number": 12, "feature_type": "bunker", "name": "hole_12_bunker_2", "feature-color": "#d4b483", "is_approximate": true, "source": "osm", "@id": "78bb9855-ae7a-4505-8f3d-3b5dfb032701", "osm_id": 993234653}}, {"type": "Feature", "bbox": [-88.3497633, 41.7515741, -88.3495702, 41.7517217], "geometry": {"type": "Polygon", "coordinates": [[[-88.3497189, 41.7517217], [-88.3497633, 41.7516059], [-88.3496146, 41.7515741], [-88.3495702, 41.75169], [-88.3497189, 41.7517217]]]}, "properties": {"course_id": "aurora_country_club_il", "course_name": "Aurora Country Club", "hole_number": 12, "feature_type": "tee_box", "name": "hole_12_tee_box_2", "feature-color": "#8b7355", "is_approximate": true, "source": "osm", "@id": "db1ea169-ecf8-4908-943b-258e4bd6ebda", "osm_id": 993234656}}, {"type": "Feature", "bbox": [-88.3498245, 41.7514434, -88.3495731, 41.7515718], "geometry": {"type": "Polygon", "coordinates": [[[-88.3497922, 41.7515718], [-88.3498245, 41.751494], [-88.3496054, 41.7514434], [-88.3495731, 41.7515212], [-88.3497922, 41.7515718]]]}, "properties": {"course_id": "aurora_country_club_il", "course_name": "Aurora Country Club", "hole_number": 12, "feature_type": "tee_box", "name": "hole_12_tee_box_3", "feature-color": "#8b7355", "is_approximate": true, "source": "osm", "@id": "9cc26893-9090-4001-b789-c67aee20fd35", "osm_id": 993234657}}, {"type": "Feature", "bbox": [-88.3498678, 41.7513415, -88.3496448, 41.7514606], "geometry": {"type": "Polygon", "coordinates": [[[-88.3498386, 41.7514606], [-88.3498678, 41.7513962], [-88.3496509, 41.7513415], [-88.3496448, 41.7514116], [-88.3498386, 41.7514606]]]}, "properties": {"course_id": "aurora_country_club_il", "course_name": "Aurora Country Club", "hole_number": 12, "feature_type": "tee_box", "name": "hole_12_tee_box_4", "feature-color": "#8b7355", "is_approximate": true, "source": "osm", "@id": "128eb455-37d2-404d-b2b1-ba4521a59edc", "osm_id": 993234658}}, {"type": "Feature", "bbox": [-88.354234, 41.7517701, -88.3541255, 41.7518546], "geometry": {"type": "Polygon", "coordinates": [[[-88.3542304, 41.7518546], [-88.354234, 41.7517726], [-88.3541291, 41.7517701], [-88.3541255, 41.751852], [-88.3542304, 41.7518546]]]}, "properties": {"course_id": "aurora_country_club_il", "course_name": "Aurora Country Club", "hole_number": 11, "feature_type": "tee_box", "name": "hole_11_tee_box", "feature-color": "#8b7355", "is_approximate": true, "source": "osm", "@id": "af2abc52-0e17-4f24-92e2-add911f83ae1", "osm_id": 993234659}}, {"type": "Feature", "bbox": [-88.3540918, 41.7517563, -88.3538567, 41.7518562], "geometry": {"type": "Polygon", "coordinates": [[[-88.3540901, 41.7518562], [-88.3540918, 41.7517586], [-88.3538584, 41.7517563], [-88.3538567, 41.751854], [-88.3540901, 41.7518562]]]}, "properties": {"course_id": "aurora_country_club_il", "course_name": "Aurora Country Club", "hole_number": 11, "feature_type": "tee_box", "name": "hole_11_tee_box_2", "feature-color": "#8b7355", "is_approximate": true, "source": "osm", "@id": "11750903-d050-44ef-9f57-83b3605e76e4", "osm_id": 993234660}}, {"type": "Feature", "bbox": [-88.3538093, 41.7517529, -88.3535965, 41.7518431], "geometry": {"type": "Polygon", "coordinates": [[[-88.3538088, 41.7518431], [-88.3538093, 41.7517534], [-88.3535969, 41.7517529], [-88.3535965, 41.7518426], [-88.3538088, 41.7518431]]]}, "properties": {"course_id": "aurora_country_club_il", "course_name": "Aurora Country Club", "hole_number": 11, "feature_type": "tee_box", "name": "hole_11_tee_box_3", "feature-color": "#8b7355", "is_approximate": true, "source": "osm", "@id": "6f2454ae-7ad8-4475-ac22-d5234fb4ab9b", "osm_id": 993234661}}, {"type": "Feature", "bbox": [-88.3534711, 41.7516686, -88.3533335, 41.7517523], "geometry": {"type": "Polygon", "coordinates": [[[-88.3534711, 41.7517514], [-88.3534701, 41.7516686], [-88.3533335, 41.7516696], [-88.3533346, 41.7517523], [-88.3534711, 41.7517514]]]}, "properties": {"course_id": "aurora_country_club_il", "course_name": "Aurora Country Club", "hole_number": 11, "feature_type": "tee_box", "name": "hole_11_tee_box_4", "feature-color": "#8b7355", "is_approximate": true, "source": "osm", "@id": "0eafb87f-dba2-4dc4-bc0d-7d10c07d20fc", "osm_id": 993234662}}, {"type": "Feature", "bbox": [-88.35049, 41.7518359, -88.35025, 41.75196], "geometry": {"type": "Polygon", "coordinates": [[[-88.3502835, 41.7519009], [-88.3503143, 41.7518839], [-88.3503398, 41.7518709], [-88.3503626, 41.7518779], [-88.3503747, 41.7518979], [-88.3503532, 41.7519159], [-88.3503398, 41.751937], [-88.3503586, 41.751949], [-88.3503935, 41.75196], [-88.3504444, 41.751952], [-88.3504726, 41.751941], [-88.350486, 41.7519249], [-88.35049, 41.7519079], [-88.3504686, 41.7518789], [-88.3504136, 41.7518439], [-88.3503572, 41.7518359], [-88.350321, 41.7518359], [-88.3502728, 41.7518399], [-88.35025, 41.7518539], [-88.3502526, 41.7518779], [-88.3502567, 41.7518939], [-88.3502835, 41.7519009]]]}, "properties": {"course_id": "aurora_country_club_il", "course_name": "Aurora Country Club", "hole_number": 11, "feature_type": "bunker", "name": "hole_11_bunker", "feature-color": "#d4b483", "is_approximate": true, "source": "osm", "@id": "d8845f88-db4a-4c5f-b2c1-c144d35e59ad", "osm_id": 993234664}}, {"type": "Feature", "bbox": [-88.3500153, 41.7519087, -88.3499293, 41.7519727], "geometry": {"type": "Polygon", "coordinates": [[[-88.3499495, 41.7519134], [-88.3499385, 41.7519208], [-88.3499315, 41.7519305], [-88.3499293, 41.7519414], [-88.3499321, 41.7519522], [-88.3499397, 41.7519617], [-88.3499511, 41.7519687], [-88.3499638, 41.7519722], [-88.3499774, 41.7519727], [-88.3499905, 41.7519699], [-88.3500018, 41.7519643], [-88.3500102, 41.7519563], [-88.3500149, 41.7519468], [-88.3500153, 41.7519366], [-88.3500115, 41.7519269], [-88.3500038, 41.7519185], [-88.349992, 41.7519119], [-88.3499779, 41.7519087], [-88.3499631, 41.7519092], [-88.3499495, 41.7519134]]]}, "properties": {"course_id": "aurora_country_club_il", "course_name": "Aurora Country Club", "hole_number": 11, "feature_type": "bunker", "name": "hole_11_bunker_2", "feature-color": "#d4b483", "is_approximate": true, "source": "osm", "@id": "78e61bdb-4897-4771-8b3c-8946473874f4", "osm_id": 993234665}}, {"type": "Feature", "bbox": [-88.3499147, 41.7518859, -88.3498114, 41.751953], "geometry": {"type": "Polygon", "coordinates": [[[-88.3498315, 41.7518919], [-88.3498114, 41.7519139], [-88.3498154, 41.7519319], [-88.3498289, 41.751951], [-88.3498516, 41.751953], [-88.3498812, 41.751944], [-88.349904, 41.7519289], [-88.3499147, 41.7519129], [-88.3499066, 41.7518969], [-88.3498879, 41.7518889], [-88.3498651, 41.7518859], [-88.3498436, 41.7518869], [-88.3498315, 41.7518919]]]}, "properties": {"course_id": "aurora_country_club_il", "course_name": "Aurora Country Club", "hole_number": 11, "feature_type": "bunker", "name": "hole_11_bunker_3", "feature-color": "#d4b483", "is_approximate": true, "source": "osm", "@id": "dc0da989-aa2f-4c38-9a92-c5219643e628", "osm_id": 993234666}}, {"type": "Feature", "bbox": [-88.3498932, 41.7516848, -88.3497779, 41.7517619], "geometry": {"type": "Polygon", "coordinates": [[[-88.3498195, 41.7517619], [-88.349857, 41.7517509], [-88.3498838, 41.7517368], [-88.3498932, 41.7517188], [-88.3498744, 41.7516928], [-88.3498423, 41.7516848], [-88.3498007, 41.7517088], [-88.3497873, 41.7517228], [-88.3497779, 41.7517459], [-88.349794, 41.7517579], [-88.3498195, 41.7517619]]]}, "properties": {"course_id": "aurora_country_club_il", "course_name": "Aurora Country Club", "hole_number": 11, "feature_type": "bunker", "name": "hole_11_bunker_4", "feature-color": "#d4b483", "is_approximate": true, "source": "osm", "@id": "15a7f8d8-23c6-44de-8b72-b3ac5e1c6de7", "osm_id": 993234667}}, {"type": "Feature", "bbox": [-88.3502285, 41.7516488, -88.349975, 41.7517619], "geometry": {"type": "Polygon", "coordinates": [[[-88.349975, 41.7517018], [-88.3499804, 41.7517188], [-88.3499911, 41.7517308], [-88.3500153, 41.7517318], [-88.35003, 41.7517218], [-88.3500488, 41.7517048], [-88.3500649, 41.7517008], [-88.3500796, 41.7517018], [-88.3501011, 41.7517108], [-88.3500877, 41.7517399], [-88.3500917, 41.7517539], [-88.3501024, 41.7517619], [-88.3501427, 41.7517599], [-88.3501896, 41.7517529], [-88.3502124, 41.7517368], [-88.3502272, 41.7517228], [-88.3502285, 41.7516978], [-88.350207, 41.7516718], [-88.3501749, 41.7516588], [-88.3501118, 41.7516498], [-88.3500729, 41.7516488], [-88.3500407, 41.7516548], [-88.3500005, 41.7516678], [-88.3499844, 41.7516848], [-88.349975, 41.7517018]]]}, "properties": {"course_id": "aurora_country_club_il", "course_name": "Aurora Country Club", "hole_number": 11, "feature_type": "bunker", "name": "hole_11_bunker_5", "feature-color": "#d4b483", "is_approximate": true, "source": "osm", "@id": "d84915f0-5477-4a2d-bf2f-6ab04d4eeadf", "osm_id": 993234668}}, {"type": "Feature", "bbox": [-88.3500622, 41.7517679, -88.3498235, 41.7518668], "geometry": {"type": "Polygon", "coordinates": [[[-88.349916, 41.7518639], [-88.3499606, 41.7518668], [-88.3499978, 41.7518659], [-88.3500287, 41.7518559], [-88.3500501, 41.7518449], [-88.3500622, 41.7518259], [-88.3500475, 41.7518059], [-88.3500367, 41.7517949], [-88.3500099, 41.7517779], [-88.3499817, 41.7517689], [-88.3499375, 41.7517679], [-88.3498972, 41.7517719], [-88.349853, 41.7517859], [-88.3498289, 41.7518029], [-88.3498235, 41.7518189], [-88.3498275, 41.7518339], [-88.3498423, 41.7518459], [-88.3498557, 41.7518559], [-88.3498812, 41.7518619], [-88.349916, 41.7518639]]]}, "properties": {"course_id": "aurora_country_club_il", "course_name": "Aurora Country Club", "hole_number": 11, "feature_type": "green", "name": "hole_11_green", "feature-color": "#2d6e2d", "is_approximate": true, "source": "osm", "@id": "22e17546-13a9-4596-886c-a6ab7317951d", "osm_id": 993234669}}, {"type": "Feature", "bbox": [-88.3556888, 41.7481964, -88.3554577, 41.7484307], "geometry": {"type": "Polygon", "coordinates": [[[-88.3555476, 41.7484307], [-88.3555756, 41.7484281], [-88.3556059, 41.7484185], [-88.3556293, 41.7484072], [-88.3556491, 41.7483898], [-88.3556643, 41.7483724], [-88.355676, 41.7483506], [-88.355682, 41.7483335], [-88.3556842, 41.7483062], [-88.3556888, 41.7482809], [-88.3556865, 41.7482574], [-88.3556818, 41.7482391], [-88.3556655, 41.7482208], [-88.3556304, 41.7482043], [-88.3556059, 41.7481973], [-88.3555814, 41.7481964], [-88.3555499, 41.7481973], [-88.355509, 41.7482025], [-88.3554903, 41.7482138], [-88.3554647, 41.7482426], [-88.3554588, 41.7482731], [-88.35546, 41.748321], [-88.3554577, 41.7483645], [-88.35546, 41.7483907], [-88.3554705, 41.7484133], [-88.3554927, 41.7484238], [-88.3555032, 41.7484281], [-88.3555476, 41.7484307]]]}, "properties": {"course_id": "aurora_country_club_il", "course_name": "Aurora Country Club", "hole_number": 9, "feature_type": "green", "name": "hole_9_green", "feature-color": "#2d6e2d", "is_approximate": true, "source": "osm", "@id": "69085770-a1a6-44d9-acd1-0c09d60f78dd", "osm_id": 993236051}}, {"type": "Feature", "bbox": [-88.3554308, 41.7483245, -88.3552744, 41.7484804], "geometry": {"type": "Polygon", "coordinates": [[[-88.3553047, 41.7484116], [-88.3552872, 41.7484351], [-88.3552744, 41.7484534], [-88.3552907, 41.7484691], [-88.3553327, 41.7484778], [-88.3553724, 41.7484804], [-88.3553993, 41.7484699], [-88.3554238, 41.7484516], [-88.3554308, 41.7484377], [-88.3554308, 41.7484212], [-88.3554156, 41.7484142], [-88.3553911, 41.7484185], [-88.3553818, 41.7484281], [-88.3553678, 41.7484272], [-88.3553549, 41.7484151], [-88.3553666, 41.7483985], [-88.3553829, 41.7483802], [-88.3553783, 41.7483706], [-88.3553584, 41.7483637], [-88.3553549, 41.748341], [-88.3553444, 41.7483314], [-88.3553246, 41.7483245], [-88.3553035, 41.7483288], [-88.3552849, 41.7483401], [-88.3552825, 41.7483558], [-88.3552884, 41.7483741], [-88.3552965, 41.7483828], [-88.3553059, 41.7483959], [-88.3553047, 41.7484116]]]}, "properties": {"course_id": "aurora_country_club_il", "course_name": "Aurora Country Club", "hole_number": 9, "feature_type": "bunker", "name": "hole_9_bunker", "feature-color": "#d4b483", "is_approximate": true, "source": "osm", "@id": "4b5fdcf3-626f-47f5-9464-974b4aba04e4", "osm_id": 993236052}}, {"type": "Feature", "bbox": [-88.3554121, 41.7482652, -88.3553222, 41.7483175], "geometry": {"type": "Polygon", "coordinates": [[[-88.3553491, 41.7483149], [-88.3553853, 41.7483175], [-88.3554075, 41.7483079], [-88.3554121, 41.7482905], [-88.3554075, 41.7482757], [-88.3553911, 41.7482661], [-88.3553666, 41.7482652], [-88.3553374, 41.7482766], [-88.3553222, 41.7483001], [-88.3553316, 41.7483105], [-88.3553491, 41.7483149]]]}, "properties": {"course_id": "aurora_country_club_il", "course_name": "Aurora Country Club", "hole_number": 9, "feature_type": "bunker", "name": "hole_9_bunker_2", "feature-color": "#d4b483", "is_approximate": true, "source": "osm", "@id": "8c4312fd-8bb7-4498-846f-01e4013c9d50", "osm_id": 993236053}}, {"type": "Feature", "bbox": [-88.3554623, 41.7499185, -88.3553117, 41.7501345], "geometry": {"type": "Polygon", "coordinates": [[[-88.3553421, 41.7500639], [-88.3553421, 41.7500927], [-88.3553514, 41.7501127], [-88.3553783, 41.7501258], [-88.3554086, 41.7501319], [-88.3554366, 41.7501345], [-88.3554588, 41.7501249], [-88.3554623, 41.7501014], [-88.3554343, 41.7500831], [-88.3554133, 41.750077], [-88.3554051, 41.7500604], [-88.3554051, 41.750043], [-88.355418, 41.7500247], [-88.3554436, 41.7500151], [-88.3554577, 41.7499968], [-88.3554588, 41.7499812], [-88.3554483, 41.7499698], [-88.3554215, 41.7499646], [-88.3554016, 41.7499812], [-88.3553899, 41.7499986], [-88.3553759, 41.7500108], [-88.3553561, 41.7500099], [-88.3553502, 41.7499908], [-88.3553643, 41.7499698], [-88.3553841, 41.7499498], [-88.3553841, 41.7499333], [-88.3553724, 41.7499202], [-88.3553397, 41.7499185], [-88.3553257, 41.7499455], [-88.3553129, 41.7499655], [-88.3553117, 41.7499934], [-88.3553199, 41.750016], [-88.3553281, 41.7500317], [-88.3553374, 41.7500465], [-88.3553421, 41.7500639]]]}, "properties": {"course_id": "aurora_country_club_il", "course_name": "Aurora Country Club", "hole_number": 9, "feature_type": "bunker", "name": "hole_9_bunker_3", "feature-color": "#d4b483", "is_approximate": true, "source": "osm", "@id": "4b79dd14-12d5-417d-8a0f-d4e3ead47e1d", "osm_id": 993236054}}, {"type": "Feature", "bbox": [-88.355955, 41.7501484, -88.3557682, 41.7502878], "geometry": {"type": "Polygon", "coordinates": [[[-88.3557904, 41.7502582], [-88.3558172, 41.7502521], [-88.3558394, 41.7502538], [-88.3558499, 41.7502669], [-88.3558768, 41.7502756], [-88.355892, 41.7502825], [-88.3559095, 41.7502878], [-88.3559317, 41.7502878], [-88.3559492, 41.7502791], [-88.355955, 41.7502634], [-88.3559445, 41.7502451], [-88.3559188, 41.7502312], [-88.3558978, 41.7502146], [-88.3558943, 41.7501989], [-88.3558908, 41.7501806], [-88.3558745, 41.7501597], [-88.3558453, 41.7501484], [-88.3558172, 41.7501528], [-88.3558067, 41.7501737], [-88.3557927, 41.7501911], [-88.3557729, 41.7502155], [-88.3557682, 41.7502338], [-88.3557694, 41.7502494], [-88.3557904, 41.7502582]]]}, "properties": {"course_id": "aurora_country_club_il", "course_name": "Aurora Country Club", "hole_number": 1, "feature_type": "bunker", "name": "hole_1_bunker_3", "feature-color": "#d4b483", "is_approximate": true, "source": "osm", "@id": "981cfcc0-c3e9-462f-a7b9-16127a19a83a", "osm_id": 993236055}}, {"type": "Feature", "bbox": [-88.35599, 41.7503183, -88.3558546, 41.7504585], "geometry": {"type": "Polygon", "coordinates": [[[-88.355913, 41.7504324], [-88.3559141, 41.750394], [-88.3558896, 41.7503766], [-88.3558546, 41.7503557], [-88.3558628, 41.7503296], [-88.3558861, 41.7503191], [-88.3559188, 41.7503183], [-88.3559433, 41.750327], [-88.3559644, 41.7503435], [-88.355983, 41.7503662], [-88.35599, 41.7503836], [-88.3559889, 41.7504001], [-88.3559842, 41.7504271], [-88.3559749, 41.7504463], [-88.3559492, 41.7504585], [-88.3559223, 41.7504515], [-88.3559165, 41.7504411], [-88.355913, 41.7504324]]]}, "properties": {"course_id": "aurora_country_club_il", "course_name": "Aurora Country Club", "hole_number": 1, "feature_type": "bunker", "name": "hole_1_bunker_4", "feature-color": "#d4b483", "is_approximate": true, "source": "osm", "@id": "4b48e256-d83f-4dd9-8a87-a44104083ce1", "osm_id": 993236056}}, {"type": "Feature", "bbox": [-88.3540485, 41.7512476, -88.3537718, 41.751529], "geometry": {"type": "Polygon", "coordinates": [[[-88.3538547, 41.751529], [-88.3538757, 41.7515229], [-88.353899, 41.7515141], [-88.3539131, 41.7514941], [-88.3539259, 41.751468], [-88.3539364, 41.7514384], [-88.3539633, 41.7514079], [-88.3539948, 41.7513774], [-88.354024, 41.7513504], [-88.3540356, 41.7513304], [-88.3540485, 41.7513121], [-88.3540438, 41.7512929], [-88.3540368, 41.7512799], [-88.354017, 41.7512659], [-88.3539948, 41.7512546], [-88.3539609, 41.7512476], [-88.3539259, 41.7512511], [-88.3538874, 41.7512659], [-88.3538722, 41.751299], [-88.3538535, 41.7513321], [-88.3538313, 41.7513574], [-88.353801, 41.7513818], [-88.3537753, 41.7514079], [-88.3537718, 41.7514392], [-88.3537741, 41.7514654], [-88.3537846, 41.7514898], [-88.3537975, 41.7515063], [-88.3538197, 41.7515194], [-88.3538337, 41.7515255], [-88.3538547, 41.751529]]]}, "properties": {"course_id": "aurora_country_club_il", "course_name": "Aurora Country Club", "hole_number": 10, "feature_type": "green", "name": "hole_10_green", "feature-color": "#2d6e2d", "is_approximate": true, "source": "osm", "@id": "b64f402f-9da1-44f7-891c-6090c0af215a", "osm_id": 993236057}}, {"type": "Feature", "bbox": [-88.3541746, 41.7513373, -88.3539924, 41.7514837], "geometry": {"type": "Polygon", "coordinates": [[[-88.3539924, 41.7514436], [-88.3539971, 41.7514636], [-88.3540065, 41.7514776], [-88.3540368, 41.7514837], [-88.3540648, 41.7514837], [-88.354087, 41.751468], [-88.3540812, 41.751441], [-88.35408, 41.7514279], [-88.354094, 41.7514201], [-88.3541034, 41.7514314], [-88.3541174, 41.7514392], [-88.3541407, 41.7514453], [-88.3541687, 41.7514349], [-88.3541746, 41.751407], [-88.3541711, 41.7513739], [-88.3541524, 41.7513487], [-88.3541209, 41.7513373], [-88.3540893, 41.7513426], [-88.3540648, 41.7513582], [-88.3540473, 41.75138], [-88.3540251, 41.751394], [-88.3540088, 41.7514079], [-88.3539948, 41.7514253], [-88.3539924, 41.7514436]]]}, "properties": {"course_id": "aurora_country_club_il", "course_name": "Aurora Country Club", "hole_number": 10, "feature_type": "bunker", "name": "hole_10_bunker", "feature-color": "#d4b483", "is_approximate": true, "source": "osm", "@id": "76c02bfc-6313-4ac7-b09a-d5dc992af481", "osm_id": 993236058}}, {"type": "Feature", "bbox": [-88.3538267, 41.7512354, -88.3536994, 41.7513713], "geometry": {"type": "Polygon", "coordinates": [[[-88.3537052, 41.7513217], [-88.3537006, 41.7513417], [-88.3536994, 41.7513574], [-88.3537087, 41.7513678], [-88.3537228, 41.7513713], [-88.3537403, 41.7513704], [-88.3537578, 41.7513643], [-88.3537659, 41.7513504], [-88.3537671, 41.7513278], [-88.3537893, 41.751333], [-88.3538115, 41.7513278], [-88.3538267, 41.7513112], [-88.3538232, 41.7512833], [-88.3538185, 41.7512537], [-88.353808, 41.7512389], [-88.353787, 41.7512354], [-88.3537671, 41.7512415], [-88.3537438, 41.7512528], [-88.3537286, 41.7512764], [-88.3537192, 41.7513042], [-88.3537052, 41.7513217]]]}, "properties": {"course_id": "aurora_country_club_il", "course_name": "Aurora Country Club", "hole_number": 10, "feature_type": "bunker", "name": "hole_10_bunker_2", "feature-color": "#d4b483", "is_approximate": true, "source": "osm", "@id": "b4b98496-4c9a-4c3b-a4ab-cfc23032e0ea", "osm_id": 993236059}}, {"type": "Feature", "bbox": [-88.3538207, 41.7509849, -88.3537384, 41.7510461], "geometry": {"type": "Polygon", "coordinates": [[[-88.3537693, 41.7509857], [-88.3537564, 41.7509901], [-88.3537462, 41.7509975], [-88.35374, 41.7510071], [-88.3537384, 41.7510176], [-88.3537418, 41.751028], [-88.3537497, 41.7510368], [-88.3537611, 41.7510431], [-88.3537733, 41.751046], [-88.353786, 41.7510461], [-88.3537981, 41.7510432], [-88.3538085, 41.7510377], [-88.3538162, 41.7510301], [-88.3538203, 41.7510211], [-88.3538207, 41.7510116], [-88.3538171, 41.7510025], [-88.3538089, 41.7509938], [-88.3537973, 41.7509877], [-88.3537835, 41.7509849], [-88.3537693, 41.7509857]]]}, "properties": {"course_id": "aurora_country_club_il", "course_name": "Aurora Country Club", "hole_number": 10, "feature_type": "bunker", "name": "hole_10_bunker_3", "feature-color": "#d4b483", "is_approximate": true, "source": "osm", "@id": "c98b71e8-364b-48e9-9623-8be2bb73b537", "osm_id": 993236060}}, {"type": "Feature", "bbox": [-88.3538418, 41.7508531, -88.3536375, 41.7509619], "geometry": {"type": "Polygon", "coordinates": [[[-88.3537064, 41.7509349], [-88.3537064, 41.7509506], [-88.3537204, 41.7509611], [-88.3537379, 41.7509619], [-88.3537578, 41.7509593], [-88.3537776, 41.7509558], [-88.3538033, 41.7509567], [-88.353829, 41.7509558], [-88.3538418, 41.7509419], [-88.3538348, 41.7509262], [-88.3538091, 41.7509079], [-88.3537648, 41.7508696], [-88.3537298, 41.7508531], [-88.3537087, 41.7508539], [-88.3536749, 41.7508609], [-88.3536515, 41.7508696], [-88.353641, 41.7508809], [-88.3536375, 41.7508966], [-88.3536457, 41.7509079], [-88.353662, 41.7509114], [-88.3536784, 41.7509088], [-88.3536901, 41.7509018], [-88.3536959, 41.7508827], [-88.3537157, 41.7508792], [-88.3537344, 41.7508879], [-88.3537391, 41.7509036], [-88.3537274, 41.7509175], [-88.3537192, 41.7509245], [-88.3537064, 41.7509349]]]}, "properties": {"course_id": "aurora_country_club_il", "course_name": "Aurora Country Club", "hole_number": 10, "feature_type": "bunker", "name": "hole_10_bunker_4", "feature-color": "#d4b483", "is_approximate": true, "source": "osm", "@id": "8ac015ef-47be-4edf-b2df-00ee34bc1f45", "osm_id": 993236061}}, {"type": "Feature", "bbox": [-88.3542598, 41.7497852, -88.3539994, 41.7500604], "geometry": {"type": "Polygon", "coordinates": [[[-88.3540707, 41.7499446], [-88.3540426, 41.7499568], [-88.35401, 41.7499768], [-88.3540018, 41.749996], [-88.3539994, 41.7500186], [-88.354003, 41.7500413], [-88.3540181, 41.7500482], [-88.3540426, 41.7500587], [-88.3540637, 41.7500604], [-88.3540823, 41.750043], [-88.3540788, 41.7500204], [-88.3540905, 41.7500021], [-88.3541209, 41.7500029], [-88.3541559, 41.7500204], [-88.3541851, 41.7499977], [-88.3541781, 41.749969], [-88.3541839, 41.7499446], [-88.3541909, 41.7499115], [-88.3541687, 41.7498941], [-88.3541466, 41.7498793], [-88.3541431, 41.7498618], [-88.3541571, 41.7498392], [-88.3541781, 41.749834], [-88.3542003, 41.7498505], [-88.3542213, 41.7498636], [-88.3542365, 41.7498679], [-88.3542586, 41.749854], [-88.3542598, 41.7498357], [-88.3542481, 41.7498096], [-88.3542119, 41.7497887], [-88.3541652, 41.7497852], [-88.3541185, 41.7498078], [-88.3540975, 41.7498218], [-88.3540788, 41.7498444], [-88.354066, 41.7498714], [-88.3540683, 41.7498984], [-88.35408, 41.7499132], [-88.3540882, 41.7499298], [-88.3540707, 41.7499446]]]}, "properties": {"course_id": "aurora_country_club_il", "course_name": "Aurora Country Club", "hole_number": 10, "feature_type": "bunker", "name": "hole_10_bunker_5", "feature-color": "#d4b483", "is_approximate": true, "source": "osm", "@id": "f9ed332d-2763-4450-b3b1-f20b8afabd3e", "osm_id": 993236063}}, {"type": "Feature", "bbox": [-88.3539306, 41.749287, -88.3537671, 41.7494812], "geometry": {"type": "Polygon", "coordinates": [[[-88.353843, 41.7494734], [-88.353836, 41.7494568], [-88.3538278, 41.749442], [-88.3538243, 41.7494255], [-88.3538383, 41.7494141], [-88.3538523, 41.7494063], [-88.3538629, 41.7493897], [-88.3538523, 41.7493741], [-88.3538325, 41.749368], [-88.3538056, 41.7493715], [-88.3537811, 41.7493749], [-88.3537671, 41.749361], [-88.3537683, 41.7493471], [-88.3537846, 41.7493192], [-88.3538126, 41.7493026], [-88.3538442, 41.7492904], [-88.3538804, 41.749287], [-88.353906, 41.7492931], [-88.3539306, 41.749314], [-88.3539271, 41.7493375], [-88.3539212, 41.7493715], [-88.3539201, 41.7494037], [-88.3539154, 41.7494298], [-88.3539131, 41.7494498], [-88.3538955, 41.7494681], [-88.3538757, 41.749476], [-88.3538558, 41.7494812], [-88.353843, 41.7494734]]]}, "properties": {"course_id": "aurora_country_club_il", "course_name": "Aurora Country Club", "hole_number": 10, "feature_type": "bunker", "name": "hole_10_bunker_6", "feature-color": "#d4b483", "is_approximate": true, "source": "osm", "@id": "bc7151ae-72f2-4e94-bb07-68e65e87bf44", "osm_id": 993236064}}, {"type": "Feature", "bbox": [-88.3546128, 41.7485215, -88.354476, 41.7486189], "geometry": {"type": "Polygon", "coordinates": [[[-88.3545779, 41.7486189], [-88.3546128, 41.7485503], [-88.3545109, 41.7485215], [-88.354476, 41.7485901], [-88.3545779, 41.7486189]]]}, "properties": {"course_id": "aurora_country_club_il", "course_name": "Aurora Country Club", "hole_number": 10, "feature_type": "tee_box", "name": "hole_10_tee_box", "feature-color": "#8b7355", "is_approximate": true, "source": "osm", "@id": "299e3632-38e7-4f53-b3bd-731577350296", "osm_id": 993236065}}, {"type": "Feature", "bbox": [-88.3546075, 41.7482963, -88.3544323, 41.7484382], "geometry": {"type": "Polygon", "coordinates": [[[-88.3545555, 41.7484382], [-88.3546075, 41.748329], [-88.3544843, 41.7482963], [-88.3544323, 41.7484056], [-88.3545555, 41.7484382]]]}, "properties": {"course_id": "aurora_country_club_il", "course_name": "Aurora Country Club", "hole_number": 10, "feature_type": "tee_box", "name": "hole_10_tee_box_2", "feature-color": "#8b7355", "is_approximate": true, "source": "osm", "@id": "a99be5d7-00b6-4615-a345-2e544796c5a5", "osm_id": 993236066}}, {"type": "Feature", "bbox": [-88.3547931, 41.748025, -88.3546228, 41.7481384], "geometry": {"type": "Polygon", "coordinates": [[[-88.3547556, 41.7481384], [-88.3547931, 41.7480606], [-88.3546603, 41.748025], [-88.3546228, 41.7481028], [-88.3547556, 41.7481384]]]}, "properties": {"course_id": "aurora_country_club_il", "course_name": "Aurora Country Club", "hole_number": 10, "feature_type": "tee_box", "name": "hole_10_tee_box_3", "feature-color": "#8b7355", "is_approximate": true, "source": "osm", "@id": "4164fd08-6a20-46b9-aa7e-d6d9ced3daf7", "osm_id": 993236067}}, {"type": "Feature", "bbox": [-88.3548476, 41.7479117, -88.3546722, 41.7480236], "geometry": {"type": "Polygon", "coordinates": [[[-88.3548124, 41.7480236], [-88.3548476, 41.747948], [-88.3547075, 41.7479117], [-88.3546722, 41.7479873], [-88.3548124, 41.7480236]]]}, "properties": {"course_id": "aurora_country_club_il", "course_name": "Aurora Country Club", "hole_number": 10, "feature_type": "tee_box", "name": "hole_10_tee_box_4", "feature-color": "#8b7355", "is_approximate": true, "source": "osm", "@id": "6d3716ea-a353-4f25-aecd-43e0783acee7", "osm_id": 993236068}}, {"type": "Feature", "bbox": [-88.3542794, 41.7478586, -88.3541882, 41.7479268], "geometry": {"type": "Polygon", "coordinates": [[[-88.3541882, 41.7478885], [-88.354189, 41.7479002], [-88.3541951, 41.7479111], [-88.3542057, 41.7479198], [-88.3542184, 41.7479249], [-88.3542326, 41.7479268], [-88.3542469, 41.7479254], [-88.3542599, 41.7479207], [-88.3542702, 41.7479132], [-88.3542769, 41.7479037], [-88.3542794, 41.7478931], [-88.3542772, 41.7478824], [-88.3542708, 41.7478728], [-88.3542606, 41.7478652], [-88.3542465, 41.74786], [-88.3542308, 41.7478586], [-88.3542155, 41.7478614], [-88.3542023, 41.7478678], [-88.3541928, 41.7478772], [-88.3541882, 41.7478885]]]}, "properties": {"course_id": "aurora_country_club_il", "course_name": "Aurora Country Club", "hole_number": 18, "feature_type": "bunker", "name": "hole_18_bunker", "feature-color": "#d4b483", "is_approximate": true, "source": "osm", "@id": "24546264-bf15-4fd9-8f28-d68a797e38bd", "osm_id": 993237167}}, {"type": "Feature", "bbox": [-88.3543422, 41.74807, -88.3542594, 41.7481318], "geometry": {"type": "Polygon", "coordinates": [[[-88.3542614, 41.7480914], [-88.3542594, 41.7481016], [-88.354262, 41.7481117], [-88.3542688, 41.7481206], [-88.3542792, 41.7481274], [-88.354292, 41.7481313], [-88.3543058, 41.7481318], [-88.3543189, 41.748129], [-88.35433, 41.7481232], [-88.3543381, 41.748115], [-88.3543422, 41.7481054], [-88.354342, 41.7480952], [-88.3543373, 41.7480857], [-88.3543287, 41.7480777], [-88.3543172, 41.7480723], [-88.354304, 41.74807], [-88.3542902, 41.7480709], [-88.3542777, 41.7480752], [-88.3542677, 41.7480823], [-88.3542614, 41.7480914]]]}, "properties": {"course_id": "aurora_country_club_il", "course_name": "Aurora Country Club", "hole_number": 18, "feature_type": "bunker", "name": "hole_18_bunker_2", "feature-color": "#d4b483", "is_approximate": true, "source": "osm", "@id": "c6cf6528-4c5d-4639-91f0-ae3bb1c3b5f1", "osm_id": 993237168}}, {"type": "Feature", "bbox": [-88.3540188, 41.7479487, -88.3538915, 41.7480871], "geometry": {"type": "Polygon", "coordinates": [[[-88.3539195, 41.7479835], [-88.3539359, 41.7479948], [-88.3539522, 41.7480061], [-88.3539581, 41.7480209], [-88.3539511, 41.748034], [-88.3539347, 41.7480349], [-88.3539079, 41.7480253], [-88.3538927, 41.7480331], [-88.3538915, 41.7480497], [-88.3538927, 41.7480689], [-88.3539044, 41.7480811], [-88.3539289, 41.7480871], [-88.3539604, 41.7480871], [-88.3539896, 41.7480845], [-88.3540118, 41.7480689], [-88.3540188, 41.7480471], [-88.3540129, 41.7480288], [-88.3540036, 41.7480166], [-88.3540001, 41.7480053], [-88.3540094, 41.7479887], [-88.3540129, 41.7479713], [-88.3540001, 41.7479547], [-88.3539721, 41.7479487], [-88.3539499, 41.7479556], [-88.3539254, 41.7479678], [-88.3539195, 41.7479835]]]}, "properties": {"course_id": "aurora_country_club_il", "course_name": "Aurora Country Club", "hole_number": 18, "feature_type": "bunker", "name": "hole_18_bunker_3", "feature-color": "#d4b483", "is_approximate": true, "source": "osm", "@id": "1a1f9aa9-7afc-4c1b-9f5c-e8aa16ca3470", "osm_id": 993237169}}, {"type": "Feature", "bbox": [-88.3542663, 41.7481455, -88.3540748, 41.7482352], "geometry": {"type": "Polygon", "coordinates": [[[-88.3540853, 41.7482291], [-88.3541028, 41.7482352], [-88.3541332, 41.7482326], [-88.3541565, 41.7482222], [-88.3541799, 41.7482134], [-88.3542126, 41.7482143], [-88.3542336, 41.7482169], [-88.3542546, 41.7482074], [-88.3542663, 41.7481882], [-88.3542476, 41.7481638], [-88.3542278, 41.7481464], [-88.3541962, 41.7481455], [-88.3541776, 41.7481568], [-88.354167, 41.748176], [-88.3541542, 41.7481847], [-88.354139, 41.7481795], [-88.3541157, 41.7481708], [-88.3540958, 41.748176], [-88.3540807, 41.7481917], [-88.3540748, 41.7482091], [-88.3540853, 41.7482291]]]}, "properties": {"course_id": "aurora_country_club_il", "course_name": "Aurora Country Club", "hole_number": 18, "feature_type": "bunker", "name": "hole_18_bunker_4", "feature-color": "#d4b483", "is_approximate": true, "source": "osm", "@id": "042975c9-f0cb-43bf-be5d-3ed47a09eaad", "osm_id": 993237170}}, {"type": "Feature", "bbox": [-88.3542511, 41.7478999, -88.3540328, 41.7481429], "geometry": {"type": "Polygon", "coordinates": [[[-88.3540561, 41.7481351], [-88.3540888, 41.7481429], [-88.3541227, 41.7481429], [-88.3541495, 41.7481359], [-88.3541846, 41.7481168], [-88.3542114, 41.7480993], [-88.3542266, 41.7480837], [-88.3542394, 41.7480636], [-88.3542511, 41.748041], [-88.3542511, 41.7480192], [-88.3542406, 41.7479922], [-88.3542196, 41.7479687], [-88.3541846, 41.7479399], [-88.3541554, 41.7479173], [-88.3541215, 41.7478999], [-88.3541005, 41.7478999], [-88.354076, 41.7479034], [-88.3540608, 41.7479173], [-88.354048, 41.7479338], [-88.3540456, 41.7479565], [-88.3540433, 41.7479713], [-88.3540491, 41.7479966], [-88.3540468, 41.7480201], [-88.354034, 41.7480845], [-88.3540328, 41.7481028], [-88.3540386, 41.7481185], [-88.3540561, 41.7481351]]]}, "properties": {"course_id": "aurora_country_club_il", "course_name": "Aurora Country Club", "hole_number": 18, "feature_type": "green", "name": "hole_18_green", "feature-color": "#2d6e2d", "is_approximate": true, "source": "osm", "@id": "b18550e8-b17e-4475-ad30-130f817cac45", "osm_id": 993237171}}, {"type": "Feature", "bbox": [-88.3532859, 41.749584, -88.3531423, 41.7497443], "geometry": {"type": "Polygon", "coordinates": [[[-88.3531668, 41.7497217], [-88.353182, 41.7497356], [-88.3531995, 41.7497443], [-88.3532275, 41.7497408], [-88.3532521, 41.7497321], [-88.3532637, 41.7497156], [-88.3532556, 41.7496973], [-88.3532264, 41.7496833], [-88.3532077, 41.7496738], [-88.3532112, 41.7496537], [-88.3532404, 41.7496468], [-88.3532649, 41.7496407], [-88.3532778, 41.7496293], [-88.3532859, 41.7496067], [-88.3532766, 41.7495919], [-88.3532462, 41.749584], [-88.3531995, 41.7495919], [-88.3531645, 41.7496067], [-88.3531517, 41.7496241], [-88.353147, 41.7496476], [-88.3531423, 41.749672], [-88.3531505, 41.7496921], [-88.3531575, 41.749706], [-88.3531668, 41.7497217]]]}, "properties": {"course_id": "aurora_country_club_il", "course_name": "Aurora Country Club", "hole_number": 18, "feature_type": "bunker", "name": "hole_18_bunker_5", "feature-color": "#d4b483", "is_approximate": true, "source": "osm", "@id": "8bea023f-7438-427c-aef8-28ff98b86897", "osm_id": 993237173}}, {"type": "Feature", "bbox": [-88.3531412, 41.7496311, -88.3529929, 41.7498009], "geometry": {"type": "Polygon", "coordinates": [[[-88.3530337, 41.74978], [-88.3530653, 41.7497922], [-88.3530898, 41.7498009], [-88.3531131, 41.7497992], [-88.3531295, 41.7497879], [-88.3531412, 41.7497704], [-88.3531201, 41.7497487], [-88.3530921, 41.7497426], [-88.3530618, 41.7497408], [-88.3530466, 41.7497339], [-88.3530407, 41.7497147], [-88.3530641, 41.749699], [-88.3530886, 41.7496851], [-88.353105, 41.7496642], [-88.3530968, 41.7496415], [-88.3530769, 41.7496311], [-88.3530443, 41.7496363], [-88.3530162, 41.7496537], [-88.3529999, 41.7496816], [-88.3529929, 41.7497199], [-88.3529999, 41.7497443], [-88.3530046, 41.74976], [-88.3530186, 41.7497731], [-88.3530337, 41.74978]]]}, "properties": {"course_id": "aurora_country_club_il", "course_name": "Aurora Country Club", "hole_number": 18, "feature_type": "bunker", "name": "hole_18_bunker_6", "feature-color": "#d4b483", "is_approximate": true, "source": "osm", "@id": "c4ec51ed-6eb5-429b-8042-ee1234fe3b0f", "osm_id": 993237174}}, {"type": "Feature", "bbox": [-88.3530232, 41.7493332, -88.3528259, 41.7494586], "geometry": {"type": "Polygon", "coordinates": [[[-88.3528528, 41.7494586], [-88.3529135, 41.7494482], [-88.3529544, 41.7494342], [-88.3529847, 41.7494229], [-88.3530057, 41.7494072], [-88.3530221, 41.7493924], [-88.3530232, 41.7493706], [-88.3530139, 41.7493524], [-88.352973, 41.7493332], [-88.3529287, 41.7493428], [-88.3528948, 41.7493646], [-88.3528528, 41.749382], [-88.3528399, 41.7494011], [-88.3528271, 41.7494247], [-88.3528259, 41.7494395], [-88.3528318, 41.7494534], [-88.3528528, 41.7494586]]]}, "properties": {"course_id": "aurora_country_club_il", "course_name": "Aurora Country Club", "hole_number": 18, "feature_type": "bunker", "name": "hole_18_bunker_7", "feature-color": "#d4b483", "is_approximate": true, "source": "osm", "@id": "1e0e6db0-624b-4e75-bfb8-0cfbf18e34fc", "osm_id": 993237175}}, {"type": "Feature", "bbox": [-88.3519543, 41.751094, -88.3517455, 41.7512446], "geometry": {"type": "Polygon", "coordinates": [[[-88.3518813, 41.7512446], [-88.3519543, 41.7511571], [-88.3518186, 41.751094], [-88.3517455, 41.7511815], [-88.3518813, 41.7512446]]]}, "properties": {"course_id": "aurora_country_club_il", "course_name": "Aurora Country Club", "hole_number": 18, "feature_type": "tee_box", "name": "hole_18_tee_box_3", "feature-color": "#8b7355", "is_approximate": true, "source": "osm", "@id": "f1512c2f-e6d6-4e20-af97-34738232e64c", "osm_id": 993237176}}, {"type": "Feature", "bbox": [-88.3519687, 41.7509856, -88.3518391, 41.7510869], "geometry": {"type": "Polygon", "coordinates": [[[-88.3519128, 41.7510869], [-88.3519687, 41.7510198], [-88.3518951, 41.7509856], [-88.3518391, 41.7510528], [-88.3519128, 41.7510869]]]}, "properties": {"course_id": "aurora_country_club_il", "course_name": "Aurora Country Club", "hole_number": 18, "feature_type": "tee_box", "name": "hole_18_tee_box_4", "feature-color": "#8b7355", "is_approximate": true, "source": "osm", "@id": "6d02944f-2ece-4cb2-b95d-94822548625e", "osm_id": 993237177}}, {"type": "Feature", "bbox": [-88.3513475, 41.7511674, -88.3511452, 41.7513699], "geometry": {"type": "Polygon", "coordinates": [[[-88.351195, 41.7513653], [-88.3512153, 41.7513699], [-88.3512346, 41.7513691], [-88.351255, 41.751363], [-88.3512763, 41.7513555], [-88.3512936, 41.7513479], [-88.3513058, 41.7513388], [-88.351322, 41.7513274], [-88.3513342, 41.7513092], [-88.3513475, 41.7512872], [-88.3513475, 41.7512637], [-88.3513464, 41.751241], [-88.3513342, 41.7512152], [-88.351321, 41.7511947], [-88.3512885, 41.7511735], [-88.3512631, 41.7511689], [-88.3512448, 41.7511674], [-88.3512296, 41.7511689], [-88.3512031, 41.7511864], [-88.3511848, 41.7512053], [-88.3511696, 41.751241], [-88.3511472, 41.7513009], [-88.3511452, 41.7513213], [-88.3511482, 41.7513395], [-88.3511594, 41.7513509], [-88.3511757, 41.7513592], [-88.351195, 41.7513653]]]}, "properties": {"course_id": "aurora_country_club_il", "course_name": "Aurora Country Club", "hole_number": 17, "feature_type": "green", "name": "hole_17_green", "feature-color": "#2d6e2d", "is_approximate": true, "source": "osm", "@id": "4707a428-3ffb-4d27-8519-decacd499ea4", "osm_id": 993237178}}, {"type": "Feature", "bbox": [-88.351384, 41.7513539, -88.3512387, 41.7514707], "geometry": {"type": "Polygon", "coordinates": [[[-88.351257, 41.7514002], [-88.3512478, 41.75141], [-88.3512387, 41.7514191], [-88.3512478, 41.751432], [-88.3512733, 41.7514502], [-88.3512783, 41.7514639], [-88.3513007, 41.7514707], [-88.35132, 41.7514669], [-88.3513383, 41.751448], [-88.3513383, 41.7514245], [-88.3513454, 41.751407], [-88.3513566, 41.7513987], [-88.3513708, 41.7513888], [-88.351384, 41.7513774], [-88.351379, 41.7513577], [-88.3513576, 41.7513539], [-88.351317, 41.7513676], [-88.3512865, 41.7513843], [-88.351257, 41.7514002]]]}, "properties": {"course_id": "aurora_country_club_il", "course_name": "Aurora Country Club", "hole_number": 17, "feature_type": "bunker", "name": "hole_17_bunker", "feature-color": "#d4b483", "is_approximate": true, "source": "osm", "@id": "7df57156-6c8b-46cd-84b7-748d67cd972b", "osm_id": 993237179}}, {"type": "Feature", "bbox": [-88.3511157, 41.7513365, -88.3510273, 41.7514032], "geometry": {"type": "Polygon", "coordinates": [[[-88.3510578, 41.7514032], [-88.3510791, 41.7514009], [-88.3510954, 41.7513941], [-88.3511127, 41.7513812], [-88.3511157, 41.7513683], [-88.3511147, 41.7513524], [-88.3510984, 41.7513426], [-88.351073, 41.7513365], [-88.3510537, 41.751338], [-88.3510364, 41.7513464], [-88.3510273, 41.7513668], [-88.3510283, 41.7513812], [-88.3510405, 41.7513941], [-88.3510578, 41.7514032]]]}, "properties": {"course_id": "aurora_country_club_il", "course_name": "Aurora Country Club", "hole_number": 17, "feature_type": "bunker", "name": "hole_17_bunker_2", "feature-color": "#d4b483", "is_approximate": true, "source": "osm", "@id": "d1ed6271-9984-4028-92a1-28f99ee00c0c", "osm_id": 993237180}}, {"type": "Feature", "bbox": [-88.3511259, 41.7511287, -88.3510192, 41.7512918], "geometry": {"type": "Polygon", "coordinates": [[[-88.3510253, 41.7512531], [-88.3510344, 41.7512728], [-88.3510466, 41.7512842], [-88.351073, 41.7512918], [-88.3510923, 41.751291], [-88.3511096, 41.7512804], [-88.3511157, 41.7512614], [-88.3511127, 41.751244], [-88.3511117, 41.7512311], [-88.3510923, 41.751225], [-88.3510751, 41.7512175], [-88.3510639, 41.7512038], [-88.351068, 41.7511924], [-88.3510852, 41.7511894], [-88.3511096, 41.7511833], [-88.3511259, 41.7511689], [-88.3511249, 41.7511583], [-88.3511106, 41.7511439], [-88.3510822, 41.751131], [-88.3510537, 41.7511287], [-88.3510334, 41.7511424], [-88.3510232, 41.7511629], [-88.3510212, 41.7511871], [-88.3510192, 41.7512175], [-88.3510242, 41.7512311], [-88.3510253, 41.7512531]]]}, "properties": {"course_id": "aurora_country_club_il", "course_name": "Aurora Country Club", "hole_number": 17, "feature_type": "bunker", "name": "hole_17_bunker_3", "feature-color": "#d4b483", "is_approximate": true, "source": "osm", "@id": "4ec91b0b-3745-4a9b-a30c-ee1e2899ce6e", "osm_id": 993237181}}, {"type": "Feature", "bbox": [-88.357148, 41.7501974, -88.3568227, 41.7507555], "geometry": {"type": "Polygon", "coordinates": [[[-88.3569569, 41.7507555], [-88.3570219, 41.7507221], [-88.3570219, 41.7506645], [-88.3570341, 41.7506038], [-88.3570585, 41.7505492], [-88.3571236, 41.7504734], [-88.3571398, 41.7504279], [-88.357148, 41.7503885], [-88.357148, 41.7502823], [-88.3571073, 41.7502247], [-88.3570382, 41.7501974], [-88.3569691, 41.7502004], [-88.356904, 41.7502429], [-88.3569081, 41.7502944], [-88.3569325, 41.7503551], [-88.356965, 41.7504127], [-88.3569528, 41.7504855], [-88.3569284, 41.7505371], [-88.3568471, 41.7506129], [-88.3568268, 41.7506645], [-88.3568227, 41.7507191], [-88.3568634, 41.7507433], [-88.3569569, 41.7507555]]]}, "properties": {"course_id": "aurora_country_club_il", "course_name": "Aurora Country Club", "hole_number": null, "feature_type": "green", "name": "unassigned_green", "feature-color": "#2d6e2d", "is_approximate": true, "source": "osm", "@id": "e99b3335-4700-416b-98bf-c4713864e48a", "osm_id": 993238257, "needs_hole_assignment": true}}, {"type": "Feature", "bbox": [-88.3569029, 41.7501988, -88.3568136, 41.7502614], "geometry": {"type": "Polygon", "coordinates": [[[-88.3568413, 41.7502614], [-88.356886, 41.7502614], [-88.3569029, 41.7502235], [-88.3568829, 41.7501988], [-88.3568413, 41.7501994], [-88.3568166, 41.7502223], [-88.3568136, 41.7502407], [-88.3568413, 41.7502614]]]}, "properties": {"course_id": "aurora_country_club_il", "course_name": "Aurora Country Club", "hole_number": null, "feature_type": "bunker", "name": "unassigned_bunker", "feature-color": "#d4b483", "is_approximate": true, "source": "osm", "@id": "a10df74a-b614-42cd-aaa0-c32f01cd4e71", "osm_id": 993238263, "needs_hole_assignment": true}}, {"type": "Feature", "bbox": [-88.3572326, 41.7503017, -88.3571725, 41.7503798], "geometry": {"type": "Polygon", "coordinates": [[[-88.3571848, 41.7503476], [-88.3571756, 41.7503614], [-88.3571879, 41.7503798], [-88.3572218, 41.7503764], [-88.3572326, 41.7503465], [-88.3572141, 41.7503085], [-88.3571756, 41.7503017], [-88.3571725, 41.7503281], [-88.3571848, 41.7503476]]]}, "properties": {"course_id": "aurora_country_club_il", "course_name": "Aurora Country Club", "hole_number": 2, "feature_type": "bunker", "name": "hole_2_bunker_12", "feature-color": "#d4b483", "is_approximate": true, "source": "osm", "@id": "1863c3f1-179b-4ae0-bb64-530a5574a937", "osm_id": 993238264}}, {"type": "Feature", "bbox": [-88.3568906, 41.7505154, -88.3568197, 41.7505809], "geometry": {"type": "Polygon", "coordinates": [[[-88.356849, 41.7505809], [-88.3568752, 41.7505511], [-88.3568906, 41.7505304], [-88.3568582, 41.7505154], [-88.3568274, 41.7505292], [-88.3568197, 41.7505511], [-88.3568228, 41.7505694], [-88.356849, 41.7505809]]]}, "properties": {"course_id": "aurora_country_club_il", "course_name": "Aurora Country Club", "hole_number": null, "feature_type": "bunker", "name": "unassigned_bunker_2", "feature-color": "#d4b483", "is_approximate": true, "source": "osm", "@id": "9d89049c-f02a-4676-b715-37284cdb2e62", "osm_id": 993238265, "needs_hole_assignment": true}}, {"type": "Feature", "bbox": [-88.3571848, 41.7506878, -88.3571063, 41.7507625], "geometry": {"type": "Polygon", "coordinates": [[[-88.3571063, 41.7507499], [-88.3571417, 41.7507625], [-88.3571848, 41.7507407], [-88.3571833, 41.7507028], [-88.3571417, 41.7506878], [-88.3571124, 41.7507143], [-88.3571063, 41.7507499]]]}, "properties": {"course_id": "aurora_country_club_il", "course_name": "Aurora Country Club", "hole_number": null, "feature_type": "bunker", "name": "unassigned_bunker_3", "feature-color": "#d4b483", "is_approximate": true, "source": "osm", "@id": "ff6f021e-6de2-4b13-b8a9-7447eb671f64", "osm_id": 993238266, "needs_hole_assignment": true}}, {"type": "Feature", "bbox": [-88.3564131, 41.7504769, -88.3562927, 41.7506202], "geometry": {"type": "Polygon", "coordinates": [[[-88.3563034, 41.7505608], [-88.3562927, 41.750574], [-88.3562936, 41.7505951], [-88.3563025, 41.7506063], [-88.3563202, 41.7506156], [-88.3563361, 41.7506202], [-88.3563494, 41.7506149], [-88.3563564, 41.7505958], [-88.3563582, 41.7505766], [-88.3563556, 41.7505601], [-88.3563626, 41.7505476], [-88.3563812, 41.7505469], [-88.356398, 41.7505502], [-88.3564131, 41.7505469], [-88.3564113, 41.7505205], [-88.3563963, 41.7504921], [-88.3563821, 41.7504802], [-88.3563626, 41.7504769], [-88.3563432, 41.7504888], [-88.3563405, 41.7505053], [-88.3563334, 41.7505225], [-88.3563219, 41.7505377], [-88.3563122, 41.7505509], [-88.3563034, 41.7505608]]]}, "properties": {"course_id": "aurora_country_club_il", "course_name": "Aurora Country Club", "hole_number": 1, "feature_type": "bunker", "name": "hole_1_bunker_5", "feature-color": "#d4b483", "is_approximate": true, "source": "osm", "@id": "1e9ecb71-51e9-409e-97a5-72193cfa4568", "osm_id": 993238267}}, {"type": "Feature", "bbox": [-88.3562597, 41.7481061, -88.3559762, 41.7483279], "geometry": {"type": "Polygon", "coordinates": [[[-88.3560379, 41.7483222], [-88.3560687, 41.7483279], [-88.3561057, 41.7483245], [-88.3561457, 41.7483107], [-88.3561981, 41.748267], [-88.3562397, 41.748213], [-88.3562597, 41.7481808], [-88.3562597, 41.7481521], [-88.3562351, 41.7481256], [-88.3561919, 41.7481095], [-88.3561411, 41.7481061], [-88.356061, 41.7481176], [-88.3560348, 41.7481429], [-88.3559901, 41.7482015], [-88.3559762, 41.748244], [-88.3559809, 41.7482796], [-88.3559886, 41.748298], [-88.3560117, 41.7483118], [-88.3560379, 41.7483222]]]}, "properties": {"course_id": "aurora_country_club_il", "course_name": "Aurora Country Club", "hole_number": 1, "feature_type": "green", "name": "hole_1_green_2", "feature-color": "#2d6e2d", "is_approximate": true, "source": "osm", "@id": "55c30009-acd3-4758-ae8f-b08508a26ec2", "osm_id": 993239721}}, {"type": "Feature", "bbox": [-88.35637805450398, 41.74818364571181, -88.35637805450398, 41.74818364571181], "geometry": {"type": "Point", "coordinates": [-88.35637805450398, 41.74818364571181]}, "properties": {"course_id": "aurora_country_club_il", "course_name": "Aurora Country Club", "hole_number": 1, "feature_type": "tee_center", "name": "hole_1_tee_center", "feature-color": "#c8a055", "is_approximate": true, "source": "derived", "@id": "9e196ce2-c8d7-49ba-bc43-e0363d30e216"}}, {"type": "Feature", "bbox": [-88.35630247781943, 41.75121659010639, -88.35630247781943, 41.75121659010639], "geometry": {"type": "Point", "coordinates": [-88.35630247781943, 41.75121659010639]}, "properties": {"course_id": "aurora_country_club_il", "course_name": "Aurora Country Club", "hole_number": 1, "feature_type": "green_center", "name": "hole_1_green_center", "feature-color": "#5aae5a", "is_approximate": true, "source": "derived", "@id": "6ea9ab81-c664-479b-810a-027ca1964de7"}}, {"type": "Feature", "bbox": [-88.35630282817368, 41.751122408836295, -88.35630282817368, 41.751122408836295], "geometry": {"type": "Point", "coordinates": [-88.35630282817368, 41.751122408836295]}, "properties": {"course_id": "aurora_country_club_il", "course_name": "Aurora Country Club", "hole_number": 1, "feature_type": "green_front", "name": "hole_1_green_front", "feature-color": "#5aae5a", "is_approximate": true, "source": "derived", "@id": "a70d058c-7dd4-4c71-ac00-be28671f27ed"}}, {"type": "Feature", "bbox": [-88.35630217406107, 41.75129824559222, -88.35630217406107, 41.75129824559222], "geometry": {"type": "Point", "coordinates": [-88.35630217406107, 41.75129824559222]}, "properties": {"course_id": "aurora_country_club_il", "course_name": "Aurora Country Club", "hole_number": 1, "feature_type": "green_back", "name": "hole_1_green_back", "feature-color": "#5aae5a", "is_approximate": true, "source": "derived", "@id": "375876d8-9133-4912-b3ee-9bd2455c1924"}}, {"type": "Feature", "bbox": [-88.35611296514833, 41.74821306932717, -88.35611296514833, 41.74821306932717], "geometry": {"type": "Point", "coordinates": [-88.35611296514833, 41.74821306932717]}, "properties": {"course_id": "aurora_country_club_il", "course_name": "Aurora Country Club", "hole_number": 1, "feature_type": "green_center", "name": "hole_1_green_center_2", "feature-color": "#5aae5a", "is_approximate": true, "source": "derived", "@id": "1b2d7368-a5b3-4b93-8e04-ad75aa2e5694"}}, {"type": "Feature", "bbox": [-88.35618775790115, 41.74827562499465, -88.35618775790115, 41.74827562499465], "geometry": {"type": "Point", "coordinates": [-88.35618775790115, 41.74827562499465]}, "properties": {"course_id": "aurora_country_club_il", "course_name": "Aurora Country Club", "hole_number": 1, "feature_type": "green_front", "name": "hole_1_green_front_2", "feature-color": "#5aae5a", "is_approximate": true, "source": "derived", "@id": "65cd90f4-18b3-4075-8abd-29bcf3aba7ca"}}, {"type": "Feature", "bbox": [-88.35603256792994, 41.74814582615896, -88.35603256792994, 41.74814582615896], "geometry": {"type": "Point", "coordinates": [-88.35603256792994, 41.74814582615896]}, "properties": {"course_id": "aurora_country_club_il", "course_name": "Aurora Country Club", "hole_number": 1, "feature_type": "green_back", "name": "hole_1_green_back_2", "feature-color": "#5aae5a", "is_approximate": true, "source": "derived", "@id": "5522f7b3-1d3e-4f28-b85e-1a11f1e8a4be"}}, {"type": "Feature", "bbox": [-88.35886374963052, 41.75179162328848, -88.35886374963052, 41.75179162328848], "geometry": {"type": "Point", "coordinates": [-88.35886374963052, 41.75179162328848]}, "properties": {"course_id": "aurora_country_club_il", "course_name": "Aurora Country Club", "hole_number": 8, "feature_type": "tee_center", "name": "hole_8_tee_center", "feature-color": "#c8a055", "is_approximate": true, "source": "derived", "@id": "4219ccd3-b9be-4bb6-ae51-d4ad21a58016"}}, {"type": "Feature", "bbox": [-88.35502616196355, 41.75170399534878, -88.35502616196355, 41.75170399534878], "geometry": {"type": "Point", "coordinates": [-88.35502616196355, 41.75170399534878]}, "properties": {"course_id": "aurora_country_club_il", "course_name": "Aurora Country Club", "hole_number": 8, "feature_type": "green_center", "name": "hole_8_green_center", "feature-color": "#5aae5a", "is_approximate": true, "source": "derived", "@id": "ba25c68a-9857-4d90-b842-b22c68d97497"}}, {"type": "Feature", "bbox": [-88.35515283638027, 41.751700783196725, -88.35515283638027, 41.751700783196725], "geometry": {"type": "Point", "coordinates": [-88.35515283638027, 41.751700783196725]}, "properties": {"course_id": "aurora_country_club_il", "course_name": "Aurora Country Club", "hole_number": 8, "feature_type": "green_front", "name": "hole_8_green_front", "feature-color": "#5aae5a", "is_approximate": true, "source": "derived", "@id": "feb360c5-461e-47fb-aa46-4ce3934d42c6"}}, {"type": "Feature", "bbox": [-88.3549314360988, 41.751706397364025, -88.3549314360988, 41.751706397364025], "geometry": {"type": "Point", "coordinates": [-88.3549314360988, 41.751706397364025]}, "properties": {"course_id": "aurora_country_club_il", "course_name": "Aurora Country Club", "hole_number": 8, "feature_type": "green_back", "name": "hole_8_green_back", "feature-color": "#5aae5a", "is_approximate": true, "source": "derived", "@id": "400a3030-46ab-4d5b-aabc-8aec53747d41"}}, {"type": "Feature", "bbox": [-88.35810753867014, 41.751452203371294, -88.35810753867014, 41.751452203371294], "geometry": {"type": "Point", "coordinates": [-88.35810753867014, 41.751452203371294]}, "properties": {"course_id": "aurora_country_club_il", "course_name": "Aurora Country Club", "hole_number": 2, "feature_type": "tee_center", "name": "hole_2_tee_center", "feature-color": "#c8a055", "is_approximate": true, "source": "derived", "@id": "674c8b1c-fc72-485a-b011-49203eec1132"}}, {"type": "Feature", "bbox": [-88.35796099702485, 41.74708814174411, -88.35796099702485, 41.74708814174411], "geometry": {"type": "Point", "coordinates": [-88.35796099702485, 41.74708814174411]}, "properties": {"course_id": "aurora_country_club_il", "course_name": "Aurora Country Club", "hole_number": 2, "feature_type": "green_center", "name": "hole_2_green_center", "feature-color": "#5aae5a", "is_approximate": true, "source": "derived", "@id": "272fc201-56b2-4f8a-a364-2b5175ae4622"}}, {"type": "Feature", "bbox": [-88.35788538459701, 41.74720537285621, -88.35788538459701, 41.74720537285621], "geometry": {"type": "Point", "coordinates": [-88.35788538459701, 41.74720537285621]}, "properties": {"course_id": "aurora_country_club_il", "course_name": "Aurora Country Club", "hole_number": 2, "feature_type": "green_front", "name": "hole_2_green_front", "feature-color": "#5aae5a", "is_approximate": true, "source": "derived", "@id": "5ad0c542-3bb3-4fd4-8674-343c746bb7d7"}}, {"type": "Feature", "bbox": [-88.35802465652921, 41.74698944269813, -88.35802465652921, 41.74698944269813], "geometry": {"type": "Point", "coordinates": [-88.35802465652921, 41.74698944269813]}, "properties": {"course_id": "aurora_country_club_il", "course_name": "Aurora Country Club", "hole_number": 2, "feature_type": "green_back", "name": "hole_2_green_back", "feature-color": "#5aae5a", "is_approximate": true, "source": "derived", "@id": "5fb98d1a-ba04-4ca0-b301-49e9b2f24928"}}, {"type": "Feature", "bbox": [-88.35784605655995, 41.74676262589521, -88.35784605655995, 41.74676262589521], "geometry": {"type": "Point", "coordinates": [-88.35784605655995, 41.74676262589521]}, "properties": {"course_id": "aurora_country_club_il", "course_name": "Aurora Country Club", "hole_number": 3, "feature_type": "tee_center", "name": "hole_3_tee_center", "feature-color": "#c8a055", "is_approximate": true, "source": "derived", "@id": "599fd9ba-55a5-4dc8-8744-984090310c65"}}, {"type": "Feature", "bbox": [-88.35460701627373, 41.747655056840024, -88.35460701627373, 41.747655056840024], "geometry": {"type": "Point", "coordinates": [-88.35460701627373, 41.747655056840024]}, "properties": {"course_id": "aurora_country_club_il", "course_name": "Aurora Country Club", "hole_number": 3, "feature_type": "green_center", "name": "hole_3_green_center", "feature-color": "#5aae5a", "is_approximate": true, "source": "derived", "@id": "c45068c4-b8e6-4b50-b516-78579b3d1700"}}, {"type": "Feature", "bbox": [-88.35468458107218, 41.74760558616352, -88.35468458107218, 41.74760558616352], "geometry": {"type": "Point", "coordinates": [-88.35468458107218, 41.74760558616352]}, "properties": {"course_id": "aurora_country_club_il", "course_name": "Aurora Country Club", "hole_number": 3, "feature_type": "green_front", "name": "hole_3_green_front", "feature-color": "#5aae5a", "is_approximate": true, "source": "derived", "@id": "36c25c00-00f6-45b8-8f29-ff6f973c20ab"}}, {"type": "Feature", "bbox": [-88.35453034847687, 41.747703955410664, -88.35453034847687, 41.747703955410664], "geometry": {"type": "Point", "coordinates": [-88.35453034847687, 41.747703955410664]}, "properties": {"course_id": "aurora_country_club_il", "course_name": "Aurora Country Club", "hole_number": 3, "feature_type": "green_back", "name": "hole_3_green_back", "feature-color": "#5aae5a", "is_approximate": true, "source": "derived", "@id": "5977aa59-bc08-4f94-ab9b-fb694b5d4b12"}}, {"type": "Feature", "bbox": [-88.35154404212085, 41.75141069316189, -88.35154404212085, 41.75141069316189], "geometry": {"type": "Point", "coordinates": [-88.35154404212085, 41.75141069316189]}, "properties": {"course_id": "aurora_country_club_il", "course_name": "Aurora Country Club", "hole_number": 18, "feature_type": "tee_center", "name": "hole_18_tee_center", "feature-color": "#c8a055", "is_approximate": true, "source": "derived", "@id": "c82499af-8289-4902-9889-16f25bd70a9c"}}, {"type": "Feature", "bbox": [-88.35413172884381, 41.7480263428009, -88.35413172884381, 41.7480263428009], "geometry": {"type": "Point", "coordinates": [-88.35413172884381, 41.7480263428009]}, "properties": {"course_id": "aurora_country_club_il", "course_name": "Aurora Country Club", "hole_number": 18, "feature_type": "green_center", "name": "hole_18_green_center", "feature-color": "#5aae5a", "is_approximate": true, "source": "derived", "@id": "d14a7f12-e2cb-4f60-9b8b-e45cfdcf5ac9"}}, {"type": "Feature", "bbox": [-88.35405270896494, 41.74813188336103, -88.35405270896494, 41.74813188336103], "geometry": {"type": "Point", "coordinates": [-88.35405270896494, 41.74813188336103]}, "properties": {"course_id": "aurora_country_club_il", "course_name": "Aurora Country Club", "hole_number": 18, "feature_type": "green_front", "name": "hole_18_green_front", "feature-color": "#5aae5a", "is_approximate": true, "source": "derived", "@id": "2d172442-da3f-4c90-b534-9884385d68be"}}, {"type": "Feature", "bbox": [-88.35419193248661, 41.747945933588994, -88.35419193248661, 41.747945933588994], "geometry": {"type": "Point", "coordinates": [-88.35419193248661, 41.747945933588994]}, "properties": {"course_id": "aurora_country_club_il", "course_name": "Aurora Country Club", "hole_number": 18, "feature_type": "green_back", "name": "hole_18_green_back", "feature-color": "#5aae5a", "is_approximate": true, "source": "derived", "@id": "1afda91c-8f15-4a4e-8cf3-fc9f527a4b18"}}, {"type": "Feature", "bbox": [-88.35105617620128, 41.7495788829586, -88.35105617620128, 41.7495788829586], "geometry": {"type": "Point", "coordinates": [-88.35105617620128, 41.7495788829586]}, "properties": {"course_id": "aurora_country_club_il", "course_name": "Aurora Country Club", "hole_number": 13, "feature_type": "tee_center", "name": "hole_13_tee_center", "feature-color": "#c8a055", "is_approximate": true, "source": "derived", "@id": "4895e20a-e05f-490d-a933-736a67eb2221"}}, {"type": "Feature", "bbox": [-88.35055978933286, 41.74692521573684, -88.35055978933286, 41.74692521573684], "geometry": {"type": "Point", "coordinates": [-88.35055978933286, 41.74692521573684]}, "properties": {"course_id": "aurora_country_club_il", "course_name": "Aurora Country Club", "hole_number": 13, "feature_type": "green_center", "name": "hole_13_green_center", "feature-color": "#5aae5a", "is_approximate": true, "source": "derived", "@id": "354d80de-de00-4170-b02e-cc4a3a642489"}}, {"type": "Feature", "bbox": [-88.35061954761268, 41.74703774435153, -88.35061954761268, 41.74703774435153], "geometry": {"type": "Point", "coordinates": [-88.35061954761268, 41.74703774435153]}, "properties": {"course_id": "aurora_country_club_il", "course_name": "Aurora Country Club", "hole_number": 13, "feature_type": "green_front", "name": "hole_13_green_front", "feature-color": "#5aae5a", "is_approximate": true, "source": "derived", "@id": "7573aa82-b345-4898-b293-c4db578a0658"}}, {"type": "Feature", "bbox": [-88.3504936519618, 41.74680067489048, -88.3504936519618, 41.74680067489048], "geometry": {"type": "Point", "coordinates": [-88.3504936519618, 41.74680067489048]}, "properties": {"course_id": "aurora_country_club_il", "course_name": "Aurora Country Club", "hole_number": 13, "feature_type": "green_back", "name": "hole_13_green_back", "feature-color": "#5aae5a", "is_approximate": true, "source": "derived", "@id": "595c72a4-cee0-43c0-9654-32ad77e93c74"}}, {"type": "Feature", "bbox": [-88.34963442037261, 41.75179549703202, -88.34963442037261, 41.75179549703202], "geometry": {"type": "Point", "coordinates": [-88.34963442037261, 41.75179549703202]}, "properties": {"course_id": "aurora_country_club_il", "course_name": "Aurora Country Club", "hole_number": 12, "feature_type": "tee_center", "name": "hole_12_tee_center", "feature-color": "#c8a055", "is_approximate": true, "source": "derived", "@id": "0faea111-893f-4e7e-85c7-357faaa88e0b"}}, {"type": "Feature", "bbox": [-88.35016308048382, 41.74857112374094, -88.35016308048382, 41.74857112374094], "geometry": {"type": "Point", "coordinates": [-88.35016308048382, 41.74857112374094]}, "properties": {"course_id": "aurora_country_club_il", "course_name": "Aurora Country Club", "hole_number": 12, "feature_type": "green_center", "name": "hole_12_green_center", "feature-color": "#5aae5a", "is_approximate": true, "source": "derived", "@id": "17cdc177-7bed-492c-a75c-e1c860da7dc0"}}, {"type": "Feature", "bbox": [-88.35014520104741, 41.74868459206939, -88.35014520104741, 41.74868459206939], "geometry": {"type": "Point", "coordinates": [-88.35014520104741, 41.74868459206939]}, "properties": {"course_id": "aurora_country_club_il", "course_name": "Aurora Country Club", "hole_number": 12, "feature_type": "green_front", "name": "hole_12_green_front", "feature-color": "#5aae5a", "is_approximate": true, "source": "derived", "@id": "89c9dc87-52a8-4c8c-9d64-aeca47111c4c"}}, {"type": "Feature", "bbox": [-88.3501825037346, 41.74844785789805, -88.3501825037346, 41.74844785789805], "geometry": {"type": "Point", "coordinates": [-88.3501825037346, 41.74844785789805]}, "properties": {"course_id": "aurora_country_club_il", "course_name": "Aurora Country Club", "hole_number": 12, "feature_type": "green_back", "name": "hole_12_green_back", "feature-color": "#5aae5a", "is_approximate": true, "source": "derived", "@id": "3bfbd699-a8c9-4596-90d9-9189eead84b5"}}, {"type": "Feature", "bbox": [-88.34996027867408, 41.745624850148886, -88.34996027867408, 41.745624850148886], "geometry": {"type": "Point", "coordinates": [-88.34996027867408, 41.745624850148886]}, "properties": {"course_id": "aurora_country_club_il", "course_name": "Aurora Country Club", "hole_number": 15, "feature_type": "tee_center", "name": "hole_15_tee_center", "feature-color": "#c8a055", "is_approximate": true, "source": "derived", "@id": "78cfa890-6a5c-4995-be4e-e45d846fc962"}}, {"type": "Feature", "bbox": [-88.35454756447105, 41.74584097149523, -88.35454756447105, 41.74584097149523], "geometry": {"type": "Point", "coordinates": [-88.35454756447105, 41.74584097149523]}, "properties": {"course_id": "aurora_country_club_il", "course_name": "Aurora Country Club", "hole_number": 15, "feature_type": "green_center", "name": "hole_15_green_center", "feature-color": "#5aae5a", "is_approximate": true, "source": "derived", "@id": "45153142-0573-482c-8b63-f7419e75005b"}}, {"type": "Feature", "bbox": [-88.35439654108352, 41.745844396203616, -88.35439654108352, 41.745844396203616], "geometry": {"type": "Point", "coordinates": [-88.35439654108352, 41.745844396203616]}, "properties": {"course_id": "aurora_country_club_il", "course_name": "Aurora Country Club", "hole_number": 15, "feature_type": "green_front", "name": "hole_15_green_front", "feature-color": "#5aae5a", "is_approximate": true, "source": "derived", "@id": "61172dab-397c-41a6-8b6b-d831f26263a8"}}, {"type": "Feature", "bbox": [-88.3546937233014, 41.74583765709883, -88.3546937233014, 41.74583765709883], "geometry": {"type": "Point", "coordinates": [-88.3546937233014, 41.74583765709883]}, "properties": {"course_id": "aurora_country_club_il", "course_name": "Aurora Country Club", "hole_number": 15, "feature_type": "green_back", "name": "hole_15_green_back", "feature-color": "#5aae5a", "is_approximate": true, "source": "derived", "@id": "d6d28ba2-bc4e-40ac-880a-a8d48ec62ee5"}}, {"type": "Feature", "bbox": [-88.35880260792503, 41.747480538454234, -88.35880260792503, 41.747480538454234], "geometry": {"type": "Point", "coordinates": [-88.35880260792503, 41.747480538454234]}, "properties": {"course_id": "aurora_country_club_il", "course_name": "Aurora Country Club", "hole_number": 7, "feature_type": "tee_center", "name": "hole_7_tee_center", "feature-color": "#c8a055", "is_approximate": true, "source": "derived", "@id": "8fb0183c-ebec-44f1-aa9d-4397cf3c4596"}}, {"type": "Feature", "bbox": [-88.35855076374072, 41.75145578555617, -88.35855076374072, 41.75145578555617], "geometry": {"type": "Point", "coordinates": [-88.35855076374072, 41.75145578555617]}, "properties": {"course_id": "aurora_country_club_il", "course_name": "Aurora Country Club", "hole_number": 7, "feature_type": "green_center", "name": "hole_7_green_center", "feature-color": "#5aae5a", "is_approximate": true, "source": "derived", "@id": "418fa04f-8fa5-40e7-9d38-a9a50965e87c"}}, {"type": "Feature", "bbox": [-88.35855646028617, 41.75134235536289, -88.35855646028617, 41.75134235536289], "geometry": {"type": "Point", "coordinates": [-88.35855646028617, 41.75134235536289]}, "properties": {"course_id": "aurora_country_club_il", "course_name": "Aurora Country Club", "hole_number": 7, "feature_type": "green_front", "name": "hole_7_green_front", "feature-color": "#5aae5a", "is_approximate": true, "source": "derived", "@id": "b39d42f4-2bbf-4198-853b-b002ee3acc11"}}, {"type": "Feature", "bbox": [-88.3585443338364, 41.75158381846563, -88.3585443338364, 41.75158381846563], "geometry": {"type": "Point", "coordinates": [-88.3585443338364, 41.75158381846563]}, "properties": {"course_id": "aurora_country_club_il", "course_name": "Aurora Country Club", "hole_number": 7, "feature_type": "green_back", "name": "hole_7_green_back", "feature-color": "#5aae5a", "is_approximate": true, "source": "derived", "@id": "b312aca0-6174-4dca-9d13-8689123df3b8"}}, {"type": "Feature", "bbox": [-88.34974245696725, 41.74749179561951, -88.34974245696725, 41.74749179561951], "geometry": {"type": "Point", "coordinates": [-88.34974245696725, 41.74749179561951]}, "properties": {"course_id": "aurora_country_club_il", "course_name": "Aurora Country Club", "hole_number": 14, "feature_type": "tee_center", "name": "hole_14_tee_center", "feature-color": "#c8a055", "is_approximate": true, "source": "derived", "@id": "9acdd8af-3c27-4523-af22-81b4501ea394"}}, {"type": "Feature", "bbox": [-88.34986211966476, 41.745921854272844, -88.34986211966476, 41.745921854272844], "geometry": {"type": "Point", "coordinates": [-88.34986211966476, 41.745921854272844]}, "properties": {"course_id": "aurora_country_club_il", "course_name": "Aurora Country Club", "hole_number": 14, "feature_type": "green_center", "name": "hole_14_green_center", "feature-color": "#5aae5a", "is_approximate": true, "source": "derived", "@id": "55921049-a8cb-45ad-bea0-72eb2bcdd612"}}, {"type": "Feature", "bbox": [-88.34985745417498, 41.74601868726536, -88.34985745417498, 41.74601868726536], "geometry": {"type": "Point", "coordinates": [-88.34985745417498, 41.74601868726536]}, "properties": {"course_id": "aurora_country_club_il", "course_name": "Aurora Country Club", "hole_number": 14, "feature_type": "green_front", "name": "hole_14_green_front", "feature-color": "#5aae5a", "is_approximate": true, "source": "derived", "@id": "1b121076-80d0-430b-bf95-488f9c94e030"}}, {"type": "Feature", "bbox": [-88.34986670560531, 41.74582667233745, -88.34986670560531, 41.74582667233745], "geometry": {"type": "Point", "coordinates": [-88.34986670560531, 41.74582667233745]}, "properties": {"course_id": "aurora_country_club_il", "course_name": "Aurora Country Club", "hole_number": 14, "feature_type": "green_back", "name": "hole_14_green_back", "feature-color": "#5aae5a", "is_approximate": true, "source": "derived", "@id": "4160861c-8bf3-457c-bbe8-eb7c831f98fa"}}, {"type": "Feature", "bbox": [-88.35487483518544, 41.74571345182981, -88.35487483518544, 41.74571345182981], "geometry": {"type": "Point", "coordinates": [-88.35487483518544, 41.74571345182981]}, "properties": {"course_id": "aurora_country_club_il", "course_name": "Aurora Country Club", "hole_number": 5, "feature_type": "tee_center", "name": "hole_5_tee_center", "feature-color": "#c8a055", "is_approximate": true, "source": "derived", "@id": "49b522a5-3bad-488f-9ddf-a59e26b3f02a"}}, {"type": "Feature", "bbox": [-88.35851985417207, 41.74649259569331, -88.35851985417207, 41.74649259569331], "geometry": {"type": "Point", "coordinates": [-88.35851985417207, 41.74649259569331]}, "properties": {"course_id": "aurora_country_club_il", "course_name": "Aurora Country Club", "hole_number": 5, "feature_type": "green_center", "name": "hole_5_green_center", "feature-color": "#5aae5a", "is_approximate": true, "source": "derived", "@id": "7fc1a055-9e68-4ceb-8dff-4ce08e97180c"}}, {"type": "Feature", "bbox": [-88.35838666946663, 41.746468607910096, -88.35838666946663, 41.746468607910096], "geometry": {"type": "Point", "coordinates": [-88.35838666946663, 41.746468607910096]}, "properties": {"course_id": "aurora_country_club_il", "course_name": "Aurora Country Club", "hole_number": 5, "feature_type": "green_front", "name": "hole_5_green_front", "feature-color": "#5aae5a", "is_approximate": true, "source": "derived", "@id": "82e4020f-6a6a-413e-9b6a-7897777451fb"}}, {"type": "Feature", "bbox": [-88.3586476507418, 41.746515613024016, -88.3586476507418, 41.746515613024016], "geometry": {"type": "Point", "coordinates": [-88.3586476507418, 41.746515613024016]}, "properties": {"course_id": "aurora_country_club_il", "course_name": "Aurora Country Club", "hole_number": 5, "feature_type": "green_back", "name": "hole_5_green_back", "feature-color": "#5aae5a", "is_approximate": true, "source": "derived", "@id": "83c60b25-f899-4aca-a944-245a76f3f53d"}}, {"type": "Feature", "bbox": [-88.35884651428577, 41.7465224236982, -88.35884651428577, 41.7465224236982], "geometry": {"type": "Point", "coordinates": [-88.35884651428577, 41.7465224236982]}, "properties": {"course_id": "aurora_country_club_il", "course_name": "Aurora Country Club", "hole_number": 6, "feature_type": "tee_center", "name": "hole_6_tee_center", "feature-color": "#c8a055", "is_approximate": true, "source": "derived", "@id": "fdc1d005-61ad-4e70-b2ce-c5a382099bcb"}}, {"type": "Feature", "bbox": [-88.35834358196733, 41.74773151023069, -88.35834358196733, 41.74773151023069], "geometry": {"type": "Point", "coordinates": [-88.35834358196733, 41.74773151023069]}, "properties": {"course_id": "aurora_country_club_il", "course_name": "Aurora Country Club", "hole_number": 6, "feature_type": "green_center", "name": "hole_6_green_center", "feature-color": "#5aae5a", "is_approximate": true, "source": "derived", "@id": "2dc5098b-8644-47d0-b896-41677c4cb9d7"}}, {"type": "Feature", "bbox": [-88.35838680056287, 41.74762097363188, -88.35838680056287, 41.74762097363188], "geometry": {"type": "Point", "coordinates": [-88.35838680056287, 41.74762097363188]}, "properties": {"course_id": "aurora_country_club_il", "course_name": "Aurora Country Club", "hole_number": 6, "feature_type": "green_front", "name": "hole_6_green_front", "feature-color": "#5aae5a", "is_approximate": true, "source": "derived", "@id": "9f89283c-66b5-4d05-9189-4fec43c306ba"}}, {"type": "Feature", "bbox": [-88.35829898115615, 41.747845582007194, -88.35829898115615, 41.747845582007194], "geometry": {"type": "Point", "coordinates": [-88.35829898115615, 41.747845582007194]}, "properties": {"course_id": "aurora_country_club_il", "course_name": "Aurora Country Club", "hole_number": 6, "feature_type": "green_back", "name": "hole_6_green_back", "feature-color": "#5aae5a", "is_approximate": true, "source": "derived", "@id": "532b5b6b-a5d4-430f-bbb4-1473220f3218"}}, {"type": "Feature", "bbox": [-88.35456792174872, 41.751824925560655, -88.35456792174872, 41.751824925560655], "geometry": {"type": "Point", "coordinates": [-88.35456792174872, 41.751824925560655]}, "properties": {"course_id": "aurora_country_club_il", "course_name": "Aurora Country Club", "hole_number": 9, "feature_type": "tee_center", "name": "hole_9_tee_center", "feature-color": "#c8a055", "is_approximate": true, "source": "derived", "@id": "3950a557-7b51-434a-a472-76687d1a3de6"}}, {"type": "Feature", "bbox": [-88.35556741695738, 41.74831101067368, -88.35556741695738, 41.74831101067368], "geometry": {"type": "Point", "coordinates": [-88.35556741695738, 41.74831101067368]}, "properties": {"course_id": "aurora_country_club_il", "course_name": "Aurora Country Club", "hole_number": 9, "feature_type": "green_center", "name": "hole_9_green_center", "feature-color": "#5aae5a", "is_approximate": true, "source": "derived", "@id": "797db4ce-c4d2-4abe-b503-2413ef9f8792"}}, {"type": "Feature", "bbox": [-88.35553399075609, 41.748429903062295, -88.35553399075609, 41.748429903062295], "geometry": {"type": "Point", "coordinates": [-88.35553399075609, 41.748429903062295]}, "properties": {"course_id": "aurora_country_club_il", "course_name": "Aurora Country Club", "hole_number": 9, "feature_type": "green_front", "name": "hole_9_green_front", "feature-color": "#5aae5a", "is_approximate": true, "source": "derived", "@id": "f85ad96d-65a5-4319-9f44-bac13a6b5ec0"}}, {"type": "Feature", "bbox": [-88.35559945292107, 41.748197063168526, -88.35559945292107, 41.748197063168526], "geometry": {"type": "Point", "coordinates": [-88.35559945292107, 41.748197063168526]}, "properties": {"course_id": "aurora_country_club_il", "course_name": "Aurora Country Club", "hole_number": 9, "feature_type": "green_back", "name": "hole_9_green_back", "feature-color": "#5aae5a", "is_approximate": true, "source": "derived", "@id": "6f7f6924-e35e-49a1-af1d-eb950355de8d"}}, {"type": "Feature", "bbox": [-88.35412572465773, 41.74758125020314, -88.35412572465773, 41.74758125020314], "geometry": {"type": "Point", "coordinates": [-88.35412572465773, 41.74758125020314]}, "properties": {"course_id": "aurora_country_club_il", "course_name": "Aurora Country Club", "hole_number": 4, "feature_type": "tee_center", "name": "hole_4_tee_center", "feature-color": "#c8a055", "is_approximate": true, "source": "derived", "@id": "31d12a7d-ea1d-432f-8c91-256458e7ac3d"}}, {"type": "Feature", "bbox": [-88.3551082567797, 41.7460864916925, -88.3551082567797, 41.7460864916925], "geometry": {"type": "Point", "coordinates": [-88.3551082567797, 41.7460864916925]}, "properties": {"course_id": "aurora_country_club_il", "course_name": "Aurora Country Club", "hole_number": 4, "feature_type": "green_center", "name": "hole_4_green_center", "feature-color": "#5aae5a", "is_approximate": true, "source": "derived", "@id": "93a4785c-efc7-42cb-8b51-5a66e3a9a030"}}, {"type": "Feature", "bbox": [-88.35503236659116, 41.74620840119851, -88.35503236659116, 41.74620840119851], "geometry": {"type": "Point", "coordinates": [-88.35503236659116, 41.74620840119851]}, "properties": {"course_id": "aurora_country_club_il", "course_name": "Aurora Country Club", "hole_number": 4, "feature_type": "green_front", "name": "hole_4_green_front", "feature-color": "#5aae5a", "is_approximate": true, "source": "derived", "@id": "42c0feb9-beac-4b90-8f56-5f9d6816f4a6"}}, {"type": "Feature", "bbox": [-88.35518037936784, 41.74597063443531, -88.35518037936784, 41.74597063443531], "geometry": {"type": "Point", "coordinates": [-88.35518037936784, 41.74597063443531]}, "properties": {"course_id": "aurora_country_club_il", "course_name": "Aurora Country Club", "hole_number": 4, "feature_type": "green_back", "name": "hole_4_green_back", "feature-color": "#5aae5a", "is_approximate": true, "source": "derived", "@id": "997b064b-3233-47c6-ba06-d3274b5d9639"}}, {"type": "Feature", "bbox": [-88.35439564321888, 41.746226055484634, -88.35439564321888, 41.746226055484634], "geometry": {"type": "Point", "coordinates": [-88.35439564321888, 41.746226055484634]}, "properties": {"course_id": "aurora_country_club_il", "course_name": "Aurora Country Club", "hole_number": 16, "feature_type": "tee_center", "name": "hole_16_tee_center", "feature-color": "#c8a055", "is_approximate": true, "source": "derived", "@id": "8a08a63f-1e2a-4479-bc10-aebcc6a35ef9"}}, {"type": "Feature", "bbox": [-88.35175731724534, 41.74991907352972, -88.35175731724534, 41.74991907352972], "geometry": {"type": "Point", "coordinates": [-88.35175731724534, 41.74991907352972]}, "properties": {"course_id": "aurora_country_club_il", "course_name": "Aurora Country Club", "hole_number": 16, "feature_type": "green_center", "name": "hole_16_green_center", "feature-color": "#5aae5a", "is_approximate": true, "source": "derived", "@id": "8a8dd8d9-94c7-43df-8fd8-038088086525"}}, {"type": "Feature", "bbox": [-88.35182907812381, 41.74980964249905, -88.35182907812381, 41.74980964249905], "geometry": {"type": "Point", "coordinates": [-88.35182907812381, 41.74980964249905]}, "properties": {"course_id": "aurora_country_club_il", "course_name": "Aurora Country Club", "hole_number": 16, "feature_type": "green_front", "name": "hole_16_green_front", "feature-color": "#5aae5a", "is_approximate": true, "source": "derived", "@id": "5613d135-d296-42fe-a6ff-c836c9384367"}}, {"type": "Feature", "bbox": [-88.35170234193997, 41.750002907569325, -88.35170234193997, 41.750002907569325], "geometry": {"type": "Point", "coordinates": [-88.35170234193997, 41.750002907569325]}, "properties": {"course_id": "aurora_country_club_il", "course_name": "Aurora Country Club", "hole_number": 16, "feature_type": "green_back", "name": "hole_16_green_back", "feature-color": "#5aae5a", "is_approximate": true, "source": "derived", "@id": "1214bd5e-43a1-46d4-b94b-844f16f5b3e4"}}, {"type": "Feature", "bbox": [-88.351253125744, 41.74963138145563, -88.351253125744, 41.74963138145563], "geometry": {"type": "Point", "coordinates": [-88.351253125744, 41.74963138145563]}, "properties": {"course_id": "aurora_country_club_il", "course_name": "Aurora Country Club", "hole_number": 17, "feature_type": "tee_center", "name": "hole_17_tee_center", "feature-color": "#c8a055", "is_approximate": true, "source": "derived", "@id": "f0f17a11-853e-44fa-85d6-2fe29eb36bc4"}}, {"type": "Feature", "bbox": [-88.35124719886522, 41.7512715742486, -88.35124719886522, 41.7512715742486], "geometry": {"type": "Point", "coordinates": [-88.35124719886522, 41.7512715742486]}, "properties": {"course_id": "aurora_country_club_il", "course_name": "Aurora Country Club", "hole_number": 17, "feature_type": "green_center", "name": "hole_17_green_center", "feature-color": "#5aae5a", "is_approximate": true, "source": "derived", "@id": "9fe628c2-dfa8-40fd-a430-531096bc5fba"}}, {"type": "Feature", "bbox": [-88.35124648524688, 41.75116753813499, -88.35124648524688, 41.75116753813499], "geometry": {"type": "Point", "coordinates": [-88.35124648524688, 41.75116753813499]}, "properties": {"course_id": "aurora_country_club_il", "course_name": "Aurora Country Club", "hole_number": 17, "feature_type": "green_front", "name": "hole_17_green_front", "feature-color": "#5aae5a", "is_approximate": true, "source": "derived", "@id": "06f4cb24-2b3d-484e-ae1b-7194860080fd"}}, {"type": "Feature", "bbox": [-88.35124784066922, 41.75136514078028, -88.35124784066922, 41.75136514078028], "geometry": {"type": "Point", "coordinates": [-88.35124784066922, 41.75136514078028]}, "properties": {"course_id": "aurora_country_club_il", "course_name": "Aurora Country Club", "hole_number": 17, "feature_type": "green_back", "name": "hole_17_green_back", "feature-color": "#5aae5a", "is_approximate": true, "source": "derived", "@id": "5fd9c128-d8f3-4aa0-a30d-38116378e5ae"}}, {"type": "Feature", "bbox": [-88.35417976064315, 41.75181232554471, -88.35417976064315, 41.75181232554471], "geometry": {"type": "Point", "coordinates": [-88.35417976064315, 41.75181232554471]}, "properties": {"course_id": "aurora_country_club_il", "course_name": "Aurora Country Club", "hole_number": 11, "feature_type": "tee_center", "name": "hole_11_tee_center", "feature-color": "#c8a055", "is_approximate": true, "source": "derived", "@id": "03d11c2f-5f60-446f-8d9d-e19947f8198c"}}, {"type": "Feature", "bbox": [-88.34994170243121, 41.75181891501993, -88.34994170243121, 41.75181891501993], "geometry": {"type": "Point", "coordinates": [-88.34994170243121, 41.75181891501993]}, "properties": {"course_id": "aurora_country_club_il", "course_name": "Aurora Country Club", "hole_number": 11, "feature_type": "green_center", "name": "hole_11_green_center", "feature-color": "#5aae5a", "is_approximate": true, "source": "derived", "@id": "948af0fc-1ccf-4c4d-a6e5-9d3ca61ade11"}}, {"type": "Feature", "bbox": [-88.35005625845773, 41.75181781626902, -88.35005625845773, 41.75181781626902], "geometry": {"type": "Point", "coordinates": [-88.35005625845773, 41.75181781626902]}, "properties": {"course_id": "aurora_country_club_il", "course_name": "Aurora Country Club", "hole_number": 11, "feature_type": "green_front", "name": "hole_11_green_front", "feature-color": "#5aae5a", "is_approximate": true, "source": "derived", "@id": "d793d136-04ea-4846-b437-839bc6f667ed"}}, {"type": "Feature", "bbox": [-88.34982380555047, 41.75182004581427, -88.34982380555047, 41.75182004581427], "geometry": {"type": "Point", "coordinates": [-88.34982380555047, 41.75182004581427]}, "properties": {"course_id": "aurora_country_club_il", "course_name": "Aurora Country Club", "hole_number": 11, "feature_type": "green_back", "name": "hole_11_green_back", "feature-color": "#5aae5a", "is_approximate": true, "source": "derived", "@id": "6e65fb70-ad22-4ae4-afee-826f2da440a2"}}, {"type": "Feature", "bbox": [-88.35475991955973, 41.74796765308611, -88.35475991955973, 41.74796765308611], "geometry": {"type": "Point", "coordinates": [-88.35475991955973, 41.74796765308611]}, "properties": {"course_id": "aurora_country_club_il", "course_name": "Aurora Country Club", "hole_number": 10, "feature_type": "tee_center", "name": "hole_10_tee_center", "feature-color": "#c8a055", "is_approximate": true, "source": "derived", "@id": "0a932c9c-8bdf-4703-bf62-452e1acc3a37"}}, {"type": "Feature", "bbox": [-88.35390148838462, 41.75138251935227, -88.35390148838462, 41.75138251935227], "geometry": {"type": "Point", "coordinates": [-88.35390148838462, 41.75138251935227]}, "properties": {"course_id": "aurora_country_club_il", "course_name": "Aurora Country Club", "hole_number": 10, "feature_type": "green_center", "name": "hole_10_green_center", "feature-color": "#5aae5a", "is_approximate": true, "source": "derived", "@id": "96ee133e-2bf7-4b76-b4af-90f888d9b309"}}, {"type": "Feature", "bbox": [-88.35393229635517, 41.75125046036448, -88.35393229635517, 41.75125046036448], "geometry": {"type": "Point", "coordinates": [-88.35393229635517, 41.75125046036448]}, "properties": {"course_id": "aurora_country_club_il", "course_name": "Aurora Country Club", "hole_number": 10, "feature_type": "green_front", "name": "hole_10_green_front", "feature-color": "#5aae5a", "is_approximate": true, "source": "derived", "@id": "8494e736-2f18-4fe6-930f-66fa51349489"}}, {"type": "Feature", "bbox": [-88.35386823306109, 41.751525068967965, -88.35386823306109, 41.751525068967965], "geometry": {"type": "Point", "coordinates": [-88.35386823306109, 41.751525068967965]}, "properties": {"course_id": "aurora_country_club_il", "course_name": "Aurora Country Club", "hole_number": 10, "feature_type": "green_back", "name": "hole_10_green_back", "feature-color": "#5aae5a", "is_approximate": true, "source": "derived", "@id": "f7034920-b572-4b61-b760-33e6460a0620"}}, {"type": "Feature", "bbox": [-88.35640166232974, 41.74891037119687, -88.35584891248845, 41.751080589458866], "geometry": {"coordinates": [[[-88.35633466234907, 41.74896868896127], [-88.3563123290222, 41.74908115878654], [-88.35629557902685, 41.74925194592237], [-88.35628999569532, 41.74947688438331], [-88.35623416237812, 41.74969765655092], [-88.35626207903651, 41.74998507578289], [-88.35622857904622, 41.75013919860845], [-88.35627324569997, 41.75044327769385], [-88.35627324569997, 41.75060989575934], [-88.35632907901756, 41.75072652814845], [-88.35636257900788, 41.7508473257559], [-88.35640166232974, 41.751051431542294], [-88.35620066238741, 41.751080589458866], [-88.35608899575301, 41.750930634318934], [-88.35607224575764, 41.75069737007104], [-88.35603874576734, 41.7504890977051], [-88.35599407911356, 41.7502558318528], [-88.35584891248845, 41.75012670217737], [-88.35584891248845, 41.74996424834521], [-88.35588799581068, 41.74964767046637], [-88.35601641244045, 41.74940607050863], [-88.35604991243076, 41.74926027699078], [-88.35608341242109, 41.7490061789253], [-88.356172745729, 41.74891453675315], [-88.356256495705, 41.74891037119687], [-88.35633466234907, 41.74896868896127]]], "type": "Polygon"}, "properties": {"course_id": "", "course_name": "", "hole_number": 1, "feature_type": "fairway", "name": "hole_1_fairway", "feature-color": "#4a7c3f", "is_approximate": false, "source": "user_draw", "@id": "592ac0a5-45d5-47f6-8741-a9166752905e"}}, {"type": "Feature", "bbox": [-88.35808997153119, 41.747220857483626, -88.35743427224247, 41.75069329806314], "geometry": {"coordinates": [[[-88.35789410187662, 41.75069329806314], [-88.35767951471398, 41.75061325170992], [-88.35761820409623, 41.750424570625626], [-88.35749558286075, 41.750087230335964], [-88.35743427224247, 41.749681276111005], [-88.35751857434215, 41.74938395589501], [-88.35754156582405, 41.749080916565845], [-88.35752770081315, 41.748479358276], [-88.35754310549086, 41.747939182876564], [-88.35763553355388, 41.74761162749388], [-88.35762783121557, 41.74738176307048], [-88.35775877097124, 41.74724959065418], [-88.35791281774345, 41.747220857483626], [-88.35801294814533, 41.74727832381109], [-88.35794362709781, 41.74751968182329], [-88.3578126873416, 41.747950676017155], [-88.35779728266442, 41.74845637218172], [-88.35779728266442, 41.748944824922916], [-88.35779728266442, 41.74923789478308], [-88.3576586405699, 41.749444766820716], [-88.35786660371195, 41.74972059516608], [-88.35795132943663, 41.7501745600718], [-88.35808997153119, 41.75057105843945], [-88.35789410187662, 41.75069329806314]]], "type": "Polygon"}, "properties": {"course_id": "", "course_name": "", "hole_number": 2, "feature_type": "fairway", "name": "hole_2_fairway_2", "feature-color": "#4a7c3f", "is_approximate": false, "source": "user_draw", "@id": "4c164b38-c5a2-4b08-8ee5-b1b3cf576bee"}}, {"type": "Feature", "bbox": [-88.35496380042179, 41.747339410192296, -88.35458831337151, 41.747585096425155], "geometry": {"coordinates": [[[-88.35458831337151, 41.74755053061523], [-88.35470789781031, 41.747585096425155], [-88.35475628324657, 41.747538356728256], [-88.35491076306627, 41.74751404922293], [-88.35496380042179, 41.747431401507555], [-88.3549161010244, 41.747371319530345], [-88.35483428798281, 41.747339410192296], [-88.3547706490244, 41.74737733369375], [-88.354762110179, 41.747455590529825], [-88.35471647826824, 41.747508073344704], [-88.35465237277343, 41.74752832587504], [-88.35458831337151, 41.74755053061523]]], "type": "Polygon"}, "properties": {"course_id": "", "course_name": "", "hole_number": 3, "feature_type": "fairway", "name": "hole_3_fairway_2", "feature-color": "#4a7c3f", "is_approximate": false, "source": "user_draw", "@id": "f34b69af-b2f1-45a9-8bb2-797f6a98a6a0"}}, {"type": "Feature", "bbox": [-88.35527233584297, 41.74620437921379, -88.35483451431234, 41.74660539872133], "geometry": {"coordinates": [[[-88.35501605006908, 41.74660539872133], [-88.3548807881329, 41.746554939450874], [-88.35483451431234, 41.74646464381502], [-88.35496265719952, 41.746414184433945], [-88.35505876436467, 41.74628405216296], [-88.35505876436467, 41.74623624840561], [-88.35521538344886, 41.74620437921379], [-88.35527233584297, 41.74630529826601], [-88.35517978820232, 41.74644074200765], [-88.35508012151269, 41.74657884121501], [-88.35501605006908, 41.74660539872133]]], "type": "Polygon"}, "properties": {"course_id": "", "course_name": "", "hole_number": 4, "feature_type": "fairway", "name": "hole_4_fairway", "feature-color": "#4a7c3f", "is_approximate": false, "source": "user_draw", "@id": "48439bd4-4498-4c5f-8186-b768313616f0"}}, {"type": "Feature", "bbox": [-88.35859443405901, 41.7474055727088, -88.35838289451488, 41.747652041820686], "geometry": {"coordinates": [[[-88.35838289451488, 41.74760015366536], [-88.35841766813886, 41.74756123752147], [-88.35838289451488, 41.74747259510505], [-88.358388690119, 41.74742070680469], [-88.35847852198002, 41.7474055727088], [-88.35856835384105, 41.747466109069734], [-88.35859443405901, 41.74755258948596], [-88.35853937582158, 41.74761528771478], [-88.35846403297029, 41.747652041820686], [-88.35844374835644, 41.747613125708256], [-88.35838289451488, 41.74760015366536]]], "type": "Polygon"}, "properties": {"course_id": "", "course_name": "", "hole_number": 6, "feature_type": "fairway", "name": "hole_6_fairway", "feature-color": "#4a7c3f", "is_approximate": false, "source": "user_draw", "@id": "6bcda4da-fccf-4537-b70d-d9f8751f6d95"}}, {"type": "Feature", "bbox": [-88.35567885040174, 41.748417634303706, -88.35471322841155, 41.750926123046156], "geometry": {"coordinates": [[[-88.35485216682757, 41.750926123046156], [-88.35472017533256, 41.75079655474721], [-88.35471322841155, 41.750542600123026], [-88.3549355298769, 41.75000877386228], [-88.3551161498176, 41.749438663244774], [-88.35521340670849, 41.74906031431226], [-88.35536623896604, 41.74856275615815], [-88.3554496020154, 41.74845391479755], [-88.35560938119352, 41.74845391479755], [-88.35567885040174, 41.748417634303706], [-88.3555885404314, 41.74856275615815], [-88.35551907121864, 41.749003302641626], [-88.35543570816884, 41.74924171476894], [-88.35540097356517, 41.7495993313004], [-88.35522730054694, 41.74991030057683], [-88.3552413336731, 41.75021915102485], [-88.35530448274103, 41.750355254140686], [-88.35510801897442, 41.750601285963455], [-88.3550238202175, 41.7507897352331], [-88.35496067114956, 41.75091536777171], [-88.35485216682757, 41.750926123046156]]], "type": "Polygon"}, "properties": {"course_id": "", "course_name": "", "hole_number": 9, "feature_type": "fairway", "name": "hole_9_fairway", "feature-color": "#4a7c3f", "is_approximate": false, "source": "user_draw", "@id": "c6ef0264-3042-4469-ac96-3779007fd8f0"}}, {"type": "Feature", "bbox": [-88.35442259117045, 41.74866509015868, -88.35368204341354, 41.75131784154311], "geometry": {"coordinates": [[[-88.35428710007896, 41.74866509015868], [-88.3539499379268, 41.74908408142693], [-88.35393449389919, 41.74926998895265], [-88.35395676893836, 41.749474951931916], [-88.35378599363585, 41.74960790054189], [-88.35369689347817, 41.74976854641051], [-88.35368204341354, 41.75052191483809], [-88.35373948996043, 41.750813756702456], [-88.35387314019698, 41.75095778134667], [-88.35382859011813, 41.75112396322686], [-88.3538508651578, 41.75123475090771], [-88.35401421544691, 41.751240290286546], [-88.35406619053914, 41.75131784154311], [-88.35414786568397, 41.751240290286546], [-88.35410331560512, 41.75110180566776], [-88.35408846557881, 41.75081929611764], [-88.354006790434, 41.75055894307903], [-88.354006790434, 41.75022103649667], [-88.35397709038145, 41.749993917957966], [-88.35410331560512, 41.74976125910976], [-88.35427409090762, 41.749656008401445], [-88.35435576605242, 41.749295938882966], [-88.35442259117045, 41.748963565228365], [-88.35441516615757, 41.74873090264518], [-88.35428710007896, 41.74866509015868]]], "type": "Polygon"}, "properties": {"course_id": "", "course_name": "", "hole_number": 10, "feature_type": "fairway", "name": "hole_10_fairway", "feature-color": "#4a7c3f", "is_approximate": false, "source": "user_draw", "@id": "2c100f61-1892-4fea-b139-09dda7e72ef2"}}, {"type": "Feature", "bbox": [-88.35285672660707, 41.75163210930316, -88.35000238827013, 41.75190733364508], "geometry": {"coordinates": [[[-88.35285672660707, 41.75184114000089], [-88.35277803011961, 41.751701423365546], [-88.35254324389612, 41.75163210930316], [-88.35206384587794, 41.75164128677329], [-88.35160007110619, 41.751646529303315], [-88.35111556628168, 41.75166738829], [-88.35040169062594, 41.751673360315294], [-88.35023573357293, 41.751767161395975], [-88.35011613830959, 41.75179472197027], [-88.35009060005788, 41.751853098191106], [-88.35000238827013, 41.75189221670209], [-88.3501483739987, 41.75190733364508], [-88.35027259821537, 41.75181370064584], [-88.35040277639368, 41.75180554683985], [-88.35055456958492, 41.75189449120788], [-88.35095568537102, 41.751897206481374], [-88.35151805186217, 41.75186447785234], [-88.35180437835785, 41.75183255130122], [-88.35212229671187, 41.751858828424815], [-88.3525285635917, 41.75184598401006], [-88.35279954129729, 41.75186851058112], [-88.35285672660707, 41.75184114000089]]], "type": "Polygon"}, "properties": {"course_id": "", "course_name": "", "hole_number": 11, "feature_type": "fairway", "name": "hole_11_fairway", "feature-color": "#4a7c3f", "is_approximate": false, "source": "user_draw", "@id": "cd8578e8-fd88-4313-824e-a9bbed684dac"}}, {"type": "Feature", "bbox": [-88.35067542407029, 41.74873627839855, -88.34991603090313, 41.75090448158525], "geometry": {"coordinates": [[[-88.35004143527956, 41.75089333610944], [-88.34991603090313, 41.75074780196604], [-88.34996479927179, 41.75052950013193], [-88.35015290583597, 41.750207243686106], [-88.35026437639284, 41.74996295143208], [-88.3503061778515, 41.74959391243368], [-88.3502783102124, 41.74925605796969], [-88.35019470729463, 41.749022157683555], [-88.35015987274596, 41.7489130039248], [-88.35020167420464, 41.748819443413225], [-88.35028527712193, 41.74873627839855], [-88.35039674767881, 41.748746674031565], [-88.35061272188207, 41.74948995740351], [-88.35067542407029, 41.749869392449995], [-88.35059878804252, 41.75016046438705], [-88.35037500896378, 41.75053025032844], [-88.35022870385825, 41.750800528677416], [-88.3501242002114, 41.75090448158525], [-88.35004143527956, 41.75089333610944]]], "type": "Polygon"}, "properties": {"course_id": "", "course_name": "", "hole_number": 12, "feature_type": "fairway", "name": "hole_12_fairway", "feature-color": "#4a7c3f", "is_approximate": false, "source": "user_draw", "@id": "62f43f0a-4d05-42a6-93c8-655c9d2db18f"}}, {"type": "Feature", "bbox": [-88.35003934325472, 41.7460257221112, -88.34972426980303, 41.746352217703816], "geometry": {"coordinates": [[[-88.34983979673541, 41.746352217703816], [-88.34972426980303, 41.74628430675767], [-88.34973827306752, 41.74616415644488], [-88.34985029918342, 41.74610408120489], [-88.34986780326439, 41.74605184181951], [-88.3499658261158, 41.7460257221112], [-88.35003934325472, 41.74609363333096], [-88.35001133672574, 41.746224231629355], [-88.34993431877082, 41.746323486158246], [-88.34983979673541, 41.746352217703816]]], "type": "Polygon"}, "properties": {"course_id": "", "course_name": "", "hole_number": 14, "feature_type": "fairway", "name": "hole_14_fairway", "feature-color": "#4a7c3f", "is_approximate": false, "source": "user_draw", "@id": "870d3d61-309e-4b5a-95ca-41e65555f3e6"}}, {"type": "Feature", "bbox": [-88.35428505178618, 41.745750897198604, -88.3516808589291, 41.74607778572127], "geometry": {"coordinates": [[[-88.3516808589291, 41.745906704085286], [-88.35177913035749, 41.74579061271564], [-88.35214764821475, 41.745750897198604], [-88.35268404642923, 41.745757007279906], [-88.3528232642864, 41.74578144759849], [-88.3531262678575, 41.74587615374506], [-88.35336785178629, 41.74580894294559], [-88.35385511428605, 41.74579977783148], [-88.35414173928632, 41.74578450263752], [-88.35428505178618, 41.74583643828137], [-88.35421544285732, 41.745931144346855], [-88.35409260357157, 41.74599529998949], [-88.35351525892887, 41.746025850272616], [-88.3531262678575, 41.74607778572127], [-88.35242198928633, 41.746025850272616], [-88.35195110535744, 41.74603196032774], [-88.3517136160719, 41.745983079872104], [-88.3516808589291, 41.745906704085286]]], "type": "Polygon"}, "properties": {"course_id": "", "course_name": "", "hole_number": 15, "feature_type": "fairway", "name": "hole_15_fairway", "feature-color": "#4a7c3f", "is_approximate": false, "source": "user_draw", "@id": "e7983bc4-cdee-4126-8fb3-3d3f286e0ced"}}, {"type": "Feature", "bbox": [-88.35358121641823, 41.74688714531666, -88.35158435395994, 41.74974806111078], "geometry": {"coordinates": [[[-88.35358121641823, 41.746988051145365], [-88.35270609741804, 41.74799116526421], [-88.35233218292352, 41.74862032944401], [-88.35191849030518, 41.74957593492746], [-88.35185484528715, 41.74972431959566], [-88.35173551087806, 41.74974806111078], [-88.35158435395994, 41.74961154727876], [-88.3516957327415, 41.749397872872265], [-88.35167982148697, 41.74919606861266], [-88.3516877771145, 41.74905361816462], [-88.35194235718721, 41.74869749066272], [-88.3521889816324, 41.748276070567584], [-88.3524515173321, 41.747848712152404], [-88.35276178679584, 41.747451028849355], [-88.35310387876862, 41.74702960057115], [-88.3533107250778, 41.74689308095839], [-88.35346983762291, 41.74688714531666], [-88.35358121641823, 41.746988051145365]]], "type": "Polygon"}, "properties": {"course_id": "", "course_name": "", "hole_number": 16, "feature_type": "fairway", "name": "hole_16_fairway", "feature-color": "#4a7c3f", "is_approximate": false, "source": "user_draw", "@id": "8f25a186-51d1-4b1c-a011-dfe486e6a357"}}, {"type": "Feature", "bbox": [-88.35145762346367, 41.75068058741775, -88.35104470928982, 41.75122934875449], "geometry": {"coordinates": [[[-88.35119347227135, 41.750691521068944], [-88.35136009070023, 41.75080369917265], [-88.35138041001996, 41.75100986380767], [-88.35145762346367, 41.75111597777001], [-88.35140639318388, 41.75122934875449], [-88.35129666885645, 41.75115052144798], [-88.3511503697534, 41.75115658509017], [-88.35104470928982, 41.75090494344863], [-88.35105283701749, 41.75075638346192], [-88.35110566724956, 41.75068058741775], [-88.35119347227135, 41.750691521068944]]], "type": "Polygon"}, "properties": {"course_id": "", "course_name": "", "hole_number": 17, "feature_type": "fairway", "name": "hole_17_fairway", "feature-color": "#4a7c3f", "is_approximate": false, "source": "user_draw", "@id": "75ed0f5f-2099-47aa-8fcb-ec066f13160c"}}, {"type": "Feature", "bbox": [-88.35404966245382, 41.748301747249485, -88.35220093793183, 41.750611602755725], "geometry": {"coordinates": [[[-88.35235685445778, 41.750611602755725], [-88.35220093793183, 41.75057836801372], [-88.35222321172098, 41.750318028608746], [-88.35244594961529, 41.74990813038366], [-88.35266126291341, 41.74959793539327], [-88.35293597298272, 41.74945945500235], [-88.35309931410534, 41.749221268032045], [-88.35333690119259, 41.748888912642514], [-88.35350024231471, 41.7486451842631], [-88.3537601031916, 41.74850670181698], [-88.3538343491562, 41.748301747249485], [-88.35404966245382, 41.74840145495838], [-88.35378237698075, 41.748789205689974], [-88.35353736529726, 41.74905509055236], [-88.35325523063128, 41.74942068043936], [-88.35312901249117, 41.74960347460248], [-88.35293597298272, 41.74963117064215], [-88.35295824677233, 41.7498582777186], [-88.35273550887804, 41.75019616724762], [-88.35263898912376, 41.750412194047044], [-88.35254246936952, 41.750539594126536], [-88.35235685445778, 41.750611602755725]]], "type": "Polygon"}, "properties": {"course_id": "", "course_name": "", "hole_number": 18, "feature_type": "fairway", "name": "hole_18_fairway", "feature-color": "#4a7c3f", "is_approximate": false, "source": "user_draw", "@id": "3ee528ae-b7bd-4f7a-b0c3-3aaa617642b7"}}]}