{"type":"FeatureCollection","features":[{"type":"Feature","bbox":[-121.99709,37.9244484,-121.9967865,37.9246877],"geometry":{"type":"Polygon","coordinates":[[[-121.996849,37.9244484],[-121.9967865,37.9244681],[-121.9968202,37.9245226],[-121.996872,37.9245103],[-121.9969018,37.9245567],[-121.9968893,37.9245643],[-121.9969767,37.9246877],[-121.99709,37.9246521],[-121.9970036,37.9245128],[-121.9969162,37.9245499],[-121.996849,37.9244484]]]},"properties":{"course_id":"boundary_oak_walnut_creek","course_name":"Boundary Oak Golf Course","hole_number":1,"feature_type":"tee_box","name":"hole_1_tee_box","feature-color":"#8b7355","is_approximate":true,"source":"osm","@id":"9e94ae0a-1111-46f1-abfe-1754142675c4","osm_id":931816644}},{"type":"Feature","bbox":[-121.9972427,37.9246097,-121.997139,37.9246961],"geometry":{"type":"Polygon","coordinates":[[[-121.9972427,37.9246756],[-121.9972062,37.9246097],[-121.997139,37.9246332],[-121.9971802,37.9246961],[-121.9972427,37.9246756]]]},"properties":{"course_id":"boundary_oak_walnut_creek","course_name":"Boundary Oak Golf Course","hole_number":1,"feature_type":"tee_box","name":"hole_1_tee_box_2","feature-color":"#8b7355","is_approximate":true,"source":"osm","@id":"7e66ec05-f623-46c0-8a8a-cca65976ea51","osm_id":931816645}},{"type":"Feature","bbox":[-121.997863,37.9247209,-121.9970487,37.9251558],"geometry":{"type":"Polygon","coordinates":[[[-121.9971716,37.924821],[-121.9971332,37.9248362],[-121.9970737,37.9248733],[-121.9970497,37.9249248],[-121.9970487,37.9249786],[-121.9970823,37.9250293],[-121.9971265,37.9250627],[-121.9971553,37.9250771],[-121.9973166,37.9251043],[-121.9973406,37.9251051],[-121.9974337,37.9251263],[-121.9974866,37.925149],[-121.9975595,37.9251558],[-121.9976268,37.9251475],[-121.9976575,37.9251301],[-121.9977333,37.9251051],[-121.9977938,37.9250748],[-121.997863,37.9250104],[-121.9978595,37.9248337],[-121.9978324,37.9247503],[-121.9978059,37.9247431],[-121.9977941,37.924721],[-121.997743,37.9247321],[-121.9976428,37.9247209],[-121.997573,37.9247423],[-121.997523,37.9247468],[-121.9974203,37.9247703],[-121.9973915,37.9247718],[-121.9973464,37.9247885],[-121.9972494,37.9248036],[-121.9971716,37.924821]]]},"properties":{"course_id":"boundary_oak_walnut_creek","course_name":"Boundary Oak Golf Course","hole_number":1,"feature_type":"water","name":"hole_1_water","feature-color":"#2255cc","is_approximate":true,"source":"osm","@id":"e05798b1-6a1d-4315-b955-b7b07a864e49","osm_id":931816646}},{"type":"Feature","bbox":[-121.998031,37.9246385,-121.9978735,37.9247355],"geometry":{"type":"Polygon","coordinates":[[[-121.9979235,37.9247355],[-121.9979043,37.924712],[-121.9978735,37.9246893],[-121.9979033,37.9246824],[-121.9979302,37.9246817],[-121.9979638,37.9246673],[-121.9979686,37.9246582],[-121.9980128,37.9246385],[-121.9980262,37.9246491],[-121.998031,37.924662],[-121.9980166,37.9246741],[-121.9979811,37.9246764],[-121.9979456,37.9246938],[-121.9979513,37.9247044],[-121.9979513,37.9247195],[-121.9979379,37.9247294],[-121.9979235,37.9247355]]]},"properties":{"course_id":"boundary_oak_walnut_creek","course_name":"Boundary Oak Golf Course","hole_number":9,"feature_type":"water","name":"hole_9_water","feature-color":"#2255cc","is_approximate":true,"source":"osm","@id":"20cc3fb2-22fd-4967-ac00-bb9583a36aaa","osm_id":931816647}},{"type":"Feature","bbox":[-121.9987214,37.9243901,-121.9981098,37.9247726],"geometry":{"type":"Polygon","coordinates":[[[-121.9981098,37.9245961],[-121.9981222,37.9246097],[-121.9981405,37.9246165],[-121.9981482,37.9246302],[-121.9981693,37.9246324],[-121.9981741,37.9246249],[-121.9981981,37.924634],[-121.9982173,37.9246574],[-121.9982221,37.9246771],[-121.9982423,37.9247089],[-121.9982663,37.9247158],[-121.9982941,37.9247226],[-121.9983191,37.9247635],[-121.9983431,37.9247726],[-121.9983796,37.9247597],[-121.9984324,37.9247711],[-121.9984823,37.9247483],[-121.9985591,37.9247052],[-121.9986696,37.9246135],[-121.9987022,37.9245703],[-121.9987128,37.9245052],[-121.9987214,37.9244779],[-121.9986869,37.9244113],[-121.9986609,37.9243901],[-121.9985495,37.9244037],[-121.9984679,37.9244454],[-121.9983613,37.9245347],[-121.9983133,37.9245855],[-121.9982932,37.9245984],[-121.9982807,37.9246302],[-121.9983277,37.9247165],[-121.9982912,37.9246976],[-121.9982615,37.9246953],[-121.9982288,37.9246241],[-121.9981847,37.9246127],[-121.9981798,37.9245961],[-121.9981213,37.9245878],[-121.9981098,37.9245961]]]},"properties":{"course_id":"boundary_oak_walnut_creek","course_name":"Boundary Oak Golf Course","hole_number":9,"feature_type":"water","name":"hole_9_water_2","feature-color":"#2255cc","is_approximate":true,"source":"osm","@id":"63474222-234d-4c24-a380-4ebdb5ddcc96","osm_id":931816648}},{"type":"Feature","bbox":[-121.9999369,37.925663,-121.9996303,37.9262544],"geometry":{"type":"Polygon","coordinates":[[[-121.9998199,37.9262544],[-121.9998765,37.9262399],[-121.9999184,37.9261835],[-121.9999369,37.9261291],[-121.9999332,37.9260757],[-121.9999122,37.9260223],[-121.9998852,37.9259825],[-121.9998544,37.9259553],[-121.9998445,37.9258912],[-121.9998211,37.9258077],[-121.999783,37.9257193],[-121.999751,37.9256776],[-121.9997263,37.925663],[-121.9996919,37.9256679],[-121.9996635,37.9256921],[-121.9996438,37.9257329],[-121.9996315,37.9257689],[-121.9996303,37.9258145],[-121.9996648,37.9258854],[-121.9996894,37.9259437],[-121.9997079,37.9259524],[-121.9997202,37.9259883],[-121.9997153,37.925998],[-121.9997202,37.9260349],[-121.9997103,37.9260641],[-121.9997054,37.9261321],[-121.9997202,37.9261864],[-121.999751,37.926235],[-121.999794,37.9262535],[-121.9998199,37.9262544]]]},"properties":{"course_id":"boundary_oak_walnut_creek","course_name":"Boundary Oak Golf Course","hole_number":8,"feature_type":"water","name":"hole_8_water","feature-color":"#2255cc","is_approximate":true,"source":"osm","@id":"48818f15-0d4b-4729-9374-ee6029fa7a45","osm_id":931816649}},{"type":"Feature","bbox":[-122.0032302,37.9227944,-122.0028408,37.9237293],"geometry":{"type":"Polygon","coordinates":[[[-122.0028999,37.9228178],[-122.0028543,37.922914],[-122.0028433,37.9229548],[-122.0028568,37.9230694],[-122.0028408,37.923115],[-122.0028593,37.9232044],[-122.0028617,37.9232442],[-122.002911,37.9234073],[-122.002981,37.9235779],[-122.0030271,37.9236566],[-122.0030684,37.923696],[-122.0030992,37.9237165],[-122.0031318,37.9237293],[-122.0031673,37.9237271],[-122.0031741,37.9237036],[-122.0031741,37.9235794],[-122.0031673,37.9235559],[-122.0030963,37.9234923],[-122.0030771,37.9234604],[-122.0030867,37.923415],[-122.0031466,37.9233002],[-122.0031884,37.9231738],[-122.0032219,37.9230825],[-122.0032302,37.9230088],[-122.0032065,37.9229373],[-122.0031814,37.9229175],[-122.0031201,37.9228977],[-122.0031034,37.9228549],[-122.0030852,37.9228285],[-122.0029779,37.9227944],[-122.0028999,37.9228178]]]},"properties":{"course_id":"boundary_oak_walnut_creek","course_name":"Boundary Oak Golf Course","hole_number":11,"feature_type":"water","name":"hole_11_water","feature-color":"#2255cc","is_approximate":true,"source":"osm","@id":"ccb52aac-a182-4a1f-8695-fcee4476bff5","osm_id":931816650}},{"type":"Feature","bbox":[-122.0042064,37.926895,-122.0035782,37.9279921],"geometry":{"type":"Polygon","coordinates":[[[-122.0042064,37.9269191],[-122.0041589,37.926895],[-122.0040241,37.9269231],[-122.0039571,37.9269693],[-122.0038697,37.9270609],[-122.0038231,37.9271893],[-122.0038294,37.927218],[-122.0038046,37.9273332],[-122.0037335,37.927459],[-122.0037215,37.9275252],[-122.0037198,37.927562],[-122.0037003,37.9275741],[-122.0037046,37.9276021],[-122.0037232,37.9276149],[-122.0037224,37.9277085],[-122.0037402,37.9277145],[-122.003741,37.927752],[-122.0037232,37.9277774],[-122.0036503,37.9278336],[-122.0036274,37.9278496],[-122.0035782,37.9278597],[-122.0035782,37.9278978],[-122.0035977,37.9279306],[-122.0036316,37.92796],[-122.0036732,37.9279848],[-122.0037105,37.9279921],[-122.0037538,37.9279854],[-122.0038097,37.9279694],[-122.0038521,37.927954],[-122.0039098,37.9279125],[-122.0039819,37.927843],[-122.0040336,37.9277834],[-122.0040806,37.9276587],[-122.0040947,37.927578],[-122.0041034,37.9275017],[-122.0041182,37.9273989],[-122.0041749,37.9271425],[-122.004197,37.9269997],[-122.0041933,37.9269667],[-122.0042064,37.9269191]]]},"properties":{"course_id":"boundary_oak_walnut_creek","course_name":"Boundary Oak Golf Course","hole_number":3,"feature_type":"water","name":"hole_3_water","feature-color":"#2255cc","is_approximate":true,"source":"osm","@id":"d87e5a88-c2dd-4480-85e5-20aa62795126","osm_id":931816651}},{"type":"Feature","bbox":[-121.9990062,37.9272322,-121.9989059,37.9273071],"geometry":{"type":"Polygon","coordinates":[[[-121.9989059,37.9272683],[-121.9989066,37.9272747],[-121.9989108,37.9272818],[-121.9989189,37.9272871],[-121.9989294,37.9272915],[-121.9989424,37.9272946],[-121.9989504,37.9272971],[-121.9989573,37.9272998],[-121.9989651,37.9273035],[-121.9989715,37.9273058],[-121.9989781,37.9273071],[-121.9989857,37.927306],[-121.998993,37.9273037],[-121.9989996,37.9272988],[-121.9990038,37.9272936],[-121.9990062,37.9272867],[-121.999006,37.9272824],[-121.9990026,37.9272786],[-121.9989982,37.9272724],[-121.9989918,37.9272668],[-121.9989842,37.9272629],[-121.9989749,37.9272569],[-121.9989671,37.92725],[-121.9989583,37.9272423],[-121.9989514,37.9272346],[-121.9989419,37.9272322],[-121.9989318,37.9272344],[-121.9989218,37.927239],[-121.9989149,37.9272463],[-121.9989098,37.9272513],[-121.9989071,37.9272593],[-121.9989059,37.9272683]]]},"properties":{"course_id":"boundary_oak_walnut_creek","course_name":"Boundary Oak Golf Course","hole_number":1,"feature_type":"bunker","name":"hole_1_bunker","feature-color":"#d4b483","is_approximate":true,"source":"osm","@id":"74d75394-8139-40d3-8294-6bea2c060b0b","osm_id":931855848}},{"type":"Feature","bbox":[-121.9985538,37.9278198,-121.9984329,37.9279875],"geometry":{"type":"Polygon","coordinates":[[[-121.998479,37.9279875],[-121.9985538,37.9278345],[-121.9985088,37.9278198],[-121.9984329,37.9279741],[-121.998479,37.9279875]]]},"properties":{"course_id":"boundary_oak_walnut_creek","course_name":"Boundary Oak Golf Course","hole_number":2,"feature_type":"tee_box","name":"hole_2_tee_box","feature-color":"#8b7355","is_approximate":true,"source":"osm","@id":"e87aea20-c857-42c4-940a-a78883a97beb","osm_id":931857521}},{"type":"Feature","bbox":[-121.9986706,37.9278677,-121.9985304,37.9280778],"geometry":{"type":"Polygon","coordinates":[[[-121.9985771,37.9280778],[-121.9986706,37.9278861],[-121.9986285,37.9278677],[-121.9985304,37.9280658],[-121.9985771,37.9280778]]]},"properties":{"course_id":"boundary_oak_walnut_creek","course_name":"Boundary Oak Golf Course","hole_number":2,"feature_type":"tee_box","name":"hole_2_tee_box_2","feature-color":"#8b7355","is_approximate":true,"source":"osm","@id":"d19a1de8-9924-432d-8cb2-e4391cb31948","osm_id":931857522}},{"type":"Feature","bbox":[-121.9986463,37.9282695,-121.998512,37.928402],"geometry":{"type":"Polygon","coordinates":[[[-121.9985517,37.928402],[-121.9986463,37.9282956],[-121.998608,37.9282695],[-121.998512,37.9283786],[-121.9985517,37.928402]]]},"properties":{"course_id":"boundary_oak_walnut_creek","course_name":"Boundary Oak Golf Course","hole_number":2,"feature_type":"tee_box","name":"hole_2_tee_box_3","feature-color":"#8b7355","is_approximate":true,"source":"osm","@id":"0fab33b8-7971-4296-9799-779cf1e41f43","osm_id":931857523}},{"type":"Feature","bbox":[-121.9988917,37.9282862,-121.9987627,37.9283885],"geometry":{"type":"Polygon","coordinates":[[[-121.9988229,37.9283885],[-121.9988917,37.92833],[-121.9988289,37.9282862],[-121.9987627,37.9283509],[-121.9988229,37.9283885]]]},"properties":{"course_id":"boundary_oak_walnut_creek","course_name":"Boundary Oak Golf Course","hole_number":2,"feature_type":"tee_box","name":"hole_2_tee_box_4","feature-color":"#8b7355","is_approximate":true,"source":"osm","@id":"f63ebd9a-9239-4b7a-a181-a6494651a233","osm_id":931857524}},{"type":"Feature","bbox":[-121.9997411,37.9287398,-121.9996263,37.9288421],"geometry":{"type":"Polygon","coordinates":[[[-121.9997066,37.9288396],[-121.9997169,37.9288295],[-121.9997237,37.9288175],[-121.9997308,37.9288046],[-121.999739,37.9287931],[-121.9997411,37.9287855],[-121.9997393,37.9287735],[-121.9997368,37.9287659],[-121.9997354,37.9287555],[-121.9997297,37.9287502],[-121.9997184,37.928744],[-121.9997034,37.9287415],[-121.9996906,37.9287398],[-121.9996768,37.9287418],[-121.9996643,37.928744],[-121.9996537,37.9287491],[-121.9996437,37.9287561],[-121.9996345,37.9287695],[-121.9996277,37.9287805],[-121.9996263,37.9287905],[-121.9996281,37.9288006],[-121.9996327,37.9288096],[-121.9996398,37.9288161],[-121.9996444,37.9288183],[-121.9996508,37.9288172],[-121.9996548,37.9288118],[-121.9996594,37.9288023],[-121.9996636,37.9287939],[-121.999669,37.9287928],[-121.9996757,37.9287934],[-121.9996778,37.9287981],[-121.9996775,37.9288034],[-121.999675,37.9288099],[-121.999669,37.9288175],[-121.9996672,37.928825],[-121.9996707,37.9288326],[-121.9996786,37.9288382],[-121.9996878,37.9288416],[-121.9996949,37.9288421],[-121.9997066,37.9288396]]]},"properties":{"course_id":"boundary_oak_walnut_creek","course_name":"Boundary Oak Golf Course","hole_number":2,"feature_type":"bunker","name":"hole_2_bunker","feature-color":"#d4b483","is_approximate":true,"source":"osm","@id":"fb5be852-89c0-4b6f-83b2-f0e3459e2e91","osm_id":931857527}},{"type":"Feature","bbox":[-121.9999234,37.9285711,-121.9997746,37.9286234],"geometry":{"type":"Polygon","coordinates":[[[-121.9997749,37.9286095],[-121.9997746,37.9286008],[-121.9997865,37.9285932],[-121.9998022,37.9285867],[-121.999817,37.9285815],[-121.9998396,37.9285773],[-121.9998562,37.9285741],[-121.999871,37.9285729],[-121.9998882,37.9285711],[-121.9999023,37.9285719],[-121.9999114,37.9285756],[-121.9999205,37.9285838],[-121.9999234,37.9285946],[-121.9999183,37.9286058],[-121.9999092,37.9286127],[-121.9998979,37.9286135],[-121.999886,37.9286117],[-121.9998735,37.9286085],[-121.9998572,37.9286075],[-121.9998427,37.9286097],[-121.9998292,37.928612],[-121.9998157,37.9286199],[-121.9998019,37.9286234],[-121.9997903,37.9286219],[-121.9997815,37.9286189],[-121.9997749,37.9286095]]]},"properties":{"course_id":"boundary_oak_walnut_creek","course_name":"Boundary Oak Golf Course","hole_number":2,"feature_type":"bunker","name":"hole_2_bunker_2","feature-color":"#d4b483","is_approximate":true,"source":"osm","@id":"b7ad7b2e-a498-4477-b881-ccb660bfcaf5","osm_id":931857528}},{"type":"Feature","bbox":[-121.9999931,37.9292345,-121.9998307,37.929328],"geometry":{"type":"Polygon","coordinates":[[[-121.9999931,37.9292985],[-121.9999797,37.9292345],[-121.9998307,37.9292626],[-121.9998459,37.929328],[-121.9999931,37.9292985]]]},"properties":{"course_id":"boundary_oak_walnut_creek","course_name":"Boundary Oak Golf Course","hole_number":3,"feature_type":"tee_box","name":"hole_3_tee_box","feature-color":"#8b7355","is_approximate":true,"source":"osm","@id":"e3d47d27-6735-441a-b06d-d36bf2181553","osm_id":931857530}},{"type":"Feature","bbox":[-122.0003635,37.9291428,-122.0002098,37.9292451],"geometry":{"type":"Polygon","coordinates":[[[-122.0003465,37.9291428],[-122.0002098,37.9291787],[-122.0002402,37.9292451],[-122.0003635,37.9292137],[-122.0003465,37.9291428]]]},"properties":{"course_id":"boundary_oak_walnut_creek","course_name":"Boundary Oak Golf Course","hole_number":3,"feature_type":"tee_box","name":"hole_3_tee_box_2","feature-color":"#8b7355","is_approximate":true,"source":"osm","@id":"7d64102c-4935-4faf-b5fc-d6a21768edae","osm_id":931857531}},{"type":"Feature","bbox":[-122.0005389,37.9291004,-122.0004443,37.9291711],"geometry":{"type":"Polygon","coordinates":[[[-122.0005389,37.9291543],[-122.0005184,37.9291004],[-122.0004443,37.9291169],[-122.0004681,37.9291711],[-122.0005389,37.9291543]]]},"properties":{"course_id":"boundary_oak_walnut_creek","course_name":"Boundary Oak Golf Course","hole_number":3,"feature_type":"tee_box","name":"hole_3_tee_box_3","feature-color":"#8b7355","is_approximate":true,"source":"osm","@id":"2374ff76-73ce-44b7-8cb5-d5f4ca7e7a44","osm_id":931857532}},{"type":"Feature","bbox":[-122.002099,37.9284411,-122.0019504,37.9284937],"geometry":{"type":"Polygon","coordinates":[[[-122.0019504,37.928479],[-122.0019521,37.9284724],[-122.0019588,37.9284651],[-122.0019663,37.9284601],[-122.0019798,37.9284545],[-122.001992,37.9284506],[-122.0020055,37.9284479],[-122.0020214,37.928445],[-122.0020344,37.9284423],[-122.0020522,37.9284417],[-122.0020628,37.9284411],[-122.0020792,37.9284417],[-122.0020872,37.9284458],[-122.0020975,37.9284533],[-122.002099,37.9284612],[-122.0020975,37.9284705],[-122.0020919,37.9284788],[-122.0020826,37.9284825],[-122.0020753,37.9284854],[-122.0020635,37.9284873],[-122.0020501,37.9284889],[-122.0020231,37.9284927],[-122.0020126,37.928493],[-122.0019973,37.9284937],[-122.0019819,37.9284934],[-122.00197,37.928493],[-122.0019567,37.9284902],[-122.0019512,37.9284845],[-122.0019504,37.928479]]]},"properties":{"course_id":"boundary_oak_walnut_creek","course_name":"Boundary Oak Golf Course","hole_number":3,"feature_type":"bunker","name":"hole_3_bunker","feature-color":"#d4b483","is_approximate":true,"source":"osm","@id":"1e4086b0-ab78-49d1-b8a2-224caa7a433e","osm_id":931857533}},{"type":"Feature","bbox":[-122.0022894,37.928361,-122.0021622,37.9284447],"geometry":{"type":"Polygon","coordinates":[[[-122.0021747,37.928438],[-122.0021657,37.9284299],[-122.0021622,37.9284215],[-122.002165,37.9284122],[-122.0021725,37.9284027],[-122.0021875,37.9283943],[-122.0021999,37.9283858],[-122.0022154,37.9283765],[-122.0022284,37.9283689],[-122.0022429,37.9283641],[-122.0022559,37.9283612],[-122.0022731,37.928361],[-122.0022844,37.9283667],[-122.0022894,37.9283748],[-122.0022894,37.928384],[-122.0022894,37.9283943],[-122.0022844,37.9284035],[-122.0022764,37.928414],[-122.0022711,37.9284207],[-122.0022564,37.9284262],[-122.0022444,37.9284309],[-122.0022344,37.9284331],[-122.0022217,37.9284384],[-122.0022077,37.9284419],[-122.0021997,37.9284447],[-122.0021894,37.9284447],[-122.002184,37.9284437],[-122.0021747,37.928438]]]},"properties":{"course_id":"boundary_oak_walnut_creek","course_name":"Boundary Oak Golf Course","hole_number":3,"feature_type":"bunker","name":"hole_3_bunker_2","feature-color":"#d4b483","is_approximate":true,"source":"osm","@id":"d2ac96e1-2f04-4a58-a5b7-c0eb670fdce6","osm_id":931857534}},{"type":"Feature","bbox":[-122.0037714,37.9268025,-122.0036828,37.9268681],"geometry":{"type":"Polygon","coordinates":[[[-122.0037151,37.9268674],[-122.0037213,37.9268628],[-122.0037318,37.9268563],[-122.0037436,37.9268509],[-122.0037547,37.9268467],[-122.0037654,37.9268413],[-122.0037714,37.9268342],[-122.0037705,37.9268273],[-122.0037682,37.9268213],[-122.0037629,37.9268137],[-122.0037541,37.926807],[-122.0037456,37.9268032],[-122.0037357,37.9268025],[-122.0037238,37.9268054],[-122.0037128,37.9268099],[-122.0037063,37.9268137],[-122.0036984,37.9268199],[-122.0036924,37.9268286],[-122.0036882,37.9268367],[-122.0036851,37.9268427],[-122.0036828,37.9268485],[-122.0036857,37.9268554],[-122.0036927,37.9268605],[-122.0036998,37.9268659],[-122.0037049,37.9268681],[-122.0037105,37.9268681],[-122.0037151,37.9268674]]]},"properties":{"course_id":"boundary_oak_walnut_creek","course_name":"Boundary Oak Golf Course","hole_number":3,"feature_type":"bunker","name":"hole_3_bunker_3","feature-color":"#d4b483","is_approximate":true,"source":"osm","@id":"b4b301af-8309-49b9-b82a-79e3d99654ba","osm_id":931857535}},{"type":"Feature","bbox":[-122.0037481,37.9266026,-122.0036772,37.9266689],"geometry":{"type":"Polygon","coordinates":[[[-122.0037201,37.9266636],[-122.0037316,37.9266598],[-122.003737,37.9266541],[-122.0037403,37.9266455],[-122.0037431,37.9266364],[-122.0037473,37.9266275],[-122.0037481,37.9266212],[-122.0037472,37.9266122],[-122.003744,37.9266059],[-122.003737,37.9266026],[-122.0037283,37.9266039],[-122.0037166,37.9266086],[-122.003707,37.9266092],[-122.0036996,37.9266105],[-122.0036949,37.9266125],[-122.0036897,37.9266175],[-122.0036803,37.9266285],[-122.0036782,37.9266314],[-122.0036778,37.9266437],[-122.0036772,37.9266517],[-122.0036772,37.9266595],[-122.0036825,37.9266644],[-122.0036877,37.9266676],[-122.0036969,37.9266689],[-122.0037053,37.9266681],[-122.0037125,37.926666],[-122.0037201,37.9266636]]]},"properties":{"course_id":"boundary_oak_walnut_creek","course_name":"Boundary Oak Golf Course","hole_number":3,"feature_type":"bunker","name":"hole_3_bunker_4","feature-color":"#d4b483","is_approximate":true,"source":"osm","@id":"14fc4b9d-fb5f-412c-be0b-df7f3b5ea8b2","osm_id":931857536}},{"type":"Feature","bbox":[-122.0041076,37.9265047,-122.0038871,37.9266779],"geometry":{"type":"Polygon","coordinates":[[[-122.0039163,37.9265068],[-122.0039056,37.9265086],[-122.0038971,37.9265149],[-122.0038903,37.9265214],[-122.0038878,37.9265279],[-122.0038871,37.9265368],[-122.0039076,37.9265595],[-122.0039171,37.9265642],[-122.0039301,37.9265727],[-122.0039453,37.9265782],[-122.0039708,37.9265888],[-122.0039813,37.9265908],[-122.0039972,37.9265947],[-122.0040065,37.9266],[-122.0040165,37.9266071],[-122.00404,37.9266282],[-122.0040467,37.9266377],[-122.0040542,37.9266522],[-122.0040662,37.9266653],[-122.0040752,37.9266712],[-122.0040852,37.9266773],[-122.0040944,37.9266779],[-122.0041017,37.9266743],[-122.0041076,37.9266676],[-122.0041066,37.9266564],[-122.0041049,37.9266471],[-122.0040994,37.9266314],[-122.0040912,37.9266142],[-122.0040837,37.9266018],[-122.0040772,37.9265939],[-122.0040602,37.926588],[-122.0040432,37.9265819],[-122.0040192,37.9265683],[-122.0039635,37.9265366],[-122.003956,37.9265193],[-122.0039513,37.9265112],[-122.0039403,37.9265059],[-122.0039268,37.9265047],[-122.0039163,37.9265068]]]},"properties":{"course_id":"boundary_oak_walnut_creek","course_name":"Boundary Oak Golf Course","hole_number":3,"feature_type":"bunker","name":"hole_3_bunker_5","feature-color":"#d4b483","is_approximate":true,"source":"osm","@id":"b5720936-22a9-4750-a7b9-6c3aa3a37370","osm_id":931857537}},{"type":"Feature","bbox":[-122.0035104,37.9266853,-122.0032418,37.9268611],"geometry":{"type":"Polygon","coordinates":[[[-122.0034614,37.9266853],[-122.0032418,37.9268062],[-122.0032875,37.9268611],[-122.0035104,37.9267384],[-122.0034614,37.9266853]]]},"properties":{"course_id":"boundary_oak_walnut_creek","course_name":"Boundary Oak Golf Course","hole_number":3,"feature_type":"tee_box","name":"hole_3_tee_box_4","feature-color":"#8b7355","is_approximate":true,"source":"osm","@id":"0b872f85-b5fd-4bda-9ec4-f1481a5c2c04","osm_id":931859980}},{"type":"Feature","bbox":[-122.0030265,37.9271124,-122.0028906,37.9272119],"geometry":{"type":"Polygon","coordinates":[[[-122.0029395,37.9272119],[-122.0030265,37.927157],[-122.0029656,37.9271124],[-122.0028906,37.9271664],[-122.0029395,37.9272119]]]},"properties":{"course_id":"boundary_oak_walnut_creek","course_name":"Boundary Oak Golf Course","hole_number":4,"feature_type":"tee_box","name":"hole_4_tee_box","feature-color":"#8b7355","is_approximate":true,"source":"osm","@id":"da218abf-1c79-4cc4-ad2b-771d788b49d9","osm_id":931859981}},{"type":"Feature","bbox":[-122.0015021,37.9277964,-122.0013326,37.9278948],"geometry":{"type":"Polygon","coordinates":[[[-122.0013372,37.9278875],[-122.0013326,37.9278769],[-122.0013351,37.9278648],[-122.0013433,37.927855],[-122.0013575,37.9278449],[-122.0013745,37.927834],[-122.0013923,37.9278253],[-122.0014061,37.9278202],[-122.0014296,37.9278132],[-122.0014484,37.9278065],[-122.0014658,37.9278015],[-122.0014801,37.9277978],[-122.0014896,37.9277964],[-122.0014982,37.9277992],[-122.0015021,37.9278045],[-122.0015007,37.9278132],[-122.0014946,37.927825],[-122.0014843,37.9278382],[-122.0014697,37.9278483],[-122.0014541,37.9278586],[-122.0014395,37.9278693],[-122.0014268,37.927876],[-122.0014147,37.9278794],[-122.0014001,37.927885],[-122.0013891,37.9278898],[-122.0013724,37.9278926],[-122.0013578,37.9278948],[-122.0013472,37.927894],[-122.0013372,37.9278875]]]},"properties":{"course_id":"boundary_oak_walnut_creek","course_name":"Boundary Oak Golf Course","hole_number":4,"feature_type":"bunker","name":"hole_4_bunker","feature-color":"#d4b483","is_approximate":true,"source":"osm","@id":"70b4e78b-a9ea-4e9f-9394-651df9fae68a","osm_id":931859983}},{"type":"Feature","bbox":[-122.0000391,37.9279832,-121.9999404,37.9281531],"geometry":{"type":"Polygon","coordinates":[[[-121.9999823,37.9281513],[-121.9999876,37.9281531],[-122.0000031,37.9281511],[-122.0000208,37.928145],[-122.0000322,37.9281325],[-122.0000369,37.9281216],[-122.0000383,37.9281083],[-122.0000391,37.9280936],[-122.0000383,37.9280775],[-122.0000369,37.9280637],[-122.0000336,37.9280468],[-122.0000248,37.9280342],[-122.0000173,37.9280225],[-122.0000088,37.9280114],[-121.9999997,37.9280007],[-121.9999869,37.9279918],[-121.9999752,37.9279846],[-121.999963,37.9279832],[-121.9999536,37.9279851],[-121.9999454,37.9279908],[-121.9999426,37.928],[-121.9999404,37.9280089],[-121.9999439,37.9280195],[-121.9999498,37.9280267],[-121.9999586,37.9280366],[-121.9999668,37.9280416],[-121.9999718,37.9280497],[-121.9999784,37.9280636],[-121.9999843,37.928075],[-121.9999865,37.9280846],[-121.9999875,37.9280941],[-121.9999823,37.9281083],[-121.9999754,37.9281178],[-121.9999716,37.928128],[-121.9999722,37.9281399],[-121.999975,37.9281453],[-121.9999787,37.9281491],[-121.9999823,37.9281513]]]},"properties":{"course_id":"boundary_oak_walnut_creek","course_name":"Boundary Oak Golf Course","hole_number":4,"feature_type":"bunker","name":"hole_4_bunker_2","feature-color":"#d4b483","is_approximate":true,"source":"osm","@id":"f5445a30-813d-40bf-ae5d-186b78808258","osm_id":931859984}},{"type":"Feature","bbox":[-121.9999744,37.928252,-121.9998687,37.9283535],"geometry":{"type":"Polygon","coordinates":[[[-121.9999176,37.9283425],[-121.9999284,37.9283325],[-121.9999387,37.9283218],[-121.9999456,37.9283134],[-121.9999521,37.928306],[-121.9999584,37.9282997],[-121.9999689,37.9282899],[-121.9999733,37.9282821],[-121.9999744,37.9282729],[-121.9999744,37.9282654],[-121.9999708,37.9282591],[-121.9999651,37.9282544],[-121.9999567,37.928252],[-121.9999494,37.928252],[-121.9999414,37.928253],[-121.9999366,37.9282582],[-121.9999317,37.9282672],[-121.9999273,37.9282752],[-121.9999239,37.9282851],[-121.9999208,37.9282926],[-121.9999153,37.9282988],[-121.9999103,37.9283036],[-121.9999017,37.9283103],[-121.9998946,37.9283136],[-121.9998889,37.9283167],[-121.9998838,37.928319],[-121.9998788,37.9283232],[-121.9998723,37.9283276],[-121.9998694,37.9283315],[-121.9998687,37.928338],[-121.9998704,37.9283444],[-121.9998759,37.9283488],[-121.9998807,37.9283523],[-121.9998874,37.9283535],[-121.9998943,37.9283535],[-121.9999006,37.9283526],[-121.9999088,37.9283483],[-121.9999176,37.9283425]]]},"properties":{"course_id":"boundary_oak_walnut_creek","course_name":"Boundary Oak Golf Course","hole_number":4,"feature_type":"bunker","name":"hole_4_bunker_3","feature-color":"#d4b483","is_approximate":true,"source":"osm","@id":"b6fe6e21-89bb-46b2-9762-569d08734aa2","osm_id":931859985}},{"type":"Feature","bbox":[-121.9992535,37.9280441,-121.9991169,37.9281498],"geometry":{"type":"Polygon","coordinates":[[[-121.9991729,37.9281498],[-121.9992535,37.9280909],[-121.9992111,37.9280441],[-121.9991169,37.9280976],[-121.9991729,37.9281498]]]},"properties":{"course_id":"boundary_oak_walnut_creek","course_name":"Boundary Oak Golf Course","hole_number":2,"feature_type":"tee_box","name":"hole_2_tee_box_5","feature-color":"#8b7355","is_approximate":true,"source":"osm","@id":"b7565afb-a153-4054-93ec-91a6638e2859","osm_id":931859987}},{"type":"Feature","bbox":[-121.9995252,37.927835,-121.9993869,37.9279419],"geometry":{"type":"Polygon","coordinates":[[[-121.9994399,37.9279419],[-121.9995252,37.9278887],[-121.9994749,37.927835],[-121.9993869,37.9278892],[-121.9994399,37.9279419]]]},"properties":{"course_id":"boundary_oak_walnut_creek","course_name":"Boundary Oak Golf Course","hole_number":4,"feature_type":"tee_box","name":"hole_4_tee_box_2","feature-color":"#8b7355","is_approximate":true,"source":"osm","@id":"b76c134c-5dc3-49f7-8c4c-0ba49752166e","osm_id":931859988}},{"type":"Feature","bbox":[-121.9998356,37.9275538,-121.9996966,37.9276611],"geometry":{"type":"Polygon","coordinates":[[[-121.9998356,37.9276132],[-121.9997936,37.9275538],[-121.9996966,37.9276045],[-121.9997398,37.9276611],[-121.9998356,37.9276132]]]},"properties":{"course_id":"boundary_oak_walnut_creek","course_name":"Boundary Oak Golf Course","hole_number":5,"feature_type":"tee_box","name":"hole_5_tee_box","feature-color":"#8b7355","is_approximate":true,"source":"osm","@id":"02b45c59-00fe-4813-be10-96b09b43eeb0","osm_id":931859989}},{"type":"Feature","bbox":[-121.9990666,37.9279056,-121.9989474,37.9279906],"geometry":{"type":"Polygon","coordinates":[[[-121.9989805,37.9279906],[-121.9990666,37.9279491],[-121.9990367,37.9279056],[-121.9989474,37.9279483],[-121.9989805,37.9279906]]]},"properties":{"course_id":"boundary_oak_walnut_creek","course_name":"Boundary Oak Golf Course","hole_number":2,"feature_type":"tee_box","name":"hole_2_tee_box_6","feature-color":"#8b7355","is_approximate":true,"source":"osm","@id":"496e002b-d2c8-4f33-b7ae-6abf53f163c0","osm_id":931859990}},{"type":"Feature","bbox":[-121.9989397,37.9279914,-121.9988211,37.92807],"geometry":{"type":"Polygon","coordinates":[[[-121.9988546,37.92807],[-121.9989397,37.9280207],[-121.9989093,37.9279914],[-121.9988211,37.9280411],[-121.9988546,37.92807]]]},"properties":{"course_id":"boundary_oak_walnut_creek","course_name":"Boundary Oak Golf Course","hole_number":2,"feature_type":"tee_box","name":"hole_2_tee_box_7","feature-color":"#8b7355","is_approximate":true,"source":"osm","@id":"9ae5aa5c-4e35-4cfe-8db4-a988eca50393","osm_id":931859991}},{"type":"Feature","bbox":[-121.9988324,37.9280867,-121.9987287,37.9281648],"geometry":{"type":"Polygon","coordinates":[[[-121.9987576,37.9281648],[-121.9988324,37.9281111],[-121.9987984,37.9280867],[-121.9987287,37.9281391],[-121.9987576,37.9281648]]]},"properties":{"course_id":"boundary_oak_walnut_creek","course_name":"Boundary Oak Golf Course","hole_number":2,"feature_type":"tee_box","name":"hole_2_tee_box_8","feature-color":"#8b7355","is_approximate":true,"source":"osm","@id":"d143efc3-49cc-4b9e-8bad-211f496fa46d","osm_id":931859992}},{"type":"Feature","bbox":[-122.0015518,37.9269661,-122.0014187,37.9270678],"geometry":{"type":"Polygon","coordinates":[[[-122.0015203,37.9270602],[-122.0015422,37.9270437],[-122.0015508,37.9270282],[-122.0015518,37.9270124],[-122.0015481,37.9270013],[-122.001539,37.9269855],[-122.0015253,37.9269743],[-122.0015139,37.9269679],[-122.0014907,37.9269661],[-122.0014784,37.9269689],[-122.001462,37.9269787],[-122.0014461,37.9269912],[-122.0014306,37.9270078],[-122.0014228,37.9270247],[-122.0014187,37.9270358],[-122.0014265,37.9270491],[-122.0014365,37.9270574],[-122.0014479,37.9270638],[-122.0014574,37.9270678],[-122.0014848,37.9270671],[-122.0015035,37.9270645],[-122.0015203,37.9270602]]]},"properties":{"course_id":"boundary_oak_walnut_creek","course_name":"Boundary Oak Golf Course","hole_number":5,"feature_type":"bunker","name":"hole_5_bunker","feature-color":"#d4b483","is_approximate":true,"source":"osm","@id":"3e5710b6-1235-4352-b570-0ed5ddb90c2a","osm_id":931859993}},{"type":"Feature","bbox":[-122.0037701,37.9263609,-122.0034846,37.9264262],"geometry":{"type":"Polygon","coordinates":[[[-122.0037496,37.9264188],[-122.0037648,37.926412],[-122.0037701,37.9263979],[-122.0037668,37.9263885],[-122.0037575,37.9263807],[-122.0037509,37.9263781],[-122.0037387,37.9263777],[-122.0037276,37.9263788],[-122.0037157,37.9263792],[-122.003704,37.926381],[-122.0036888,37.9263805],[-122.0036772,37.9263779],[-122.0036611,37.9263744],[-122.0036467,37.9263722],[-122.0036281,37.9263718],[-122.0036143,37.9263722],[-122.003601,37.9263714],[-122.0035876,37.9263672],[-122.003573,37.926363],[-122.0035585,37.9263609],[-122.0035378,37.926362],[-122.003512,37.9263711],[-122.0034976,37.926377],[-122.0034868,37.9263823],[-122.0034846,37.9263886],[-122.0034915,37.9263991],[-122.0035048,37.926407],[-122.0035197,37.9264144],[-122.003543,37.9264205],[-122.0035585,37.9264245],[-122.0035799,37.926426],[-122.0036018,37.9264262],[-122.0036223,37.9264256],[-122.0036395,37.9264238],[-122.003655,37.9264221],[-122.0036694,37.9264212],[-122.0036833,37.926421],[-122.0036941,37.9264212],[-122.003709,37.9264227],[-122.0037185,37.9264245],[-122.003734,37.9264234],[-122.0037434,37.9264214],[-122.0037496,37.9264188]]]},"properties":{"course_id":"boundary_oak_walnut_creek","course_name":"Boundary Oak Golf Course","hole_number":5,"feature_type":"bunker","name":"hole_5_bunker_2","feature-color":"#d4b483","is_approximate":true,"source":"osm","@id":"21e42ece-7925-437d-b782-f28b094c3ac9","osm_id":931859994}},{"type":"Feature","bbox":[-122.00396,37.9260403,-122.0038399,37.9261446],"geometry":{"type":"Polygon","coordinates":[[[-122.0039583,37.9261374],[-122.00396,37.926132],[-122.0039566,37.9261261],[-122.0039466,37.9261131],[-122.0039387,37.9261058],[-122.0039319,37.9260969],[-122.0039223,37.9260861],[-122.003915,37.9260766],[-122.0039064,37.9260701],[-122.0038993,37.9260633],[-122.0038903,37.9260552],[-122.0038812,37.9260492],[-122.0038724,37.926045],[-122.0038609,37.9260417],[-122.0038533,37.9260403],[-122.0038452,37.9260413],[-122.0038404,37.926044],[-122.0038399,37.9260508],[-122.003844,37.9260566],[-122.0038533,37.926067],[-122.0038612,37.9260764],[-122.0038697,37.9260836],[-122.0038795,37.9260911],[-122.0038878,37.9260981],[-122.0038937,37.9261046],[-122.0039015,37.9261156],[-122.0039094,37.9261259],[-122.003916,37.9261344],[-122.0039228,37.9261386],[-122.0039331,37.926143],[-122.0039449,37.9261446],[-122.0039517,37.9261442],[-122.0039564,37.9261407],[-122.0039583,37.9261374]]]},"properties":{"course_id":"boundary_oak_walnut_creek","course_name":"Boundary Oak Golf Course","hole_number":6,"feature_type":"bunker","name":"hole_6_bunker","feature-color":"#d4b483","is_approximate":true,"source":"osm","@id":"9d906a85-0716-4c97-af0e-a28eda3f5b74","osm_id":931859995}},{"type":"Feature","bbox":[-122.0044641,37.926046,-122.0041484,37.926329],"geometry":{"type":"Polygon","coordinates":[[[-122.0044641,37.926305],[-122.0042026,37.926046],[-122.0041484,37.9260712],[-122.0044061,37.926329],[-122.0044641,37.926305]]]},"properties":{"course_id":"boundary_oak_walnut_creek","course_name":"Boundary Oak Golf Course","hole_number":6,"feature_type":"tee_box","name":"hole_6_tee_box","feature-color":"#8b7355","is_approximate":true,"source":"osm","@id":"518cd45f-adb5-45e6-91a4-a98c9e0077e2","osm_id":931866045}},{"type":"Feature","bbox":[-122.0041565,37.9259106,-122.0040184,37.9260185],"geometry":{"type":"Polygon","coordinates":[[[-122.0041565,37.925981],[-122.0040904,37.9259106],[-122.0040184,37.9259523],[-122.0040889,37.9260185],[-122.0041565,37.925981]]]},"properties":{"course_id":"boundary_oak_walnut_creek","course_name":"Boundary Oak Golf Course","hole_number":6,"feature_type":"tee_box","name":"hole_6_tee_box_2","feature-color":"#8b7355","is_approximate":true,"source":"osm","@id":"41c6d2c8-0573-4e60-813e-36504d264452","osm_id":931866046}},{"type":"Feature","bbox":[-122.0034102,37.9250729,-122.003319,37.9252209],"geometry":{"type":"Polygon","coordinates":[[[-122.0033405,37.9251134],[-122.0033426,37.9251212],[-122.0033451,37.9251414],[-122.0033451,37.9251524],[-122.0033377,37.9251664],[-122.003328,37.9251824],[-122.0033199,37.9251929],[-122.003319,37.9252027],[-122.0033252,37.925214],[-122.0033342,37.9252197],[-122.0033448,37.9252209],[-122.0033582,37.9252207],[-122.0033769,37.9252123],[-122.0033912,37.9252],[-122.0034024,37.9251826],[-122.0034055,37.9251627],[-122.0034086,37.9251445],[-122.0034102,37.9251269],[-122.0034099,37.9251116],[-122.0034068,37.9250935],[-122.0033949,37.9250822],[-122.0033794,37.9250741],[-122.0033638,37.9250729],[-122.0033479,37.9250768],[-122.0033392,37.9250839],[-122.003337,37.9250954],[-122.0033383,37.925106],[-122.0033405,37.9251134]]]},"properties":{"course_id":"boundary_oak_walnut_creek","course_name":"Boundary Oak Golf Course","hole_number":6,"feature_type":"bunker","name":"hole_6_bunker_2","feature-color":"#d4b483","is_approximate":true,"source":"osm","@id":"fed2b334-bcb4-4641-afe7-7d47d1adc2a6","osm_id":931866047}},{"type":"Feature","bbox":[-122.0030918,37.9252739,-122.0029614,37.9253629],"geometry":{"type":"Polygon","coordinates":[[[-122.0030808,37.9253528],[-122.0030882,37.9253428],[-122.0030911,37.9253273],[-122.0030918,37.9253125],[-122.0030889,37.9253003],[-122.0030844,37.9252925],[-122.0030773,37.9252886],[-122.0030597,37.9252878],[-122.0030509,37.9252872],[-122.0030378,37.9252836],[-122.003023,37.9252775],[-122.0030103,37.9252739],[-122.0029973,37.9252753],[-122.002979,37.92528],[-122.0029663,37.9252839],[-122.0029624,37.9252867],[-122.0029614,37.925295],[-122.0029663,37.9253014],[-122.0029755,37.9253061],[-122.0029811,37.9253103],[-122.002985,37.925317],[-122.0029874,37.9253248],[-122.002986,37.9253312],[-122.0029843,37.9253412],[-122.0029871,37.9253503],[-122.0029948,37.9253562],[-122.0030079,37.9253576],[-122.0030495,37.9253623],[-122.0030586,37.9253629],[-122.0030699,37.9253612],[-122.0030773,37.925357],[-122.0030808,37.9253528]]]},"properties":{"course_id":"boundary_oak_walnut_creek","course_name":"Boundary Oak Golf Course","hole_number":6,"feature_type":"bunker","name":"hole_6_bunker_3","feature-color":"#d4b483","is_approximate":true,"source":"osm","@id":"56179921-5df6-43cd-9abb-b0640c225101","osm_id":931866048}},{"type":"Feature","bbox":[-122.0037,37.9251888,-122.0030131,37.9256925],"geometry":{"type":"Polygon","coordinates":[[[-122.0033165,37.9251888],[-122.0033151,37.925203],[-122.0033226,37.9252193],[-122.0033453,37.9252308],[-122.0034166,37.9252564],[-122.003479,37.9253009],[-122.0035373,37.9253454],[-122.0036023,37.9254183],[-122.0036777,37.9255032],[-122.0037,37.9255446],[-122.0037,37.9255756],[-122.0036978,37.9255962],[-122.0036861,37.9256122],[-122.0036684,37.9256294],[-122.0036339,37.9256507],[-122.0035733,37.9256772],[-122.0035288,37.9256878],[-122.0034901,37.9256925],[-122.0034581,37.9256911],[-122.0034261,37.9256805],[-122.0033917,37.9256659],[-122.0033303,37.9256261],[-122.0032714,37.9255803],[-122.0032276,37.9255339],[-122.0031847,37.9254795],[-122.003157,37.925433],[-122.0031427,37.9253806],[-122.0031385,37.9253289],[-122.0031334,37.9252983],[-122.0031208,37.9252725],[-122.0030922,37.9252572],[-122.0030645,37.9252552],[-122.0030403,37.9252502],[-122.0030131,37.9252427],[-122.0030465,37.9252404],[-122.0030792,37.9252357],[-122.003102,37.9252279],[-122.0031131,37.9252238],[-122.0031335,37.9252238],[-122.0031691,37.9252268],[-122.0031957,37.9252349],[-122.0032173,37.9252414],[-122.0032477,37.9252379],[-122.0032787,37.9252238],[-122.0032985,37.92521],[-122.0033165,37.9251888]]]},"properties":{"course_id":"boundary_oak_walnut_creek","course_name":"Boundary Oak Golf Course","hole_number":6,"feature_type":"fairway","name":"hole_6_fairway","feature-color":"#4a7c3f","is_approximate":true,"source":"osm","@id":"f5754034-6d6c-466b-a7a8-c2d5ed90b02e","osm_id":931866050}},{"type":"Feature","bbox":[-122.0031466,37.9256671,-122.002822,37.9257888],"geometry":{"type":"Polygon","coordinates":[[[-122.0031164,37.9257888],[-122.0031466,37.9257437],[-122.0028478,37.9256671],[-122.002822,37.9257165],[-122.0031164,37.9257888]]]},"properties":{"course_id":"boundary_oak_walnut_creek","course_name":"Boundary Oak Golf Course","hole_number":7,"feature_type":"tee_box","name":"hole_7_tee_box","feature-color":"#8b7355","is_approximate":true,"source":"osm","@id":"64781b15-60a5-4ec9-a6af-d046645aeddc","osm_id":931866051}},{"type":"Feature","bbox":[-122.0026569,37.9256076,-122.0025329,37.9257011],"geometry":{"type":"Polygon","coordinates":[[[-122.0026268,37.9257011],[-122.0026569,37.9256433],[-122.0025631,37.9256076],[-122.0025329,37.9256731],[-122.0026268,37.9257011]]]},"properties":{"course_id":"boundary_oak_walnut_creek","course_name":"Boundary Oak Golf Course","hole_number":7,"feature_type":"tee_box","name":"hole_7_tee_box_2","feature-color":"#8b7355","is_approximate":true,"source":"osm","@id":"ffe06f90-6c31-4bfb-9b74-6de336d28214","osm_id":931866052}},{"type":"Feature","bbox":[-122.0010086,37.9250395,-122.0008996,37.9251432],"geometry":{"type":"Polygon","coordinates":[[[-122.0010025,37.9251396],[-122.0010076,37.925134],[-122.0010086,37.9251239],[-122.001005,37.9251146],[-122.0009922,37.9250992],[-122.0009774,37.9250839],[-122.0009661,37.9250722],[-122.0009528,37.9250536],[-122.0009411,37.9250448],[-122.0009226,37.9250395],[-122.0009119,37.9250403],[-122.0009027,37.9250456],[-122.0008996,37.9250536],[-122.0009027,37.9250662],[-122.0009078,37.9250791],[-122.000918,37.9250912],[-122.0009375,37.9251093],[-122.0009672,37.9251348],[-122.0009774,37.9251396],[-122.0009856,37.9251432],[-122.0009953,37.9251432],[-122.0010025,37.9251396]]]},"properties":{"course_id":"boundary_oak_walnut_creek","course_name":"Boundary Oak Golf Course","hole_number":7,"feature_type":"bunker","name":"hole_7_bunker","feature-color":"#d4b483","is_approximate":true,"source":"osm","@id":"a96c55e4-e776-4a89-bc00-74ac1e5764d7","osm_id":931866053}},{"type":"Feature","bbox":[-121.9998567,37.9247102,-121.9996979,37.9248134],"geometry":{"type":"Polygon","coordinates":[[[-121.9997932,37.9248096],[-121.999802,37.9247955],[-121.9998104,37.9247838],[-121.9998156,37.9247772],[-121.9998296,37.9247646],[-121.9998463,37.9247492],[-121.9998555,37.924741],[-121.9998567,37.9247297],[-121.9998511,37.9247202],[-121.9998411,37.9247124],[-121.9998319,37.9247102],[-121.9998232,37.9247117],[-121.9998148,37.9247171],[-121.9998088,37.9247284],[-121.9998004,37.9247385],[-121.9997773,37.9247545],[-121.9997525,37.924769],[-121.9997382,37.9247709],[-121.9997226,37.9247728],[-121.999713,37.9247769],[-121.9997026,37.9247832],[-121.9996983,37.924787],[-121.9996979,37.9247961],[-121.9997022,37.9248018],[-121.9997126,37.9248052],[-121.9997278,37.9248074],[-121.9997422,37.9248099],[-121.9997577,37.9248122],[-121.9997709,37.9248134],[-121.9997841,37.9248125],[-121.9997932,37.9248096]]]},"properties":{"course_id":"boundary_oak_walnut_creek","course_name":"Boundary Oak Golf Course","hole_number":7,"feature_type":"bunker","name":"hole_7_bunker_2","feature-color":"#d4b483","is_approximate":true,"source":"osm","@id":"7835d3c8-4519-453c-9f4e-33c33229ac77","osm_id":931866055}},{"type":"Feature","bbox":[-121.9990705,37.9241341,-121.9989754,37.9242244],"geometry":{"type":"Polygon","coordinates":[[[-121.9990705,37.9242103],[-121.9990207,37.9241341],[-121.9989754,37.9241482],[-121.9990311,37.9242244],[-121.9990705,37.9242103]]]},"properties":{"course_id":"boundary_oak_walnut_creek","course_name":"Boundary Oak Golf Course","hole_number":18,"feature_type":"tee_box","name":"hole_18_tee_box","feature-color":"#8b7355","is_approximate":true,"source":"osm","@id":"ae7433f0-5d2a-4575-b4f8-f1a14b15a082","osm_id":931869746}},{"type":"Feature","bbox":[-121.999173,37.9242531,-121.9990423,37.9244054],"geometry":{"type":"Polygon","coordinates":[[[-121.9991062,37.9244054],[-121.9990423,37.9242724],[-121.999101,37.9242531],[-121.999173,37.924389],[-121.9991062,37.9244054]]]},"properties":{"course_id":"boundary_oak_walnut_creek","course_name":"Boundary Oak Golf Course","hole_number":18,"feature_type":"tee_box","name":"hole_18_tee_box_2","feature-color":"#8b7355","is_approximate":true,"source":"osm","@id":"16680501-287e-4b33-9b52-f212641535de","osm_id":931869747}},{"type":"Feature","bbox":[-121.9993372,37.9246058,-121.9992154,37.9247277],"geometry":{"type":"Polygon","coordinates":[[[-121.9993372,37.9247131],[-121.9992993,37.9246058],[-121.9992154,37.9246217],[-121.9992555,37.9247277],[-121.9993372,37.9247131]]]},"properties":{"course_id":"boundary_oak_walnut_creek","course_name":"Boundary Oak Golf Course","hole_number":8,"feature_type":"tee_box","name":"hole_8_tee_box","feature-color":"#8b7355","is_approximate":true,"source":"osm","@id":"212bd407-2acd-47ea-bc1f-86fa0fbff2b7","osm_id":931869748}},{"type":"Feature","bbox":[-121.9993416,37.9248139,-121.9992443,37.92491],"geometry":{"type":"Polygon","coordinates":[[[-121.9993416,37.9248976],[-121.9993045,37.9248139],[-121.9992443,37.9248267],[-121.9992792,37.92491],[-121.9993416,37.9248976]]]},"properties":{"course_id":"boundary_oak_walnut_creek","course_name":"Boundary Oak Golf Course","hole_number":8,"feature_type":"tee_box","name":"hole_8_tee_box_2","feature-color":"#8b7355","is_approximate":true,"source":"osm","@id":"e8322952-91d0-401a-b576-9ff6e80c56f0","osm_id":931869749}},{"type":"Feature","bbox":[-121.9999583,37.9266794,-121.9998499,37.9267836],"geometry":{"type":"Polygon","coordinates":[[[-121.9999444,37.9267571],[-121.9999525,37.9267457],[-121.9999583,37.9267297],[-121.9999577,37.92671],[-121.9999548,37.9266885],[-121.9999496,37.9266798],[-121.9999386,37.9266794],[-121.9999299,37.9266858],[-121.99992,37.9266967],[-121.9998963,37.926715],[-121.999883,37.9267214],[-121.9998685,37.9267301],[-121.9998575,37.9267406],[-121.9998517,37.9267507],[-121.9998499,37.9267616],[-121.9998546,37.9267708],[-121.9998656,37.9267781],[-121.999883,37.9267836],[-121.9998969,37.9267836],[-121.9999096,37.926779],[-121.9999287,37.9267685],[-121.9999444,37.9267571]]]},"properties":{"course_id":"boundary_oak_walnut_creek","course_name":"Boundary Oak Golf Course","hole_number":8,"feature_type":"bunker","name":"hole_8_bunker","feature-color":"#d4b483","is_approximate":true,"source":"osm","@id":"fc9c9063-b592-4c6d-ab0a-f67f264415d5","osm_id":931869750}},{"type":"Feature","bbox":[-121.9996289,37.9270922,-121.9994554,37.9274418],"geometry":{"type":"Polygon","coordinates":[[[-121.9995275,37.9270922],[-121.9994554,37.9271047],[-121.9995654,37.9274418],[-121.9996289,37.9274283],[-121.9995275,37.9270922]]]},"properties":{"course_id":"boundary_oak_walnut_creek","course_name":"Boundary Oak Golf Course","hole_number":9,"feature_type":"tee_box","name":"hole_9_tee_box","feature-color":"#8b7355","is_approximate":true,"source":"osm","@id":"61e3ecdd-8e06-45ad-b960-78c9942b6b22","osm_id":931869753}},{"type":"Feature","bbox":[-121.9994689,37.9267916,-121.999337,37.9269082],"geometry":{"type":"Polygon","coordinates":[[[-121.9994689,37.9268899],[-121.9994347,37.9267916],[-121.999337,37.9268119],[-121.9993712,37.9269082],[-121.9994689,37.9268899]]]},"properties":{"course_id":"boundary_oak_walnut_creek","course_name":"Boundary Oak Golf Course","hole_number":9,"feature_type":"tee_box","name":"hole_9_tee_box_2","feature-color":"#8b7355","is_approximate":true,"source":"osm","@id":"c5b69891-6e3c-403f-97d9-63303d0c1fed","osm_id":931869754}},{"type":"Feature","bbox":[-121.9975662,37.9235558,-121.997456,37.9236474],"geometry":{"type":"Polygon","coordinates":[[[-121.9975662,37.9236341],[-121.997546,37.9235558],[-121.997456,37.9235671],[-121.9974728,37.9236474],[-121.9975662,37.9236341]]]},"properties":{"course_id":"boundary_oak_walnut_creek","course_name":"Boundary Oak Golf Course","hole_number":10,"feature_type":"tee_box","name":"hole_10_tee_box","feature-color":"#8b7355","is_approximate":true,"source":"osm","@id":"ed72c276-4e97-49fd-ad96-c237efc46f72","osm_id":931870729}},{"type":"Feature","bbox":[-121.9973826,37.9235608,-121.9973455,37.9236599],"geometry":{"type":"Polygon","coordinates":[[[-121.9973826,37.9236586],[-121.9973756,37.9235608],[-121.9973455,37.9235621],[-121.9973513,37.9236599],[-121.9973826,37.9236586]]]},"properties":{"course_id":"boundary_oak_walnut_creek","course_name":"Boundary Oak Golf Course","hole_number":10,"feature_type":"tee_box","name":"hole_10_tee_box_2","feature-color":"#8b7355","is_approximate":true,"source":"osm","@id":"bc3ebdab-2337-4e3a-8194-1cd696f1ab22","osm_id":931870730}},{"type":"Feature","bbox":[-121.9977486,37.9234998,-121.9976134,37.9236125],"geometry":{"type":"Polygon","coordinates":[[[-121.9977486,37.9235892],[-121.9977201,37.9234998],[-121.9976134,37.9235223],[-121.9976515,37.9236125],[-121.9977486,37.9235892]]]},"properties":{"course_id":"boundary_oak_walnut_creek","course_name":"Boundary Oak Golf Course","hole_number":10,"feature_type":"tee_box","name":"hole_10_tee_box_3","feature-color":"#8b7355","is_approximate":true,"source":"osm","@id":"00c6aa09-2e59-4fb3-ad3c-7659f3f5d819","osm_id":931870731}},{"type":"Feature","bbox":[-121.9980801,37.9233315,-121.9979715,37.9233968],"geometry":{"type":"Polygon","coordinates":[[[-121.9980801,37.9233871],[-121.9980744,37.9233315],[-121.9979715,37.9233405],[-121.9979782,37.9233968],[-121.9980801,37.9233871]]]},"properties":{"course_id":"boundary_oak_walnut_creek","course_name":"Boundary Oak Golf Course","hole_number":10,"feature_type":"tee_box","name":"hole_10_tee_box_4","feature-color":"#8b7355","is_approximate":true,"source":"osm","@id":"d8f779ca-aabd-4152-8299-d16592191a05","osm_id":931870732}},{"type":"Feature","bbox":[-122.0011142,37.9229187,-122.0010173,37.9230269],"geometry":{"type":"Polygon","coordinates":[[[-122.0010927,37.9229949],[-122.0011026,37.9229829],[-122.0011114,37.9229724],[-122.0011138,37.9229646],[-122.0011142,37.922956],[-122.0011075,37.9229401],[-122.0010959,37.9229268],[-122.0010899,37.9229221],[-122.0010744,37.9229187],[-122.0010631,37.9229215],[-122.0010451,37.9229296],[-122.0010356,37.9229382],[-122.0010271,37.9229501],[-122.0010215,37.9229651],[-122.001019,37.9229788],[-122.0010173,37.9229968],[-122.0010215,37.9230105],[-122.00103,37.9230191],[-122.0010374,37.9230244],[-122.0010479,37.9230269],[-122.0010592,37.9230246],[-122.0010701,37.9230194],[-122.0010828,37.9230082],[-122.0010927,37.9229949]]]},"properties":{"course_id":"boundary_oak_walnut_creek","course_name":"Boundary Oak Golf Course","hole_number":10,"feature_type":"bunker","name":"hole_10_bunker","feature-color":"#d4b483","is_approximate":true,"source":"osm","@id":"13b79cab-8ec0-41f8-8e5b-d3cf0da18e35","osm_id":931870735}},{"type":"Feature","bbox":[-122.001385,37.9228762,-122.0011705,37.9229847],"geometry":{"type":"Polygon","coordinates":[[[-122.00121,37.9229312],[-122.0012234,37.9229317],[-122.0012374,37.9229287],[-122.0012496,37.9229267],[-122.0012651,37.9229272],[-122.0012801,37.9229324],[-122.0012941,37.92294],[-122.0013068,37.9229493],[-122.0013177,37.9229584],[-122.0013295,37.9229702],[-122.0013408,37.9229788],[-122.0013495,37.922984],[-122.00136,37.9229847],[-122.0013706,37.9229795],[-122.0013803,37.9229744],[-122.001385,37.922969],[-122.001385,37.9229601],[-122.0013837,37.9229508],[-122.0013765,37.9229395],[-122.0013681,37.922929],[-122.0013485,37.9229157],[-122.0013305,37.9229042],[-122.001314,37.9228973],[-122.0012978,37.9228887],[-122.0012838,37.9228835],[-122.0012654,37.9228803],[-122.0012421,37.9228772],[-122.001224,37.9228762],[-122.0012057,37.9228767],[-122.0011898,37.9228803],[-122.0011789,37.9228904],[-122.0011708,37.9228968],[-122.0011705,37.9229064],[-122.0011764,37.9229167],[-122.0011848,37.9229233],[-122.0011963,37.9229287],[-122.00121,37.9229312]]]},"properties":{"course_id":"boundary_oak_walnut_creek","course_name":"Boundary Oak Golf Course","hole_number":10,"feature_type":"bunker","name":"hole_10_bunker_2","feature-color":"#d4b483","is_approximate":true,"source":"osm","@id":"82811abb-3824-46b3-932f-c738b0a348de","osm_id":931870736}},{"type":"Feature","bbox":[-122.001398,37.9231003,-122.0012228,37.9232128],"geometry":{"type":"Polygon","coordinates":[[[-122.0013043,37.9231892],[-122.0013183,37.9231853],[-122.0013389,37.9231811],[-122.0013579,37.9231747],[-122.0013728,37.923162],[-122.0013843,37.9231504],[-122.0013927,37.9231409],[-122.001398,37.9231283],[-122.0013977,37.9231168],[-122.0013946,37.9231048],[-122.0013874,37.9231003],[-122.001379,37.9231028],[-122.0013691,37.9231097],[-122.0013554,37.92312],[-122.0013426,37.92313],[-122.0013336,37.9231372],[-122.0013249,37.9231445],[-122.0013159,37.9231499],[-122.0013053,37.9231548],[-122.0012944,37.9231583],[-122.0012801,37.9231625],[-122.0012632,37.9231661],[-122.0012508,37.9231711],[-122.0012433,37.923175],[-122.0012334,37.923186],[-122.0012243,37.9231963],[-122.0012228,37.9232027],[-122.0012243,37.9232091],[-122.0012337,37.9232128],[-122.0012499,37.9232108],[-122.0012673,37.9232047],[-122.0012819,37.9231971],[-122.0012941,37.9231917],[-122.0013043,37.9231892]]]},"properties":{"course_id":"boundary_oak_walnut_creek","course_name":"Boundary Oak Golf Course","hole_number":10,"feature_type":"bunker","name":"hole_10_bunker_3","feature-color":"#d4b483","is_approximate":true,"source":"osm","@id":"c8c100da-d8c7-4255-8494-19fceebf979e","osm_id":931870737}},{"type":"Feature","bbox":[-122.0011543,37.9231384,-122.0009837,37.9232469],"geometry":{"type":"Polygon","coordinates":[[[-122.0010441,37.923228],[-122.0010672,37.9232359],[-122.0010861,37.9232425],[-122.0011092,37.9232462],[-122.001126,37.9232469],[-122.00114,37.923244],[-122.0011512,37.9232361],[-122.0011543,37.923228],[-122.0011524,37.9232182],[-122.0011487,37.9232128],[-122.0011425,37.9232054],[-122.0011297,37.923203],[-122.0011132,37.9232025],[-122.0010899,37.9231988],[-122.0010771,37.9231936],[-122.0010637,37.9231873],[-122.0010525,37.9231796],[-122.0010416,37.9231703],[-122.0010404,37.9231571],[-122.0010367,37.9231504],[-122.0010282,37.9231428],[-122.0010177,37.9231401],[-122.0010027,37.9231384],[-122.0009934,37.9231384],[-122.0009859,37.9231406],[-122.0009837,37.9231487],[-122.000985,37.9231639],[-122.0009881,37.9231772],[-122.0009962,37.9231897],[-122.001004,37.923201],[-122.0010155,37.9232128],[-122.0010282,37.9232221],[-122.0010441,37.923228]]]},"properties":{"course_id":"boundary_oak_walnut_creek","course_name":"Boundary Oak Golf Course","hole_number":10,"feature_type":"bunker","name":"hole_10_bunker_4","feature-color":"#d4b483","is_approximate":true,"source":"osm","@id":"dc2f2081-6aae-4e05-98b3-8f5f0d175364","osm_id":931870738}},{"type":"Feature","bbox":[-122.0005915,37.922617,-122.000482,37.9226854],"geometry":{"type":"Polygon","coordinates":[[[-122.0005915,37.9226793],[-122.0005877,37.922617],[-122.000482,37.9226177],[-122.0004906,37.9226854],[-122.0005915,37.9226793]]]},"properties":{"course_id":"boundary_oak_walnut_creek","course_name":"Boundary Oak Golf Course","hole_number":10,"feature_type":"tee_box","name":"hole_10_tee_box_5","feature-color":"#8b7355","is_approximate":true,"source":"osm","@id":"9da1b589-75f6-452b-83cf-da9994fedd36","osm_id":931870740}},{"type":"Feature","bbox":[-122.0008573,37.9225411,-122.0007182,37.922644],"geometry":{"type":"Polygon","coordinates":[[[-122.0008573,37.922632],[-122.0008497,37.9225411],[-122.0007182,37.9225524],[-122.0007335,37.922644],[-122.0008573,37.922632]]]},"properties":{"course_id":"boundary_oak_walnut_creek","course_name":"Boundary Oak Golf Course","hole_number":11,"feature_type":"tee_box","name":"hole_11_tee_box","feature-color":"#8b7355","is_approximate":true,"source":"osm","@id":"291a3e81-e53d-45a3-9070-e88638584207","osm_id":931870741}},{"type":"Feature","bbox":[-122.0013611,37.9224412,-122.0012316,37.9225005],"geometry":{"type":"Polygon","coordinates":[[[-122.0013611,37.922493],[-122.0013544,37.9224412],[-122.0012316,37.9224442],[-122.0012402,37.9225005],[-122.0013611,37.922493]]]},"properties":{"course_id":"boundary_oak_walnut_creek","course_name":"Boundary Oak Golf Course","hole_number":11,"feature_type":"tee_box","name":"hole_11_tee_box_2","feature-color":"#8b7355","is_approximate":true,"source":"osm","@id":"5eb6620a-cd90-4847-8cb5-730f1bc90e23","osm_id":931870742}},{"type":"Feature","bbox":[-122.0039218,37.9236244,-122.0038399,37.9237306],"geometry":{"type":"Polygon","coordinates":[[[-122.0039152,37.9237197],[-122.0039157,37.9237023],[-122.0039182,37.9236906],[-122.0039218,37.9236785],[-122.0039198,37.9236616],[-122.0039187,37.9236519],[-122.0039065,37.9236365],[-122.0038937,37.9236293],[-122.0038696,37.9236244],[-122.0038568,37.9236252],[-122.0038476,37.9236285],[-122.0038425,37.9236369],[-122.0038399,37.9236458],[-122.0038435,37.9236535],[-122.0038471,37.9236644],[-122.0038558,37.9236801],[-122.0038604,37.9236947],[-122.003865,37.923708],[-122.0038691,37.9237173],[-122.0038793,37.9237269],[-122.0038875,37.9237306],[-122.0038978,37.9237306],[-122.003909,37.9237282],[-122.0039152,37.9237197]]]},"properties":{"course_id":"boundary_oak_walnut_creek","course_name":"Boundary Oak Golf Course","hole_number":12,"feature_type":"bunker","name":"hole_12_bunker","feature-color":"#d4b483","is_approximate":true,"source":"osm","@id":"66b08093-0941-4a85-a646-8668f9d2b99c","osm_id":931870744}},{"type":"Feature","bbox":[-122.0042299,37.9234367,-122.0041126,37.9236571],"geometry":{"type":"Polygon","coordinates":[[[-122.0041579,37.9234367],[-122.0041126,37.9236465],[-122.0041779,37.9236571],[-122.0042299,37.923449],[-122.0041579,37.9234367]]]},"properties":{"course_id":"boundary_oak_walnut_creek","course_name":"Boundary Oak Golf Course","hole_number":12,"feature_type":"tee_box","name":"hole_12_tee_box","feature-color":"#8b7355","is_approximate":true,"source":"osm","@id":"10873fe2-adab-41bf-a715-61881415b825","osm_id":931870746}},{"type":"Feature","bbox":[-122.0042448,37.9231244,-122.0041482,37.923248],"geometry":{"type":"Polygon","coordinates":[[[-122.0042106,37.923248],[-122.0042448,37.923139],[-122.0041831,37.9231244],[-122.0041482,37.9232357],[-122.0042106,37.923248]]]},"properties":{"course_id":"boundary_oak_walnut_creek","course_name":"Boundary Oak Golf Course","hole_number":12,"feature_type":"tee_box","name":"hole_12_tee_box_2","feature-color":"#8b7355","is_approximate":true,"source":"osm","@id":"f552d230-15de-4db5-8507-594d3f91fa58","osm_id":931870747}},{"type":"Feature","bbox":[-122.0049701,37.9222554,-122.0049053,37.9223299],"geometry":{"type":"Polygon","coordinates":[[[-122.0049063,37.9222554],[-122.0049053,37.9223299],[-122.0049674,37.922329],[-122.0049701,37.9222572],[-122.0049063,37.9222554]]]},"properties":{"course_id":"boundary_oak_walnut_creek","course_name":"Boundary Oak Golf Course","hole_number":12,"feature_type":"tee_box","name":"hole_12_tee_box_3","feature-color":"#8b7355","is_approximate":true,"source":"osm","@id":"265e655e-b2d7-4837-98c0-927c799d91d0","osm_id":931872503}},{"type":"Feature","bbox":[-122.0049923,37.9224304,-122.0049311,37.9226393],"geometry":{"type":"Polygon","coordinates":[[[-122.0049423,37.9224308],[-122.0049311,37.9226383],[-122.0049768,37.9226393],[-122.0049923,37.9224304],[-122.0049423,37.9224308]]]},"properties":{"course_id":"boundary_oak_walnut_creek","course_name":"Boundary Oak Golf Course","hole_number":12,"feature_type":"tee_box","name":"hole_12_tee_box_4","feature-color":"#8b7355","is_approximate":true,"source":"osm","@id":"90a4da80-dd31-42e8-81b9-f4ef94486d17","osm_id":931872504}},{"type":"Feature","bbox":[-122.0049948,37.9228968,-122.0049218,37.9230134],"geometry":{"type":"Polygon","coordinates":[[[-122.0049812,37.9230134],[-122.0049948,37.9228984],[-122.0049327,37.9228968],[-122.0049218,37.9230114],[-122.0049812,37.9230134]]]},"properties":{"course_id":"boundary_oak_walnut_creek","course_name":"Boundary Oak Golf Course","hole_number":13,"feature_type":"tee_box","name":"hole_13_tee_box","feature-color":"#8b7355","is_approximate":true,"source":"osm","@id":"2224556b-2981-4963-964e-1a305ef352d8","osm_id":931872505}},{"type":"Feature","bbox":[-122.0049917,37.9227856,-122.0049358,37.9228677],"geometry":{"type":"Polygon","coordinates":[[[-122.0049899,37.9228677],[-122.0049917,37.9227865],[-122.0049369,37.9227856],[-122.0049358,37.9228659],[-122.0049899,37.9228677]]]},"properties":{"course_id":"boundary_oak_walnut_creek","course_name":"Boundary Oak Golf Course","hole_number":13,"feature_type":"tee_box","name":"hole_13_tee_box_2","feature-color":"#8b7355","is_approximate":true,"source":"osm","@id":"e9e66569-d659-470c-9d59-8f9bb43938ec","osm_id":931872506}},{"type":"Feature","bbox":[-122.004785,37.9256755,-122.0046863,37.9257752],"geometry":{"type":"Polygon","coordinates":[[[-122.0046901,37.9257651],[-122.0046863,37.9257524],[-122.0046876,37.9257373],[-122.0046944,37.9257205],[-122.0047025,37.9257067],[-122.0047088,37.9256933],[-122.0047182,37.9256829],[-122.0047293,37.9256779],[-122.0047412,37.9256755],[-122.0047573,37.9256802],[-122.0047688,37.9256869],[-122.0047786,37.9256963],[-122.0047824,37.9257057],[-122.004785,37.9257161],[-122.0047816,37.9257245],[-122.0047748,37.9257326],[-122.0047637,37.9257356],[-122.0047569,37.9257413],[-122.004748,37.925753],[-122.0047382,37.9257641],[-122.0047297,37.9257688],[-122.0047195,37.9257735],[-122.0047067,37.9257752],[-122.0046957,37.9257705],[-122.0046901,37.9257651]]]},"properties":{"course_id":"boundary_oak_walnut_creek","course_name":"Boundary Oak Golf Course","hole_number":13,"feature_type":"bunker","name":"hole_13_bunker","feature-color":"#d4b483","is_approximate":true,"source":"osm","@id":"9ba263f6-483b-43d1-9f29-63057c4e0865","osm_id":931872507}},{"type":"Feature","bbox":[-122.0051266,37.9258657,-122.0050214,37.9260015],"geometry":{"type":"Polygon","coordinates":[[[-122.0050725,37.9259984],[-122.0050818,37.9259929],[-122.0050914,37.9259845],[-122.0050977,37.9259725],[-122.005102,37.9259607],[-122.0051033,37.9259474],[-122.0051,37.9259361],[-122.0050977,37.9259264],[-122.0050957,37.9259204],[-122.005099,37.9259126],[-122.0051053,37.9259045],[-122.0051133,37.9258987],[-122.0051193,37.9258927],[-122.0051259,37.9258843],[-122.0051266,37.925878],[-122.0051249,37.9258728],[-122.0051223,37.9258691],[-122.0051173,37.9258657],[-122.0051077,37.9258668],[-122.0050937,37.9258704],[-122.0050805,37.9258744],[-122.0050669,37.9258854],[-122.0050589,37.9258956],[-122.0050516,37.9259079],[-122.0050423,37.9259196],[-122.0050347,37.9259293],[-122.0050261,37.9259424],[-122.0050214,37.925956],[-122.0050234,37.9259709],[-122.0050307,37.9259843],[-122.005041,37.9259942],[-122.0050513,37.9260002],[-122.0050622,37.9260015],[-122.0050725,37.9259984]]]},"properties":{"course_id":"boundary_oak_walnut_creek","course_name":"Boundary Oak Golf Course","hole_number":13,"feature_type":"bunker","name":"hole_13_bunker_2","feature-color":"#d4b483","is_approximate":true,"source":"osm","@id":"7f96e784-6fc7-4d71-bcd6-4cf44e8de069","osm_id":931872508}},{"type":"Feature","bbox":[-122.0053736,37.9257275,-122.0053231,37.9257932],"geometry":{"type":"Polygon","coordinates":[[[-122.0053346,37.9257932],[-122.0053231,37.9257343],[-122.0053606,37.9257275],[-122.0053736,37.9257879],[-122.0053346,37.9257932]]]},"properties":{"course_id":"boundary_oak_walnut_creek","course_name":"Boundary Oak Golf Course","hole_number":13,"feature_type":"tee_box","name":"hole_13_tee_box_3","feature-color":"#8b7355","is_approximate":true,"source":"osm","@id":"45f4d7f9-930d-439c-a790-6c537880822f","osm_id":931872511}},{"type":"Feature","bbox":[-122.0054162,37.9258379,-122.005354,37.9259403],"geometry":{"type":"Polygon","coordinates":[[[-122.0053998,37.9259403],[-122.0054162,37.9258426],[-122.0053687,37.9258379],[-122.005354,37.9259355],[-122.0053998,37.9259403]]]},"properties":{"course_id":"boundary_oak_walnut_creek","course_name":"Boundary Oak Golf Course","hole_number":13,"feature_type":"tee_box","name":"hole_13_tee_box_4","feature-color":"#8b7355","is_approximate":true,"source":"osm","@id":"807522cb-c628-4473-b8ee-d5cfd9e55cfc","osm_id":931872512}},{"type":"Feature","bbox":[-122.0055078,37.9259732,-122.0054134,37.9261042],"geometry":{"type":"Polygon","coordinates":[[[-122.0054885,37.9261042],[-122.0055078,37.9259817],[-122.0054306,37.9259732],[-122.0054134,37.926097],[-122.0054885,37.9261042]]]},"properties":{"course_id":"boundary_oak_walnut_creek","course_name":"Boundary Oak Golf Course","hole_number":14,"feature_type":"tee_box","name":"hole_14_tee_box","feature-color":"#8b7355","is_approximate":true,"source":"osm","@id":"cf67b14d-a051-4829-ad79-e3dbcc9ec1e9","osm_id":931872513}},{"type":"Feature","bbox":[-122.0055491,37.926464,-122.0054586,37.9265764],"geometry":{"type":"Polygon","coordinates":[[[-122.0055115,37.9265764],[-122.0055491,37.9264753],[-122.0054926,37.926464],[-122.0054586,37.9265616],[-122.0055115,37.9265764]]]},"properties":{"course_id":"boundary_oak_walnut_creek","course_name":"Boundary Oak Golf Course","hole_number":14,"feature_type":"tee_box","name":"hole_14_tee_box_2","feature-color":"#8b7355","is_approximate":true,"source":"osm","@id":"bff972d0-c14d-4840-b385-95dccbc5d254","osm_id":931872514}},{"type":"Feature","bbox":[-122.0041253,37.929098,-122.0040131,37.9292111],"geometry":{"type":"Polygon","coordinates":[[[-122.0040411,37.9292111],[-122.004026,37.9292026],[-122.0040131,37.9291771],[-122.0040153,37.9291456],[-122.0040228,37.9291235],[-122.0040465,37.9291057],[-122.0040692,37.929098],[-122.0040972,37.9290997],[-122.0041145,37.9291091],[-122.0041253,37.9291244],[-122.0041231,37.9291448],[-122.0041156,37.9291626],[-122.0040994,37.9291865],[-122.004081,37.9292026],[-122.0040606,37.9292094],[-122.0040411,37.9292111]]]},"properties":{"course_id":"boundary_oak_walnut_creek","course_name":"Boundary Oak Golf Course","hole_number":14,"feature_type":"bunker","name":"hole_14_bunker","feature-color":"#d4b483","is_approximate":true,"source":"osm","@id":"80691d0f-09ca-40e1-bab9-ce8727b1f7fa","osm_id":931872516}},{"type":"Feature","bbox":[-122.0033507,37.9296633,-122.0031959,37.9297368],"geometry":{"type":"Polygon","coordinates":[[[-122.0032057,37.9297295],[-122.0031965,37.9297135],[-122.0031959,37.929698],[-122.0032057,37.9296809],[-122.0032234,37.9296706],[-122.0032411,37.9296643],[-122.003268,37.9296633],[-122.003287,37.9296674],[-122.00331,37.9296804],[-122.0033284,37.9296881],[-122.0033441,37.9296975],[-122.0033507,37.9297068],[-122.0033467,37.9297202],[-122.0033349,37.9297306],[-122.0033126,37.9297358],[-122.0032982,37.9297337],[-122.0032779,37.9297306],[-122.0032549,37.9297332],[-122.0032359,37.9297363],[-122.0032234,37.9297368],[-122.0032149,37.9297342],[-122.0032057,37.9297295]]]},"properties":{"course_id":"boundary_oak_walnut_creek","course_name":"Boundary Oak Golf Course","hole_number":14,"feature_type":"bunker","name":"hole_14_bunker_2","feature-color":"#d4b483","is_approximate":true,"source":"osm","@id":"63395c21-ba9e-40ab-bc9d-7260a53345b0","osm_id":931872517}},{"type":"Feature","bbox":[-122.0027187,37.9297597,-122.0026163,37.9298385],"geometry":{"type":"Polygon","coordinates":[[[-122.0026735,37.9298385],[-122.0027187,37.9297955],[-122.0026613,37.9297597],[-122.0026163,37.9297998],[-122.0026735,37.9298385]]]},"properties":{"course_id":"boundary_oak_walnut_creek","course_name":"Boundary Oak Golf Course","hole_number":15,"feature_type":"tee_box","name":"hole_15_tee_box","feature-color":"#8b7355","is_approximate":true,"source":"osm","@id":"4b9279f3-cb83-43d8-b0c4-13ba1d743301","osm_id":931872519}},{"type":"Feature","bbox":[-122.0027891,37.9296699,-122.0026632,37.9297694],"geometry":{"type":"Polygon","coordinates":[[[-122.0027284,37.9297694],[-122.0027891,37.9297107],[-122.0027249,37.9296699],[-122.0026632,37.9297316],[-122.0027284,37.9297694]]]},"properties":{"course_id":"boundary_oak_walnut_creek","course_name":"Boundary Oak Golf Course","hole_number":15,"feature_type":"tee_box","name":"hole_15_tee_box_2","feature-color":"#8b7355","is_approximate":true,"source":"osm","@id":"de9e0908-697c-4d5d-b25d-43252eda4c96","osm_id":931872520}},{"type":"Feature","bbox":[-122.0028571,37.9295294,-122.0027163,37.9296537],"geometry":{"type":"Polygon","coordinates":[[[-122.00278,37.9296537],[-122.0028571,37.9295755],[-122.0027933,37.9295294],[-122.0027163,37.9296116],[-122.00278,37.9296537]]]},"properties":{"course_id":"boundary_oak_walnut_creek","course_name":"Boundary Oak Golf Course","hole_number":15,"feature_type":"tee_box","name":"hole_15_tee_box_3","feature-color":"#8b7355","is_approximate":true,"source":"osm","@id":"f9f8a12d-e649-48d0-bef0-bd8df5c7c7c0","osm_id":931872521}},{"type":"Feature","bbox":[-122.0045883,37.9264496,-122.004444,37.9265817],"geometry":{"type":"Polygon","coordinates":[[[-122.004444,37.9265748],[-122.0044458,37.9265607],[-122.0044527,37.9265456],[-122.0044603,37.9265342],[-122.0044649,37.9265163],[-122.0044782,37.9265086],[-122.0044956,37.9265058],[-122.0045118,37.9264953],[-122.0045275,37.9264807],[-122.0045385,37.9264647],[-122.0045506,37.926451],[-122.004564,37.9264496],[-122.0045756,37.9264565],[-122.0045883,37.9264674],[-122.0045877,37.9264807],[-122.0045848,37.9265049],[-122.0045808,37.9265154],[-122.0045715,37.9265282],[-122.0045628,37.9265351],[-122.0045437,37.9265442],[-122.0045275,37.9265524],[-122.0045165,37.9265602],[-122.0045055,37.9265671],[-122.0044985,37.9265748],[-122.0044829,37.9265799],[-122.0044626,37.9265817],[-122.0044533,37.9265794],[-122.004444,37.9265748]]]},"properties":{"course_id":"boundary_oak_walnut_creek","course_name":"Boundary Oak Golf Course","hole_number":15,"feature_type":"bunker","name":"hole_15_bunker","feature-color":"#d4b483","is_approximate":true,"source":"osm","@id":"7d241302-fdf8-4795-bf1a-972b27683f79","osm_id":931872523}},{"type":"Feature","bbox":[-122.0048681,37.9264862,-122.0047662,37.9266518],"geometry":{"type":"Polygon","coordinates":[[[-122.0048392,37.9266512],[-122.0048484,37.9266406],[-122.0048519,37.9266301],[-122.0048618,37.9266178],[-122.004867,37.9266027],[-122.0048681,37.9265885],[-122.0048629,37.9265725],[-122.0048525,37.9265552],[-122.0048531,37.9265424],[-122.0048571,37.9265246],[-122.0048571,37.9265122],[-122.0048508,37.9265013],[-122.0048432,37.926493],[-122.0048247,37.9264889],[-122.0048056,37.9264871],[-122.0047882,37.9264862],[-122.0047691,37.9264912],[-122.0047662,37.9265049],[-122.0047708,37.9265195],[-122.0047882,37.9265314],[-122.0047963,37.9265442],[-122.0048038,37.9265629],[-122.0048056,37.926578],[-122.0048033,37.9265917],[-122.0047992,37.9266064],[-122.0047969,37.9266187],[-122.0048009,37.9266352],[-122.0048119,37.9266475],[-122.0048192,37.9266513],[-122.0048301,37.9266518],[-122.0048392,37.9266512]]]},"properties":{"course_id":"boundary_oak_walnut_creek","course_name":"Boundary Oak Golf Course","hole_number":15,"feature_type":"bunker","name":"hole_15_bunker_2","feature-color":"#d4b483","is_approximate":true,"source":"osm","@id":"d1b1494a-03e9-468b-98df-0079b79bf7cd","osm_id":931872524}},{"type":"Feature","bbox":[-122.0047802,37.9261988,-122.0046886,37.9262792],"geometry":{"type":"Polygon","coordinates":[[[-122.0047802,37.9262602],[-122.0047347,37.9261988],[-122.0046886,37.9262178],[-122.0047373,37.9262792],[-122.0047802,37.9262602]]]},"properties":{"course_id":"boundary_oak_walnut_creek","course_name":"Boundary Oak Golf Course","hole_number":16,"feature_type":"tee_box","name":"hole_16_tee_box","feature-color":"#8b7355","is_approximate":true,"source":"osm","@id":"b5ac27fb-efcb-4cb6-b2a8-0912a9d4376a","osm_id":931873802}},{"type":"Feature","bbox":[-122.0046999,37.9260168,-122.0045096,37.9262089],"geometry":{"type":"Polygon","coordinates":[[[-122.0046999,37.9261827],[-122.0045669,37.9260168],[-122.0045096,37.9260414],[-122.0046411,37.9262089],[-122.0046999,37.9261827]]]},"properties":{"course_id":"boundary_oak_walnut_creek","course_name":"Boundary Oak Golf Course","hole_number":16,"feature_type":"tee_box","name":"hole_16_tee_box_2","feature-color":"#8b7355","is_approximate":true,"source":"osm","@id":"a250d8cb-f8e5-4d38-9440-08f366a410d0","osm_id":931873803}},{"type":"Feature","bbox":[-122.0033344,37.9244752,-122.0032085,37.9245737],"geometry":{"type":"Polygon","coordinates":[[[-122.0033319,37.9245689],[-122.0033344,37.9245608],[-122.0033257,37.9245406],[-122.0033139,37.9245253],[-122.0032873,37.9245035],[-122.0032633,37.9244837],[-122.0032449,37.9244777],[-122.0032305,37.9244752],[-122.0032218,37.9244756],[-122.0032131,37.9244829],[-122.0032085,37.924493],[-122.0032101,37.9245087],[-122.0032142,37.9245216],[-122.0032244,37.9245354],[-122.0032362,37.9245499],[-122.0032561,37.9245632],[-122.0032753,37.9245705],[-122.0032973,37.9245734],[-122.0033185,37.9245737],[-122.0033319,37.9245689]]]},"properties":{"course_id":"boundary_oak_walnut_creek","course_name":"Boundary Oak Golf Course","hole_number":16,"feature_type":"bunker","name":"hole_16_bunker","feature-color":"#d4b483","is_approximate":true,"source":"osm","@id":"97b12a47-3cc9-4752-a2d8-2546155149f2","osm_id":931873804}},{"type":"Feature","bbox":[-122.0024943,37.9232002,-122.0024224,37.9233272],"geometry":{"type":"Polygon","coordinates":[[[-122.0024706,37.92332],[-122.0024812,37.9233145],[-122.002489,37.9233017],[-122.0024925,37.9232855],[-122.0024943,37.9232728],[-122.0024921,37.9232602],[-122.0024893,37.9232466],[-122.002484,37.9232333],[-122.0024802,37.923221],[-122.0024742,37.9232116],[-122.0024654,37.9232046],[-122.0024523,37.9232002],[-122.0024417,37.9232021],[-122.0024358,37.9232085],[-122.0024347,37.9232202],[-122.0024358,37.9232358],[-122.0024393,37.9232466],[-122.0024417,37.9232591],[-122.0024435,37.9232697],[-122.0024432,37.9232772],[-122.0024375,37.9232847],[-122.0024322,37.9232911],[-122.0024248,37.9232983],[-122.0024224,37.9233092],[-122.0024266,37.9233178],[-122.002435,37.9233245],[-122.0024484,37.9233272],[-122.0024632,37.923325],[-122.0024706,37.92332]]]},"properties":{"course_id":"boundary_oak_walnut_creek","course_name":"Boundary Oak Golf Course","hole_number":16,"feature_type":"bunker","name":"hole_16_bunker_2","feature-color":"#d4b483","is_approximate":true,"source":"osm","@id":"ebc7c12e-7410-4936-9985-535567639a6b","osm_id":931873805}},{"type":"Feature","bbox":[-122.0040957,37.9231905,-122.0021695,37.9252803],"geometry":{"type":"Polygon","coordinates":[[[-122.002538,37.9233803],[-122.0025467,37.9234052],[-122.0025467,37.9234322],[-122.0025391,37.923457],[-122.0025147,37.9234763],[-122.0024751,37.9234943],[-122.0024208,37.9235033],[-122.0023627,37.9234986],[-122.0023078,37.9234827],[-122.0022639,37.9234591],[-122.0022259,37.9234245],[-122.0022063,37.9233838],[-122.0021982,37.9233482],[-122.0022041,37.9233084],[-122.002215,37.923278],[-122.0022373,37.9232484],[-122.0022704,37.9232334],[-122.00231,37.9232262],[-122.0023496,37.9232287],[-122.0023811,37.9232407],[-122.0024034,37.9232523],[-122.0024137,37.9232776],[-122.0024294,37.9232608],[-122.0024273,37.9232298],[-122.0024149,37.9232169],[-122.0023923,37.9232022],[-122.0023366,37.9231905],[-122.0022925,37.9231955],[-122.0022642,37.9232038],[-122.0022397,37.9232185],[-122.0022118,37.9232456],[-122.0021835,37.923294],[-122.0021695,37.9233275],[-122.0021715,37.9233491],[-122.0021763,37.9233769],[-122.0021866,37.9234025],[-122.0021997,37.9234277],[-122.0022184,37.9234521],[-122.0022402,37.9234732],[-122.0022621,37.9234931],[-122.0023231,37.9235599],[-122.0023942,37.9236426],[-122.0024464,37.9237044],[-122.0025832,37.9238595],[-122.0026716,37.9239615],[-122.0027288,37.9240347],[-122.0027994,37.9241103],[-122.0029475,37.9242497],[-122.0030085,37.9243068],[-122.0030799,37.9243466],[-122.0031399,37.9243662],[-122.0032133,37.9243707],[-122.0032961,37.9243857],[-122.0033428,37.9244067],[-122.0033856,37.9244548],[-122.0034199,37.9245089],[-122.003438,37.924572],[-122.0034304,37.9246306],[-122.0034171,37.9246892],[-122.0034797,37.9248025],[-122.0035423,37.9248739],[-122.0036691,37.9250359],[-122.0037995,37.9252129],[-122.0038312,37.9252533],[-122.003865,37.9252759],[-122.0039003,37.9252803],[-122.0039371,37.9252779],[-122.0039765,37.9252694],[-122.0040236,37.9252521],[-122.0040487,37.9252331],[-122.0040743,37.9252073],[-122.0040957,37.9251822],[-122.0040721,37.9251089],[-122.0040505,37.9250578],[-122.0040268,37.924994],[-122.0039847,37.924903],[-122.0039481,37.9248111],[-122.0039189,37.9247439],[-122.0038758,37.9246835],[-122.0038062,37.9245622],[-122.0037544,37.9244493],[-122.0037133,37.9243821],[-122.0035565,37.9243444],[-122.0033954,37.9242034],[-122.0033016,37.9241226],[-122.0031211,37.9239785],[-122.00301,37.9238799],[-122.0029323,37.9238016],[-122.0028191,37.9237021],[-122.002722,37.9236204],[-122.0026785,37.9235868],[-122.0026489,37.923561],[-122.0026207,37.9235413],[-122.0026004,37.923519],[-122.0025807,37.9234885],[-122.0025717,37.9234658],[-122.0025706,37.9234435],[-122.0025681,37.9234096],[-122.0025554,37.9233861],[-122.002538,37.9233803]]]},"properties":{"course_id":"boundary_oak_walnut_creek","course_name":"Boundary Oak Golf Course","hole_number":16,"feature_type":"fairway","name":"hole_16_fairway","feature-color":"#4a7c3f","is_approximate":true,"source":"osm","@id":"f79b9ff6-9bde-48b8-a31a-41a51199e016","osm_id":931873807}},{"type":"Feature","bbox":[-122.0017757,37.9230783,-122.0017121,37.9231461],"geometry":{"type":"Polygon","coordinates":[[[-122.0017252,37.9231461],[-122.0017121,37.923083],[-122.00176,37.9230783],[-122.0017757,37.9231389],[-122.0017252,37.9231461]]]},"properties":{"course_id":"boundary_oak_walnut_creek","course_name":"Boundary Oak Golf Course","hole_number":10,"feature_type":"tee_box","name":"hole_10_tee_box_6","feature-color":"#8b7355","is_approximate":true,"source":"osm","@id":"d51b9688-4a0f-4cfc-a01b-16b443952f4a","osm_id":931873808}},{"type":"Feature","bbox":[-122.0019528,37.923233,-122.0017934,37.9234814],"geometry":{"type":"Polygon","coordinates":[[[-122.0019528,37.923468],[-122.0018551,37.923233],[-122.0017934,37.9232465],[-122.0018886,37.9234814],[-122.0019528,37.923468]]]},"properties":{"course_id":"boundary_oak_walnut_creek","course_name":"Boundary Oak Golf Course","hole_number":17,"feature_type":"tee_box","name":"hole_17_tee_box","feature-color":"#8b7355","is_approximate":true,"source":"osm","@id":"d83c6156-4b25-4d04-bb7e-3234a07421dc","osm_id":931873809}},{"type":"Feature","bbox":[-122.001977,37.923495,-122.0018668,37.9235871],"geometry":{"type":"Polygon","coordinates":[[[-122.001977,37.9235705],[-122.0019508,37.923495],[-122.0018668,37.9235105],[-122.0018891,37.9235871],[-122.001977,37.9235705]]]},"properties":{"course_id":"boundary_oak_walnut_creek","course_name":"Boundary Oak Golf Course","hole_number":17,"feature_type":"tee_box","name":"hole_17_tee_box_2","feature-color":"#8b7355","is_approximate":true,"source":"osm","@id":"a1b99254-0361-41eb-b3bb-b558bfb58f20","osm_id":931873810}},{"type":"Feature","bbox":[-122.0020203,37.9236306,-122.0018904,37.9237387],"geometry":{"type":"Polygon","coordinates":[[[-122.0020203,37.9237222],[-122.0019842,37.9236306],[-122.0018904,37.9236508],[-122.0019206,37.9237387],[-122.0020203,37.9237222]]]},"properties":{"course_id":"boundary_oak_walnut_creek","course_name":"Boundary Oak Golf Course","hole_number":17,"feature_type":"tee_box","name":"hole_17_tee_box_3","feature-color":"#8b7355","is_approximate":true,"source":"osm","@id":"9b4b766a-f6d1-4a01-b90b-b08140df8266","osm_id":931873811}},{"type":"Feature","bbox":[-122.0024227,37.9246991,-122.0023256,37.9248609],"geometry":{"type":"Polygon","coordinates":[[[-122.0023504,37.9248473],[-122.0023491,37.9248292],[-122.0023436,37.9248128],[-122.0023355,37.924791],[-122.0023269,37.9247757],[-122.002326,37.9247532],[-122.0023256,37.9247269],[-122.0023256,37.9247076],[-122.0023301,37.9247012],[-122.00234,37.9246991],[-122.0023595,37.9247016],[-122.0023789,37.924709],[-122.0023915,37.9247229],[-122.0024001,37.9247436],[-122.0024047,37.9247643],[-122.0024092,37.924785],[-122.0024128,37.9248067],[-122.0024227,37.9248228],[-122.0024187,37.9248399],[-122.0024105,37.9248506],[-122.0023915,37.9248584],[-122.0023748,37.9248609],[-122.0023644,37.9248609],[-122.0023563,37.9248559],[-122.0023504,37.9248473]]]},"properties":{"course_id":"boundary_oak_walnut_creek","course_name":"Boundary Oak Golf Course","hole_number":17,"feature_type":"bunker","name":"hole_17_bunker","feature-color":"#d4b483","is_approximate":true,"source":"osm","@id":"7459f238-1f52-4228-9d9f-3a7288589916","osm_id":931873812}},{"type":"Feature","bbox":[-122.0027223,37.9240447,-122.0020084,37.9250199],"geometry":{"type":"Polygon","coordinates":[[[-122.0025911,37.9246678],[-122.002552,37.9246691],[-122.0025178,37.9246712],[-122.0024934,37.9246785],[-122.0024673,37.9247008],[-122.0024527,37.9247226],[-122.0024456,37.9247432],[-122.002438,37.9247719],[-122.0024369,37.9248044],[-122.0024391,37.9248348],[-122.0024451,37.9248699],[-122.0024499,37.9248995],[-122.002463,37.9249235],[-122.0024918,37.924947],[-122.0025384,37.9249667],[-122.0025857,37.9249607],[-122.0026275,37.92495],[-122.0026655,37.9249372],[-122.0026948,37.9249093],[-122.002704,37.9248836],[-122.0027062,37.9248532],[-122.0027212,37.9248949],[-122.0027223,37.9249267],[-122.0027119,37.924958],[-122.0026988,37.9249819],[-122.0026831,37.9249979],[-122.0026661,37.925008],[-122.0026427,37.9250176],[-122.0026209,37.9250195],[-122.0025971,37.9250199],[-122.0025704,37.9250142],[-122.0025376,37.9249982],[-122.0024919,37.9249713],[-122.00247,37.9249484],[-122.0024443,37.9249175],[-122.0024345,37.9248958],[-122.0024265,37.9248699],[-122.0024257,37.9248136],[-122.0024188,37.9247895],[-122.0024143,37.9247656],[-122.0024079,37.9247428],[-122.002397,37.9247169],[-122.0023794,37.924703],[-122.0023505,37.9246914],[-122.0023258,37.9246766],[-122.0023043,37.9246586],[-122.0022465,37.924603],[-122.0022084,37.9245639],[-122.0021741,37.9245159],[-122.002135,37.9244452],[-122.0020931,37.9243679],[-122.0020474,37.9242837],[-122.002016,37.9242183],[-122.0020084,37.9241951],[-122.0020131,37.9241612],[-122.0020312,37.924135],[-122.0020579,37.9241034],[-122.0020994,37.9240798],[-122.0021298,37.9240664],[-122.0021796,37.92405],[-122.002216,37.9240447],[-122.0022628,37.92405],[-122.0023133,37.9240611],[-122.0023505,37.9240716],[-122.0023787,37.9240904],[-122.0024039,37.9241162],[-122.002424,37.9241595],[-122.0024448,37.9242111],[-122.0024604,37.9242668],[-122.0024723,37.9243342],[-122.0024847,37.9244193],[-122.0024869,37.9244832],[-122.0024906,37.9245389],[-122.0024995,37.9245828],[-122.0025084,37.9246203],[-122.0025211,37.9246408],[-122.0025352,37.9246496],[-122.0025468,37.9246561],[-122.0025612,37.924661],[-122.0025911,37.9246678]]]},"properties":{"course_id":"boundary_oak_walnut_creek","course_name":"Boundary Oak Golf Course","hole_number":17,"feature_type":"fairway","name":"hole_17_fairway","feature-color":"#4a7c3f","is_approximate":true,"source":"osm","@id":"8bd820e3-6894-4747-b72b-782f59067180","osm_id":931873814}},{"type":"Feature","bbox":[-122.0021117,37.9249612,-122.0019736,37.9250679],"geometry":{"type":"Polygon","coordinates":[[[-122.0020488,37.9250679],[-122.0021117,37.9250191],[-122.002026,37.9249612],[-122.0019736,37.9250048],[-122.0020488,37.9250679]]]},"properties":{"course_id":"boundary_oak_walnut_creek","course_name":"Boundary Oak Golf Course","hole_number":18,"feature_type":"tee_box","name":"hole_18_tee_box_3","feature-color":"#8b7355","is_approximate":true,"source":"osm","@id":"72d2987d-be1c-4f7d-9ee0-f4552faf7141","osm_id":931873815}},{"type":"Feature","bbox":[-122.0025885,37.9251955,-122.0023552,37.9253563],"geometry":{"type":"Polygon","coordinates":[[[-122.0023552,37.9252389],[-122.0024062,37.9251955],[-122.0025885,37.9253201],[-122.0025409,37.9253563],[-122.0023552,37.9252389]]]},"properties":{"course_id":"boundary_oak_walnut_creek","course_name":"Boundary Oak Golf Course","hole_number":7,"feature_type":"tee_box","name":"hole_7_tee_box_3","feature-color":"#8b7355","is_approximate":true,"source":"osm","@id":"6b334111-1c99-4de6-9e2c-60aef3a40903","osm_id":931873816}},{"type":"Feature","bbox":[-122.0027253,37.9253896,-122.0026248,37.9254555],"geometry":{"type":"Polygon","coordinates":[[[-122.0027253,37.9254213],[-122.0026805,37.9253896],[-122.0026248,37.9254263],[-122.0026721,37.9254555],[-122.0027253,37.9254213]]]},"properties":{"course_id":"boundary_oak_walnut_creek","course_name":"Boundary Oak Golf Course","hole_number":7,"feature_type":"tee_box","name":"hole_7_tee_box_4","feature-color":"#8b7355","is_approximate":true,"source":"osm","@id":"1103a29d-8822-48d1-b489-4c88510902c1","osm_id":931873817}},{"type":"Feature","bbox":[-122.0007507,37.9242413,-122.0006601,37.924305],"geometry":{"type":"Polygon","coordinates":[[[-122.000696,37.924288],[-122.0006851,37.924283],[-122.0006731,37.9242783],[-122.0006661,37.9242727],[-122.0006619,37.9242661],[-122.0006601,37.9242566],[-122.0006643,37.9242491],[-122.0006735,37.9242427],[-122.0006865,37.9242413],[-122.0006975,37.9242449],[-122.0007094,37.9242533],[-122.0007228,37.9242616],[-122.0007355,37.9242697],[-122.0007461,37.9242789],[-122.0007507,37.9242872],[-122.0007486,37.9242944],[-122.000744,37.9243014],[-122.0007362,37.924305],[-122.0007253,37.9243047],[-122.0007165,37.9243028],[-122.0007084,37.9242969],[-122.0007017,37.9242911],[-122.000696,37.924288]]]},"properties":{"course_id":"boundary_oak_walnut_creek","course_name":"Boundary Oak Golf Course","hole_number":18,"feature_type":"bunker","name":"hole_18_bunker","feature-color":"#d4b483","is_approximate":true,"source":"osm","@id":"d6a09271-d253-4617-88b4-01bcddc637da","osm_id":931873818}},{"type":"Feature","bbox":[-122.000627,37.9241237,-122.000542,37.9242038],"geometry":{"type":"Polygon","coordinates":[[[-122.0005477,37.9241857],[-122.0005427,37.9241707],[-122.000542,37.9241551],[-122.0005441,37.9241407],[-122.0005508,37.9241298],[-122.0005632,37.9241246],[-122.0005748,37.9241237],[-122.0005907,37.9241296],[-122.0006083,37.9241396],[-122.000615,37.9241451],[-122.0006217,37.9241532],[-122.0006238,37.9241643],[-122.000627,37.9241785],[-122.000627,37.9241893],[-122.0006167,37.9241977],[-122.0006037,37.9242021],[-122.0005893,37.9242038],[-122.0005797,37.9242032],[-122.0005667,37.924201],[-122.0005572,37.9241966],[-122.0005477,37.9241857]]]},"properties":{"course_id":"boundary_oak_walnut_creek","course_name":"Boundary Oak Golf Course","hole_number":18,"feature_type":"bunker","name":"hole_18_bunker_2","feature-color":"#d4b483","is_approximate":true,"source":"osm","@id":"fac73cd0-901d-49a3-9b10-f5924bc439be","osm_id":931873819}},{"type":"Feature","bbox":[-121.9979474,37.9237574,-121.9977986,37.9238305],"geometry":{"type":"Polygon","coordinates":[[[-121.9978161,37.9238295],[-121.9978257,37.9238305],[-121.997846,37.9238248],[-121.997862,37.9238195],[-121.9978756,37.9238169],[-121.9978983,37.9238157],[-121.9979171,37.9238138],[-121.9979283,37.9238106],[-121.9979406,37.9238021],[-121.9979462,37.9237924],[-121.9979474,37.9237833],[-121.9979446,37.9237751],[-121.9979386,37.9237685],[-121.9979286,37.9237631],[-121.9979195,37.9237609],[-121.9979039,37.9237596],[-121.9978895,37.9237574],[-121.9978776,37.9237622],[-121.9978656,37.9237722],[-121.9978532,37.9237829],[-121.9978436,37.9237877],[-121.9978289,37.9237936],[-121.9978201,37.9237996],[-121.9978105,37.923804],[-121.9978021,37.92381],[-121.9977986,37.9238176],[-121.9978013,37.9238245],[-121.9978093,37.9238295],[-121.9978161,37.9238295]]]},"properties":{"course_id":"boundary_oak_walnut_creek","course_name":"Boundary Oak Golf Course","hole_number":18,"feature_type":"bunker","name":"hole_18_bunker_3","feature-color":"#d4b483","is_approximate":true,"source":"osm","@id":"00ff3de8-8cad-4fa5-ae6e-ad592514a62c","osm_id":931873820}},{"type":"Feature","bbox":[-121.9981428,37.9240294,-121.9980135,37.9241083],"geometry":{"type":"Polygon","coordinates":[[[-121.9980177,37.9240972],[-121.9980135,37.92409],[-121.998018,37.9240769],[-121.9980251,37.9240666],[-121.9980367,37.9240552],[-121.9980483,37.9240455],[-121.9980628,37.9240366],[-121.9980822,37.9240338],[-121.9981069,37.9240305],[-121.9981287,37.9240294],[-121.9981379,37.9240361],[-121.9981417,37.9240438],[-121.9981428,37.9240502],[-121.9981389,37.9240594],[-121.9981347,37.9240669],[-121.9981273,37.9240766],[-121.99811,37.9240894],[-121.9980924,37.9241031],[-121.9980801,37.9241083],[-121.9980663,37.9241067],[-121.9980589,37.9241022],[-121.9980536,37.9240981],[-121.9980409,37.9241],[-121.9980286,37.9241008],[-121.9980177,37.9240972]]]},"properties":{"course_id":"boundary_oak_walnut_creek","course_name":"Boundary Oak Golf Course","hole_number":18,"feature_type":"bunker","name":"hole_18_bunker_4","feature-color":"#d4b483","is_approximate":true,"source":"osm","@id":"98ba5111-1613-4ea2-9ab8-71a25d35b672","osm_id":931873821}},{"type":"Feature","bbox":[-122.0016523,37.9237685,-121.9989302,37.9247046],"geometry":{"type":"Polygon","coordinates":[[[-122.0013674,37.9246675],[-122.001402,37.924685],[-122.0014545,37.9247002],[-122.001514,37.9247046],[-122.0015845,37.9246806],[-122.0016329,37.9246293],[-122.0016523,37.9245737],[-122.0016274,37.9245268],[-122.0015569,37.9244592],[-122.0014919,37.9244003],[-122.0014338,37.924337],[-122.0013785,37.9242694],[-122.0013011,37.9241963],[-122.0012264,37.92412],[-122.0011448,37.9240534],[-122.0010854,37.9240033],[-122.0010135,37.9239749],[-122.0008973,37.9239313],[-122.0007798,37.9238887],[-122.0006595,37.9238582],[-122.0005489,37.9238298],[-122.0004745,37.9238181],[-122.0002964,37.9237977],[-122.0000792,37.9237834],[-121.9999382,37.9237797],[-121.9997706,37.9237751],[-121.9995827,37.923775],[-121.999378,37.9237685],[-121.9992658,37.9237693],[-121.9991647,37.9237716],[-121.9990501,37.9237784],[-121.9989302,37.9237841],[-121.9989494,37.9238267],[-121.9989639,37.9238578],[-121.9989783,37.9238973],[-121.9989875,37.9239311],[-121.9989981,37.9239581],[-121.9990462,37.9239448],[-121.9990751,37.9239391],[-121.9991209,37.9239308],[-121.9991729,37.9239285],[-121.9992157,37.9239289],[-121.9992576,37.9239304],[-121.9993082,37.923933],[-121.9993689,37.9239361],[-121.999432,37.9239399],[-121.9995475,37.9239484],[-121.9996933,37.9239566],[-121.9998299,37.9239689],[-121.9999587,37.9239812],[-122.0001184,37.9239945],[-122.0002321,37.9240017],[-122.0003428,37.9240162],[-122.0004402,37.924033],[-122.0005427,37.924053],[-122.0006188,37.924081],[-122.0007214,37.9241435],[-122.0008042,37.9242084],[-122.0008996,37.92428],[-122.0010352,37.9243915],[-122.0011605,37.9244976],[-122.0012766,37.9245946],[-122.0013674,37.9246675]]]},"properties":{"course_id":"boundary_oak_walnut_creek","course_name":"Boundary Oak Golf Course","hole_number":18,"feature_type":"fairway","name":"hole_18_fairway","feature-color":"#4a7c3f","is_approximate":true,"source":"osm","@id":"0bbbeb47-f0dc-4ba8-b361-61d50189137e","osm_id":931873824}},{"type":"Feature","bbox":[-121.9990386,37.9273128,-121.9987793,37.9275928],"geometry":{"type":"Polygon","coordinates":[[[-121.9988826,37.927314],[-121.9988608,37.9273128],[-121.9988304,37.9273162],[-121.9988076,37.927323],[-121.9987951,37.9273359],[-121.9987853,37.9273501],[-121.9987809,37.9273711],[-121.9987793,37.9273972],[-121.9987836,37.9274195],[-121.9987891,37.9274448],[-121.9987918,37.9274697],[-121.9987929,37.9274907],[-121.9987934,37.9275134],[-121.9988141,37.9275503],[-121.9988337,37.9275683],[-121.9988608,37.9275838],[-121.9988761,37.9275902],[-121.9988956,37.9275928],[-121.9989272,37.9275915],[-121.9989582,37.9275829],[-121.9989815,37.9275666],[-121.9990087,37.9275409],[-121.9990267,37.9275143],[-121.9990386,37.9274851],[-121.9990359,37.9274534],[-121.9990321,37.9274303],[-121.9990212,37.9273968],[-121.9989978,37.9273702],[-121.9989707,37.9273518],[-121.9989429,37.9273342],[-121.9989147,37.9273222],[-121.9988826,37.927314]]]},"properties":{"course_id":"boundary_oak_walnut_creek","course_name":"Boundary Oak Golf Course","hole_number":1,"feature_type":"green","name":"hole_1_green","feature-color":"#2d6e2d","is_approximate":true,"source":"osm","@id":"2b5ee008-0ee1-43dc-943a-d52c2a5a8f1a","osm_id":931893334}},{"type":"Feature","bbox":[-122.0000469,37.9286539,-121.9996932,37.9290322],"geometry":{"type":"Polygon","coordinates":[[[-121.9998227,37.9290314],[-121.9998573,37.9290249],[-121.9998827,37.9290011],[-121.9998995,37.9289704],[-121.9999067,37.9289352],[-121.9999096,37.9288977],[-121.9999072,37.9288689],[-121.9999086,37.9288428],[-121.9999211,37.9288261],[-121.999949,37.9288129],[-121.999996,37.928797],[-122.0000311,37.9287792],[-122.0000469,37.9287523],[-122.000046,37.928725],[-122.0000263,37.9287008],[-121.9999903,37.9286754],[-121.9999485,37.928661],[-121.9999078,37.9286554],[-121.9998828,37.9286539],[-121.9998396,37.9286539],[-121.9998108,37.9286634],[-121.9997849,37.9286834],[-121.9997705,37.9287031],[-121.9997671,37.9287281],[-121.9997686,37.9287618],[-121.999769,37.9287849],[-121.9997671,37.9288103],[-121.9997542,37.9288277],[-121.9997345,37.9288508],[-121.9997148,37.9288686],[-121.999698,37.9288842],[-121.9996932,37.9289137],[-121.999697,37.9289402],[-121.9997037,37.928961],[-121.9997158,37.92898],[-121.9997335,37.9290023],[-121.9997551,37.9290216],[-121.9997849,37.9290322],[-121.9998227,37.9290314]]]},"properties":{"course_id":"boundary_oak_walnut_creek","course_name":"Boundary Oak Golf Course","hole_number":2,"feature_type":"green","name":"hole_2_green","feature-color":"#2d6e2d","is_approximate":true,"source":"osm","@id":"d0965588-48ff-4e0b-8868-5b05055b2f99","osm_id":931893335}},{"type":"Feature","bbox":[-122.0040414,37.9265808,-122.0037519,37.9268925],"geometry":{"type":"Polygon","coordinates":[[[-122.0038945,37.9268921],[-122.0039267,37.9268891],[-122.0039622,37.9268743],[-122.0039886,37.9268486],[-122.0040064,37.9268179],[-122.0040203,37.9267838],[-122.0040328,37.9267459],[-122.0040414,37.9267149],[-122.0040395,37.9266922],[-122.0040323,37.9266717],[-122.0040189,37.9266463],[-122.0040006,37.9266213],[-122.003979,37.9266081],[-122.0039492,37.926596],[-122.003918,37.9265846],[-122.0038903,37.9265821],[-122.0038745,37.9265808],[-122.0038449,37.9265928],[-122.003823,37.9266088],[-122.003799,37.926641],[-122.0037817,37.9266717],[-122.0037634,37.9266975],[-122.0037524,37.926727],[-122.0037519,37.926749],[-122.0037562,37.9267687],[-122.0037711,37.9267918],[-122.003785,37.9268077],[-122.0037995,37.9268308],[-122.0038067,37.9268531],[-122.0038215,37.9268713],[-122.0038446,37.9268872],[-122.0038734,37.9268925],[-122.0038945,37.9268921]]]},"properties":{"course_id":"boundary_oak_walnut_creek","course_name":"Boundary Oak Golf Course","hole_number":3,"feature_type":"green","name":"hole_3_green","feature-color":"#2d6e2d","is_approximate":true,"source":"osm","@id":"d5343c0b-6e5a-47d6-a193-1f613ac924dc","osm_id":931893336}},{"type":"Feature","bbox":[-121.9999698,37.9279883,-121.9997307,37.9283257],"geometry":{"type":"Polygon","coordinates":[[[-121.9998632,37.9283204],[-121.9998882,37.928309],[-121.9999098,37.9282912],[-121.999917,37.9282647],[-121.9999194,37.9282382],[-121.9999237,37.9282106],[-121.9999324,37.9281791],[-121.9999453,37.9281545],[-121.9999588,37.9281337],[-121.9999698,37.9281053],[-121.9999684,37.9280754],[-121.9999549,37.928047],[-121.9999338,37.9280224],[-121.9999103,37.9279989],[-121.9998839,37.9279883],[-121.9998421,37.9279905],[-121.9998133,37.9279996],[-121.999785,37.9280174],[-121.9997566,37.9280451],[-121.9997475,37.9280765],[-121.9997461,37.9281163],[-121.9997494,37.928147],[-121.9997451,37.9281818],[-121.9997326,37.9282181],[-121.9997307,37.9282545],[-121.9997365,37.9282821],[-121.9997533,37.9283049],[-121.9997912,37.9283223],[-121.9998253,37.9283257],[-121.9998493,37.9283238],[-121.9998632,37.9283204]]]},"properties":{"course_id":"boundary_oak_walnut_creek","course_name":"Boundary Oak Golf Course","hole_number":4,"feature_type":"green","name":"hole_4_green","feature-color":"#2d6e2d","is_approximate":true,"source":"osm","@id":"87b47927-468a-4550-be35-1431d36fa6b8","osm_id":931893337}},{"type":"Feature","bbox":[-122.0039798,37.9260668,-122.0036317,37.9263203],"geometry":{"type":"Polygon","coordinates":[[[-122.0036982,37.9262892],[-122.0036758,37.9262685],[-122.0036635,37.9262487],[-122.0036469,37.9262196],[-122.0036346,37.9261888],[-122.0036317,37.9261591],[-122.0036457,37.9261293],[-122.0036677,37.9261082],[-122.0036927,37.9260922],[-122.0037186,37.9260771],[-122.0037563,37.9260671],[-122.0037907,37.9260668],[-122.0038199,37.9260751],[-122.0038441,37.9260909],[-122.0038695,37.9261166],[-122.0038776,37.9261303],[-122.0039005,37.9261477],[-122.0039344,37.9261634],[-122.0039581,37.9261785],[-122.0039726,37.9261949],[-122.0039798,37.9262149],[-122.0039798,37.92624],[-122.0039683,37.9262658],[-122.0039497,37.9262889],[-122.0039183,37.9263022],[-122.0038653,37.9263123],[-122.0038318,37.926319],[-122.0038072,37.9263203],[-122.0037835,37.9263186],[-122.0037517,37.9263146],[-122.0037203,37.9263026],[-122.0036982,37.9262892]]]},"properties":{"course_id":"boundary_oak_walnut_creek","course_name":"Boundary Oak Golf Course","hole_number":5,"feature_type":"green","name":"hole_5_green","feature-color":"#2d6e2d","is_approximate":true,"source":"osm","@id":"12588ca2-baf3-444b-9148-ebd9b38d1c5e","osm_id":931893338}},{"type":"Feature","bbox":[-122.0033402,37.9249694,-122.0029188,37.9252427],"geometry":{"type":"Polygon","coordinates":[[[-122.003102,37.9252279],[-122.0030792,37.9252357],[-122.0030465,37.9252404],[-122.0030131,37.9252427],[-122.002973,37.9252328],[-122.0029449,37.9252122],[-122.0029261,37.9251924],[-122.0029188,37.9251715],[-122.0029201,37.9251467],[-122.0029251,37.9251246],[-122.002939,37.9250993],[-122.0029476,37.9250672],[-122.0029585,37.9250403],[-122.0029757,37.9250098],[-122.0029955,37.9249915],[-122.0030309,37.9249782],[-122.003058,37.924972],[-122.0030604,37.9249694],[-122.0031094,37.9249754],[-122.0031689,37.9249896],[-122.0032242,37.9250113],[-122.0032643,37.9250276],[-122.0032845,37.9250432],[-122.0033059,37.9250588],[-122.0033238,37.9250791],[-122.0033318,37.9250996],[-122.0033381,37.9251253],[-122.0033402,37.9251423],[-122.00334,37.9251529],[-122.0033312,37.9251703],[-122.0033165,37.9251888],[-122.0032985,37.92521],[-122.0032787,37.9252238],[-122.0032477,37.9252379],[-122.0032173,37.9252414],[-122.0031957,37.9252349],[-122.0031691,37.9252268],[-122.0031335,37.9252238],[-122.0031131,37.9252238],[-122.003102,37.9252279]]]},"properties":{"course_id":"boundary_oak_walnut_creek","course_name":"Boundary Oak Golf Course","hole_number":6,"feature_type":"green","name":"hole_6_green","feature-color":"#2d6e2d","is_approximate":true,"source":"osm","@id":"25b7b5a2-caf6-4d3b-a333-8b58c99cbe90","osm_id":931893339}},{"type":"Feature","bbox":[-121.9999247,37.9244206,-121.9995813,37.9247302],"geometry":{"type":"Polygon","coordinates":[[[-121.9995892,37.9246572],[-121.9996057,37.9246812],[-121.9996386,37.9247083],[-121.9996712,37.9247261],[-121.999703,37.9247302],[-121.9997461,37.9247243],[-121.999779,37.9247125],[-121.999803,37.9246865],[-121.999836,37.9246611],[-121.9998704,37.9246374],[-121.9998955,37.9246126],[-121.9999094,37.9245952],[-121.9999247,37.9245663],[-121.9999236,37.9245341],[-121.9999165,37.9245084],[-121.9999026,37.9244835],[-121.9998828,37.9244581],[-121.9998566,37.9244378],[-121.999824,37.9244248],[-121.9997828,37.9244206],[-121.9997416,37.9244262],[-121.9997158,37.9244422],[-121.9996854,37.9244643],[-121.9996573,37.9244974],[-121.99963,37.9245249],[-121.9996083,37.9245541],[-121.9995884,37.924589],[-121.9995813,37.9246176],[-121.9995824,37.9246425],[-121.9995892,37.9246572]]]},"properties":{"course_id":"boundary_oak_walnut_creek","course_name":"Boundary Oak Golf Course","hole_number":7,"feature_type":"green","name":"hole_7_green","feature-color":"#2d6e2d","is_approximate":true,"source":"osm","@id":"53edf398-f7ac-4661-9dc0-292dde52b439","osm_id":931893340}},{"type":"Feature","bbox":[-122.0001407,37.9267487,-121.9998368,37.9270382],"geometry":{"type":"Polygon","coordinates":[[[-122.0000972,37.9270103],[-122.0001287,37.926979],[-122.0001374,37.9269134],[-122.0001407,37.9268752],[-122.0001391,37.9268418],[-122.000138,37.9268126],[-122.000132,37.9267843],[-122.0001162,37.9267685],[-122.0000929,37.9267565],[-122.0000613,37.9267487],[-122.0000309,37.9267513],[-121.9999917,37.9267577],[-121.9999646,37.9267788],[-121.9999417,37.9267878],[-121.9999129,37.9267981],[-121.9998814,37.9268032],[-121.9998531,37.9268105],[-121.9998401,37.9268276],[-121.9998368,37.9268517],[-121.9998417,37.9268765],[-121.9998542,37.9268971],[-121.9998656,37.926916],[-121.9998749,37.9269344],[-121.9998846,37.9269546],[-121.9998977,37.9269756],[-121.9999162,37.9269979],[-121.9999341,37.9270155],[-121.9999537,37.9270326],[-121.9999825,37.9270382],[-122.0000157,37.9270373],[-122.0000483,37.9270331],[-122.0000722,37.9270236],[-122.0000972,37.9270103]]]},"properties":{"course_id":"boundary_oak_walnut_creek","course_name":"Boundary Oak Golf Course","hole_number":8,"feature_type":"green","name":"hole_8_green","feature-color":"#2d6e2d","is_approximate":true,"source":"osm","@id":"8da56093-a584-4953-a38b-d5989481d678","osm_id":931893341}},{"type":"Feature","bbox":[-121.9981101,37.92425,-121.9976964,37.9245459],"geometry":{"type":"Polygon","coordinates":[[[-121.9981085,37.924488],[-121.9981101,37.9244584],[-121.9980993,37.9244296],[-121.9980743,37.9244164],[-121.998034,37.9244043],[-121.9980047,37.9243966],[-121.9979911,37.9243795],[-121.9979862,37.9243443],[-121.9979802,37.924319],[-121.997972,37.924289],[-121.9979568,37.9242675],[-121.997928,37.9242568],[-121.9978927,37.9242534],[-121.9978421,37.92425],[-121.9978133,37.9242577],[-121.9977785,37.924268],[-121.9977481,37.9242851],[-121.9977198,37.92431],[-121.9977019,37.9243353],[-121.9976964,37.924364],[-121.9977035,37.924391],[-121.9977252,37.9244164],[-121.9977589,37.9244421],[-121.9977867,37.9244601],[-121.997816,37.9244837],[-121.9978443,37.924509],[-121.9978715,37.9245236],[-121.9979079,37.9245347],[-121.9979367,37.9245446],[-121.9979748,37.9245459],[-121.9980172,37.9245407],[-121.9980465,37.9245334],[-121.9980819,37.924521],[-121.9981025,37.9245043],[-121.9981085,37.924488]]]},"properties":{"course_id":"boundary_oak_walnut_creek","course_name":"Boundary Oak Golf Course","hole_number":9,"feature_type":"green","name":"hole_9_green","feature-color":"#2d6e2d","is_approximate":true,"source":"osm","@id":"b346700a-c4c9-4310-b25e-4c688c270e55","osm_id":931893342}},{"type":"Feature","bbox":[-122.0013536,37.9229415,-122.0010547,37.9231941],"geometry":{"type":"Polygon","coordinates":[[[-122.0010555,37.9231173],[-122.0010607,37.9230874],[-122.0010772,37.9230402],[-122.0010956,37.9230088],[-122.0011169,37.9229811],[-122.0011446,37.9229542],[-122.0011757,37.9229415],[-122.0012199,37.9229442],[-122.0012472,37.9229468],[-122.0012742,37.922948],[-122.0012929,37.9229693],[-122.0013184,37.9229929],[-122.0013371,37.9230148],[-122.0013487,37.9230366],[-122.0013536,37.9230564],[-122.0013468,37.9230777],[-122.0013449,37.9230939],[-122.0013277,37.9231096],[-122.0013112,37.9231252],[-122.001288,37.9231397],[-122.0012607,37.9231468],[-122.0012311,37.923156],[-122.0012116,37.9231684],[-122.0011918,37.9231805],[-122.0011719,37.9231899],[-122.0011551,37.9231938],[-122.0011322,37.9231941],[-122.0011124,37.9231938],[-122.0010937,37.9231896],[-122.0010791,37.9231814],[-122.0010615,37.9231675],[-122.0010551,37.9231533],[-122.0010547,37.9231376],[-122.0010555,37.9231173]]]},"properties":{"course_id":"boundary_oak_walnut_creek","course_name":"Boundary Oak Golf Course","hole_number":10,"feature_type":"green","name":"hole_10_green","feature-color":"#2d6e2d","is_approximate":true,"source":"osm","@id":"dd9ca4db-955e-4561-9ac3-523bbff09699","osm_id":931894183}},{"type":"Feature","bbox":[-122.0038012,37.9235811,-122.0033641,37.9239148],"geometry":{"type":"Polygon","coordinates":[[[-122.0034076,37.923883],[-122.0034315,37.9239019],[-122.0034826,37.9239148],[-122.0035239,37.9239126],[-122.0035593,37.9238916],[-122.0035984,37.9238612],[-122.003624,37.9238346],[-122.003649,37.9238106],[-122.0036821,37.9237968],[-122.0037251,37.923784],[-122.0037517,37.9237634],[-122.0037778,37.9237316],[-122.0037925,37.9237016],[-122.0038012,37.9236725],[-122.0037952,37.9236433],[-122.0037871,37.9236176],[-122.0037631,37.9236004],[-122.0037262,37.9235846],[-122.0036832,37.9235811],[-122.003656,37.9235841],[-122.0036251,37.9235906],[-122.0036,37.9236047],[-122.0035799,37.9236197],[-122.0035549,37.923642],[-122.0035332,37.9236703],[-122.0035212,37.9236802],[-122.0034935,37.9236858],[-122.0034614,37.9236888],[-122.0034196,37.9236986],[-122.0033929,37.9237282],[-122.0033723,37.9237539],[-122.0033641,37.923781],[-122.0033657,37.9238093],[-122.0033701,37.9238354],[-122.003381,37.923853],[-122.0033918,37.9238672],[-122.0034076,37.923883]]]},"properties":{"course_id":"boundary_oak_walnut_creek","course_name":"Boundary Oak Golf Course","hole_number":11,"feature_type":"green","name":"hole_11_green","feature-color":"#2d6e2d","is_approximate":true,"source":"osm","@id":"5dc182f1-1d05-48c5-b28f-c11e74738476","osm_id":931894185}},{"type":"Feature","bbox":[-122.0051062,37.9257049,-122.0047651,37.9259929],"geometry":{"type":"Polygon","coordinates":[[[-122.0047848,37.9259331],[-122.0047664,37.9258919],[-122.0047651,37.9258506],[-122.0047879,37.9258122],[-122.0048168,37.9257836],[-122.0048532,37.9257486],[-122.004879,37.925734],[-122.0049036,37.925719],[-122.00494,37.9257088],[-122.0049781,37.9257049],[-122.0050243,37.9257083],[-122.0050674,37.9257258],[-122.0050969,37.9257569],[-122.0051062,37.9257845],[-122.0051025,37.9258219],[-122.0050772,37.925854],[-122.0050508,37.9258885],[-122.0050335,37.9259123],[-122.0050243,37.9259317],[-122.0050107,37.9259516],[-122.0049966,37.9259749],[-122.0049627,37.9259895],[-122.0049209,37.9259929],[-122.0048778,37.9259875],[-122.0048519,37.9259725],[-122.0048138,37.9259501],[-122.0047848,37.9259331]]]},"properties":{"course_id":"boundary_oak_walnut_creek","course_name":"Boundary Oak Golf Course","hole_number":13,"feature_type":"green","name":"hole_13_green","feature-color":"#2d6e2d","is_approximate":true,"source":"osm","@id":"ad7c7e36-a523-4d00-8b7a-0916dd715a5c","osm_id":931894187}},{"type":"Feature","bbox":[-122.0033358,37.9297019,-122.0029454,37.9299303],"geometry":{"type":"Polygon","coordinates":[[[-122.0030112,37.9299254],[-122.0030558,37.9299269],[-122.0030909,37.9299223],[-122.0031413,37.9299284],[-122.0031797,37.9299303],[-122.0032239,37.9299295],[-122.0032676,37.9299151],[-122.0032993,37.9298947],[-122.0033194,37.9298701],[-122.0033348,37.9298443],[-122.0033358,37.9298129],[-122.0033271,37.929789],[-122.0033045,37.9297701],[-122.0032796,37.9297519],[-122.0032388,37.9297504],[-122.0032085,37.9297466],[-122.0031879,37.9297292],[-122.0031677,37.9297156],[-122.0031351,37.9297019],[-122.0031106,37.9297019],[-122.0030775,37.9297053],[-122.0030496,37.9297186],[-122.0030251,37.9297303],[-122.0030059,37.9297444],[-122.0029896,37.9297625],[-122.0029646,37.929786],[-122.0029512,37.9298053],[-122.0029473,37.9298322],[-122.0029454,37.929853],[-122.0029473,37.9298727],[-122.0029555,37.9298905],[-122.002967,37.9299076],[-122.0029805,37.9299201],[-122.0030112,37.9299254]]]},"properties":{"course_id":"boundary_oak_walnut_creek","course_name":"Boundary Oak Golf Course","hole_number":14,"feature_type":"green","name":"hole_14_green","feature-color":"#2d6e2d","is_approximate":true,"source":"osm","@id":"932ff67c-5c85-4eb3-b31a-3949af552bce","osm_id":931894188}},{"type":"Feature","bbox":[-122.0048653,37.9265008,-122.0044991,37.9267935],"geometry":{"type":"Polygon","coordinates":[[[-122.0048653,37.9267243],[-122.0048613,37.9266973],[-122.0048369,37.9266759],[-122.0048033,37.9266553],[-122.0047865,37.926632],[-122.0047813,37.9266023],[-122.0047796,37.9265657],[-122.0047517,37.9265209],[-122.0047257,37.9265072],[-122.0046851,37.9265008],[-122.0046417,37.9265036],[-122.0046028,37.9265232],[-122.004564,37.9265589],[-122.0045293,37.9265895],[-122.0045096,37.9266128],[-122.0044991,37.9266402],[-122.0045073,37.9266708],[-122.0045212,37.9266978],[-122.0045322,37.9267252],[-122.0045559,37.926749],[-122.0045814,37.9267664],[-122.0046075,37.9267837],[-122.0046469,37.9267935],[-122.0046872,37.9267903],[-122.0047123,37.926784],[-122.0047419,37.9267711],[-122.004767,37.9267629],[-122.0047906,37.9267604],[-122.0048169,37.9267613],[-122.0048424,37.9267572],[-122.0048628,37.9267456],[-122.0048653,37.9267243]]]},"properties":{"course_id":"boundary_oak_walnut_creek","course_name":"Boundary Oak Golf Course","hole_number":15,"feature_type":"green","name":"hole_15_green","feature-color":"#2d6e2d","is_approximate":true,"source":"osm","@id":"70f3d6a8-de6c-4b7d-915e-11734f509935","osm_id":931894189}},{"type":"Feature","bbox":[-122.0025467,37.9232262,-122.0021982,37.9235033],"geometry":{"type":"Polygon","coordinates":[[[-122.0025147,37.9234763],[-122.0024751,37.9234943],[-122.0024208,37.9235033],[-122.0023627,37.9234986],[-122.0023078,37.9234827],[-122.0022639,37.9234591],[-122.0022259,37.9234245],[-122.0022063,37.9233838],[-122.0021982,37.9233482],[-122.0022041,37.9233084],[-122.002215,37.923278],[-122.0022373,37.9232484],[-122.0022704,37.9232334],[-122.00231,37.9232262],[-122.0023496,37.9232287],[-122.0023811,37.9232407],[-122.0024034,37.9232523],[-122.0024137,37.9232776],[-122.0024121,37.9232994],[-122.0024208,37.9233217],[-122.0024409,37.9233371],[-122.0024832,37.9233512],[-122.0025125,37.9233624],[-122.002538,37.9233803],[-122.0025467,37.9234052],[-122.0025467,37.9234322],[-122.0025391,37.923457],[-122.0025147,37.9234763]]]},"properties":{"course_id":"boundary_oak_walnut_creek","course_name":"Boundary Oak Golf Course","hole_number":16,"feature_type":"green","name":"hole_16_green","feature-color":"#2d6e2d","is_approximate":true,"source":"osm","@id":"6a25ab69-1802-4e3d-84b7-139d2bc2e0a4","osm_id":931894190}},{"type":"Feature","bbox":[-122.0027062,37.9246678,-122.0024369,37.9249667],"geometry":{"type":"Polygon","coordinates":[[[-122.0024499,37.9248995],[-122.002463,37.9249235],[-122.0024918,37.924947],[-122.0025384,37.9249667],[-122.0025857,37.9249607],[-122.0026275,37.92495],[-122.0026655,37.9249372],[-122.0026948,37.9249093],[-122.002704,37.9248836],[-122.0027062,37.9248532],[-122.0027013,37.9248185],[-122.0026867,37.9247907],[-122.0026726,37.9247693],[-122.002666,37.9247419],[-122.0026563,37.9247179],[-122.0026416,37.9246961],[-122.0026215,37.9246806],[-122.0025911,37.9246678],[-122.002552,37.9246691],[-122.0025178,37.9246712],[-122.0024934,37.9246785],[-122.0024673,37.9247008],[-122.0024527,37.9247226],[-122.0024456,37.9247432],[-122.002438,37.9247719],[-122.0024369,37.9248044],[-122.0024391,37.9248348],[-122.0024451,37.9248699],[-122.0024499,37.9248995]]]},"properties":{"course_id":"boundary_oak_walnut_creek","course_name":"Boundary Oak Golf Course","hole_number":17,"feature_type":"green","name":"hole_17_green","feature-color":"#2d6e2d","is_approximate":true,"source":"osm","@id":"acb8b130-d830-4a12-ad11-5f229c4190b8","osm_id":931894191}},{"type":"Feature","bbox":[-121.998191,37.9238069,-121.9977805,37.9240506],"geometry":{"type":"Polygon","coordinates":[[[-121.9978695,37.9240467],[-121.9978348,37.9240335],[-121.9978055,37.9240065],[-121.9977843,37.9239748],[-121.9977805,37.9239414],[-121.9977843,37.9239075],[-121.997806,37.9238827],[-121.997825,37.9238669],[-121.9978571,37.92386],[-121.9978913,37.9238553],[-121.9979206,37.9238437],[-121.9979466,37.9238292],[-121.9979787,37.9238159],[-121.998014,37.9238107],[-121.9980628,37.9238069],[-121.998109,37.9238112],[-121.9981405,37.9238322],[-121.9981676,37.9238604],[-121.9981872,37.9238878],[-121.998191,37.9239152],[-121.9981834,37.9239469],[-121.9981703,37.9239714],[-121.9981443,37.9239949],[-121.9981106,37.9240078],[-121.9980617,37.9240142],[-121.9980286,37.9240223],[-121.9979906,37.9240339],[-121.997957,37.9240446],[-121.9979276,37.9240493],[-121.9978972,37.9240506],[-121.9978695,37.9240467]]]},"properties":{"course_id":"boundary_oak_walnut_creek","course_name":"Boundary Oak Golf Course","hole_number":18,"feature_type":"green","name":"hole_18_green","feature-color":"#2d6e2d","is_approximate":true,"source":"osm","@id":"7796e7a9-36d9-4456-b26c-93ec68833aeb","osm_id":931894192}},{"type":"Feature","bbox":[-121.9990267,37.9252982,-121.9976991,37.9276361],"geometry":{"type":"Polygon","coordinates":[[[-121.9990267,37.9275143],[-121.9990087,37.9275409],[-121.9989815,37.9275666],[-121.9989582,37.9275829],[-121.9989272,37.9275915],[-121.9988956,37.9275928],[-121.9988761,37.9275902],[-121.9988608,37.9275838],[-121.9988337,37.9275683],[-121.9988141,37.9275503],[-121.9987934,37.9275134],[-121.9987929,37.9274907],[-121.9987918,37.9274697],[-121.9987891,37.9274448],[-121.9987836,37.9274195],[-121.9987793,37.9273972],[-121.9987809,37.9273711],[-121.9987853,37.9273501],[-121.9987951,37.9273359],[-121.9988076,37.927323],[-121.9988304,37.9273162],[-121.9988608,37.9273128],[-121.9988826,37.927314],[-121.9988609,37.9272807],[-121.9988503,37.9272524],[-121.9988695,37.927092],[-121.998836,37.9267113],[-121.9988147,37.9266404],[-121.9985718,37.9261389],[-121.998389,37.925831],[-121.9983154,37.9257362],[-121.998075,37.9254335],[-121.9979768,37.9253204],[-121.9979204,37.9252982],[-121.9978629,37.9253],[-121.9978288,37.925312],[-121.9977769,37.9253307],[-121.9977419,37.925361],[-121.9977126,37.9254126],[-121.9976991,37.9254438],[-121.9979033,37.9257153],[-121.9981345,37.9260446],[-121.9982268,37.926227],[-121.9983073,37.9263705],[-121.9985025,37.9268058],[-121.9986139,37.9270806],[-121.9986257,37.9271347],[-121.9986374,37.9271974],[-121.9986298,37.927243],[-121.9986413,37.9272701],[-121.9986867,37.9272866],[-121.9986906,37.9273377],[-121.998726,37.9274096],[-121.9987297,37.9274986],[-121.9987644,37.9275798],[-121.9988153,37.9276161],[-121.9988773,37.9276361],[-121.9989567,37.927621],[-121.9990149,37.9275677],[-121.9990267,37.9275143]]]},"properties":{"course_id":"boundary_oak_walnut_creek","course_name":"Boundary Oak Golf Course","hole_number":1,"feature_type":"fairway","name":"hole_1_fairway","feature-color":"#4a7c3f","is_approximate":true,"source":"osm","@id":"6305817b-1d19-4b0f-9416-1e86acc727b6","osm_id":1371030212}},{"type":"Feature","bbox":[-122.0039622,37.9268531,-122.0017331,37.9288159],"geometry":{"type":"Polygon","coordinates":[[[-122.0039622,37.9268743],[-122.0039425,37.926946],[-122.0038724,37.9270183],[-122.0038158,37.9271155],[-122.0037831,37.9271972],[-122.003673,37.9274005],[-122.0035318,37.9275811],[-122.0033753,37.9277577],[-122.0031665,37.9279725],[-122.0029213,37.9282196],[-122.0026564,37.9284513],[-122.0024099,37.928615],[-122.0022312,37.9287284],[-122.0020915,37.9287867],[-122.0019929,37.9288159],[-122.0018306,37.9287754],[-122.00175,37.9287386],[-122.0017331,37.9286897],[-122.0017647,37.9286282],[-122.0018787,37.9285828],[-122.0020242,37.9285615],[-122.0021766,37.9285357],[-122.0022861,37.9284983],[-122.0023887,37.9284386],[-122.0024561,37.928347],[-122.0025623,37.9282167],[-122.0027262,37.9280565],[-122.0032329,37.9273782],[-122.003339,37.9272945],[-122.0036302,37.9269438],[-122.0036602,37.926883],[-122.0037016,37.926883],[-122.0037431,37.9268913],[-122.0037712,37.9268992],[-122.0037959,37.9268779],[-122.0038067,37.9268531],[-122.0038215,37.9268713],[-122.0038446,37.9268872],[-122.0038734,37.9268925],[-122.0038945,37.9268921],[-122.0039267,37.9268891],[-122.0039622,37.9268743]]]},"properties":{"course_id":"boundary_oak_walnut_creek","course_name":"Boundary Oak Golf Course","hole_number":3,"feature_type":"fairway","name":"hole_3_fairway","feature-color":"#4a7c3f","is_approximate":true,"source":"osm","@id":"2a7444f2-6f40-4458-9c03-3350188b0be2","osm_id":1371030214}},{"type":"Feature","bbox":[-122.0023644,37.9274864,-121.999917,37.9283037],"geometry":{"type":"Polygon","coordinates":[[[-121.999917,37.9282647],[-121.9999426,37.9282433],[-121.9999736,37.9282471],[-121.9999983,37.9282574],[-122.0002445,37.9282887],[-122.0004898,37.9283037],[-122.0006659,37.9282908],[-122.0008746,37.9282641],[-122.0012851,37.9281783],[-122.0015377,37.9280992],[-122.0017134,37.9280398],[-122.0018573,37.9279593],[-122.0022404,37.9277178],[-122.0023046,37.9276441],[-122.0023424,37.9275907],[-122.0023644,37.9275385],[-122.0023266,37.9274864],[-122.0022212,37.9275075],[-122.0020323,37.9276006],[-122.0018371,37.9277061],[-122.0016309,37.9278241],[-122.0015511,37.9278922],[-122.0014379,37.9279392],[-122.001263,37.9279521],[-122.0011559,37.9279317],[-122.0010504,37.9279071],[-122.000706,37.9279296],[-122.0004418,37.9279423],[-122.0001917,37.9279597],[-122.0001154,37.9280033],[-122.0000898,37.9280436],[-122.0000771,37.9280976],[-122.0000518,37.9281481],[-122.0000042,37.9281622],[-121.9999632,37.9281587],[-121.9999453,37.9281545],[-121.9999324,37.9281791],[-121.9999237,37.9282106],[-121.9999194,37.9282382],[-121.999917,37.9282647]]]},"properties":{"course_id":"boundary_oak_walnut_creek","course_name":"Boundary Oak Golf Course","hole_number":4,"feature_type":"fairway","name":"hole_4_fairway","feature-color":"#4a7c3f","is_approximate":true,"source":"osm","@id":"d2792676-7a68-4797-b712-4d9900e0ade7","osm_id":1371030215}},{"type":"Feature","bbox":[-122.0038072,37.9261293,-122.000687,37.9271974],"geometry":{"type":"Polygon","coordinates":[[[-122.0038072,37.9263203],[-122.0036716,37.9263502],[-122.003543,37.9263539],[-122.003407,37.9263912],[-122.0033316,37.9264516],[-122.002427,37.9267402],[-122.0019668,37.9268469],[-122.0017821,37.9268984],[-122.0015569,37.9269223],[-122.0014447,37.9269716],[-122.001256,37.9270678],[-122.0010403,37.9271671],[-122.0009453,37.9271974],[-122.0008737,37.9271974],[-122.0007894,37.9271747],[-122.0007456,37.9271545],[-122.0006965,37.92712],[-122.000687,37.9270641],[-122.0007317,37.9269368],[-122.0008386,37.9268142],[-122.0011612,37.9267253],[-122.0016547,37.926572],[-122.0023854,37.9263636],[-122.003079,37.9262693],[-122.0035744,37.9261362],[-122.0036457,37.9261293],[-122.0036317,37.9261591],[-122.0036346,37.9261888],[-122.0036469,37.9262196],[-122.0036635,37.9262487],[-122.0036758,37.9262685],[-122.0036982,37.9262892],[-122.0037203,37.9263026],[-122.0037517,37.9263146],[-122.0037835,37.9263186],[-122.0038072,37.9263203]]]},"properties":{"course_id":"boundary_oak_walnut_creek","course_name":"Boundary Oak Golf Course","hole_number":5,"feature_type":"fairway","name":"hole_5_fairway","feature-color":"#4a7c3f","is_approximate":true,"source":"osm","@id":"26c620bf-2578-4374-9d4a-3b3a21c7b4a5","osm_id":1371030216}},{"type":"Feature","bbox":[-122.0019775,37.9245084,-121.999836,37.9256874],"geometry":{"type":"Polygon","coordinates":[[[-121.999836,37.9246611],[-121.9998599,37.9246951],[-121.9998756,37.9247415],[-121.9998995,37.9248089],[-122.0000057,37.9249299],[-122.0001914,37.9250869],[-122.0003888,37.9252321],[-122.0004875,37.9252981],[-122.0006297,37.9253772],[-122.0007987,37.9254591],[-122.001053,37.9255514],[-122.0012437,37.9256122],[-122.0015482,37.9256689],[-122.0017356,37.9256874],[-122.0018637,37.925682],[-122.0019502,37.9256297],[-122.0019775,37.9255559],[-122.0019386,37.9254604],[-122.0018868,37.9254116],[-122.0012948,37.925198],[-122.0010845,37.9251628],[-122.000988,37.9251866],[-122.0008569,37.9251082],[-122.0007691,37.925048],[-122.0007071,37.9249855],[-122.0004077,37.924832],[-122.0001312,37.9246604],[-121.9999972,37.9245502],[-121.9999165,37.9245084],[-121.9999236,37.9245341],[-121.9999247,37.9245663],[-121.9999094,37.9245952],[-121.9998955,37.9246126],[-121.9998704,37.9246374],[-121.999836,37.9246611]]]},"properties":{"course_id":"boundary_oak_walnut_creek","course_name":"Boundary Oak Golf Course","hole_number":7,"feature_type":"fairway","name":"hole_7_fairway","feature-color":"#4a7c3f","is_approximate":true,"source":"osm","@id":"40532a25-2c71-46bb-931a-e95af38d63c4","osm_id":1371031445}},{"type":"Feature","bbox":[-122.0010772,37.9229207,-121.998737,37.9233754],"geometry":{"type":"Polygon","coordinates":[[[-121.9987635,37.9233407],[-121.998737,37.923296],[-121.9987582,37.9232221],[-121.9988484,37.9231886],[-122.0000155,37.9229557],[-122.0005471,37.9229207],[-122.0007142,37.9229268],[-122.000857,37.9229613],[-122.0009843,37.9230119],[-122.0010203,37.9230341],[-122.0010772,37.9230402],[-122.0010607,37.9230874],[-122.0010555,37.9231173],[-122.0010547,37.9231376],[-122.0010057,37.9231291],[-122.0009668,37.9231337],[-122.00096,37.9232012],[-122.000925,37.9232472],[-122.0008201,37.9232809],[-122.0006802,37.9233],[-122.0003333,37.9232564],[-122.0001507,37.9232548],[-121.9997971,37.9232962],[-121.9994055,37.923338],[-121.9990511,37.9233745],[-121.9989168,37.9233754],[-121.9987995,37.9233709],[-121.9987635,37.9233407]]]},"properties":{"course_id":"boundary_oak_walnut_creek","course_name":"Boundary Oak Golf Course","hole_number":10,"feature_type":"fairway","name":"hole_10_fairway","feature-color":"#4a7c3f","is_approximate":true,"source":"osm","@id":"e89828c3-6e17-485a-b35c-6004652586d5","osm_id":1371031448}},{"type":"Feature","bbox":[-122.0037871,37.9222899,-122.0019101,37.9238354],"geometry":{"type":"Polygon","coordinates":[[[-122.0037871,37.9236176],[-122.0037395,37.9232585],[-122.0037067,37.9231416],[-122.0035973,37.9229713],[-122.0032185,37.922414],[-122.0030965,37.9223344],[-122.0030231,37.9223106],[-122.0028187,37.9222899],[-122.002525,37.9223054],[-122.0021279,37.9223426],[-122.0019619,37.9223793],[-122.0019101,37.9224514],[-122.0019269,37.9225811],[-122.0019717,37.9226231],[-122.0020901,37.9226979],[-122.0022635,37.922739],[-122.0028559,37.9227722],[-122.0030962,37.9227708],[-122.0032515,37.9228489],[-122.0033246,37.9230266],[-122.0033195,37.9231513],[-122.0032484,37.9233071],[-122.0031931,37.9234317],[-122.0033229,37.9235652],[-122.00336,37.9236517],[-122.0033264,37.9237047],[-122.0033246,37.9237633],[-122.0033701,37.9238354],[-122.0033657,37.9238093],[-122.0033641,37.923781],[-122.0033723,37.9237539],[-122.0033929,37.9237282],[-122.0034196,37.9236986],[-122.0034614,37.9236888],[-122.0034935,37.9236858],[-122.0035212,37.9236802],[-122.0035332,37.9236703],[-122.0035549,37.923642],[-122.0035799,37.9236197],[-122.0036,37.9236047],[-122.0036251,37.9235906],[-122.003656,37.9235841],[-122.0036832,37.9235811],[-122.0037262,37.9235846],[-122.0037631,37.9236004],[-122.0037871,37.9236176]]]},"properties":{"course_id":"boundary_oak_walnut_creek","course_name":"Boundary Oak Golf Course","hole_number":11,"feature_type":"fairway","name":"hole_11_fairway","feature-color":"#4a7c3f","is_approximate":true,"source":"osm","@id":"f52833c4-c326-479d-b0ee-4353a516a1af","osm_id":1371031449}},{"type":"Feature","bbox":[-122.0050674,37.9235897,-122.0044699,37.9257486],"geometry":{"type":"Polygon","coordinates":[[[-122.0050674,37.9257258],[-122.0050432,37.9256128],[-122.0050064,37.925044],[-122.0049729,37.9246455],[-122.0049133,37.9243789],[-122.0048798,37.9240846],[-122.0049401,37.9238536],[-122.0049417,37.9237111],[-122.0049217,37.923624],[-122.0048531,37.9235897],[-122.00479,37.923595],[-122.0046874,37.9236243],[-122.0045937,37.9237443],[-122.0045442,37.9239187],[-122.0044787,37.9240275],[-122.0044699,37.924227],[-122.0044982,37.9244906],[-122.0045543,37.9249341],[-122.0045777,37.9254078],[-122.0045952,37.9255197],[-122.0047117,37.92565],[-122.0048031,37.9256653],[-122.0048342,37.9257266],[-122.0048532,37.9257486],[-122.004879,37.925734],[-122.0049036,37.925719],[-122.00494,37.9257088],[-122.0049781,37.9257049],[-122.0050243,37.9257083],[-122.0050674,37.9257258]]]},"properties":{"course_id":"boundary_oak_walnut_creek","course_name":"Boundary Oak Golf Course","hole_number":13,"feature_type":"fairway","name":"hole_13_fairway","feature-color":"#4a7c3f","is_approximate":true,"source":"osm","@id":"c8cb2473-1c78-4893-9d25-25bed00d4b60","osm_id":1371031451}},{"type":"Feature","bbox":[-122.0054312,37.9271462,-122.0032796,37.9298443],"geometry":{"type":"Polygon","coordinates":[[[-122.005212,37.9271709],[-122.0051651,37.9272066],[-122.0051116,37.9272725],[-122.0050564,37.9275404],[-122.0049961,37.9277582],[-122.0049276,37.9280841],[-122.0048315,37.9282883],[-122.0043948,37.9288676],[-122.0042392,37.9289903],[-122.0041255,37.9291975],[-122.0039581,37.929307],[-122.0036811,37.9294371],[-122.003572,37.9294666],[-122.0034312,37.9295671],[-122.0033655,37.9296832],[-122.0033496,37.9297412],[-122.0032796,37.9297519],[-122.0033045,37.9297701],[-122.0033271,37.929789],[-122.0033358,37.9298129],[-122.0033348,37.9298443],[-122.0033821,37.929833],[-122.0035191,37.9297682],[-122.0039869,37.9296134],[-122.0042605,37.929503],[-122.0043973,37.9293951],[-122.0045219,37.9293088],[-122.004666,37.9290826],[-122.0048143,37.9288378],[-122.0052461,37.9280687],[-122.0053203,37.9278121],[-122.0054127,37.9273326],[-122.0054312,37.9272078],[-122.0054066,37.9271803],[-122.0053326,37.9271462],[-122.0052689,37.9271479],[-122.005212,37.9271709]]]},"properties":{"course_id":"boundary_oak_walnut_creek","course_name":"Boundary Oak Golf Course","hole_number":14,"feature_type":"fairway","name":"hole_14_fairway","feature-color":"#4a7c3f","is_approximate":true,"source":"osm","@id":"06a8caec-70d1-462c-8403-38e309e1c5b3","osm_id":1371031453}},{"type":"Feature","bbox":[-122.0048013,37.9266708,-122.0034127,37.9287833],"geometry":{"type":"Polygon","coordinates":[[[-122.0046872,37.9267903],[-122.0046724,37.9268407],[-122.0047531,37.9268759],[-122.0047977,37.9268975],[-122.0048013,37.9269447],[-122.0046836,37.9272712],[-122.0045739,37.9277494],[-122.0044041,37.9280842],[-122.0042078,37.9283269],[-122.0040363,37.9284834],[-122.0037283,37.9287223],[-122.0036391,37.9287709],[-122.00355,37.9287833],[-122.0034595,37.9287678],[-122.0034168,37.9287136],[-122.0034127,37.9286148],[-122.0035811,37.9283993],[-122.0039118,37.9281369],[-122.0041588,37.9279354],[-122.0042578,37.9277959],[-122.0043091,37.9275783],[-122.0044466,37.926995],[-122.004498,37.9267973],[-122.0045011,37.9267383],[-122.0045073,37.9266708],[-122.0045212,37.9266978],[-122.0045322,37.9267252],[-122.0045559,37.926749],[-122.0045814,37.9267664],[-122.0046075,37.9267837],[-122.0046469,37.9267935],[-122.0046872,37.9267903]]]},"properties":{"course_id":"boundary_oak_walnut_creek","course_name":"Boundary Oak Golf Course","hole_number":15,"feature_type":"fairway","name":"hole_15_fairway","feature-color":"#4a7c3f","is_approximate":true,"source":"osm","@id":"06d73651-75c7-4e2c-9b27-d194c70410da","osm_id":1371031454}},{"type":"Feature","bbox":[-122.0047223,37.9220229,-122.0044678,37.9222833],"geometry":{"type":"Polygon","coordinates":[[[-122.0045202,37.9222833],[-122.0045613,37.9222828],[-122.0046295,37.9222426],[-122.0046856,37.9222131],[-122.0047208,37.9221711],[-122.0047223,37.922154],[-122.0047073,37.9221026],[-122.0046946,37.9220625],[-122.0046572,37.9220258],[-122.0046212,37.9220229],[-122.0045875,37.9220241],[-122.0045471,37.9220418],[-122.0045202,37.9220672],[-122.0044947,37.9221056],[-122.0044797,37.9221546],[-122.0044678,37.9222007],[-122.0044752,37.9222408],[-122.0044902,37.9222739],[-122.0045202,37.9222833]]]},"properties":{"course_id":"boundary_oak_walnut_creek","course_name":"Boundary Oak Golf Course","hole_number":12,"feature_type":"green","name":"hole_12_green","feature-color":"#2d6e2d","is_approximate":true,"source":"osm","@id":"48b4464d-2543-4061-901a-7b5d5dadbf9e","osm_id":1374873953}},{"type":"Feature","bbox":[-122.0046425,37.9222408,-122.0042518,37.9228213],"geometry":{"type":"Polygon","coordinates":[[[-122.00447,37.9228047],[-122.0045275,37.9227575],[-122.0045803,37.9226936],[-122.0046073,37.922627],[-122.0046425,37.9225409],[-122.0046401,37.9224993],[-122.0046237,37.9224604],[-122.004585,37.9224243],[-122.0045498,37.9223845],[-122.0045486,37.9223401],[-122.0045613,37.9222828],[-122.0045202,37.9222833],[-122.0044902,37.9222739],[-122.0044752,37.9222408],[-122.004443,37.9222633],[-122.0044149,37.9223382],[-122.0043562,37.9224206],[-122.0043022,37.9225317],[-122.0042729,37.9226353],[-122.0042518,37.922702],[-122.0042659,37.9227584],[-122.0043069,37.9227954],[-122.0043738,37.9228213],[-122.0044207,37.9228204],[-122.00447,37.9228047]]]},"properties":{"course_id":"boundary_oak_walnut_creek","course_name":"Boundary Oak Golf Course","hole_number":12,"feature_type":"fairway","name":"hole_12_fairway","feature-color":"#4a7c3f","is_approximate":true,"source":"osm","@id":"7f9d7d2d-edb1-486d-81cf-3742a1824053","osm_id":1374873954}},{"type":"Feature","bbox":[-122.0047232,37.9222718,-122.0045976,37.9224218],"geometry":{"type":"Polygon","coordinates":[[[-122.0046611,37.9223788],[-122.0046664,37.9223709],[-122.0046974,37.9223675],[-122.0047141,37.9223581],[-122.0047232,37.9223392],[-122.0047203,37.9223162],[-122.0047084,37.9222917],[-122.0046984,37.9222793],[-122.0046812,37.9222718],[-122.0046654,37.9222721],[-122.0046463,37.9222929],[-122.0046238,37.9223121],[-122.0046085,37.9223294],[-122.0046033,37.9223524],[-122.0046014,37.9223709],[-122.0045976,37.9223856],[-122.0046009,37.9224063],[-122.0046105,37.9224176],[-122.0046205,37.9224218],[-122.0046372,37.9224184],[-122.0046544,37.9224067],[-122.0046568,37.9223912],[-122.0046611,37.9223788]]]},"properties":{"course_id":"boundary_oak_walnut_creek","course_name":"Boundary Oak Golf Course","hole_number":12,"feature_type":"bunker","name":"hole_12_bunker_2","feature-color":"#d4b483","is_approximate":true,"source":"osm","@id":"2a082658-83e0-4902-a565-b3ff3c7ed702","osm_id":1374873955}},{"type":"Feature","bbox":[-121.9989426,37.9237997,-121.9981405,37.9240897],"geometry":{"type":"Polygon","coordinates":[[[-121.9981443,37.9239949],[-121.9982467,37.9240049],[-121.9983892,37.9240259],[-121.998551,37.924065],[-121.9986733,37.9240897],[-121.9987606,37.9240643],[-121.9988764,37.9240288],[-121.9989426,37.923994],[-121.9988553,37.9237997],[-121.9982706,37.9238548],[-121.9981999,37.9238504],[-121.9981405,37.9238322],[-121.9981676,37.9238604],[-121.9981872,37.9238878],[-121.998191,37.9239152],[-121.9981834,37.9239469],[-121.9981703,37.9239714],[-121.9981443,37.9239949]]]},"properties":{"course_id":"boundary_oak_walnut_creek","course_name":"Boundary Oak Golf Course","hole_number":18,"feature_type":"fairway","name":"hole_18_fairway_2","feature-color":"#4a7c3f","is_approximate":true,"source":"osm","@id":"f9340390-b30f-43b7-8a02-ee204e3018ed","osm_id":1427760485}},{"type":"Feature","bbox":[-121.9993246,37.924509,-121.9978443,37.9261542],"geometry":{"type":"Polygon","coordinates":[[[-121.9980819,37.924521],[-121.9980465,37.9245334],[-121.9980172,37.9245407],[-121.9979748,37.9245459],[-121.9979367,37.9245446],[-121.9979079,37.9245347],[-121.9978715,37.9245236],[-121.9978443,37.924509],[-121.9978899,37.9245758],[-121.9979465,37.9246102],[-121.9980262,37.9246236],[-121.9980548,37.9246564],[-121.9979955,37.9247102],[-121.9980684,37.9248609],[-121.9982587,37.9250794],[-121.998615,37.9254037],[-121.9988926,37.9257281],[-121.9989286,37.9259195],[-121.9989417,37.926055],[-121.9990046,37.9261253],[-121.9990832,37.9261542],[-121.9991726,37.9261409],[-121.9992801,37.9260933],[-121.9993246,37.9260044],[-121.9992512,37.9258142],[-121.9991201,37.9256177],[-121.9990205,37.9254109],[-121.9989235,37.9252868],[-121.9985644,37.9249911],[-121.9982943,37.9248029],[-121.9981449,37.9246561],[-121.9980984,37.9246062],[-121.9980793,37.9245503],[-121.9980819,37.924521]]]},"properties":{"course_id":"boundary_oak_walnut_creek","course_name":"Boundary Oak Golf Course","hole_number":9,"feature_type":"fairway","name":"hole_9_fairway","feature-color":"#4a7c3f","is_approximate":true,"source":"osm","@id":"23998d82-b224-4181-8926-939db09538b2","osm_id":1427760486}},{"type":"Feature","bbox":[-122.0003265,37.9253253,-121.9996928,37.9268752],"geometry":{"type":"Polygon","coordinates":[[[-121.9999917,37.9267577],[-122.0000309,37.9267513],[-122.0000613,37.9267487],[-122.0000929,37.9267565],[-122.0001162,37.9267685],[-122.000132,37.9267843],[-122.000138,37.9268126],[-122.0001391,37.9268418],[-122.0001407,37.9268752],[-122.0001845,37.926756],[-122.0002113,37.9267138],[-122.0002557,37.9266147],[-122.0003265,37.926259],[-122.0003134,37.9260811],[-122.0002426,37.9258764],[-122.0001063,37.9257027],[-121.999924,37.9255154],[-121.9998774,37.9254295],[-121.9998249,37.9253314],[-121.9997511,37.9253253],[-121.9997181,37.925359],[-121.9996928,37.9254403],[-121.9998502,37.925661],[-122.0000154,37.9259752],[-122.0000426,37.9260611],[-121.999959,37.9262833],[-121.9999553,37.9266095],[-121.9999887,37.9266887],[-121.9999917,37.9267577]]]},"properties":{"course_id":"boundary_oak_walnut_creek","course_name":"Boundary Oak Golf Course","hole_number":8,"feature_type":"fairway","name":"hole_8_fairway","feature-color":"#4a7c3f","is_approximate":true,"source":"osm","@id":"55a17d1e-c5c7-48c6-9b89-980059278aa7","osm_id":1427760487}},{"type":"Feature","bbox":[-122.0040398,37.9237987,-122.0039957,37.9238465],"geometry":{"type":"Polygon","coordinates":[[[-122.0040398,37.9238046],[-122.0040271,37.9238465],[-122.0039957,37.9238416],[-122.0040032,37.9237987],[-122.0040206,37.9238005],[-122.0040398,37.9238046]]]},"properties":{"course_id":"boundary_oak_walnut_creek","course_name":"Boundary Oak Golf Course","hole_number":12,"feature_type":"tee_box","name":"hole_12_tee_box_5","feature-color":"#8b7355","is_approximate":true,"source":"osm","@id":"53b63a1f-51d5-454b-a61a-0ef124b4d83e","osm_id":1546806732}},{"type":"Feature","bbox":[-122.0040752,37.9237207,-122.0040191,37.9237869],"geometry":{"type":"Polygon","coordinates":[[[-122.0040191,37.9237764],[-122.0040551,37.9237869],[-122.0040752,37.9237337],[-122.0040343,37.9237207],[-122.0040191,37.9237764]]]},"properties":{"course_id":"boundary_oak_walnut_creek","course_name":"Boundary Oak Golf Course","hole_number":12,"feature_type":"tee_box","name":"hole_12_tee_box_6","feature-color":"#8b7355","is_approximate":true,"source":"osm","@id":"96fbf777-5775-48cc-b1df-8f65ccadfb6b","osm_id":1546806733}},{"type":"Feature","bbox":[-121.9999485,37.9284259,-121.9992248,37.928961],"geometry":{"type":"Polygon","coordinates":[[[-121.9997037,37.928961],[-121.9995638,37.9288789],[-121.9993891,37.9286725],[-121.9993196,37.9285893],[-121.9992539,37.9285155],[-121.9992248,37.9284915],[-121.9992303,37.9284563],[-121.9992544,37.9284338],[-121.9993034,37.9284259],[-121.9993812,37.9284424],[-121.9995036,37.9284963],[-121.9996981,37.9285901],[-121.9997845,37.9286372],[-121.9998155,37.9286397],[-121.9998536,37.928633],[-121.9999061,37.9286381],[-121.9999485,37.928661],[-121.9999078,37.9286554],[-121.9998828,37.9286539],[-121.9998396,37.9286539],[-121.9998108,37.9286634],[-121.9997849,37.9286834],[-121.9997705,37.9287031],[-121.9997671,37.9287281],[-121.9997686,37.9287618],[-121.999769,37.9287849],[-121.9997671,37.9288103],[-121.9997542,37.9288277],[-121.9997345,37.9288508],[-121.9997148,37.9288686],[-121.999698,37.9288842],[-121.9996932,37.9289137],[-121.999697,37.9289402],[-121.9997037,37.928961]],[[-121.9997066,37.9288396],[-121.9997169,37.9288295],[-121.9997237,37.9288175],[-121.9997308,37.9288046],[-121.999739,37.9287931],[-121.9997411,37.9287855],[-121.9997393,37.9287735],[-121.9997368,37.9287659],[-121.9997354,37.9287555],[-121.9997297,37.9287502],[-121.9997184,37.928744],[-121.9997034,37.9287415],[-121.9996906,37.9287398],[-121.9996768,37.9287418],[-121.9996643,37.928744],[-121.9996537,37.9287491],[-121.9996437,37.9287561],[-121.9996345,37.9287695],[-121.9996277,37.9287805],[-121.9996263,37.9287905],[-121.9996281,37.9288006],[-121.9996327,37.9288096],[-121.9996398,37.9288161],[-121.9996444,37.9288183],[-121.9996508,37.9288172],[-121.9996548,37.9288118],[-121.9996594,37.9288023],[-121.9996636,37.9287939],[-121.999669,37.9287928],[-121.9996757,37.9287934],[-121.9996778,37.9287981],[-121.9996775,37.9288034],[-121.999675,37.9288099],[-121.999669,37.9288175],[-121.9996672,37.928825],[-121.9996707,37.9288326],[-121.9996786,37.9288382],[-121.9996878,37.9288416],[-121.9996949,37.9288421],[-121.9997066,37.9288396]]]},"properties":{"course_id":"boundary_oak_walnut_creek","course_name":"Boundary Oak Golf Course","hole_number":2,"feature_type":"fairway","name":"hole_2_fairway","feature-color":"#4a7c3f","is_approximate":true,"source":"osm","@id":"2f9bae11-d7c8-43ae-9e88-735ebec068b6","osm_id":19576173}},{"type":"Feature","bbox":[-121.99695899201431,37.924579283575554,-121.99695899201431,37.924579283575554],"geometry":{"type":"Point","coordinates":[-121.99695899201431,37.924579283575554]},"properties":{"course_id":"boundary_oak_walnut_creek","course_name":"Boundary Oak Golf Course","hole_number":1,"feature_type":"tee_center","name":"hole_1_tee_center","feature-color":"#c8a055","is_approximate":true,"source":"derived","@id":"3af27b1f-87f4-4292-80a5-a0e2caee5570"}},{"type":"Feature","bbox":[-121.99890292945204,37.92745171002082,-121.99890292945204,37.92745171002082],"geometry":{"type":"Point","coordinates":[-121.99890292945204,37.92745171002082]},"properties":{"course_id":"boundary_oak_walnut_creek","course_name":"Boundary Oak Golf Course","hole_number":1,"feature_type":"green_center","name":"hole_1_green_center","feature-color":"#5aae5a","is_approximate":true,"source":"derived","@id":"428d92e1-b4a8-4e69-9863-83cd1b94e1f1"}},{"type":"Feature","bbox":[-121.998843218159,37.92731476639011,-121.998843218159,37.92731476639011],"geometry":{"type":"Point","coordinates":[-121.998843218159,37.92731476639011]},"properties":{"course_id":"boundary_oak_walnut_creek","course_name":"Boundary Oak Golf Course","hole_number":1,"feature_type":"green_front","name":"hole_1_green_front","feature-color":"#5aae5a","is_approximate":true,"source":"derived","@id":"99a1a4f5-8209-4660-ae2a-6ae7747e3cbe"}},{"type":"Feature","bbox":[-121.99895968041541,37.92758186434458,-121.99895968041541,37.92758186434458],"geometry":{"type":"Point","coordinates":[-121.99895968041541,37.92758186434458]},"properties":{"course_id":"boundary_oak_walnut_creek","course_name":"Boundary Oak Golf Course","hole_number":1,"feature_type":"green_back","name":"hole_1_green_back","feature-color":"#5aae5a","is_approximate":true,"source":"derived","@id":"6fa5aabe-32b7-449e-ab10-959110ac3c4d"}},{"type":"Feature","bbox":[-121.99954324271143,37.92726352467677,-121.99954324271143,37.92726352467677],"geometry":{"type":"Point","coordinates":[-121.99954324271143,37.92726352467677]},"properties":{"course_id":"boundary_oak_walnut_creek","course_name":"Boundary Oak Golf Course","hole_number":9,"feature_type":"tee_center","name":"hole_9_tee_center","feature-color":"#c8a055","is_approximate":true,"source":"derived","@id":"874e4577-e81a-4f54-8a35-b4f64a877062"}},{"type":"Feature","bbox":[-121.997897255329,37.92440161279075,-121.997897255329,37.92440161279075],"geometry":{"type":"Point","coordinates":[-121.997897255329,37.92440161279075]},"properties":{"course_id":"boundary_oak_walnut_creek","course_name":"Boundary Oak Golf Course","hole_number":9,"feature_type":"green_center","name":"hole_9_green_center","feature-color":"#5aae5a","is_approximate":true,"source":"derived","@id":"2a72e201-bd7e-4db4-87e1-e41c635c6ebd"}},{"type":"Feature","bbox":[-121.99801325831372,37.924541183414355,-121.99801325831372,37.924541183414355],"geometry":{"type":"Point","coordinates":[-121.99801325831372,37.924541183414355]},"properties":{"course_id":"boundary_oak_walnut_creek","course_name":"Boundary Oak Golf Course","hole_number":9,"feature_type":"green_front","name":"hole_9_green_front","feature-color":"#5aae5a","is_approximate":true,"source":"derived","@id":"664fadeb-4164-4721-9921-27e3d6371b17"}},{"type":"Feature","bbox":[-121.99778468311025,37.924266169941504,-121.99778468311025,37.924266169941504],"geometry":{"type":"Point","coordinates":[-121.99778468311025,37.924266169941504]},"properties":{"course_id":"boundary_oak_walnut_creek","course_name":"Boundary Oak Golf Course","hole_number":9,"feature_type":"green_back","name":"hole_9_green_back","feature-color":"#5aae5a","is_approximate":true,"source":"derived","@id":"f92dab24-ddf9-4803-9cda-9c80b4d275ba"}},{"type":"Feature","bbox":[-121.99927680585303,37.924666795963056,-121.99927680585303,37.924666795963056],"geometry":{"type":"Point","coordinates":[-121.99927680585303,37.924666795963056]},"properties":{"course_id":"boundary_oak_walnut_creek","course_name":"Boundary Oak Golf Course","hole_number":8,"feature_type":"tee_center","name":"hole_8_tee_center","feature-color":"#c8a055","is_approximate":true,"source":"derived","@id":"211d7ed2-e0fb-4a9a-b6b5-c7507caf2eb1"}},{"type":"Feature","bbox":[-122.00000441550546,37.92689108861273,-122.00000441550546,37.92689108861273],"geometry":{"type":"Point","coordinates":[-122.00000441550546,37.92689108861273]},"properties":{"course_id":"boundary_oak_walnut_creek","course_name":"Boundary Oak Golf Course","hole_number":8,"feature_type":"green_center","name":"hole_8_green_center","feature-color":"#5aae5a","is_approximate":true,"source":"derived","@id":"d605e670-ae75-4c91-9011-e0340b564ce7"}},{"type":"Feature","bbox":[-122.00001712045956,37.926753549720885,-122.00001712045956,37.926753549720885],"geometry":{"type":"Point","coordinates":[-122.00001712045956,37.926753549720885]},"properties":{"course_id":"boundary_oak_walnut_creek","course_name":"Boundary Oak Golf Course","hole_number":8,"feature_type":"green_front","name":"hole_8_green_front","feature-color":"#5aae5a","is_approximate":true,"source":"derived","@id":"f7c74293-5d58-46e4-a19c-1174d09c637b"}},{"type":"Feature","bbox":[-121.99999084720834,37.92703797372025,-121.99999084720834,37.92703797372025],"geometry":{"type":"Point","coordinates":[-121.99999084720834,37.92703797372025]},"properties":{"course_id":"boundary_oak_walnut_creek","course_name":"Boundary Oak Golf Course","hole_number":8,"feature_type":"green_back","name":"hole_8_green_back","feature-color":"#5aae5a","is_approximate":true,"source":"derived","@id":"0a7a17ea-9758-4a3c-8346-9170146c0986"}},{"type":"Feature","bbox":[-122.00078945707068,37.922591941429374,-122.00078945707068,37.922591941429374],"geometry":{"type":"Point","coordinates":[-122.00078945707068,37.922591941429374]},"properties":{"course_id":"boundary_oak_walnut_creek","course_name":"Boundary Oak Golf Course","hole_number":11,"feature_type":"tee_center","name":"hole_11_tee_center","feature-color":"#c8a055","is_approximate":true,"source":"derived","@id":"c76d36dd-c03e-430b-8db2-0a38d50638e2"}},{"type":"Feature","bbox":[-122.00357951245675,37.923744826176545,-122.00357951245675,37.923744826176545],"geometry":{"type":"Point","coordinates":[-122.00357951245675,37.923744826176545]},"properties":{"course_id":"boundary_oak_walnut_creek","course_name":"Boundary Oak Golf Course","hole_number":11,"feature_type":"green_center","name":"hole_11_green_center","feature-color":"#5aae5a","is_approximate":true,"source":"derived","@id":"0b9ef056-e8b2-45cd-af22-4bd09d968df6"}},{"type":"Feature","bbox":[-122.00353163567857,37.92367159056518,-122.00353163567857,37.92367159056518],"geometry":{"type":"Point","coordinates":[-122.00353163567857,37.92367159056518]},"properties":{"course_id":"boundary_oak_walnut_creek","course_name":"Boundary Oak Golf Course","hole_number":11,"feature_type":"green_front","name":"hole_11_green_front","feature-color":"#5aae5a","is_approximate":true,"source":"derived","@id":"f2e19e7e-ba0d-485a-ac2b-f98c9a0d3168"}},{"type":"Feature","bbox":[-122.00363272510404,37.92382622390012,-122.00363272510404,37.92382622390012],"geometry":{"type":"Point","coordinates":[-122.00363272510404,37.92382622390012]},"properties":{"course_id":"boundary_oak_walnut_creek","course_name":"Boundary Oak Golf Course","hole_number":11,"feature_type":"green_back","name":"hole_11_green_back","feature-color":"#5aae5a","is_approximate":true,"source":"derived","@id":"f8a950cd-aff4-4cb3-bf1e-fdda2f16fcd7"}},{"type":"Feature","bbox":[-121.99991201843433,37.929280910212185,-121.99991201843433,37.929280910212185],"geometry":{"type":"Point","coordinates":[-121.99991201843433,37.929280910212185]},"properties":{"course_id":"boundary_oak_walnut_creek","course_name":"Boundary Oak Golf Course","hole_number":3,"feature_type":"tee_center","name":"hole_3_tee_center","feature-color":"#c8a055","is_approximate":true,"source":"derived","@id":"b246c6b5-0b66-46c5-b653-e9ac5d6ac629"}},{"type":"Feature","bbox":[-122.00389856105514,37.926736016029686,-122.00389856105514,37.926736016029686],"geometry":{"type":"Point","coordinates":[-122.00389856105514,37.926736016029686]},"properties":{"course_id":"boundary_oak_walnut_creek","course_name":"Boundary Oak Golf Course","hole_number":3,"feature_type":"green_center","name":"hole_3_green_center","feature-color":"#5aae5a","is_approximate":true,"source":"derived","@id":"90e6aba2-e3b0-4864-a40c-56650f43305d"}},{"type":"Feature","bbox":[-122.0038061126914,37.92685128097473,-122.0038061126914,37.92685128097473],"geometry":{"type":"Point","coordinates":[-122.0038061126914,37.92685128097473]},"properties":{"course_id":"boundary_oak_walnut_creek","course_name":"Boundary Oak Golf Course","hole_number":3,"feature_type":"green_front","name":"hole_3_green_front","feature-color":"#5aae5a","is_approximate":true,"source":"derived","@id":"b2dfed1b-7d0c-4894-aa04-97d39d6c4690"}},{"type":"Feature","bbox":[-122.00399386853591,37.926617186327505,-122.00399386853591,37.926617186327505],"geometry":{"type":"Point","coordinates":[-122.00399386853591,37.926617186327505]},"properties":{"course_id":"boundary_oak_walnut_creek","course_name":"Boundary Oak Golf Course","hole_number":3,"feature_type":"green_back","name":"hole_3_green_back","feature-color":"#5aae5a","is_approximate":true,"source":"derived","@id":"f6124d80-a137-40bb-9001-d091993cbf3f"}},{"type":"Feature","bbox":[-121.99849353444594,37.927904077072064,-121.99849353444594,37.927904077072064],"geometry":{"type":"Point","coordinates":[-121.99849353444594,37.927904077072064]},"properties":{"course_id":"boundary_oak_walnut_creek","course_name":"Boundary Oak Golf Course","hole_number":2,"feature_type":"tee_center","name":"hole_2_tee_center","feature-color":"#c8a055","is_approximate":true,"source":"derived","@id":"3a15bd4e-2d35-41df-8ba1-669ae515685c"}},{"type":"Feature","bbox":[-121.99985264467156,37.92882918064388,-121.99985264467156,37.92882918064388],"geometry":{"type":"Point","coordinates":[-121.99985264467156,37.92882918064388]},"properties":{"course_id":"boundary_oak_walnut_creek","course_name":"Boundary Oak Golf Course","hole_number":2,"feature_type":"green_center","name":"hole_2_green_center","feature-color":"#5aae5a","is_approximate":true,"source":"derived","@id":"6c1ab46f-8323-4f28-9b4a-9b4d819477e5"}},{"type":"Feature","bbox":[-121.99976897712419,37.92878357892162,-121.99976897712419,37.92878357892162],"geometry":{"type":"Point","coordinates":[-121.99976897712419,37.92878357892162]},"properties":{"course_id":"boundary_oak_walnut_creek","course_name":"Boundary Oak Golf Course","hole_number":2,"feature_type":"green_front","name":"hole_2_green_front","feature-color":"#5aae5a","is_approximate":true,"source":"derived","@id":"9fe41fcf-dd96-4d7f-b359-b0f40fd4dc4c"}},{"type":"Feature","bbox":[-121.9999077203701,37.92885919881446,-121.9999077203701,37.92885919881446],"geometry":{"type":"Point","coordinates":[-121.9999077203701,37.92885919881446]},"properties":{"course_id":"boundary_oak_walnut_creek","course_name":"Boundary Oak Golf Course","hole_number":2,"feature_type":"green_back","name":"hole_2_green_back","feature-color":"#5aae5a","is_approximate":true,"source":"derived","@id":"19fca1f5-8166-4de7-a705-1eec1586995a"}},{"type":"Feature","bbox":[-122.00295654688414,37.92716186187851,-122.00295654688414,37.92716186187851],"geometry":{"type":"Point","coordinates":[-122.00295654688414,37.92716186187851]},"properties":{"course_id":"boundary_oak_walnut_creek","course_name":"Boundary Oak Golf Course","hole_number":4,"feature_type":"tee_center","name":"hole_4_tee_center","feature-color":"#c8a055","is_approximate":true,"source":"derived","@id":"d2debe84-9b21-43f2-b666-a6bff063af19"}},{"type":"Feature","bbox":[-121.99984341110117,37.928155179709634,-121.99984341110117,37.928155179709634],"geometry":{"type":"Point","coordinates":[-121.99984341110117,37.928155179709634]},"properties":{"course_id":"boundary_oak_walnut_creek","course_name":"Boundary Oak Golf Course","hole_number":4,"feature_type":"green_center","name":"hole_4_green_center","feature-color":"#5aae5a","is_approximate":true,"source":"derived","@id":"1c31ea1c-fab3-407b-ba89-15259ad6c10f"}},{"type":"Feature","bbox":[-121.99995337537028,37.928142057948016,-121.99995337537028,37.928142057948016],"geometry":{"type":"Point","coordinates":[-121.99995337537028,37.928142057948016]},"properties":{"course_id":"boundary_oak_walnut_creek","course_name":"Boundary Oak Golf Course","hole_number":4,"feature_type":"green_front","name":"hole_4_green_front","feature-color":"#5aae5a","is_approximate":true,"source":"derived","@id":"291220d9-1d87-447d-8374-8ea38b62c698"}},{"type":"Feature","bbox":[-121.99974696727368,37.92816668811072,-121.99974696727368,37.92816668811072],"geometry":{"type":"Point","coordinates":[-121.99974696727368,37.92816668811072]},"properties":{"course_id":"boundary_oak_walnut_creek","course_name":"Boundary Oak Golf Course","hole_number":4,"feature_type":"green_back","name":"hole_4_green_back","feature-color":"#5aae5a","is_approximate":true,"source":"derived","@id":"20e86533-7194-4432-aea8-5f1b9bb2be7d"}},{"type":"Feature","bbox":[-121.99976653295161,37.92760791872911,-121.99976653295161,37.92760791872911],"geometry":{"type":"Point","coordinates":[-121.99976653295161,37.92760791872911]},"properties":{"course_id":"boundary_oak_walnut_creek","course_name":"Boundary Oak Golf Course","hole_number":5,"feature_type":"tee_center","name":"hole_5_tee_center","feature-color":"#c8a055","is_approximate":true,"source":"derived","@id":"2bbcaeef-a7da-484b-81b4-8ddf6a7b6287"}},{"type":"Feature","bbox":[-122.00379878633304,37.92620081011083,-122.00379878633304,37.92620081011083],"geometry":{"type":"Point","coordinates":[-122.00379878633304,37.92620081011083]},"properties":{"course_id":"boundary_oak_walnut_creek","course_name":"Boundary Oak Golf Course","hole_number":5,"feature_type":"green_center","name":"hole_5_green_center","feature-color":"#5aae5a","is_approximate":true,"source":"derived","@id":"94cea20b-e8e4-4ae4-b922-fe7a608c207f"}},{"type":"Feature","bbox":[-122.0036573727887,37.926237958924744,-122.0036573727887,37.926237958924744],"geometry":{"type":"Point","coordinates":[-122.0036573727887,37.926237958924744]},"properties":{"course_id":"boundary_oak_walnut_creek","course_name":"Boundary Oak Golf Course","hole_number":5,"feature_type":"green_front","name":"hole_5_green_front","feature-color":"#5aae5a","is_approximate":true,"source":"derived","@id":"9a60691e-1684-45a1-81ed-d8a1fc6cb488"}},{"type":"Feature","bbox":[-122.00393638360687,37.926164663817026,-122.00393638360687,37.926164663817026],"geometry":{"type":"Point","coordinates":[-122.00393638360687,37.926164663817026]},"properties":{"course_id":"boundary_oak_walnut_creek","course_name":"Boundary Oak Golf Course","hole_number":5,"feature_type":"green_back","name":"hole_5_green_back","feature-color":"#5aae5a","is_approximate":true,"source":"derived","@id":"fed6a12d-5f6a-479f-88b8-988a3a705c59"}},{"type":"Feature","bbox":[-122.0043060305064,37.92618847551176,-122.0043060305064,37.92618847551176],"geometry":{"type":"Point","coordinates":[-122.0043060305064,37.92618847551176]},"properties":{"course_id":"boundary_oak_walnut_creek","course_name":"Boundary Oak Golf Course","hole_number":6,"feature_type":"tee_center","name":"hole_6_tee_center","feature-color":"#c8a055","is_approximate":true,"source":"derived","@id":"1d91a90e-3db5-4537-bd06-8017b1ca41a3"}},{"type":"Feature","bbox":[-122.00312284169706,37.92511620026758,-122.00312284169706,37.92511620026758],"geometry":{"type":"Point","coordinates":[-122.00312284169706,37.92511620026758]},"properties":{"course_id":"boundary_oak_walnut_creek","course_name":"Boundary Oak Golf Course","hole_number":6,"feature_type":"green_center","name":"hole_6_green_center","feature-color":"#5aae5a","is_approximate":true,"source":"derived","@id":"ce8c1bc3-043a-4488-a313-cb55c4ea996e"}},{"type":"Feature","bbox":[-122.00322447887544,37.925240573484736,-122.00322447887544,37.925240573484736],"geometry":{"type":"Point","coordinates":[-122.00322447887544,37.925240573484736]},"properties":{"course_id":"boundary_oak_walnut_creek","course_name":"Boundary Oak Golf Course","hole_number":6,"feature_type":"green_front","name":"hole_6_green_front","feature-color":"#5aae5a","is_approximate":true,"source":"derived","@id":"c03c5ccf-c63f-49be-852d-9fb6e99e3426"}},{"type":"Feature","bbox":[-122.00301496194572,37.92498418802604,-122.00301496194572,37.92498418802604],"geometry":{"type":"Point","coordinates":[-122.00301496194572,37.92498418802604]},"properties":{"course_id":"boundary_oak_walnut_creek","course_name":"Boundary Oak Golf Course","hole_number":6,"feature_type":"green_back","name":"hole_6_green_back","feature-color":"#5aae5a","is_approximate":true,"source":"derived","@id":"dff01b4a-7f22-489b-811d-726c37f8d00e"}},{"type":"Feature","bbox":[-122.00298179242849,37.925728579443586,-122.00298179242849,37.925728579443586],"geometry":{"type":"Point","coordinates":[-122.00298179242849,37.925728579443586]},"properties":{"course_id":"boundary_oak_walnut_creek","course_name":"Boundary Oak Golf Course","hole_number":7,"feature_type":"tee_center","name":"hole_7_tee_center","feature-color":"#c8a055","is_approximate":true,"source":"derived","@id":"0af0c438-9614-42f4-88cd-cc86593cc74e"}},{"type":"Feature","bbox":[-121.99975279905878,37.92457513180518,-121.99975279905878,37.92457513180518],"geometry":{"type":"Point","coordinates":[-121.99975279905878,37.92457513180518]},"properties":{"course_id":"boundary_oak_walnut_creek","course_name":"Boundary Oak Golf Course","hole_number":7,"feature_type":"green_center","name":"hole_7_green_center","feature-color":"#5aae5a","is_approximate":true,"source":"derived","@id":"3f1e749c-c1c6-4d1d-b269-562282926120"}},{"type":"Feature","bbox":[-121.9998665244537,37.92464007007115,-121.9998665244537,37.92464007007115],"geometry":{"type":"Point","coordinates":[-121.9998665244537,37.92464007007115]},"properties":{"course_id":"boundary_oak_walnut_creek","course_name":"Boundary Oak Golf Course","hole_number":7,"feature_type":"green_front","name":"hole_7_green_front","feature-color":"#5aae5a","is_approximate":true,"source":"derived","@id":"09c92037-f9bb-459f-ad80-7546bd3a1bf3"}},{"type":"Feature","bbox":[-121.99964260036883,37.924512207320774,-121.99964260036883,37.924512207320774],"geometry":{"type":"Point","coordinates":[-121.99964260036883,37.924512207320774]},"properties":{"course_id":"boundary_oak_walnut_creek","course_name":"Boundary Oak Golf Course","hole_number":7,"feature_type":"green_back","name":"hole_7_green_back","feature-color":"#5aae5a","is_approximate":true,"source":"derived","@id":"064c21ea-f2b4-41de-8700-a2ef1fe198c7"}},{"type":"Feature","bbox":[-122.00204112898004,37.92501388825306,-122.00204112898004,37.92501388825306],"geometry":{"type":"Point","coordinates":[-122.00204112898004,37.92501388825306]},"properties":{"course_id":"boundary_oak_walnut_creek","course_name":"Boundary Oak Golf Course","hole_number":18,"feature_type":"tee_center","name":"hole_18_tee_center","feature-color":"#c8a055","is_approximate":true,"source":"derived","@id":"e0680ffa-3996-4ca4-bc1e-b8b4f26029d9"}},{"type":"Feature","bbox":[-121.99798568041066,37.923929186124454,-121.99798568041066,37.923929186124454],"geometry":{"type":"Point","coordinates":[-121.99798568041066,37.923929186124454]},"properties":{"course_id":"boundary_oak_walnut_creek","course_name":"Boundary Oak Golf Course","hole_number":18,"feature_type":"green_center","name":"hole_18_green_center","feature-color":"#5aae5a","is_approximate":true,"source":"derived","@id":"de9f5166-3962-409f-b330-bd005eead633"}},{"type":"Feature","bbox":[-121.9981850407375,37.92394005639757,-121.9981850407375,37.92394005639757],"geometry":{"type":"Point","coordinates":[-121.9981850407375,37.92394005639757]},"properties":{"course_id":"boundary_oak_walnut_creek","course_name":"Boundary Oak Golf Course","hole_number":18,"feature_type":"green_front","name":"hole_18_green_front","feature-color":"#5aae5a","is_approximate":true,"source":"derived","@id":"89103d83-fa9c-4660-a7b2-cbb73cf402aa"}},{"type":"Feature","bbox":[-121.99778310724069,37.923918140668626,-121.99778310724069,37.923918140668626],"geometry":{"type":"Point","coordinates":[-121.99778310724069,37.923918140668626]},"properties":{"course_id":"boundary_oak_walnut_creek","course_name":"Boundary Oak Golf Course","hole_number":18,"feature_type":"green_back","name":"hole_18_green_back","feature-color":"#5aae5a","is_approximate":true,"source":"derived","@id":"81abc30a-5870-483f-8cb3-ae00c6998e5e"}},{"type":"Feature","bbox":[-121.99736377211487,37.92361066763031,-121.99736377211487,37.92361066763031],"geometry":{"type":"Point","coordinates":[-121.99736377211487,37.92361066763031]},"properties":{"course_id":"boundary_oak_walnut_creek","course_name":"Boundary Oak Golf Course","hole_number":10,"feature_type":"tee_center","name":"hole_10_tee_center","feature-color":"#c8a055","is_approximate":true,"source":"derived","@id":"23b5235b-5a1f-4d75-912c-e63e929e73c6"}},{"type":"Feature","bbox":[-122.0011963250347,37.923067652124836,-122.0011963250347,37.923067652124836],"geometry":{"type":"Point","coordinates":[-122.0011963250347,37.923067652124836]},"properties":{"course_id":"boundary_oak_walnut_creek","course_name":"Boundary Oak Golf Course","hole_number":10,"feature_type":"green_center","name":"hole_10_green_center","feature-color":"#5aae5a","is_approximate":true,"source":"derived","@id":"09f3d13d-48c3-47b4-b9f6-4edca7684f20"}},{"type":"Feature","bbox":[-122.00106440655229,37.92307679701405,-122.00106440655229,37.92307679701405],"geometry":{"type":"Point","coordinates":[-122.00106440655229,37.92307679701405]},"properties":{"course_id":"boundary_oak_walnut_creek","course_name":"Boundary Oak Golf Course","hole_number":10,"feature_type":"green_front","name":"hole_10_green_front","feature-color":"#5aae5a","is_approximate":true,"source":"derived","@id":"338eba17-85b4-4125-9929-e59f930f6e98"}},{"type":"Feature","bbox":[-122.00135348590824,37.92305675737566,-122.00135348590824,37.92305675737566],"geometry":{"type":"Point","coordinates":[-122.00135348590824,37.92305675737566]},"properties":{"course_id":"boundary_oak_walnut_creek","course_name":"Boundary Oak Golf Course","hole_number":10,"feature_type":"green_back","name":"hole_10_green_back","feature-color":"#5aae5a","is_approximate":true,"source":"derived","@id":"b7f7d3bb-5c67-480b-8218-1dc4bac949a3"}},{"type":"Feature","bbox":[-122.00401662474113,37.92382204823477,-122.00401662474113,37.92382204823477],"geometry":{"type":"Point","coordinates":[-122.00401662474113,37.92382204823477]},"properties":{"course_id":"boundary_oak_walnut_creek","course_name":"Boundary Oak Golf Course","hole_number":12,"feature_type":"tee_center","name":"hole_12_tee_center","feature-color":"#c8a055","is_approximate":true,"source":"derived","@id":"67d26c3b-99bd-4a43-b758-ca4c768e3cd6"}},{"type":"Feature","bbox":[-122.00459066419481,37.92215203825303,-122.00459066419481,37.92215203825303],"geometry":{"type":"Point","coordinates":[-122.00459066419481,37.92215203825303]},"properties":{"course_id":"boundary_oak_walnut_creek","course_name":"Boundary Oak Golf Course","hole_number":12,"feature_type":"green_center","name":"hole_12_green_center","feature-color":"#5aae5a","is_approximate":true,"source":"derived","@id":"6c7dfe4e-8f95-4ba0-be13-ac74a2b520c9"}},{"type":"Feature","bbox":[-122.00454598583401,37.92228298630372,-122.00454598583401,37.92228298630372],"geometry":{"type":"Point","coordinates":[-122.00454598583401,37.92228298630372]},"properties":{"course_id":"boundary_oak_walnut_creek","course_name":"Boundary Oak Golf Course","hole_number":12,"feature_type":"green_front","name":"hole_12_green_front","feature-color":"#5aae5a","is_approximate":true,"source":"derived","@id":"a91224c5-2ec2-4dac-88f5-19a38ee49f37"}},{"type":"Feature","bbox":[-122.00463436327708,37.9220239603751,-122.00463436327708,37.9220239603751],"geometry":{"type":"Point","coordinates":[-122.00463436327708,37.9220239603751]},"properties":{"course_id":"boundary_oak_walnut_creek","course_name":"Boundary Oak Golf Course","hole_number":12,"feature_type":"green_back","name":"hole_12_green_back","feature-color":"#5aae5a","is_approximate":true,"source":"derived","@id":"371beed0-4153-4f2e-a809-34fc532156f1"}},{"type":"Feature","bbox":[-122.00496362804192,37.9228263418033,-122.00496362804192,37.9228263418033],"geometry":{"type":"Point","coordinates":[-122.00496362804192,37.9228263418033]},"properties":{"course_id":"boundary_oak_walnut_creek","course_name":"Boundary Oak Golf Course","hole_number":13,"feature_type":"tee_center","name":"hole_13_tee_center","feature-color":"#c8a055","is_approximate":true,"source":"derived","@id":"608aa110-1cfe-4811-9b74-ca766a61f7c2"}},{"type":"Feature","bbox":[-122.00493515989358,37.925845079972284,-122.00493515989358,37.925845079972284],"geometry":{"type":"Point","coordinates":[-122.00493515989358,37.925845079972284]},"properties":{"course_id":"boundary_oak_walnut_creek","course_name":"Boundary Oak Golf Course","hole_number":13,"feature_type":"green_center","name":"hole_13_green_center","feature-color":"#5aae5a","is_approximate":true,"source":"derived","@id":"ba14880d-e994-4f86-8105-48107acd2aff"}},{"type":"Feature","bbox":[-122.0049154970168,37.92571566622057,-122.0049154970168,37.92571566622057],"geometry":{"type":"Point","coordinates":[-122.0049154970168,37.92571566622057]},"properties":{"course_id":"boundary_oak_walnut_creek","course_name":"Boundary Oak Golf Course","hole_number":13,"feature_type":"green_front","name":"hole_13_green_front","feature-color":"#5aae5a","is_approximate":true,"source":"derived","@id":"194da584-e68c-41a7-b5e8-986ac86aa423"}},{"type":"Feature","bbox":[-122.00495717112426,37.92598994971716,-122.00495717112426,37.92598994971716],"geometry":{"type":"Point","coordinates":[-122.00495717112426,37.92598994971716]},"properties":{"course_id":"boundary_oak_walnut_creek","course_name":"Boundary Oak Golf Course","hole_number":13,"feature_type":"green_back","name":"hole_13_green_back","feature-color":"#5aae5a","is_approximate":true,"source":"derived","@id":"895ed8e9-ca38-478f-bee4-1428f8bc6d6b"}},{"type":"Feature","bbox":[-122.00546006510595,37.92603871500654,-122.00546006510595,37.92603871500654],"geometry":{"type":"Point","coordinates":[-122.00546006510595,37.92603871500654]},"properties":{"course_id":"boundary_oak_walnut_creek","course_name":"Boundary Oak Golf Course","hole_number":14,"feature_type":"tee_center","name":"hole_14_tee_center","feature-color":"#c8a055","is_approximate":true,"source":"derived","@id":"22e917bc-1c7d-4edd-8fed-4fe3c795035d"}},{"type":"Feature","bbox":[-122.00313427156655,37.92982697323744,-122.00313427156655,37.92982697323744],"geometry":{"type":"Point","coordinates":[-122.00313427156655,37.92982697323744]},"properties":{"course_id":"boundary_oak_walnut_creek","course_name":"Boundary Oak Golf Course","hole_number":14,"feature_type":"green_center","name":"hole_14_green_center","feature-color":"#5aae5a","is_approximate":true,"source":"derived","@id":"679ff216-ead9-4b5e-9521-d27ad3d1aaf5"}},{"type":"Feature","bbox":[-122.00323009240756,37.92974930795871,-122.00323009240756,37.92974930795871],"geometry":{"type":"Point","coordinates":[-122.00323009240756,37.92974930795871]},"properties":{"course_id":"boundary_oak_walnut_creek","course_name":"Boundary Oak Golf Course","hole_number":14,"feature_type":"green_front","name":"hole_14_green_front","feature-color":"#5aae5a","is_approximate":true,"source":"derived","@id":"4aea3b49-2937-4843-950a-8d07dc90dc72"}},{"type":"Feature","bbox":[-122.00301277072035,37.92992545282692,-122.00301277072035,37.92992545282692],"geometry":{"type":"Point","coordinates":[-122.00301277072035,37.92992545282692]},"properties":{"course_id":"boundary_oak_walnut_creek","course_name":"Boundary Oak Golf Course","hole_number":14,"feature_type":"green_back","name":"hole_14_green_back","feature-color":"#5aae5a","is_approximate":true,"source":"derived","@id":"ee16c016-d47a-4b8a-9ba5-a274ddfa0641"}},{"type":"Feature","bbox":[-122.0026675407988,37.92979861215396,-122.0026675407988,37.92979861215396],"geometry":{"type":"Point","coordinates":[-122.0026675407988,37.92979861215396]},"properties":{"course_id":"boundary_oak_walnut_creek","course_name":"Boundary Oak Golf Course","hole_number":15,"feature_type":"tee_center","name":"hole_15_tee_center","feature-color":"#c8a055","is_approximate":true,"source":"derived","@id":"1763a7b4-d438-43b8-9314-bae164063225"}},{"type":"Feature","bbox":[-122.0046730792567,37.926655713104054,-122.0046730792567,37.926655713104054],"geometry":{"type":"Point","coordinates":[-122.0046730792567,37.926655713104054]},"properties":{"course_id":"boundary_oak_walnut_creek","course_name":"Boundary Oak Golf Course","hole_number":15,"feature_type":"green_center","name":"hole_15_green_center","feature-color":"#5aae5a","is_approximate":true,"source":"derived","@id":"5875f0ef-555c-4ca8-b825-9de14d03291c"}},{"type":"Feature","bbox":[-122.00462213772468,37.92678734085538,-122.00462213772468,37.92678734085538],"geometry":{"type":"Point","coordinates":[-122.00462213772468,37.92678734085538]},"properties":{"course_id":"boundary_oak_walnut_creek","course_name":"Boundary Oak Golf Course","hole_number":15,"feature_type":"green_front","name":"hole_15_green_front","feature-color":"#5aae5a","is_approximate":true,"source":"derived","@id":"594fd134-27d9-455f-a7d1-e842bab618d7"}},{"type":"Feature","bbox":[-122.0047297331599,37.92650932516503,-122.0047297331599,37.92650932516503],"geometry":{"type":"Point","coordinates":[-122.0047297331599,37.92650932516503]},"properties":{"course_id":"boundary_oak_walnut_creek","course_name":"Boundary Oak Golf Course","hole_number":15,"feature_type":"green_back","name":"hole_15_green_back","feature-color":"#5aae5a","is_approximate":true,"source":"derived","@id":"4632f0c9-47f3-4edc-a08e-336ab9358091"}},{"type":"Feature","bbox":[-122.00473492522865,37.92623874937804,-122.00473492522865,37.92623874937804],"geometry":{"type":"Point","coordinates":[-122.00473492522865,37.92623874937804]},"properties":{"course_id":"boundary_oak_walnut_creek","course_name":"Boundary Oak Golf Course","hole_number":16,"feature_type":"tee_center","name":"hole_16_tee_center","feature-color":"#c8a055","is_approximate":true,"source":"derived","@id":"136f6118-21b8-49ad-a9b6-f720c0ae17b9"}},{"type":"Feature","bbox":[-122.00235925153677,37.9233743840112,-122.00235925153677,37.9233743840112],"geometry":{"type":"Point","coordinates":[-122.00235925153677,37.9233743840112]},"properties":{"course_id":"boundary_oak_walnut_creek","course_name":"Boundary Oak Golf Course","hole_number":16,"feature_type":"green_center","name":"hole_16_green_center","feature-color":"#5aae5a","is_approximate":true,"source":"derived","@id":"5ae64bbf-8ef5-42c9-bd62-f074b624aff7"}},{"type":"Feature","bbox":[-122.00247310707122,37.92349463031969,-122.00247310707122,37.92349463031969],"geometry":{"type":"Point","coordinates":[-122.00247310707122,37.92349463031969]},"properties":{"course_id":"boundary_oak_walnut_creek","course_name":"Boundary Oak Golf Course","hole_number":16,"feature_type":"green_front","name":"hole_16_green_front","feature-color":"#5aae5a","is_approximate":true,"source":"derived","@id":"65bfb6c3-a487-466b-841d-5e84ea9a6fe0"}},{"type":"Feature","bbox":[-122.00223916359741,37.92324755546945,-122.00223916359741,37.92324755546945],"geometry":{"type":"Point","coordinates":[-122.00223916359741,37.92324755546945]},"properties":{"course_id":"boundary_oak_walnut_creek","course_name":"Boundary Oak Golf Course","hole_number":16,"feature_type":"green_back","name":"hole_16_green_back","feature-color":"#5aae5a","is_approximate":true,"source":"derived","@id":"6045d5ca-8dbc-46ec-8b6f-442c1239dbc9"}},{"type":"Feature","bbox":[-122.00187277666043,37.92335792534684,-122.00187277666043,37.92335792534684],"geometry":{"type":"Point","coordinates":[-122.00187277666043,37.92335792534684]},"properties":{"course_id":"boundary_oak_walnut_creek","course_name":"Boundary Oak Golf Course","hole_number":17,"feature_type":"tee_center","name":"hole_17_tee_center","feature-color":"#c8a055","is_approximate":true,"source":"derived","@id":"574601b2-1a07-4942-adba-22fbd9301d52"}},{"type":"Feature","bbox":[-122.00256579598721,37.92481915307638,-122.00256579598721,37.92481915307638],"geometry":{"type":"Point","coordinates":[-122.00256579598721,37.92481915307638]},"properties":{"course_id":"boundary_oak_walnut_creek","course_name":"Boundary Oak Golf Course","hole_number":17,"feature_type":"green_center","name":"hole_17_green_center","feature-color":"#5aae5a","is_approximate":true,"source":"derived","@id":"e5cbc6d0-06e6-41be-8568-f547de379e7e"}},{"type":"Feature","bbox":[-122.00248456311799,37.92468605028616,-122.00248456311799,37.92468605028616],"geometry":{"type":"Point","coordinates":[-122.00248456311799,37.92468605028616]},"properties":{"course_id":"boundary_oak_walnut_creek","course_name":"Boundary Oak Golf Course","hole_number":17,"feature_type":"green_front","name":"hole_17_green_front","feature-color":"#5aae5a","is_approximate":true,"source":"derived","@id":"e38e4c1b-5b75-48cf-a44a-95c4aee1b5f1"}},{"type":"Feature","bbox":[-122.00264255679198,37.924944928238496,-122.00264255679198,37.924944928238496],"geometry":{"type":"Point","coordinates":[-122.00264255679198,37.924944928238496]},"properties":{"course_id":"boundary_oak_walnut_creek","course_name":"Boundary Oak Golf Course","hole_number":17,"feature_type":"green_back","name":"hole_17_green_back","feature-color":"#5aae5a","is_approximate":true,"source":"derived","@id":"c9f2b9fe-4762-439e-97e0-f5c29d80fda4"}}]}