{"type": "FeatureCollection", "features": [{"type": "Feature", "bbox": [-121.8671615, 37.6295659, -121.86626, 37.6303965], "geometry": {"type": "Polygon", "coordinates": [[[-121.8667014, 37.6303965], [-121.8667522, 37.630335], [-121.866787, 37.6301486], [-121.8668458, 37.6300532], [-121.8668753, 37.6299706], [-121.8669074, 37.6298689], [-121.8670304, 37.6298159], [-121.8671588, 37.6296698], [-121.8671615, 37.6296041], [-121.8671294, 37.6295786], [-121.8669475, 37.6295659], [-121.866787, 37.6296104], [-121.8666318, 37.629602], [-121.8665516, 37.6296295], [-121.8665007, 37.6297354], [-121.8664713, 37.6298053], [-121.8664098, 37.6298456], [-121.8664018, 37.6299325], [-121.8663108, 37.6299791], [-121.86626, 37.6300511], [-121.866268, 37.6300998], [-121.8663376, 37.630138], [-121.8664553, 37.6301931], [-121.8665462, 37.6303223], [-121.8666452, 37.6303859], [-121.8667014, 37.6303965]]]}, "properties": {"course_id": "callippe_preserve_pleasanton", "course_name": "Callippe Preserve Golf Course", "hole_number": 15, "feature_type": "water", "name": "hole_15_water", "feature-color": "#2255cc", "is_approximate": true, "source": "osm", "@id": "02a25bcd-6a93-483c-858a-cfe9f76aa8f2", "osm_id": 129284376}}, {"type": "Feature", "bbox": [-121.8668396, 37.630899, -121.8665409, 37.6311379], "geometry": {"type": "Polygon", "coordinates": [[[-121.8667441, 37.6309129], [-121.8666933, 37.630899], [-121.8666355, 37.6309076], [-121.8665881, 37.6309198], [-121.8665557, 37.6309452], [-121.8665409, 37.630971], [-121.8665428, 37.6310068], [-121.8665684, 37.6310425], [-121.8666486, 37.6311004], [-121.8667468, 37.6311379], [-121.8668085, 37.6311266], [-121.8668396, 37.6310864], [-121.8668346, 37.6310614], [-121.8668204, 37.6310067], [-121.8667849, 37.6309572], [-121.8667676, 37.6309385], [-121.8667441, 37.6309129]]]}, "properties": {"course_id": "callippe_preserve_pleasanton", "course_name": "Callippe Preserve Golf Course", "hole_number": 16, "feature_type": "green", "name": "hole_16_green", "feature-color": "#2d6e2d", "is_approximate": true, "source": "osm", "@id": "b1c4d2a9-b3be-459a-957d-5d4419a7a009", "osm_id": 477423384}}, {"type": "Feature", "bbox": [-121.8667053, 37.6281822, -121.866272, 37.6284435], "geometry": {"type": "Polygon", "coordinates": [[[-121.8665242, 37.6284058], [-121.8665732, 37.6283723], [-121.8666771, 37.6283267], [-121.8667052, 37.6282879], [-121.8667053, 37.6282575], [-121.8666851, 37.6282183], [-121.8666154, 37.6281843], [-121.8665349, 37.6281822], [-121.8664786, 37.6282045], [-121.8664289, 37.6282534], [-121.8663753, 37.6282714], [-121.866319, 37.6282884], [-121.8662921, 37.6283043], [-121.866272, 37.6283341], [-121.8662814, 37.6283851], [-121.8663243, 37.6284223], [-121.8664061, 37.6284435], [-121.8664611, 37.6284393], [-121.8665242, 37.6284058]]]}, "properties": {"course_id": "callippe_preserve_pleasanton", "course_name": "Callippe Preserve Golf Course", "hole_number": 13, "feature_type": "green", "name": "hole_13_green", "feature-color": "#2d6e2d", "is_approximate": true, "source": "osm", "@id": "8b9b264d-2bdd-4a4c-8187-04eb529e29ce", "osm_id": 477423385}}, {"type": "Feature", "bbox": [-121.8640475, 37.6318144, -121.8637457, 37.6321606], "geometry": {"type": "Polygon", "coordinates": [[[-121.8638906, 37.6321606], [-121.8639298, 37.6321391], [-121.8639469, 37.6321011], [-121.8639469, 37.632064], [-121.863967, 37.6320162], [-121.8639912, 37.6319971], [-121.8640368, 37.631961], [-121.8640475, 37.631911], [-121.864018, 37.6318505], [-121.8639935, 37.6318324], [-121.8639643, 37.6318208], [-121.8639513, 37.6318196], [-121.8638946, 37.6318144], [-121.863845, 37.6318197], [-121.8638114, 37.6318494], [-121.8637833, 37.6319078], [-121.8637632, 37.6319801], [-121.8637457, 37.6320194], [-121.8637457, 37.6320958], [-121.8637913, 37.6321394], [-121.8638249, 37.6321574], [-121.8638906, 37.6321606]]]}, "properties": {"course_id": "callippe_preserve_pleasanton", "course_name": "Callippe Preserve Golf Course", "hole_number": 6, "feature_type": "green", "name": "hole_6_green", "feature-color": "#2d6e2d", "is_approximate": true, "source": "osm", "@id": "514d0ab8-1235-4012-a9cb-d10d8ee10bfa", "osm_id": 477423386}}, {"type": "Feature", "bbox": [-121.8637303, 37.6330204, -121.8632824, 37.6332625], "geometry": {"type": "Polygon", "coordinates": [[[-121.8634728, 37.6332381], [-121.8635332, 37.6332243], [-121.8636163, 37.6332084], [-121.8636793, 37.6331776], [-121.8637156, 37.6331393], [-121.8637303, 37.6330894], [-121.8636807, 37.6330321], [-121.8636096, 37.6330204], [-121.8635479, 37.6330395], [-121.8634929, 37.6330724], [-121.8634299, 37.633082], [-121.8633692, 37.6331038], [-121.8633266, 37.6331191], [-121.8632824, 37.6331786], [-121.8632958, 37.6332296], [-121.86334, 37.6332625], [-121.8634084, 37.6332625], [-121.8634728, 37.6332381]]]}, "properties": {"course_id": "callippe_preserve_pleasanton", "course_name": "Callippe Preserve Golf Course", "hole_number": 4, "feature_type": "green", "name": "hole_4_green", "feature-color": "#2d6e2d", "is_approximate": true, "source": "osm", "@id": "c7ff6b13-d969-489e-a85c-1ddc0201dd1a", "osm_id": 477423387}}, {"type": "Feature", "bbox": [-121.8650755, 37.6291775, -121.8647972, 37.6294576], "geometry": {"type": "Polygon", "coordinates": [[[-121.8648991, 37.6294576], [-121.8649688, 37.6294565], [-121.8650211, 37.6294353], [-121.8650359, 37.6294034], [-121.8650379, 37.6293835], [-121.8650527, 37.6293311], [-121.8650701, 37.6292935], [-121.8650755, 37.6292563], [-121.8650414, 37.6292051], [-121.8650033, 37.6291831], [-121.8649546, 37.6291775], [-121.8649138, 37.6291869], [-121.8648642, 37.629208], [-121.8648253, 37.6292611], [-121.8647972, 37.6293269], [-121.8647985, 37.6293811], [-121.8648387, 37.6294374], [-121.8648991, 37.6294576]]]}, "properties": {"course_id": "callippe_preserve_pleasanton", "course_name": "Callippe Preserve Golf Course", "hole_number": 17, "feature_type": "green", "name": "hole_17_green", "feature-color": "#2d6e2d", "is_approximate": true, "source": "osm", "@id": "e6a79bb1-20b6-4d32-9ec3-2e04f31113b9", "osm_id": 477423388}}, {"type": "Feature", "bbox": [-121.8643948, 37.6288599, -121.8640354, 37.6291357], "geometry": {"type": "Polygon", "coordinates": [[[-121.8641722, 37.6290763], [-121.8642406, 37.6291219], [-121.8643117, 37.6291357], [-121.864368, 37.6291219], [-121.8643948, 37.6290773], [-121.8643707, 37.6290338], [-121.8642996, 37.6289998], [-121.8642634, 37.6289743], [-121.8642393, 37.6289042], [-121.864199, 37.628866], [-121.864161, 37.6288599], [-121.8641186, 37.6288638], [-121.8640622, 37.6288989], [-121.8640354, 37.6289584], [-121.8640483, 37.6290089], [-121.8641065, 37.6290412], [-121.8641615, 37.6290625], [-121.8641722, 37.6290763]]]}, "properties": {"course_id": "callippe_preserve_pleasanton", "course_name": "Callippe Preserve Golf Course", "hole_number": 1, "feature_type": "green", "name": "hole_1_green", "feature-color": "#2d6e2d", "is_approximate": true, "source": "osm", "@id": "170b38f7-3662-4ae8-947e-e0a15fc58a48", "osm_id": 477423389}}, {"type": "Feature", "bbox": [-121.8664548, 37.6294778, -121.8661423, 37.6297794], "geometry": {"type": "Polygon", "coordinates": [[[-121.8663569, 37.6297767], [-121.8664172, 37.6297438], [-121.8664481, 37.629695], [-121.8664548, 37.6296424], [-121.8664434, 37.6295861], [-121.8664172, 37.6295378], [-121.866389, 37.6295059], [-121.8663428, 37.629482], [-121.866269, 37.6294778], [-121.8662288, 37.6294852], [-121.8661865, 37.629508], [-121.8661584, 37.6295372], [-121.8661423, 37.6295845], [-121.866145, 37.6296291], [-121.8661738, 37.6296811], [-121.866208, 37.6297412], [-121.8662456, 37.6297651], [-121.8663072, 37.6297794], [-121.8663569, 37.6297767]]]}, "properties": {"course_id": "callippe_preserve_pleasanton", "course_name": "Callippe Preserve Golf Course", "hole_number": 15, "feature_type": "green", "name": "hole_15_green", "feature-color": "#2d6e2d", "is_approximate": true, "source": "osm", "@id": "b909f4e3-1516-4b6e-9cce-451eb9abc270", "osm_id": 477423390}}, {"type": "Feature", "bbox": [-121.865912, 37.6316702, -121.8654573, 37.6318752], "geometry": {"type": "Polygon", "coordinates": [[[-121.8657215, 37.6318699], [-121.8657604, 37.6318518], [-121.8657973, 37.6318338], [-121.8658496, 37.6318088], [-121.8658898, 37.6317828], [-121.865912, 37.6317451], [-121.8659099, 37.6316999], [-121.865869, 37.631675], [-121.8658402, 37.6316702], [-121.8657725, 37.6316707], [-121.865682, 37.6316814], [-121.8656122, 37.6316899], [-121.8655572, 37.6316872], [-121.8654942, 37.631692], [-121.8654654, 37.6317175], [-121.8654573, 37.6317568], [-121.8654734, 37.6317966], [-121.8655049, 37.6318253], [-121.8655592, 37.6318449], [-121.8656115, 37.6318497], [-121.8656598, 37.631863], [-121.86569, 37.6318752], [-121.8657215, 37.6318699]]]}, "properties": {"course_id": "callippe_preserve_pleasanton", "course_name": "Callippe Preserve Golf Course", "hole_number": 2, "feature_type": "green", "name": "hole_2_green", "feature-color": "#2d6e2d", "is_approximate": true, "source": "osm", "@id": "2b25eb57-04fd-4d41-9c86-55c0d19b5dad", "osm_id": 477423391}}, {"type": "Feature", "bbox": [-121.8618929, 37.6343331, -121.8614856, 37.6346305], "geometry": {"type": "Polygon", "coordinates": [[[-121.8617482, 37.6346305], [-121.8618189, 37.6346093], [-121.8618618, 37.6345734], [-121.8618856, 37.6345293], [-121.8618929, 37.6344899], [-121.8618808, 37.6344676], [-121.8618623, 37.634449], [-121.8618295, 37.6344352], [-121.8617535, 37.6344265], [-121.8617187, 37.6344175], [-121.8616853, 37.6344062], [-121.8616221, 37.6343596], [-121.8615698, 37.6343331], [-121.8615321, 37.6343368], [-121.861505, 37.6343554], [-121.8614891, 37.6343866], [-121.8614856, 37.634409], [-121.8615158, 37.6344462], [-121.8615641, 37.634486], [-121.8615872, 37.6345158], [-121.861606, 37.6345582], [-121.8616368, 37.634605], [-121.8616717, 37.6346198], [-121.8617482, 37.6346305]]]}, "properties": {"course_id": "callippe_preserve_pleasanton", "course_name": "Callippe Preserve Golf Course", "hole_number": 3, "feature_type": "green", "name": "hole_3_green", "feature-color": "#2d6e2d", "is_approximate": true, "source": "osm", "@id": "3b0d3f26-18a0-4c87-b814-c8ac2f49079d", "osm_id": 477423392}}, {"type": "Feature", "bbox": [-121.8664859, 37.632137, -121.8661459, 37.6324407], "geometry": {"type": "Polygon", "coordinates": [[[-121.8662734, 37.6321402], [-121.8662466, 37.632142], [-121.8662147, 37.6321519], [-121.8661941, 37.6321764], [-121.8661862, 37.6321949], [-121.8661667, 37.632223], [-121.8661578, 37.632248], [-121.8661459, 37.6322833], [-121.8661567, 37.6323172], [-121.8661755, 37.6323367], [-121.8661945, 37.6323457], [-121.8662761, 37.6323845], [-121.8663364, 37.6324099], [-121.8664142, 37.6324407], [-121.8664598, 37.6324238], [-121.8664805, 37.6324046], [-121.8664859, 37.6323719], [-121.8664772, 37.6323314], [-121.866445, 37.6322899], [-121.8663991, 37.6322411], [-121.8663753, 37.6322007], [-121.8663471, 37.6321646], [-121.8663002, 37.632137], [-121.8662734, 37.6321402]]]}, "properties": {"course_id": "callippe_preserve_pleasanton", "course_name": "Callippe Preserve Golf Course", "hole_number": 5, "feature_type": "green", "name": "hole_5_green", "feature-color": "#2d6e2d", "is_approximate": true, "source": "osm", "@id": "aadd9239-c997-441f-8a95-3b436f0b3dd6", "osm_id": 477423393}}, {"type": "Feature", "bbox": [-121.8634021, 37.6319214, -121.8630527, 37.6321758], "geometry": {"type": "Polygon", "coordinates": [[[-121.863213, 37.6321434], [-121.8632472, 37.6321073], [-121.8632881, 37.6320956], [-121.8633283, 37.6320929], [-121.8633672, 37.6320849], [-121.8634021, 37.6320488], [-121.8633987, 37.6320005], [-121.8633526, 37.6319415], [-121.8633022, 37.6319272], [-121.8632358, 37.6319214], [-121.8631795, 37.6319379], [-121.8631365, 37.6319814], [-121.8631151, 37.6320142], [-121.863105, 37.6320297], [-121.8630715, 37.6320711], [-121.8630527, 37.6321062], [-121.8630567, 37.6321418], [-121.8630943, 37.6321678], [-121.8631325, 37.6321758], [-121.8631795, 37.6321678], [-121.863213, 37.6321434]]]}, "properties": {"course_id": "callippe_preserve_pleasanton", "course_name": "Callippe Preserve Golf Course", "hole_number": 8, "feature_type": "green", "name": "hole_8_green", "feature-color": "#2d6e2d", "is_approximate": true, "source": "osm", "@id": "664451a3-c47b-49fd-bbb5-2c662eca85dd", "osm_id": 477423394}}, {"type": "Feature", "bbox": [-121.8622269, 37.6286519, -121.861828, 37.6288771], "geometry": {"type": "Polygon", "coordinates": [[[-121.8619775, 37.6288654], [-121.8620217, 37.6288771], [-121.8620989, 37.6288745], [-121.8621498, 37.6288569], [-121.8621934, 37.6288415], [-121.8622269, 37.6288139], [-121.8622269, 37.6287746], [-121.8621988, 37.6287465], [-121.8621418, 37.6287343], [-121.8620398, 37.6287125], [-121.8620093, 37.6286981], [-121.861984, 37.6286834], [-121.8619366, 37.6286626], [-121.8618923, 37.6286519], [-121.8618447, 37.6286695], [-121.861828, 37.6287125], [-121.861836, 37.6287566], [-121.8618736, 37.6287953], [-121.8619205, 37.6288277], [-121.8619507, 37.6288506], [-121.8619775, 37.6288654]]]}, "properties": {"course_id": "callippe_preserve_pleasanton", "course_name": "Callippe Preserve Golf Course", "hole_number": 7, "feature_type": "green", "name": "hole_7_green", "feature-color": "#2d6e2d", "is_approximate": true, "source": "osm", "@id": "7f9f213b-8276-41fe-a86c-eb456d4edc4f", "osm_id": 477423395}}, {"type": "Feature", "bbox": [-121.8610394, 37.6273649, -121.8606068, 37.6276456], "geometry": {"type": "Polygon", "coordinates": [[[-121.8607375, 37.6276456], [-121.8607767, 37.627642], [-121.8607973, 37.6276333], [-121.8608091, 37.6276241], [-121.8608212, 37.6276109], [-121.8608402, 37.6275663], [-121.8608722, 37.6275181], [-121.860913, 37.6274977], [-121.8610216, 37.6274594], [-121.8610394, 37.6274315], [-121.861031, 37.6274021], [-121.8609921, 37.6273713], [-121.8609103, 37.6273649], [-121.8607896, 37.6273925], [-121.8607118, 37.6274361], [-121.8606609, 37.627487], [-121.8606068, 37.6275452], [-121.8606076, 37.6275717], [-121.8606102, 37.6275872], [-121.860641, 37.6276202], [-121.860681, 37.6276383], [-121.8607375, 37.6276456]]]}, "properties": {"course_id": "callippe_preserve_pleasanton", "course_name": "Callippe Preserve Golf Course", "hole_number": 9, "feature_type": "green", "name": "hole_9_green", "feature-color": "#2d6e2d", "is_approximate": true, "source": "osm", "@id": "8d70fba3-8f1e-47a4-88ba-fb7ce0a88729", "osm_id": 477423396}}, {"type": "Feature", "bbox": [-121.8649725, 37.628366, -121.8646151, 37.6286336], "geometry": {"type": "Polygon", "coordinates": [[[-121.864778, 37.6285487], [-121.8648015, 37.628572], [-121.864827, 37.6286044], [-121.8648645, 37.6286267], [-121.8649088, 37.6286336], [-121.8649544, 37.6286071], [-121.8649679, 37.6285896], [-121.8649725, 37.628563], [-121.864939, 37.6285151], [-121.8649137, 37.6284721], [-121.864906, 37.6284507], [-121.864892, 37.6284334], [-121.864852, 37.6283975], [-121.8648174, 37.6283813], [-121.8647954, 37.6283751], [-121.8647674, 37.6283661], [-121.8647244, 37.628366], [-121.8646781, 37.6283792], [-121.8646352, 37.6284212], [-121.8646151, 37.6284637], [-121.8646252, 37.628503], [-121.864662, 37.6285269], [-121.8647097, 37.6285402], [-121.8647472, 37.6285402], [-121.864778, 37.6285487]]]}, "properties": {"course_id": "callippe_preserve_pleasanton", "course_name": "Callippe Preserve Golf Course", "hole_number": 10, "feature_type": "green", "name": "hole_10_green", "feature-color": "#2d6e2d", "is_approximate": true, "source": "osm", "@id": "cb5aa2aa-6cc7-47e5-9f90-c7c1172d4d65", "osm_id": 477423397}}, {"type": "Feature", "bbox": [-121.8613673, 37.6250252, -121.8609837, 37.6253439], "geometry": {"type": "Polygon", "coordinates": [[[-121.861087, 37.6252621], [-121.8611675, 37.6253067], [-121.8612, 37.6253188], [-121.8612587, 37.6253407], [-121.8613297, 37.6253439], [-121.8613673, 37.625295], [-121.8613619, 37.6252366], [-121.8613297, 37.6251898], [-121.8612613, 37.6251452], [-121.8612291, 37.6250964], [-121.8611876, 37.6250443], [-121.8611031, 37.6250252], [-121.8610293, 37.6250358], [-121.8610012, 37.6250762], [-121.8609859, 37.625105], [-121.8609837, 37.6251442], [-121.8609855, 37.6251801], [-121.8609958, 37.6252153], [-121.8610168, 37.6252313], [-121.8610521, 37.6252451], [-121.861087, 37.6252621]]]}, "properties": {"course_id": "callippe_preserve_pleasanton", "course_name": "Callippe Preserve Golf Course", "hole_number": 18, "feature_type": "green", "name": "hole_18_green", "feature-color": "#2d6e2d", "is_approximate": true, "source": "osm", "@id": "23963968-67a2-4179-aabf-c60e65494c26", "osm_id": 477423398}}, {"type": "Feature", "bbox": [-121.8634078, 37.6256737, -121.8631047, 37.626004], "geometry": {"type": "Polygon", "coordinates": [[[-121.8632361, 37.626004], [-121.8632844, 37.6259668], [-121.8633179, 37.6259095], [-121.8633501, 37.6258468], [-121.8633689, 37.6258001], [-121.8634051, 37.6257597], [-121.8634078, 37.6256949], [-121.863385, 37.6256737], [-121.863267, 37.6256928], [-121.8632173, 37.6257077], [-121.8631543, 37.6257215], [-121.8631114, 37.6257618], [-121.8631047, 37.6258256], [-121.8631248, 37.6258882], [-121.8631436, 37.6259381], [-121.8631945, 37.626004], [-121.8632361, 37.626004]]]}, "properties": {"course_id": "callippe_preserve_pleasanton", "course_name": "Callippe Preserve Golf Course", "hole_number": 11, "feature_type": "green", "name": "hole_11_green", "feature-color": "#2d6e2d", "is_approximate": true, "source": "osm", "@id": "6389b646-17cd-4cf6-9f67-007fd6d243f6", "osm_id": 477423399}}, {"type": "Feature", "bbox": [-121.8661225, 37.627128, -121.8658798, 37.6274785], "geometry": {"type": "Polygon", "coordinates": [[[-121.8660179, 37.6274785], [-121.8660782, 37.6274594], [-121.8661051, 37.627418], [-121.8661225, 37.6273596], [-121.8661037, 37.627315], [-121.8660876, 37.6272757], [-121.866085, 37.627213], [-121.8660715, 37.6271631], [-121.8659763, 37.627128], [-121.8659334, 37.6271429], [-121.8659026, 37.6271875], [-121.8658798, 37.6272491], [-121.8658811, 37.6273086], [-121.8658878, 37.6273681], [-121.8659146, 37.6274382], [-121.8659669, 37.6274732], [-121.8660179, 37.6274785]]]}, "properties": {"course_id": "callippe_preserve_pleasanton", "course_name": "Callippe Preserve Golf Course", "hole_number": 12, "feature_type": "green", "name": "hole_12_green", "feature-color": "#2d6e2d", "is_approximate": true, "source": "osm", "@id": "ad122339-06ba-47b7-9d19-473a00b4b359", "osm_id": 477423400}}, {"type": "Feature", "bbox": [-121.868679, 37.626427, -121.8683666, 37.6267228], "geometry": {"type": "Polygon", "coordinates": [[[-121.8684755, 37.6267228], [-121.8685043, 37.6267141], [-121.8685323, 37.6266975], [-121.8685651, 37.6266716], [-121.8686109, 37.6266474], [-121.8686346, 37.6266175], [-121.8686534, 37.626583], [-121.8686693, 37.6265416], [-121.868679, 37.6265058], [-121.8686717, 37.6264767], [-121.868653, 37.6264562], [-121.8686198, 37.6264407], [-121.868567, 37.6264298], [-121.8685101, 37.626427], [-121.868474, 37.6264295], [-121.8684444, 37.6264387], [-121.8684218, 37.6264658], [-121.8683971, 37.6265347], [-121.8683784, 37.6265617], [-121.8683666, 37.6265977], [-121.8683709, 37.6266538], [-121.8683843, 37.6266995], [-121.8684285, 37.6267228], [-121.8684755, 37.6267228]]]}, "properties": {"course_id": "callippe_preserve_pleasanton", "course_name": "Callippe Preserve Golf Course", "hole_number": 14, "feature_type": "green", "name": "hole_14_green", "feature-color": "#2d6e2d", "is_approximate": true, "source": "osm", "@id": "703a8838-df97-4561-8901-86f7c3ab70f6", "osm_id": 477423401}}, {"type": "Feature", "bbox": [-121.8693817, 37.6267313, -121.8692323, 37.6268455], "geometry": {"type": "Polygon", "coordinates": [[[-121.8693524, 37.6268412], [-121.8693177, 37.6268455], [-121.8692723, 37.6268349], [-121.8692403, 37.6268138], [-121.8692323, 37.6267926], [-121.869235, 37.626763], [-121.869259, 37.6267377], [-121.8692857, 37.6267313], [-121.8693283, 37.6267398], [-121.8693604, 37.6267588], [-121.8693684, 37.6267821], [-121.8693817, 37.6268095], [-121.8693524, 37.6268412]]]}, "properties": {"course_id": "callippe_preserve_pleasanton", "course_name": "Callippe Preserve Golf Course", "hole_number": 15, "feature_type": "tee_box", "name": "hole_15_tee_box", "feature-color": "#8b7355", "is_approximate": true, "source": "osm", "@id": "22e54955-8ecb-4176-a84d-7c901da7e85f", "osm_id": 692025352}}, {"type": "Feature", "bbox": [-121.8693979, 37.6268718, -121.8692645, 37.6269659], "geometry": {"type": "Polygon", "coordinates": [[[-121.869355, 37.6269659], [-121.8693203, 37.6269638], [-121.8692937, 37.626949], [-121.8692685, 37.6269311], [-121.8692645, 37.6269103], [-121.8692807, 37.6268862], [-121.8693069, 37.6268718], [-121.8693312, 37.6268718], [-121.8693595, 37.6268782], [-121.8693797, 37.626891], [-121.8693939, 37.6269119], [-121.8693979, 37.6269359], [-121.8693878, 37.6269583], [-121.8693737, 37.6269647], [-121.869355, 37.6269659]]]}, "properties": {"course_id": "callippe_preserve_pleasanton", "course_name": "Callippe Preserve Golf Course", "hole_number": 15, "feature_type": "tee_box", "name": "hole_15_tee_box_2", "feature-color": "#8b7355", "is_approximate": true, "source": "osm", "@id": "8be15f4b-1eef-4d83-827c-957622afd201", "osm_id": 692025355}}, {"type": "Feature", "bbox": [-121.8693353, 37.6265979, -121.8692078, 37.6266876], "geometry": {"type": "Polygon", "coordinates": [[[-121.8692827, 37.626686], [-121.8692544, 37.6266828], [-121.8692281, 37.6266684], [-121.8692139, 37.6266476], [-121.8692078, 37.6266236], [-121.8692139, 37.6266107], [-121.8692362, 37.6266011], [-121.8692645, 37.6265979], [-121.8693029, 37.6266059], [-121.8693231, 37.6266268], [-121.8693353, 37.6266524], [-121.8693231, 37.6266748], [-121.8692989, 37.6266876], [-121.8692827, 37.626686]]]}, "properties": {"course_id": "callippe_preserve_pleasanton", "course_name": "Callippe Preserve Golf Course", "hole_number": 15, "feature_type": "tee_box", "name": "hole_15_tee_box_3", "feature-color": "#8b7355", "is_approximate": true, "source": "osm", "@id": "d0ab4bc6-dcdb-4541-9d47-c4dad7b818ff", "osm_id": 692025358}}, {"type": "Feature", "bbox": [-121.8693615, 37.627056, -121.8692544, 37.6271473], "geometry": {"type": "Polygon", "coordinates": [[[-121.8693191, 37.6271473], [-121.8692887, 37.6271441], [-121.8692625, 37.6271249], [-121.8692544, 37.6271057], [-121.8692544, 37.6270848], [-121.8692645, 37.6270608], [-121.8692827, 37.627056], [-121.8693211, 37.6270624], [-121.8693454, 37.6270656], [-121.8693615, 37.6270832], [-121.8693595, 37.6271089], [-121.8693555, 37.6271425], [-121.8693191, 37.6271473]]]}, "properties": {"course_id": "callippe_preserve_pleasanton", "course_name": "Callippe Preserve Golf Course", "hole_number": 15, "feature_type": "tee_box", "name": "hole_15_tee_box_4", "feature-color": "#8b7355", "is_approximate": true, "source": "osm", "@id": "393977b1-2ee0-4826-8e6d-b242bbc25c29", "osm_id": 692025359}}, {"type": "Feature", "bbox": [-121.869251, 37.6274268, -121.8691542, 37.6275147], "geometry": {"type": "Polygon", "coordinates": [[[-121.8692211, 37.6275133], [-121.8691982, 37.6275147], [-121.8691806, 37.6275049], [-121.8691559, 37.6274938], [-121.8691542, 37.6274701], [-121.8691542, 37.6274505], [-121.86917, 37.6274268], [-121.8692211, 37.627431], [-121.8692422, 37.6274464], [-121.869251, 37.6274701], [-121.8692422, 37.6275007], [-121.8692211, 37.6275133]]]}, "properties": {"course_id": "callippe_preserve_pleasanton", "course_name": "Callippe Preserve Golf Course", "hole_number": 15, "feature_type": "tee_box", "name": "hole_15_tee_box_5", "feature-color": "#8b7355", "is_approximate": true, "source": "osm", "@id": "a31dc183-35aa-4e70-958d-f59ee29b71d7", "osm_id": 692025360}}, {"type": "Feature", "bbox": [-121.8689905, 37.6277998, -121.8679473, 37.629067], "geometry": {"type": "Polygon", "coordinates": [[[-121.8687806, 37.6278254], [-121.8687062, 37.6278512], [-121.8686389, 37.6279027], [-121.8685761, 37.6279947], [-121.8685483, 37.6280683], [-121.8685436, 37.6281603], [-121.8685157, 37.6282357], [-121.8684693, 37.6283443], [-121.8684019, 37.6284436], [-121.8683903, 37.6285209], [-121.868316, 37.6286478], [-121.8682648, 37.6287067], [-121.8682021, 37.628749], [-121.868072, 37.6287711], [-121.8680002, 37.6288329], [-121.8679473, 37.6289221], [-121.8679682, 37.6289982], [-121.8680006, 37.6290334], [-121.8680592, 37.629059], [-121.8681866, 37.629067], [-121.8682554, 37.629051], [-121.8682959, 37.6289966], [-121.8683848, 37.6288941], [-121.86844, 37.628868], [-121.8685017, 37.6288519], [-121.8685659, 37.6288367], [-121.8686032, 37.628822], [-121.8686801, 37.6287659], [-121.8687549, 37.6286762], [-121.8687933, 37.6285962], [-121.8688419, 37.6285097], [-121.8688783, 37.628428], [-121.8689086, 37.6283847], [-121.8689288, 37.6283127], [-121.868945, 37.6282422], [-121.868971, 37.6281484], [-121.8689771, 37.6280827], [-121.8689812, 37.6279921], [-121.8689905, 37.6279181], [-121.8689392, 37.627822], [-121.8688691, 37.6277998], [-121.8687806, 37.6278254]]]}, "properties": {"course_id": "callippe_preserve_pleasanton", "course_name": "Callippe Preserve Golf Course", "hole_number": 15, "feature_type": "fairway", "name": "hole_15_fairway", "feature-color": "#4a7c3f", "is_approximate": true, "source": "osm", "@id": "d98f969b-904a-42df-95ca-45547c17fae3", "osm_id": 692025361}}, {"type": "Feature", "bbox": [-121.8682801, 37.6285601, -121.8681789, 37.6286717], "geometry": {"type": "Polygon", "coordinates": [[[-121.8682108, 37.628669], [-121.868192, 37.6286648], [-121.8681823, 37.6286502], [-121.8681789, 37.6286271], [-121.8681897, 37.6286072], [-121.8682038, 37.6285937], [-121.868211, 37.6285763], [-121.8682227, 37.6285661], [-121.8682326, 37.6285601], [-121.8682462, 37.6285603], [-121.8682565, 37.6285655], [-121.8682632, 37.6285735], [-121.8682668, 37.6285862], [-121.8682662, 37.6285976], [-121.868271, 37.6286125], [-121.868276, 37.6286244], [-121.8682801, 37.6286333], [-121.8682787, 37.6286461], [-121.8682614, 37.6286627], [-121.8682359, 37.6286717], [-121.8682108, 37.628669]]]}, "properties": {"course_id": "callippe_preserve_pleasanton", "course_name": "Callippe Preserve Golf Course", "hole_number": 15, "feature_type": "bunker", "name": "hole_15_bunker", "feature-color": "#d4b483", "is_approximate": true, "source": "osm", "@id": "bae32e3a-8efe-4f93-a33b-25b37924877b", "osm_id": 692025362}}, {"type": "Feature", "bbox": [-121.8687825, 37.6288087, -121.8685532, 37.628989], "geometry": {"type": "Polygon", "coordinates": [[[-121.8686882, 37.6289876], [-121.8686764, 37.628989], [-121.8686642, 37.6289843], [-121.868654, 37.628968], [-121.8686499, 37.6289575], [-121.8686399, 37.6289516], [-121.8686255, 37.6289595], [-121.8686097, 37.62897], [-121.8685961, 37.6289719], [-121.8685836, 37.6289686], [-121.8685702, 37.6289633], [-121.8685628, 37.6289583], [-121.8685536, 37.6289479], [-121.8685532, 37.6289342], [-121.8685535, 37.6289256], [-121.8685608, 37.6289208], [-121.8685823, 37.6289165], [-121.8686131, 37.6289048], [-121.8686291, 37.6288986], [-121.8686475, 37.6288903], [-121.8686671, 37.6288747], [-121.8686823, 37.6288628], [-121.8686907, 37.6288571], [-121.8686992, 37.6288403], [-121.8687124, 37.6288273], [-121.8687258, 37.6288146], [-121.8687341, 37.6288089], [-121.8687459, 37.6288087], [-121.86876, 37.6288142], [-121.8687711, 37.6288207], [-121.8687781, 37.6288313], [-121.8687825, 37.6288459], [-121.8687823, 37.6288662], [-121.8687756, 37.6288833], [-121.8687657, 37.6288968], [-121.8687522, 37.6289062], [-121.8687231, 37.6289133], [-121.868718, 37.6289243], [-121.8687195, 37.6289421], [-121.8687231, 37.6289673], [-121.8687161, 37.6289789], [-121.8687024, 37.6289841], [-121.8686882, 37.6289876]]]}, "properties": {"course_id": "callippe_preserve_pleasanton", "course_name": "Callippe Preserve Golf Course", "hole_number": 15, "feature_type": "bunker", "name": "hole_15_bunker_2", "feature-color": "#d4b483", "is_approximate": true, "source": "osm", "@id": "26eaae66-7634-4399-9781-20915b518213", "osm_id": 692025363}}, {"type": "Feature", "bbox": [-121.8689872, 37.6285628, -121.868871, 37.6287083], "geometry": {"type": "Polygon", "coordinates": [[[-121.8689068, 37.6287083], [-121.8688813, 37.6287041], [-121.8688785, 37.6286973], [-121.868871, 37.6286839], [-121.868872, 37.628668], [-121.8688978, 37.6286507], [-121.8688987, 37.6286312], [-121.8688902, 37.6286128], [-121.8688938, 37.6286053], [-121.8689046, 37.6285905], [-121.8689202, 37.6285724], [-121.8689377, 37.6285628], [-121.8689605, 37.6285653], [-121.8689711, 37.6285746], [-121.8689872, 37.6285993], [-121.86898, 37.628617], [-121.8689636, 37.6286258], [-121.8689541, 37.6286315], [-121.8689469, 37.628639], [-121.8689447, 37.6286619], [-121.8689474, 37.6286866], [-121.8689397, 37.6287008], [-121.8689246, 37.6287076], [-121.8689068, 37.6287083]]]}, "properties": {"course_id": "callippe_preserve_pleasanton", "course_name": "Callippe Preserve Golf Course", "hole_number": 15, "feature_type": "bunker", "name": "hole_15_bunker_3", "feature-color": "#d4b483", "is_approximate": true, "source": "osm", "@id": "ff9b9346-fad5-43a3-bcad-ea5e358a08b2", "osm_id": 692025364}}, {"type": "Feature", "bbox": [-121.867397, 37.6290821, -121.8663428, 37.6296424], "geometry": {"type": "Polygon", "coordinates": [[[-121.8664548, 37.6296424], [-121.8664434, 37.6295861], [-121.8664172, 37.6295378], [-121.866389, 37.6295059], [-121.8663428, 37.629482], [-121.866376, 37.6294715], [-121.8664271, 37.629455], [-121.8664607, 37.6294295], [-121.8665076, 37.6293892], [-121.8665411, 37.6293584], [-121.86658, 37.6293191], [-121.8666122, 37.6292978], [-121.8666484, 37.6292723], [-121.866686, 37.6292564], [-121.8667731, 37.6292458], [-121.8668402, 37.6292267], [-121.866926, 37.6292054], [-121.8670507, 37.6291544], [-121.8671473, 37.6291119], [-121.8671978, 37.6290918], [-121.867332, 37.6290821], [-121.8673604, 37.6291272], [-121.8673808, 37.6291883], [-121.8673767, 37.6292527], [-121.867397, 37.6293365], [-121.867393, 37.6294008], [-121.8673552, 37.629455], [-121.8673042, 37.6294954], [-121.8672452, 37.6295145], [-121.8671835, 37.6295177], [-121.8670414, 37.6295007], [-121.8669582, 37.629506], [-121.8668925, 37.6295198], [-121.8668026, 37.6295304], [-121.8667061, 37.6295357], [-121.8665894, 37.6295559], [-121.8665344, 37.6295718], [-121.8664848, 37.6295973], [-121.8664687, 37.6296175], [-121.8664548, 37.6296424]]]}, "properties": {"course_id": "callippe_preserve_pleasanton", "course_name": "Callippe Preserve Golf Course", "hole_number": 15, "feature_type": "fairway", "name": "hole_15_fairway_2", "feature-color": "#4a7c3f", "is_approximate": true, "source": "osm", "@id": "c86cda59-b77a-4163-b24e-0fcdc1fd4e5b", "osm_id": 692025365}}, {"type": "Feature", "bbox": [-121.8661492, 37.6294456, -121.8660026, 37.6296994], "geometry": {"type": "Polygon", "coordinates": [[[-121.8661411, 37.6296955], [-121.8661218, 37.6296994], [-121.8660984, 37.6296962], [-121.8660893, 37.6296898], [-121.8660842, 37.6296842], [-121.8660792, 37.6296764], [-121.8660805, 37.6296639], [-121.8660855, 37.6296513], [-121.8660858, 37.6296405], [-121.8660832, 37.6296313], [-121.8660751, 37.6296287], [-121.8660641, 37.6296298], [-121.8660513, 37.6296282], [-121.8660394, 37.6296277], [-121.8660301, 37.6296223], [-121.8660236, 37.6296137], [-121.8660177, 37.6296046], [-121.8660094, 37.6295959], [-121.8660045, 37.6295862], [-121.8660026, 37.6295755], [-121.8660058, 37.6295696], [-121.8660248, 37.6295624], [-121.8660451, 37.6295545], [-121.8660541, 37.6295454], [-121.8660579, 37.6295376], [-121.8660551, 37.6295272], [-121.8660513, 37.6295185], [-121.8660479, 37.6295118], [-121.8660436, 37.6295045], [-121.8660361, 37.6294969], [-121.866027, 37.6294884], [-121.8660242, 37.6294826], [-121.8660246, 37.6294745], [-121.8660294, 37.6294672], [-121.8660378, 37.6294587], [-121.8660474, 37.6294524], [-121.86606, 37.6294477], [-121.8660733, 37.6294456], [-121.866095, 37.6294478], [-121.8661093, 37.6294573], [-121.8661178, 37.6294617], [-121.8661286, 37.6294686], [-121.8661355, 37.6294672], [-121.8661433, 37.6294725], [-121.8661492, 37.6294792], [-121.8661453, 37.629487], [-121.8661361, 37.6294927], [-121.8661351, 37.6294965], [-121.8661366, 37.629501], [-121.8661374, 37.6295117], [-121.8661283, 37.6295231], [-121.8661133, 37.6295403], [-121.866106, 37.6295652], [-121.8661032, 37.6295866], [-121.866103, 37.6296105], [-121.8661123, 37.6296327], [-121.8661275, 37.6296576], [-121.8661446, 37.6296745], [-121.8661411, 37.6296955]]]}, "properties": {"course_id": "callippe_preserve_pleasanton", "course_name": "Callippe Preserve Golf Course", "hole_number": 15, "feature_type": "bunker", "name": "hole_15_bunker_4", "feature-color": "#d4b483", "is_approximate": true, "source": "osm", "@id": "e4ea1813-c721-4084-9991-e153e8038d49", "osm_id": 692025366}}, {"type": "Feature", "bbox": [-121.8657863, 37.6294719, -121.8656871, 37.6296174], "geometry": {"type": "Polygon", "coordinates": [[[-121.8657608, 37.6296142], [-121.865734, 37.6296174], [-121.8657126, 37.6296068], [-121.8656991, 37.6295855], [-121.8656938, 37.6295707], [-121.8656871, 37.6295441], [-121.8656911, 37.6295176], [-121.8656911, 37.6294984], [-121.8656951, 37.6294783], [-121.8657085, 37.6294719], [-121.8657354, 37.6294761], [-121.8657541, 37.6294953], [-121.8657635, 37.6295165], [-121.8657783, 37.6295377], [-121.865781, 37.6295654], [-121.8657863, 37.6296004], [-121.8657608, 37.6296142]]]}, "properties": {"course_id": "callippe_preserve_pleasanton", "course_name": "Callippe Preserve Golf Course", "hole_number": 16, "feature_type": "tee_box", "name": "hole_16_tee_box", "feature-color": "#8b7355", "is_approximate": true, "source": "osm", "@id": "a81167b5-1272-4de3-a5e4-fb81eab3b4f1", "osm_id": 692025367}}, {"type": "Feature", "bbox": [-121.8658802, 37.6296493, -121.8657166, 37.6298097], "geometry": {"type": "Polygon", "coordinates": [[[-121.8658547, 37.6297937], [-121.8658051, 37.6298033], [-121.8657622, 37.6298097], [-121.8657179, 37.6297895], [-121.8657166, 37.6297619], [-121.8657219, 37.6297385], [-121.865734, 37.6297162], [-121.8657407, 37.6296875], [-121.8657568, 37.6296673], [-121.865781, 37.6296578], [-121.8658038, 37.6296493], [-121.8658346, 37.6296525], [-121.8658534, 37.6296588], [-121.8658641, 37.6296726], [-121.8658748, 37.6296981], [-121.8658748, 37.6297215], [-121.8658802, 37.6297438], [-121.8658789, 37.6297725], [-121.8658547, 37.6297937]]]}, "properties": {"course_id": "callippe_preserve_pleasanton", "course_name": "Callippe Preserve Golf Course", "hole_number": 16, "feature_type": "tee_box", "name": "hole_16_tee_box_2", "feature-color": "#8b7355", "is_approximate": true, "source": "osm", "@id": "b7b94cc3-62d2-4935-9f6b-264f98a7c3b8", "osm_id": 692025368}}, {"type": "Feature", "bbox": [-121.866025, 37.6298617, -121.8658909, 37.629953], "geometry": {"type": "Polygon", "coordinates": [[[-121.8659875, 37.629935], [-121.8659593, 37.6299488], [-121.8659338, 37.629953], [-121.8659084, 37.6299488], [-121.8658909, 37.6299392], [-121.8658909, 37.629919], [-121.8658923, 37.629901], [-121.8659164, 37.6298819], [-121.8659473, 37.6298681], [-121.8659808, 37.6298617], [-121.8660036, 37.629867], [-121.866017, 37.629884], [-121.866025, 37.6299095], [-121.8660036, 37.6299254], [-121.8659875, 37.629935]]]}, "properties": {"course_id": "callippe_preserve_pleasanton", "course_name": "Callippe Preserve Golf Course", "hole_number": 16, "feature_type": "tee_box", "name": "hole_16_tee_box_3", "feature-color": "#8b7355", "is_approximate": true, "source": "osm", "@id": "cc8502a7-a55f-4543-ab13-ba2135c5f82e", "osm_id": 692025369}}, {"type": "Feature", "bbox": [-121.8661296, 37.6299753, -121.866017, 37.6300476], "geometry": {"type": "Polygon", "coordinates": [[[-121.8660961, 37.6300316], [-121.866068, 37.630038], [-121.8660425, 37.6300476], [-121.8660277, 37.6300423], [-121.8660183, 37.6300359], [-121.866017, 37.6300253], [-121.866017, 37.6300061], [-121.8660331, 37.6299955], [-121.8660599, 37.6299807], [-121.8660894, 37.6299753], [-121.8661068, 37.6299764], [-121.8661216, 37.629986], [-121.8661296, 37.6300093], [-121.8661068, 37.6300242], [-121.8660961, 37.6300316]]]}, "properties": {"course_id": "callippe_preserve_pleasanton", "course_name": "Callippe Preserve Golf Course", "hole_number": 16, "feature_type": "tee_box", "name": "hole_16_tee_box_4", "feature-color": "#8b7355", "is_approximate": true, "source": "osm", "@id": "dcd2d8b0-d8eb-41d7-aca1-881f490f5711", "osm_id": 692025370}}, {"type": "Feature", "bbox": [-121.8666933, 37.6305063, -121.866359, 37.630971], "geometry": {"type": "Polygon", "coordinates": [[[-121.8666719, 37.6308731], [-121.8666933, 37.630899], [-121.8666355, 37.6309076], [-121.8665881, 37.6309198], [-121.8665557, 37.6309452], [-121.8665409, 37.630971], [-121.8665335, 37.6309382], [-121.8665199, 37.6309057], [-121.866485, 37.6308569], [-121.8664502, 37.6308218], [-121.8664233, 37.6307964], [-121.8663804, 37.6307549], [-121.866359, 37.6307156], [-121.866363, 37.6306657], [-121.8663724, 37.6306094], [-121.8663992, 37.6305595], [-121.8664394, 37.6305154], [-121.8664792, 37.6305063], [-121.8665326, 37.6305161], [-121.8665575, 37.6305404], [-121.8665883, 37.6305669], [-121.8666323, 37.630617], [-121.8666545, 37.6306682], [-121.8666647, 37.6307304], [-121.8666551, 37.6307862], [-121.8666541, 37.6308319], [-121.8666719, 37.6308731]]]}, "properties": {"course_id": "callippe_preserve_pleasanton", "course_name": "Callippe Preserve Golf Course", "hole_number": 16, "feature_type": "fairway", "name": "hole_16_fairway", "feature-color": "#4a7c3f", "is_approximate": true, "source": "osm", "@id": "b5b7f7fe-edc2-48b4-b4f9-04bd2df9cfad", "osm_id": 692025371}}, {"type": "Feature", "bbox": [-121.8668243, 37.6307476, -121.8666795, 37.6308739], "geometry": {"type": "Polygon", "coordinates": [[[-121.866819, 37.6308739], [-121.8667841, 37.6308686], [-121.8667492, 37.6308622], [-121.866713, 37.630859], [-121.8666942, 37.6308537], [-121.8666849, 37.6308356], [-121.8666795, 37.6308155], [-121.8666902, 37.6307897], [-121.8666996, 37.6307668], [-121.8667304, 37.6307508], [-121.8667437, 37.6307476], [-121.8667756, 37.630756], [-121.8668015, 37.6307837], [-121.8668033, 37.6308164], [-121.8668063, 37.6308259], [-121.8668099, 37.6308311], [-121.8668157, 37.6308378], [-121.866818, 37.6308461], [-121.8668243, 37.6308654], [-121.866819, 37.6308739]]]}, "properties": {"course_id": "callippe_preserve_pleasanton", "course_name": "Callippe Preserve Golf Course", "hole_number": 16, "feature_type": "bunker", "name": "hole_16_bunker", "feature-color": "#d4b483", "is_approximate": true, "source": "osm", "@id": "0db9d356-8101-45f6-bde9-de6efa90ba5d", "osm_id": 692025372}}, {"type": "Feature", "bbox": [-121.8653415, 37.6295929, -121.865033, 37.6298309], "geometry": {"type": "Polygon", "coordinates": [[[-121.865269, 37.6298309], [-121.8652422, 37.6298266], [-121.8652127, 37.6298085], [-121.8651886, 37.6297969], [-121.8651698, 37.629782], [-121.8651537, 37.6297618], [-121.865143, 37.6297406], [-121.8651269, 37.6297204], [-121.8651215, 37.6297066], [-121.8651135, 37.6296928], [-121.8651027, 37.6296758], [-121.8650813, 37.6296652], [-121.8650625, 37.6296609], [-121.8650504, 37.6296524], [-121.865037, 37.6296439], [-121.8650357, 37.6296248], [-121.865033, 37.629611], [-121.8650437, 37.6296036], [-121.8650612, 37.6295982], [-121.8650853, 37.629594], [-121.8651001, 37.6295929], [-121.8651202, 37.6295961], [-121.8651282, 37.6296057], [-121.8651363, 37.6296206], [-121.8651389, 37.6296344], [-121.8651496, 37.6296404], [-121.8651617, 37.6296471], [-121.8651765, 37.6296482], [-121.8651913, 37.6296535], [-121.8652047, 37.6296641], [-121.8652141, 37.6296737], [-121.8652261, 37.6296864], [-121.8652448, 37.6296992], [-121.8652471, 37.6297158], [-121.8652622, 37.6297353], [-121.8652838, 37.6297459], [-121.8653083, 37.6297396], [-121.865328, 37.6297488], [-121.8653361, 37.629765], [-121.8653415, 37.6297852], [-121.8653348, 37.6297969], [-121.8653254, 37.6298085], [-121.8652985, 37.6298202], [-121.8652798, 37.6298266], [-121.865269, 37.6298309]]]}, "properties": {"course_id": "callippe_preserve_pleasanton", "course_name": "Callippe Preserve Golf Course", "hole_number": 17, "feature_type": "bunker", "name": "hole_17_bunker", "feature-color": "#d4b483", "is_approximate": true, "source": "osm", "@id": "2dbd4ee6-2217-4b9d-96a9-e20a2468f0f3", "osm_id": 692025373}}, {"type": "Feature", "bbox": [-121.8653656, 37.6293835, -121.8648144, 37.6301251], "geometry": {"type": "Polygon", "coordinates": [[[-121.8650379, 37.6293835], [-121.8650585, 37.6294549], [-121.8650491, 37.6294846], [-121.8650276, 37.6295228], [-121.8650102, 37.6295664], [-121.8650022, 37.6295929], [-121.8650008, 37.6296174], [-121.8650102, 37.6296429], [-121.8650209, 37.6296705], [-121.8650558, 37.6297013], [-121.8651094, 37.6297565], [-121.8651457, 37.6297969], [-121.8651685, 37.6298192], [-121.8651926, 37.6298362], [-121.8652328, 37.6298532], [-121.8652717, 37.6298638], [-121.865316, 37.6298797], [-121.8653508, 37.629902], [-121.8653629, 37.6299179], [-121.8653656, 37.6299626], [-121.8653616, 37.6300103], [-121.8653455, 37.6300284], [-121.8653428, 37.630055], [-121.8653348, 37.6300879], [-121.8653066, 37.6301134], [-121.8652503, 37.6301251], [-121.8652248, 37.6301251], [-121.8651752, 37.6301166], [-121.8650866, 37.6300974], [-121.8650276, 37.630073], [-121.8649646, 37.6300401], [-121.8649203, 37.630004], [-121.8648694, 37.6299243], [-121.8648439, 37.6298691], [-121.8648157, 37.6297852], [-121.8648144, 37.6297151], [-121.8648265, 37.6296386], [-121.8648587, 37.6295483], [-121.864864, 37.6295228], [-121.86486, 37.6294857], [-121.8648387, 37.6294374], [-121.8648991, 37.6294576], [-121.8649688, 37.6294565], [-121.8650211, 37.6294353], [-121.8650359, 37.6294034], [-121.8650379, 37.6293835]]]}, "properties": {"course_id": "callippe_preserve_pleasanton", "course_name": "Callippe Preserve Golf Course", "hole_number": 17, "feature_type": "fairway", "name": "hole_17_fairway", "feature-color": "#4a7c3f", "is_approximate": true, "source": "osm", "@id": "fc2c0405-49b7-4220-916b-7a453ae9f8dd", "osm_id": 692025374}}, {"type": "Feature", "bbox": [-121.8653223, 37.6306009, -121.8651537, 37.6308091], "geometry": {"type": "Polygon", "coordinates": [[[-121.8652851, 37.6308091], [-121.8652633, 37.6308053], [-121.8652438, 37.6308024], [-121.8652266, 37.6307913], [-121.865213, 37.6307885], [-121.865198, 37.6307792], [-121.865189, 37.6307696], [-121.8651872, 37.6307563], [-121.8651876, 37.6307443], [-121.8651966, 37.6307358], [-121.8652102, 37.6307285], [-121.8652258, 37.6307265], [-121.8652379, 37.6307275], [-121.8652442, 37.630723], [-121.8652475, 37.6307117], [-121.8652526, 37.6306968], [-121.8652562, 37.6306814], [-121.865236, 37.6306704], [-121.8652225, 37.6306687], [-121.865206, 37.6306699], [-121.8651872, 37.6306763], [-121.8651765, 37.6306678], [-121.8651631, 37.6306582], [-121.8651537, 37.6306412], [-121.8651631, 37.6306221], [-121.8651899, 37.6306073], [-121.8652114, 37.630603], [-121.8652301, 37.6306009], [-121.8652556, 37.6306168], [-121.8652717, 37.6306306], [-121.8652892, 37.6306391], [-121.8653026, 37.6306391], [-121.865316, 37.6306529], [-121.8653194, 37.6306838], [-121.8653173, 37.6307065], [-121.8653086, 37.6307236], [-121.8653173, 37.6307538], [-121.8653223, 37.6307866], [-121.8653159, 37.630799], [-121.8653025, 37.6308065], [-121.8652851, 37.6308091]]]}, "properties": {"course_id": "callippe_preserve_pleasanton", "course_name": "Callippe Preserve Golf Course", "hole_number": 17, "feature_type": "bunker", "name": "hole_17_bunker_2", "feature-color": "#d4b483", "is_approximate": true, "source": "osm", "@id": "7120e6b0-2575-4c6e-8d1e-04a4f611313f", "osm_id": 692025375}}, {"type": "Feature", "bbox": [-121.8651505, 37.6308498, -121.8650083, 37.6309741], "geometry": {"type": "Polygon", "coordinates": [[[-121.8651184, 37.6309691], [-121.865092, 37.6309741], [-121.8650549, 37.6309667], [-121.8650272, 37.6309589], [-121.865015, 37.6309507], [-121.8650083, 37.6309337], [-121.8650129, 37.6309078], [-121.8650262, 37.6308936], [-121.865037, 37.6308653], [-121.8650585, 37.6308568], [-121.8650746, 37.6308498], [-121.8650934, 37.6308549], [-121.8651071, 37.6308697], [-121.8651148, 37.6308895], [-121.8651322, 37.6309065], [-121.8651448, 37.6309182], [-121.8651505, 37.6309319], [-121.8651491, 37.630945], [-121.8651322, 37.6309599], [-121.8651184, 37.6309691]]]}, "properties": {"course_id": "callippe_preserve_pleasanton", "course_name": "Callippe Preserve Golf Course", "hole_number": 2, "feature_type": "bunker", "name": "hole_2_bunker", "feature-color": "#d4b483", "is_approximate": true, "source": "osm", "@id": "232eb159-0119-40b6-95a0-c9347f6683ef", "osm_id": 692025376}}, {"type": "Feature", "bbox": [-121.865265, 37.6310102, -121.8651363, 37.6311075], "geometry": {"type": "Polygon", "coordinates": [[[-121.8652368, 37.6311075], [-121.8652127, 37.6311075], [-121.8651993, 37.6311001], [-121.8651913, 37.6310884], [-121.8651725, 37.6310841], [-121.8651604, 37.6310799], [-121.865143, 37.6310671], [-121.8651363, 37.631048], [-121.8651443, 37.6310257], [-121.8651626, 37.6310102], [-121.8651832, 37.6310193], [-121.8652033, 37.6310236], [-121.8652252, 37.6310311], [-121.8652404, 37.631047], [-121.865256, 37.6310626], [-121.865265, 37.6310799], [-121.865257, 37.6310937], [-121.8652368, 37.6311075]]]}, "properties": {"course_id": "callippe_preserve_pleasanton", "course_name": "Callippe Preserve Golf Course", "hole_number": 2, "feature_type": "bunker", "name": "hole_2_bunker_2", "feature-color": "#d4b483", "is_approximate": true, "source": "osm", "@id": "a5a3cf5d-8bd2-4126-894c-8e7e6a12c6df", "osm_id": 692025377}}, {"type": "Feature", "bbox": [-121.8650839, 37.6310087, -121.8649083, 37.631184], "geometry": {"type": "Polygon", "coordinates": [[[-121.8649941, 37.631152], [-121.8649852, 37.6311764], [-121.8649566, 37.631184], [-121.8649431, 37.631184], [-121.8649271, 37.6311787], [-121.8649163, 37.6311617], [-121.8649083, 37.6311511], [-121.8649083, 37.6311362], [-121.864915, 37.6311171], [-121.8649297, 37.631099], [-121.8649364, 37.6310788], [-121.8649391, 37.6310586], [-121.8649418, 37.6310225], [-121.8649458, 37.6310087], [-121.8649646, 37.6310087], [-121.8649914, 37.6310087], [-121.8650223, 37.6310204], [-121.8650437, 37.6310278], [-121.8650749, 37.6310325], [-121.8650839, 37.6310621], [-121.8650585, 37.6310788], [-121.8650397, 37.6310683], [-121.8650156, 37.6310703], [-121.8650022, 37.631081], [-121.8650075, 37.6310958], [-121.865036, 37.6311004], [-121.8650405, 37.6311156], [-121.8650263, 37.6311245], [-121.8650142, 37.6311341], [-121.8649941, 37.631152]]]}, "properties": {"course_id": "callippe_preserve_pleasanton", "course_name": "Callippe Preserve Golf Course", "hole_number": 2, "feature_type": "bunker", "name": "hole_2_bunker_3", "feature-color": "#d4b483", "is_approximate": true, "source": "osm", "@id": "69c1ce2f-9a29-441d-bdaf-2a6a7c770d94", "osm_id": 692025378}}, {"type": "Feature", "bbox": [-121.8664289, 37.6305088, -121.8653345, 37.6316558], "geometry": {"type": "Polygon", "coordinates": [[[-121.8662465, 37.6316495], [-121.8662197, 37.6316176], [-121.8661794, 37.6315815], [-121.8661311, 37.6315263], [-121.8660829, 37.6314944], [-121.865989, 37.631437], [-121.86593, 37.6313946], [-121.8658549, 37.63135], [-121.8657717, 37.6313075], [-121.8656698, 37.6312204], [-121.8656054, 37.6311418], [-121.865525, 37.6310313], [-121.8654955, 37.6309612], [-121.865423, 37.630906], [-121.8653721, 37.6308508], [-121.8653372, 37.6307955], [-121.8653345, 37.6307382], [-121.8653479, 37.6306447], [-121.8653533, 37.630598], [-121.8653828, 37.6305683], [-121.8654418, 37.6305491], [-121.8654981, 37.6305385], [-121.8655598, 37.6305194], [-121.8656108, 37.6305088], [-121.8656752, 37.6305236], [-121.8657181, 37.6305789], [-121.8657395, 37.6306277], [-121.8657664, 37.6306787], [-121.8657932, 37.6307021], [-121.8658173, 37.6307233], [-121.8658629, 37.6307531], [-121.8658951, 37.6308104], [-121.8659192, 37.6308571], [-121.8659487, 37.630889], [-121.8659809, 37.6309379], [-121.8660185, 37.6309931], [-121.8660614, 37.6310441], [-121.8660936, 37.6310929], [-121.8661177, 37.6311439], [-121.8661526, 37.6312034], [-121.8662009, 37.6312501], [-121.8662787, 37.631316], [-121.866335, 37.6313733], [-121.8663886, 37.6314349], [-121.8664289, 37.6314923], [-121.8664289, 37.6315709], [-121.8664101, 37.6316091], [-121.8663243, 37.6316452], [-121.8662813, 37.6316558], [-121.8662465, 37.6316495]]]}, "properties": {"course_id": "callippe_preserve_pleasanton", "course_name": "Callippe Preserve Golf Course", "hole_number": 17, "feature_type": "fairway", "name": "hole_17_fairway_2", "feature-color": "#4a7c3f", "is_approximate": true, "source": "osm", "@id": "7049daa3-2a43-4750-9c7d-ccf4017b807e", "osm_id": 692025380}}, {"type": "Feature", "bbox": [-121.865643, 37.6314731, -121.865478, 37.6316409], "geometry": {"type": "Polygon", "coordinates": [[[-121.8656337, 37.631632], [-121.8656059, 37.6316409], [-121.8655797, 37.631636], [-121.8655504, 37.631625], [-121.8655242, 37.6316152], [-121.8655119, 37.6316116], [-121.8654965, 37.6315835], [-121.8654811, 37.6315628], [-121.865478, 37.6315445], [-121.8654904, 37.6315176], [-121.8654996, 37.6315054], [-121.8655135, 37.6314908], [-121.865532, 37.631481], [-121.8655597, 37.6314737], [-121.8655899, 37.6314731], [-121.8656124, 37.6314902], [-121.8656231, 37.6315066], [-121.8656231, 37.6315234], [-121.8655936, 37.6315359], [-121.8655812, 37.6315408], [-121.8655674, 37.6315518], [-121.8655658, 37.6315628], [-121.8655812, 37.6315701], [-121.8656167, 37.6315609], [-121.8656329, 37.6315905], [-121.865643, 37.6316113], [-121.8656337, 37.631632]]]}, "properties": {"course_id": "callippe_preserve_pleasanton", "course_name": "Callippe Preserve Golf Course", "hole_number": 2, "feature_type": "bunker", "name": "hole_2_bunker_4", "feature-color": "#d4b483", "is_approximate": true, "source": "osm", "@id": "1fd1181d-6b8c-46e9-b212-3dcef59196c3", "osm_id": 692025381}}, {"type": "Feature", "bbox": [-121.865857, 37.6315188, -121.8656494, 37.6316396], "geometry": {"type": "Polygon", "coordinates": [[[-121.8657751, 37.6316334], [-121.8657476, 37.6316396], [-121.8657214, 37.631636], [-121.8656922, 37.6316287], [-121.8656933, 37.6316027], [-121.8656895, 37.6315793], [-121.8656764, 37.631568], [-121.8656494, 37.6315568], [-121.8656731, 37.6315466], [-121.8656842, 37.6315365], [-121.8657014, 37.6315262], [-121.8657261, 37.6315225], [-121.865763, 37.6315188], [-121.8657938, 37.6315225], [-121.8658139, 37.6315286], [-121.8658339, 37.6315359], [-121.865857, 37.6315506], [-121.8658493, 37.6315701], [-121.8658385, 37.6315847], [-121.8658231, 37.631586], [-121.8658, 37.6315811], [-121.8657769, 37.631575], [-121.8657538, 37.6315725], [-121.8657384, 37.6315799], [-121.865751, 37.6315889], [-121.8657584, 37.6316018], [-121.8657853, 37.6316091], [-121.8657903, 37.6316276], [-121.8657751, 37.6316334]]]}, "properties": {"course_id": "callippe_preserve_pleasanton", "course_name": "Callippe Preserve Golf Course", "hole_number": 2, "feature_type": "bunker", "name": "hole_2_bunker_5", "feature-color": "#d4b483", "is_approximate": true, "source": "osm", "@id": "9cb21d40-b786-460b-b20a-4e33628ff0f5", "osm_id": 692025382}}, {"type": "Feature", "bbox": [-121.8656296, 37.6318653, -121.8655004, 37.6319508], "geometry": {"type": "Polygon", "coordinates": [[[-121.8656013, 37.6319508], [-121.8655765, 37.6319487], [-121.8655544, 37.6319501], [-121.8655367, 37.6319501], [-121.8655155, 37.6319403], [-121.8655013, 37.6319214], [-121.8655004, 37.6318961], [-121.8655128, 37.6318821], [-121.8655261, 37.6318653], [-121.8655535, 37.6318709], [-121.8655845, 37.6318744], [-121.8656084, 37.631887], [-121.8656225, 37.6319031], [-121.8656296, 37.6319207], [-121.8656181, 37.6319417], [-121.8656013, 37.6319508]]]}, "properties": {"course_id": "callippe_preserve_pleasanton", "course_name": "Callippe Preserve Golf Course", "hole_number": 2, "feature_type": "bunker", "name": "hole_2_bunker_6", "feature-color": "#d4b483", "is_approximate": true, "source": "osm", "@id": "3b5360be-0706-4178-80e3-5ddb02f21412", "osm_id": 692025383}}, {"type": "Feature", "bbox": [-121.865043, 37.6314883, -121.8649209, 37.6316144], "geometry": {"type": "Polygon", "coordinates": [[[-121.8649828, 37.6316144], [-121.8650032, 37.6316095], [-121.8650235, 37.6315899], [-121.865035, 37.6315766], [-121.865043, 37.6315598], [-121.8650421, 37.6315374], [-121.8650253, 37.6315205], [-121.8650067, 37.6315086], [-121.8649899, 37.6314953], [-121.8649758, 37.6314883], [-121.8649607, 37.6314953], [-121.8649528, 37.63151], [-121.864943, 37.6315255], [-121.864928, 37.6315486], [-121.8649209, 37.6315605], [-121.8649227, 37.6315773], [-121.8649404, 37.6315829], [-121.8649519, 37.6315899], [-121.8649713, 37.6316046], [-121.864974, 37.6316137], [-121.8649828, 37.6316144]]]}, "properties": {"course_id": "callippe_preserve_pleasanton", "course_name": "Callippe Preserve Golf Course", "hole_number": 2, "feature_type": "bunker", "name": "hole_2_bunker_7", "feature-color": "#d4b483", "is_approximate": true, "source": "osm", "@id": "bfdc3871-60ea-4b3c-89a4-2debcfc4a218", "osm_id": 692025384}}, {"type": "Feature", "bbox": [-121.8648944, 37.6314813, -121.8647245, 37.6315794], "geometry": {"type": "Polygon", "coordinates": [[[-121.8648324, 37.6315619], [-121.86482, 37.6315794], [-121.8648041, 37.6315773], [-121.8647723, 37.631571], [-121.8647634, 37.6315514], [-121.8647466, 37.6315381], [-121.8647262, 37.6315262], [-121.8647245, 37.6315086], [-121.8647342, 37.6314946], [-121.8647528, 37.6314876], [-121.8647811, 37.6314827], [-121.8648236, 37.6314813], [-121.8648545, 37.6314813], [-121.8648784, 37.6314848], [-121.8648917, 37.6315044], [-121.8648944, 37.6315227], [-121.8648846, 37.6315374], [-121.864874, 37.6315444], [-121.8648599, 37.6315465], [-121.8648377, 37.6315465], [-121.8648342, 37.6315535], [-121.8648324, 37.6315619]]]}, "properties": {"course_id": "callippe_preserve_pleasanton", "course_name": "Callippe Preserve Golf Course", "hole_number": 2, "feature_type": "bunker", "name": "hole_2_bunker_8", "feature-color": "#d4b483", "is_approximate": true, "source": "osm", "@id": "85fa64b6-e2b3-4685-88ec-6905abda8174", "osm_id": 692025385}}, {"type": "Feature", "bbox": [-121.8669526, 37.6319618, -121.8668561, 37.6320416], "geometry": {"type": "Polygon", "coordinates": [[[-121.866918, 37.6320416], [-121.8668932, 37.6320402], [-121.8668773, 37.6320276], [-121.8668561, 37.632008], [-121.8668579, 37.6319884], [-121.8668755, 37.6319674], [-121.8669056, 37.6319618], [-121.8669277, 37.6319646], [-121.8669454, 37.6319954], [-121.8669526, 37.6320178], [-121.8669375, 37.6320374], [-121.866918, 37.6320416]]]}, "properties": {"course_id": "callippe_preserve_pleasanton", "course_name": "Callippe Preserve Golf Course", "hole_number": 17, "feature_type": "tee_box", "name": "hole_17_tee_box", "feature-color": "#8b7355", "is_approximate": true, "source": "osm", "@id": "a8652909-5b94-48b1-ad16-94374377efe7", "osm_id": 692026125}}, {"type": "Feature", "bbox": [-121.8671021, 37.6321229, -121.8669056, 37.632392], "geometry": {"type": "Polygon", "coordinates": [[[-121.8670755, 37.6323836], [-121.867049, 37.632392], [-121.8670277, 37.6323906], [-121.8669959, 37.632385], [-121.8669853, 37.632357], [-121.8669729, 37.6323205], [-121.8669623, 37.6322869], [-121.8669446, 37.6322575], [-121.8669322, 37.632228], [-121.8669162, 37.632207], [-121.8669056, 37.6321762], [-121.8669189, 37.6321285], [-121.8669463, 37.6321229], [-121.8669667, 37.6321285], [-121.8669782, 37.6321453], [-121.866987, 37.6321762], [-121.86701, 37.6322294], [-121.8670454, 37.6322673], [-121.8670578, 37.6322953], [-121.8670844, 37.6323205], [-121.8671021, 37.6323499], [-121.8670967, 37.6323696], [-121.8670755, 37.6323836]]]}, "properties": {"course_id": "callippe_preserve_pleasanton", "course_name": "Callippe Preserve Golf Course", "hole_number": 17, "feature_type": "tee_box", "name": "hole_17_tee_box_2", "feature-color": "#8b7355", "is_approximate": true, "source": "osm", "@id": "d279596a-bbce-4e30-9ce6-7edcb0e92877", "osm_id": 692026126}}, {"type": "Feature", "bbox": [-121.8671941, 37.6324859, -121.8671074, 37.632556], "geometry": {"type": "Polygon", "coordinates": [[[-121.8671587, 37.6325546], [-121.8671445, 37.6325546], [-121.8671268, 37.6325504], [-121.8671144, 37.6325391], [-121.8671074, 37.6325125], [-121.8671144, 37.6324943], [-121.8671251, 37.6324859], [-121.8671463, 37.6324859], [-121.8671675, 37.6324915], [-121.8671905, 37.6325097], [-121.8671941, 37.6325335], [-121.8671799, 37.632556], [-121.8671587, 37.6325546]]]}, "properties": {"course_id": "callippe_preserve_pleasanton", "course_name": "Callippe Preserve Golf Course", "hole_number": 3, "feature_type": "tee_box", "name": "hole_3_tee_box", "feature-color": "#8b7355", "is_approximate": true, "source": "osm", "@id": "03bb727c-c892-4210-8780-bdb77fffcdc4", "osm_id": 692026128}}, {"type": "Feature", "bbox": [-121.8662826, 37.6323671, -121.8660125, 37.6325527], "geometry": {"type": "Polygon", "coordinates": [[[-121.8661775, 37.6325086], [-121.8661814, 37.6325326], [-121.8661802, 37.6325432], [-121.8661666, 37.6325512], [-121.8661493, 37.6325527], [-121.8661256, 37.6325471], [-121.8661083, 37.6325365], [-121.8660931, 37.6325374], [-121.8660697, 37.6325365], [-121.8660429, 37.6325319], [-121.86603, 37.6325264], [-121.8660195, 37.6325143], [-121.8660172, 37.6324968], [-121.8660125, 37.6324774], [-121.8660148, 37.6324616], [-121.8660405, 37.6324339], [-121.8660591, 37.6324184], [-121.8660837, 37.6323983], [-121.8661048, 37.6323807], [-121.8661304, 37.6323692], [-121.866148, 37.6323671], [-121.8661656, 37.6323682], [-121.8661765, 37.6323726], [-121.8661873, 37.6323831], [-121.8661945, 37.6323944], [-121.8661935, 37.632407], [-121.8661833, 37.6324141], [-121.8661733, 37.6324197], [-121.8661732, 37.6324248], [-121.8661766, 37.6324274], [-121.8661914, 37.632428], [-121.8661978, 37.6324302], [-121.8662069, 37.6324334], [-121.866216, 37.6324365], [-121.8662374, 37.6324396], [-121.8662714, 37.6324478], [-121.8662826, 37.6324619], [-121.866279, 37.6324845], [-121.8662687, 37.632499], [-121.8662518, 37.6325079], [-121.8662269, 37.6325136], [-121.8662164, 37.6325132], [-121.8662014, 37.6325101], [-121.8661935, 37.6325019], [-121.8661808, 37.6325009], [-121.8661775, 37.6325086]]]}, "properties": {"course_id": "callippe_preserve_pleasanton", "course_name": "Callippe Preserve Golf Course", "hole_number": 5, "feature_type": "bunker", "name": "hole_5_bunker", "feature-color": "#d4b483", "is_approximate": true, "source": "osm", "@id": "795b0c4a-1081-4322-8b4f-b48d3e574b8a", "osm_id": 692026136}}, {"type": "Feature", "bbox": [-121.866874, 37.6325741, -121.8667292, 37.6326998], "geometry": {"type": "Polygon", "coordinates": [[[-121.8668278, 37.6326711], [-121.8668147, 37.6326827], [-121.8667969, 37.6326912], [-121.8667785, 37.6326998], [-121.8667592, 37.6326973], [-121.8667461, 37.63269], [-121.8667322, 37.6326796], [-121.8667292, 37.6326552], [-121.8667346, 37.6326351], [-121.8667484, 37.6326162], [-121.8667654, 37.6325967], [-121.8667908, 37.632582], [-121.8668123, 37.6325765], [-121.8668324, 37.6325741], [-121.8668539, 37.6325833], [-121.8668693, 37.6325985], [-121.866874, 37.6326162], [-121.8668624, 37.6326394], [-121.8668501, 37.6326522], [-121.8668362, 37.6326626], [-121.8668278, 37.6326711]]]}, "properties": {"course_id": "callippe_preserve_pleasanton", "course_name": "Callippe Preserve Golf Course", "hole_number": 3, "feature_type": "tee_box", "name": "hole_3_tee_box_2", "feature-color": "#8b7355", "is_approximate": true, "source": "osm", "@id": "5a726ed7-e23f-4af8-989b-4d920b6220fe", "osm_id": 692029066}}, {"type": "Feature", "bbox": [-121.8667053, 37.6327315, -121.8664157, 37.6329779], "geometry": {"type": "Polygon", "coordinates": [[[-121.866693, 37.6327943], [-121.8666621, 37.6328309], [-121.8665612, 37.6329255], [-121.8665112, 37.6329645], [-121.8664711, 37.6329779], [-121.8664434, 37.6329706], [-121.8664264, 37.6329621], [-121.8664157, 37.6329358], [-121.8664203, 37.6329151], [-121.8664357, 37.6328876], [-121.8664626, 37.63287], [-121.8665004, 37.6328523], [-121.8665235, 37.6328431], [-121.8665412, 37.6328132], [-121.8665713, 37.6327663], [-121.8665874, 37.632751], [-121.8666182, 37.6327364], [-121.8666514, 37.6327315], [-121.8666768, 37.6327388], [-121.8666945, 37.6327534], [-121.8667053, 37.6327797], [-121.866693, 37.6327943]]]}, "properties": {"course_id": "callippe_preserve_pleasanton", "course_name": "Callippe Preserve Golf Course", "hole_number": 3, "feature_type": "tee_box", "name": "hole_3_tee_box_3", "feature-color": "#8b7355", "is_approximate": true, "source": "osm", "@id": "59908600-feae-405c-ab33-c0d30919ab1d", "osm_id": 692029070}}, {"type": "Feature", "bbox": [-121.8662318, 37.633088, -121.8661129, 37.6331669], "geometry": {"type": "Polygon", "coordinates": [[[-121.8661922, 37.6331604], [-121.8661627, 37.6331669], [-121.8661353, 37.633166], [-121.8661129, 37.6331564], [-121.8661129, 37.6331306], [-121.866121, 37.6331113], [-121.8661424, 37.6330944], [-121.86618, 37.633088], [-121.8662094, 37.6330936], [-121.8662257, 37.6331105], [-121.8662318, 37.6331306], [-121.8662125, 37.6331508], [-121.8661922, 37.6331604]]]}, "properties": {"course_id": "callippe_preserve_pleasanton", "course_name": "Callippe Preserve Golf Course", "hole_number": 3, "feature_type": "tee_box", "name": "hole_3_tee_box_4", "feature-color": "#8b7355", "is_approximate": true, "source": "osm", "@id": "1e98fa5d-3913-4c6c-b9d2-21db3a480209", "osm_id": 692029073}}, {"type": "Feature", "bbox": [-121.8655742, 37.6333085, -121.8654746, 37.6333834], "geometry": {"type": "Polygon", "coordinates": [[[-121.8655346, 37.6333826], [-121.8655143, 37.6333834], [-121.8654929, 37.6333802], [-121.8654777, 37.6333673], [-121.8654746, 37.6333463], [-121.8654827, 37.6333206], [-121.865501, 37.6333101], [-121.8655305, 37.6333085], [-121.8655519, 37.6333182], [-121.8655671, 37.6333335], [-121.8655742, 37.6333568], [-121.8655681, 37.6333753], [-121.8655529, 37.6333818], [-121.8655346, 37.6333826]]]}, "properties": {"course_id": "callippe_preserve_pleasanton", "course_name": "Callippe Preserve Golf Course", "hole_number": 3, "feature_type": "tee_box", "name": "hole_3_tee_box_5", "feature-color": "#8b7355", "is_approximate": true, "source": "osm", "@id": "c1687568-cf54-45c6-9ce2-b6e25cb6e623", "osm_id": 692029075}}, {"type": "Feature", "bbox": [-121.8652652, 37.6331065, -121.8616853, 37.6346409], "geometry": {"type": "Polygon", "coordinates": [[[-121.8617482, 37.6346305], [-121.8618274, 37.6346409], [-121.8619251, 37.6346334], [-121.8619644, 37.6345971], [-121.8619875, 37.6345137], [-121.8620358, 37.6344712], [-121.8621324, 37.6344755], [-121.8622665, 37.6344967], [-121.8623738, 37.6345137], [-121.8624864, 37.6345477], [-121.8626313, 37.6345562], [-121.8627815, 37.6345265], [-121.8628995, 37.6344712], [-121.8631409, 37.6343608], [-121.8632052, 37.6342843], [-121.8633286, 37.6342546], [-121.863452, 37.6342503], [-121.8636183, 37.6342079], [-121.8638436, 37.6340634], [-121.8641333, 37.6339657], [-121.864305, 37.6339147], [-121.8643693, 37.6338298], [-121.8643854, 37.6337023], [-121.8644122, 37.6336258], [-121.8645088, 37.6335451], [-121.8647019, 37.6335281], [-121.8648789, 37.6335069], [-121.8650399, 37.6334474], [-121.865174, 37.6333879], [-121.8652223, 37.6333157], [-121.8652652, 37.633235], [-121.8652437, 37.633167], [-121.8651912, 37.6331387], [-121.8651399, 37.6331219], [-121.8650355, 37.6331065], [-121.8649346, 37.6331163], [-121.8648355, 37.633143], [-121.8647347, 37.6331738], [-121.8646816, 37.6331864], [-121.8646214, 37.6331822], [-121.8645064, 37.633178], [-121.8643737, 37.6331976], [-121.8643188, 37.6332284], [-121.8642321, 37.6332663], [-121.8641896, 37.6333041], [-121.8641613, 37.6333616], [-121.8641436, 37.6334218], [-121.8641082, 37.6334919], [-121.8640246, 37.6335726], [-121.863873, 37.6336344], [-121.8637506, 37.6336975], [-121.8636478, 37.6337482], [-121.8635384, 37.6338058], [-121.8634393, 37.6338535], [-121.8633738, 37.6338661], [-121.8632535, 37.6339062], [-121.863098, 37.6339615], [-121.8629746, 37.6340124], [-121.8629638, 37.6340634], [-121.8629746, 37.6341271], [-121.862937, 37.6341739], [-121.8628619, 37.6341824], [-121.8627761, 37.6342164], [-121.8627171, 37.6342631], [-121.8626849, 37.6342886], [-121.8626098, 37.6342928], [-121.8625079, 37.6342631], [-121.8623738, 37.6342588], [-121.8622772, 37.6342546], [-121.862127, 37.6342801], [-121.8619553, 37.6343396], [-121.8618999, 37.6343685], [-121.8618321, 37.6343903], [-121.8617544, 37.6344025], [-121.8616853, 37.6344062], [-121.8617187, 37.6344175], [-121.8617535, 37.6344265], [-121.8618295, 37.6344352], [-121.8618623, 37.634449], [-121.8618808, 37.6344676], [-121.8618929, 37.6344899], [-121.8618856, 37.6345293], [-121.8618618, 37.6345734], [-121.8618189, 37.6346093], [-121.8617482, 37.6346305]]]}, "properties": {"course_id": "callippe_preserve_pleasanton", "course_name": "Callippe Preserve Golf Course", "hole_number": 3, "feature_type": "fairway", "name": "hole_3_fairway", "feature-color": "#4a7c3f", "is_approximate": true, "source": "osm", "@id": "0af70b13-69c1-4e23-8770-10d531ad7477", "osm_id": 692029078}}, {"type": "Feature", "bbox": [-121.8647034, 37.6335646, -121.8644478, 37.633776], "geometry": {"type": "Polygon", "coordinates": [[[-121.8645759, 37.6336923], [-121.8645515, 37.6337277], [-121.8645231, 37.6337583], [-121.8644905, 37.633776], [-121.8644621, 37.6337712], [-121.8644478, 37.6337534], [-121.8644641, 37.6337196], [-121.8644926, 37.6337084], [-121.8644912, 37.6336904], [-121.864472, 37.6336592], [-121.8644741, 37.6336352], [-121.8644894, 37.6336252], [-121.8645138, 37.6336162], [-121.8645453, 37.6335702], [-121.864564, 37.6335646], [-121.864629, 37.6335799], [-121.8646449, 37.633579], [-121.8646812, 37.6335743], [-121.8647034, 37.6335984], [-121.8646938, 37.633607], [-121.8646755, 37.633644], [-121.8646308, 37.6336697], [-121.8646064, 37.6336778], [-121.8645759, 37.6336923]]]}, "properties": {"course_id": "callippe_preserve_pleasanton", "course_name": "Callippe Preserve Golf Course", "hole_number": 3, "feature_type": "bunker", "name": "hole_3_bunker", "feature-color": "#d4b483", "is_approximate": true, "source": "osm", "@id": "7bc0b3c9-c6d9-4c7c-a236-e9d031551a2a", "osm_id": 692029079}}, {"type": "Feature", "bbox": [-121.8640906, 37.6333977, -121.8639376, 37.6335603], "geometry": {"type": "Polygon", "coordinates": [[[-121.8640413, 37.6335216], [-121.8640169, 37.6335522], [-121.8639783, 37.6335603], [-121.863958, 37.633549], [-121.8639376, 37.6335313], [-121.8639437, 37.6335104], [-121.86396, 37.6334943], [-121.8639811, 37.6334965], [-121.8639981, 37.6334915], [-121.8640047, 37.6334782], [-121.8640043, 37.6334629], [-121.8639851, 37.6334577], [-121.8639783, 37.6334411], [-121.8639783, 37.6334218], [-121.8639925, 37.6334025], [-121.8640149, 37.6333977], [-121.8640474, 37.6333993], [-121.8640759, 37.6334098], [-121.8640906, 37.6334259], [-121.864086, 37.6334508], [-121.8640718, 37.6334846], [-121.8640596, 37.6335055], [-121.8640413, 37.6335216]]]}, "properties": {"course_id": "callippe_preserve_pleasanton", "course_name": "Callippe Preserve Golf Course", "hole_number": 3, "feature_type": "bunker", "name": "hole_3_bunker_2", "feature-color": "#d4b483", "is_approximate": true, "source": "osm", "@id": "3362eed8-062c-4b9c-ba55-d097062f7b4a", "osm_id": 692029080}}, {"type": "Feature", "bbox": [-121.8642344, 37.6331723, -121.8640509, 37.6333333], "geometry": {"type": "Polygon", "coordinates": [[[-121.8641836, 37.6332753], [-121.8641572, 37.6332979], [-121.8641435, 37.6333253], [-121.8641155, 37.6333322], [-121.8640901, 37.6333333], [-121.8640596, 37.6333269], [-121.8640509, 37.6333103], [-121.8640535, 37.6332866], [-121.8640718, 37.6332769], [-121.8640941, 37.633277], [-121.8641226, 37.6332753], [-121.8641414, 37.6332576], [-121.8641409, 37.6332415], [-121.8641267, 37.6332351], [-121.8641043, 37.6332319], [-121.8640955, 37.6332163], [-121.8640995, 37.6331997], [-121.8641104, 37.633182], [-121.8641328, 37.6331723], [-121.8641673, 37.6331771], [-121.8641877, 37.6331836], [-121.8642161, 37.6331981], [-121.8642324, 37.6332206], [-121.8642344, 37.6332415], [-121.864208, 37.6332609], [-121.8641836, 37.6332753]]]}, "properties": {"course_id": "callippe_preserve_pleasanton", "course_name": "Callippe Preserve Golf Course", "hole_number": 3, "feature_type": "bunker", "name": "hole_3_bunker_3", "feature-color": "#d4b483", "is_approximate": true, "source": "osm", "@id": "b8d72f3f-34ef-4177-82fd-1ba0e062ad25", "osm_id": 692029081}}, {"type": "Feature", "bbox": [-121.8636569, 37.6332475, -121.8631936, 37.6334186], "geometry": {"type": "Polygon", "coordinates": [[[-121.86362, 37.6333103], [-121.8636179, 37.6333214], [-121.8636242, 37.6333381], [-121.8636189, 37.6333545], [-121.8636016, 37.6333639], [-121.8635677, 37.6333655], [-121.8635513, 37.6333582], [-121.8635327, 37.6333426], [-121.8635148, 37.6333333], [-121.8634838, 37.6333317], [-121.8634658, 37.6333372], [-121.8634544, 37.6333483], [-121.8634622, 37.6333589], [-121.8634729, 37.633366], [-121.8634746, 37.6333885], [-121.8634637, 37.6334035], [-121.8634534, 37.6334127], [-121.8634264, 37.6334186], [-121.8634138, 37.6334166], [-121.8633972, 37.6334031], [-121.8633777, 37.633384], [-121.8633643, 37.6333775], [-121.8633418, 37.6333773], [-121.8633321, 37.6333827], [-121.8633264, 37.6333955], [-121.8633195, 37.6334078], [-121.863275, 37.6334154], [-121.8632302, 37.6334106], [-121.8631936, 37.6333848], [-121.8632031, 37.6333522], [-121.8632201, 37.6333397], [-121.8632498, 37.6333249], [-121.8632869, 37.6333115], [-121.863338, 37.6333075], [-121.8633603, 37.6333156], [-121.8633929, 37.6333075], [-121.8634274, 37.6332947], [-121.8634599, 37.633285], [-121.8634986, 37.6332753], [-121.863529, 37.6332737], [-121.8635555, 37.6332737], [-121.8635778, 37.6332641], [-121.8636069, 37.6332502], [-121.8636273, 37.6332475], [-121.8636488, 37.6332583], [-121.8636569, 37.6332794], [-121.8636499, 37.633295], [-121.8636327, 37.6333043], [-121.86362, 37.6333103]]]}, "properties": {"course_id": "callippe_preserve_pleasanton", "course_name": "Callippe Preserve Golf Course", "hole_number": 4, "feature_type": "bunker", "name": "hole_4_bunker", "feature-color": "#d4b483", "is_approximate": true, "source": "osm", "@id": "cf676a6c-6e73-4964-a25e-dfa893ae6315", "osm_id": 692029082}}, {"type": "Feature", "bbox": [-121.8633692, 37.6330757, -121.8626794, 37.633351], "geometry": {"type": "Polygon", "coordinates": [[[-121.8633692, 37.6331038], [-121.8632851, 37.633095], [-121.863218, 37.6330902], [-121.8631184, 37.6330854], [-121.8630005, 37.6330789], [-121.8628704, 37.6330757], [-121.8627403, 37.633087], [-121.8626936, 37.6331305], [-121.8626794, 37.6331836], [-121.8626997, 37.6332399], [-121.8627383, 37.6332786], [-121.8628156, 37.633314], [-121.862903, 37.6333397], [-121.862968, 37.6333478], [-121.8630839, 37.633351], [-121.8631977, 37.6333236], [-121.8632668, 37.633293], [-121.8633156, 37.6332705], [-121.86334, 37.6332625], [-121.8632958, 37.6332296], [-121.8632824, 37.6331786], [-121.8633266, 37.6331191], [-121.8633692, 37.6331038]]]}, "properties": {"course_id": "callippe_preserve_pleasanton", "course_name": "Callippe Preserve Golf Course", "hole_number": 4, "feature_type": "fairway", "name": "hole_4_fairway", "feature-color": "#4a7c3f", "is_approximate": true, "source": "osm", "@id": "4948d985-1ce5-47be-93c3-273a9a7b5a87", "osm_id": 692029083}}, {"type": "Feature", "bbox": [-121.862905, 37.6339977, -121.8625696, 37.6342541], "geometry": {"type": "Polygon", "coordinates": [[[-121.8628908, 37.6341414], [-121.862842, 37.6341527], [-121.8627919, 37.6341713], [-121.8627742, 37.6341875], [-121.8627485, 37.6342106], [-121.8627166, 37.6342331], [-121.8626855, 37.6342477], [-121.8626529, 37.6342541], [-121.8626224, 37.6342428], [-121.8626143, 37.6342122], [-121.8626285, 37.6341849], [-121.8626271, 37.6341724], [-121.8626111, 37.6341773], [-121.8625961, 37.6341773], [-121.8625818, 37.6341656], [-121.8625696, 37.6341414], [-121.8625696, 37.6341253], [-121.8625838, 37.6340947], [-121.8626103, 37.6340915], [-121.8626489, 37.6340979], [-121.8626794, 37.6341092], [-121.862703, 37.6341209], [-121.8627193, 37.634115], [-121.8627221, 37.6340996], [-121.8626977, 37.6340883], [-121.8626746, 37.634076], [-121.8626589, 37.6340545], [-121.8626306, 37.6340352], [-121.8626353, 37.6340142], [-121.862657, 37.6340046], [-121.8626909, 37.6339977], [-121.8627281, 37.6340041], [-121.8627532, 37.6340073], [-121.8627776, 37.6340271], [-121.8627979, 37.6340506], [-121.8628298, 37.6340599], [-121.8628521, 37.6340657], [-121.8628725, 37.6340786], [-121.8628801, 37.6340894], [-121.862905, 37.6341205], [-121.8628908, 37.6341414]]]}, "properties": {"course_id": "callippe_preserve_pleasanton", "course_name": "Callippe Preserve Golf Course", "hole_number": 3, "feature_type": "bunker", "name": "hole_3_bunker_4", "feature-color": "#d4b483", "is_approximate": true, "source": "osm", "@id": "6bb5b443-807d-4dc1-ad08-bf1888cc4744", "osm_id": 692029085}}, {"type": "Feature", "bbox": [-121.8625197, 37.6346221, -121.8622383, 37.6347513], "geometry": {"type": "Polygon", "coordinates": [[[-121.8624415, 37.6347513], [-121.8624049, 37.6347467], [-121.8623911, 37.6347362], [-121.8623925, 37.6347203], [-121.8623923, 37.6347029], [-121.8623807, 37.6346985], [-121.8623597, 37.6347033], [-121.8623495, 37.6347184], [-121.8623338, 37.6347274], [-121.8623053, 37.6347322], [-121.8622749, 37.6347177], [-121.8622525, 37.6346952], [-121.8622423, 37.6346791], [-121.8622383, 37.6346501], [-121.8622606, 37.6346372], [-121.8623033, 37.634623], [-121.8623358, 37.6346237], [-121.862369, 37.6346316], [-121.8623907, 37.6346356], [-121.8624133, 37.6346315], [-121.8624344, 37.6346221], [-121.8624596, 37.6346252], [-121.8624912, 37.6346401], [-121.8625128, 37.6346679], [-121.8625197, 37.6347021], [-121.8625069, 37.6347204], [-121.8624782, 37.6347419], [-121.8624415, 37.6347513]]]}, "properties": {"course_id": "callippe_preserve_pleasanton", "course_name": "Callippe Preserve Golf Course", "hole_number": 3, "feature_type": "bunker", "name": "hole_3_bunker_5", "feature-color": "#d4b483", "is_approximate": true, "source": "osm", "@id": "a06c9f4c-505d-4327-afd1-7bb6531437ed", "osm_id": 692029086}}, {"type": "Feature", "bbox": [-121.8622601, 37.6344987, -121.8620499, 37.6346243], "geometry": {"type": "Polygon", "coordinates": [[[-121.8622266, 37.6346105], [-121.8621956, 37.6346243], [-121.8621697, 37.6346228], [-121.8621561, 37.634613], [-121.862153, 37.6345961], [-121.8621611, 37.6345696], [-121.8621511, 37.6345605], [-121.8621393, 37.6345625], [-121.8621245, 37.6345825], [-121.8621125, 37.6345942], [-121.8620931, 37.6345929], [-121.8620736, 37.6345889], [-121.8620594, 37.634576], [-121.8620507, 37.6345497], [-121.8620499, 37.6345281], [-121.8620599, 37.634517], [-121.8620727, 37.634507], [-121.8620916, 37.6345], [-121.8621131, 37.6344987], [-121.8621587, 37.6345036], [-121.8621737, 37.6345064], [-121.8621851, 37.634513], [-121.8622087, 37.6345372], [-121.8622188, 37.6345378], [-121.862241, 37.6345432], [-121.8622586, 37.6345583], [-121.8622601, 37.6345762], [-121.8622578, 37.634587], [-121.8622455, 37.6345958], [-121.8622266, 37.6346105]]]}, "properties": {"course_id": "callippe_preserve_pleasanton", "course_name": "Callippe Preserve Golf Course", "hole_number": 3, "feature_type": "bunker", "name": "hole_3_bunker_6", "feature-color": "#d4b483", "is_approximate": true, "source": "osm", "@id": "665c7de4-1384-4257-8ea0-ece39d838521", "osm_id": 692029087}}, {"type": "Feature", "bbox": [-121.8615996, 37.6345029, -121.8614776, 37.634643], "geometry": {"type": "Polygon", "coordinates": [[[-121.8615768, 37.6346292], [-121.8615646, 37.6346382], [-121.8615487, 37.634643], [-121.8615192, 37.6346398], [-121.8614964, 37.634626], [-121.8614853, 37.6346064], [-121.8614883, 37.6345945], [-121.8615097, 37.634587], [-121.8615168, 37.6345745], [-121.8615124, 37.6345663], [-121.861492, 37.6345608], [-121.861481, 37.6345482], [-121.8614776, 37.6345294], [-121.8614809, 37.6345148], [-121.8614927, 37.6345076], [-121.8615138, 37.6345029], [-121.8615386, 37.6345067], [-121.8615547, 37.6345132], [-121.8615658, 37.6345286], [-121.8615728, 37.634548], [-121.8615936, 37.6345716], [-121.8615996, 37.634592], [-121.8615942, 37.634613], [-121.8615768, 37.6346292]]]}, "properties": {"course_id": "callippe_preserve_pleasanton", "course_name": "Callippe Preserve Golf Course", "hole_number": 3, "feature_type": "bunker", "name": "hole_3_bunker_7", "feature-color": "#d4b483", "is_approximate": true, "source": "osm", "@id": "1cf44e7f-9d4a-4d3c-a286-29f03573d026", "osm_id": 692029088}}, {"type": "Feature", "bbox": [-121.8622992, 37.6331076, -121.8621946, 37.6332669], "geometry": {"type": "Polygon", "coordinates": [[[-121.8622737, 37.6332308], [-121.8622603, 37.6332563], [-121.8622388, 37.6332669], [-121.862212, 37.6332606], [-121.8621986, 37.6332446], [-121.8621946, 37.6332191], [-121.8621999, 37.6331926], [-121.862216, 37.6331565], [-121.8622563, 37.6331108], [-121.8622831, 37.6331076], [-121.8622965, 37.6331182], [-121.8622992, 37.6331469], [-121.8622817, 37.6331767], [-121.8622777, 37.6332], [-121.8622737, 37.6332308]]]}, "properties": {"course_id": "callippe_preserve_pleasanton", "course_name": "Callippe Preserve Golf Course", "hole_number": 4, "feature_type": "tee_box", "name": "hole_4_tee_box", "feature-color": "#8b7355", "is_approximate": true, "source": "osm", "@id": "f57db5d0-1fda-44a1-81e3-d177f9c49ebd", "osm_id": 692029089}}, {"type": "Feature", "bbox": [-121.8619934, 37.6332468, -121.8618874, 37.6333413], "geometry": {"type": "Polygon", "coordinates": [[[-121.8619746, 37.6332935], [-121.8619572, 37.6333126], [-121.8619317, 37.6333296], [-121.8619049, 37.6333413], [-121.8618928, 37.6333328], [-121.8618874, 37.6333179], [-121.8618928, 37.6332988], [-121.8619129, 37.6332786], [-121.8619344, 37.6332595], [-121.8619572, 37.6332478], [-121.861976, 37.6332468], [-121.8619934, 37.6332563], [-121.8619907, 37.6332807], [-121.8619746, 37.6332935]]]}, "properties": {"course_id": "callippe_preserve_pleasanton", "course_name": "Callippe Preserve Golf Course", "hole_number": 4, "feature_type": "tee_box", "name": "hole_4_tee_box_2", "feature-color": "#8b7355", "is_approximate": true, "source": "osm", "@id": "ec28fd8a-0c40-44e0-bf28-fa5dab81ae7b", "osm_id": 692029090}}, {"type": "Feature", "bbox": [-121.8626257, 37.6323955, -121.8625117, 37.6324955], "geometry": {"type": "Polygon", "coordinates": [[[-121.862598, 37.6324894], [-121.8625795, 37.6324955], [-121.8625487, 37.6324919], [-121.862524, 37.6324858], [-121.8625148, 37.6324638], [-121.8625117, 37.6324443], [-121.8625286, 37.6324199], [-121.8625502, 37.6324016], [-121.8625749, 37.6323955], [-121.8626118, 37.6324089], [-121.8626211, 37.6324309], [-121.8626257, 37.6324626], [-121.862618, 37.6324797], [-121.862598, 37.6324894]]]}, "properties": {"course_id": "callippe_preserve_pleasanton", "course_name": "Callippe Preserve Golf Course", "hole_number": 5, "feature_type": "tee_box", "name": "hole_5_tee_box", "feature-color": "#8b7355", "is_approximate": true, "source": "osm", "@id": "0d103939-4c67-4ae8-8eee-418261a51e0d", "osm_id": 692037125}}, {"type": "Feature", "bbox": [-121.8629215, 37.6323699, -121.8627012, 37.6324882], "geometry": {"type": "Polygon", "coordinates": [[[-121.862883, 37.632476], [-121.862846, 37.6324882], [-121.862809, 37.6324882], [-121.8627813, 37.6324833], [-121.8627428, 37.6324736], [-121.8627181, 37.632454], [-121.8627058, 37.6324345], [-121.8627012, 37.6324065], [-121.8627135, 37.6323833], [-121.862732, 37.6323711], [-121.862769, 37.6323699], [-121.8628198, 37.6323699], [-121.8628599, 37.632376], [-121.8628922, 37.6323833], [-121.8629061, 37.6324004], [-121.8629122, 37.6324223], [-121.8629215, 37.6324492], [-121.8629061, 37.6324699], [-121.862883, 37.632476]]]}, "properties": {"course_id": "callippe_preserve_pleasanton", "course_name": "Callippe Preserve Golf Course", "hole_number": 5, "feature_type": "tee_box", "name": "hole_5_tee_box_2", "feature-color": "#8b7355", "is_approximate": true, "source": "osm", "@id": "5504c289-12bd-4ca3-899f-6bf2de85b748", "osm_id": 692037126}}, {"type": "Feature", "bbox": [-121.8632373, 37.6323991, -121.8630478, 37.6324955], "geometry": {"type": "Polygon", "coordinates": [[[-121.8632096, 37.6324906], [-121.863168, 37.6324955], [-121.8631325, 37.632487], [-121.8630956, 37.6324784], [-121.8630725, 37.6324699], [-121.8630509, 37.6324626], [-121.8630478, 37.6324394], [-121.8630478, 37.6324174], [-121.8630663, 37.632404], [-121.863094, 37.6323991], [-121.8631202, 37.6324004], [-121.863151, 37.632404], [-121.8631911, 37.6324113], [-121.8632173, 37.6324223], [-121.8632296, 37.6324394], [-121.8632373, 37.6324589], [-121.8632357, 37.6324784], [-121.8632096, 37.6324906]]]}, "properties": {"course_id": "callippe_preserve_pleasanton", "course_name": "Callippe Preserve Golf Course", "hole_number": 5, "feature_type": "tee_box", "name": "hole_5_tee_box_3", "feature-color": "#8b7355", "is_approximate": true, "source": "osm", "@id": "db4a98a1-0516-4773-a894-948a7c7da151", "osm_id": 692037127}}, {"type": "Feature", "bbox": [-121.8635038, 37.6323711, -121.8633929, 37.6324565], "geometry": {"type": "Polygon", "coordinates": [[[-121.8634807, 37.6324467], [-121.8634591, 37.6324565], [-121.8634376, 37.6324565], [-121.8634175, 37.6324467], [-121.8634021, 37.632437], [-121.8633929, 37.6324162], [-121.863399, 37.6323918], [-121.8634129, 37.6323772], [-121.8634376, 37.6323711], [-121.8634637, 37.6323711], [-121.8634915, 37.6323821], [-121.8635038, 37.6323991], [-121.8635007, 37.6324211], [-121.8634976, 37.6324345], [-121.8634807, 37.6324467]]]}, "properties": {"course_id": "callippe_preserve_pleasanton", "course_name": "Callippe Preserve Golf Course", "hole_number": 5, "feature_type": "tee_box", "name": "hole_5_tee_box_4", "feature-color": "#8b7355", "is_approximate": true, "source": "osm", "@id": "109b0008-616f-4ec9-aeb5-e40faeeb7f40", "osm_id": 692037128}}, {"type": "Feature", "bbox": [-121.8661945, 37.6321949, -121.8640034, 37.6328438], "geometry": {"type": "Polygon", "coordinates": [[[-121.8661945, 37.6323457], [-121.8661411, 37.6323447], [-121.8660875, 37.6323617], [-121.8660392, 37.6323914], [-121.8659775, 37.6324424], [-121.8659104, 37.6324891], [-121.8658568, 37.6325252], [-121.8657871, 37.6325528], [-121.8657093, 37.6325634], [-121.8656234, 37.6325698], [-121.8655376, 37.6325804], [-121.8654786, 37.6326229], [-121.8654276, 37.6326654], [-121.8654008, 37.6327036], [-121.8653499, 37.6327249], [-121.8652828, 37.632744], [-121.8651943, 37.6327482], [-121.8651165, 37.6327525], [-121.865036, 37.6327631], [-121.8649663, 37.6327695], [-121.8648805, 37.6327801], [-121.8647678, 37.6328035], [-121.8646927, 37.6328438], [-121.8646176, 37.6328438], [-121.8645371, 37.6328438], [-121.8644594, 37.6328332], [-121.8643574, 37.6328162], [-121.8642636, 37.6328014], [-121.8642072, 37.6327822], [-121.8641214, 37.6327631], [-121.8640248, 37.6327079], [-121.8640034, 37.6326612], [-121.8640141, 37.6325762], [-121.8640651, 37.6325358], [-121.8641509, 37.6325018], [-121.8643172, 37.6325146], [-121.8644084, 37.6325295], [-121.8645023, 37.6325337], [-121.8646605, 37.6325146], [-121.8647169, 37.6324827], [-121.8648402, 37.6324934], [-121.8649046, 37.6325018], [-121.8650334, 37.6325082], [-121.8651675, 37.6324912], [-121.8652345, 37.6324424], [-121.8653096, 37.6324254], [-121.8654169, 37.6323999], [-121.865492, 37.6323786], [-121.8655725, 37.6323574], [-121.8656825, 37.6323319], [-121.8657629, 37.6323064], [-121.8658085, 37.6322873], [-121.8659024, 37.6322448], [-121.8659855, 37.63223], [-121.8660499, 37.6322278], [-121.8661116, 37.6322215], [-121.8661384, 37.6322151], [-121.8661617, 37.6322086], [-121.8661862, 37.6321949], [-121.8661667, 37.632223], [-121.8661578, 37.632248], [-121.8661459, 37.6322833], [-121.8661567, 37.6323172], [-121.8661755, 37.6323367], [-121.8661945, 37.6323457]]]}, "properties": {"course_id": "callippe_preserve_pleasanton", "course_name": "Callippe Preserve Golf Course", "hole_number": 5, "feature_type": "fairway", "name": "hole_5_fairway", "feature-color": "#4a7c3f", "is_approximate": true, "source": "osm", "@id": "9ac6c20a-f9b6-4e82-8fb4-e01010afa26a", "osm_id": 692037129}}, {"type": "Feature", "bbox": [-121.8637729, 37.6326334, -121.8636589, 37.6327127], "geometry": {"type": "Polygon", "coordinates": [[[-121.8637421, 37.6326993], [-121.8637082, 37.6327127], [-121.8636851, 37.6327078], [-121.8636681, 37.632692], [-121.8636589, 37.6326602], [-121.863682, 37.6326456], [-121.8637082, 37.6326334], [-121.8637405, 37.6326358], [-121.8637652, 37.632648], [-121.8637729, 37.6326737], [-121.863759, 37.6326981], [-121.8637421, 37.6326993]]]}, "properties": {"course_id": "callippe_preserve_pleasanton", "course_name": "Callippe Preserve Golf Course", "hole_number": 5, "feature_type": "tee_box", "name": "hole_5_tee_box_5", "feature-color": "#8b7355", "is_approximate": true, "source": "osm", "@id": "e45577af-9e1d-4891-b2e3-e97243ce4231", "osm_id": 692037130}}, {"type": "Feature", "bbox": [-121.8654114, 37.6318303, -121.8647569, 37.6321744], "geometry": {"type": "Polygon", "coordinates": [[[-121.8653886, 37.6321499], [-121.8653644, 37.6321701], [-121.8653363, 37.6321744], [-121.8652987, 37.6321712], [-121.8652746, 37.6321542], [-121.8652464, 37.6321319], [-121.8652089, 37.6321096], [-121.8651753, 37.6320936], [-121.8651364, 37.6320788], [-121.8650882, 37.6320713], [-121.8650211, 37.6320639], [-121.8649916, 37.6320671], [-121.8649406, 37.6320533], [-121.8649219, 37.6320352], [-121.8649044, 37.6320172], [-121.864891, 37.6319981], [-121.8648615, 37.6319715], [-121.8648159, 37.6319418], [-121.864781, 37.6319322], [-121.8647623, 37.6319067], [-121.8647569, 37.6318749], [-121.864777, 37.6318494], [-121.8648052, 37.6318313], [-121.864824, 37.6318303], [-121.8648454, 37.6318377], [-121.8648749, 37.6318664], [-121.8649031, 37.6318887], [-121.8649366, 37.6319088], [-121.8649862, 37.631945], [-121.8650305, 37.631962], [-121.8650734, 37.6319768], [-121.8651271, 37.6319938], [-121.8651887, 37.632014], [-121.865241, 37.6320352], [-121.8652866, 37.6320405], [-121.8653363, 37.6320565], [-121.8653805, 37.6320713], [-121.8654033, 37.6321032], [-121.8654114, 37.6321298], [-121.8653886, 37.6321499]]]}, "properties": {"course_id": "callippe_preserve_pleasanton", "course_name": "Callippe Preserve Golf Course", "hole_number": 6, "feature_type": "tee_box", "name": "hole_6_tee_box", "feature-color": "#8b7355", "is_approximate": true, "source": "osm", "@id": "62f94b19-f777-41b5-b635-0832c77b2d29", "osm_id": 692037131}}, {"type": "Feature", "bbox": [-121.8646362, 37.6317963, -121.863967, 37.6321053], "geometry": {"type": "Polygon", "coordinates": [[[-121.863967, 37.6320162], [-121.8639912, 37.6319971], [-121.8640368, 37.631961], [-121.8640475, 37.631911], [-121.864018, 37.6318505], [-121.8639935, 37.6318324], [-121.8640555, 37.6318462], [-121.8641105, 37.631843], [-121.8641682, 37.631826], [-121.8642339, 37.6318079], [-121.8642956, 37.6317963], [-121.8643854, 37.6318079], [-121.8644538, 37.6318249], [-121.8645276, 37.6318536], [-121.8645852, 37.6318897], [-121.8646201, 37.631928], [-121.8646362, 37.6319715], [-121.8646215, 37.6320225], [-121.8645906, 37.6320565], [-121.8645209, 37.6320735], [-121.8644592, 37.6320873], [-121.8643841, 37.6321053], [-121.8643264, 37.6321032], [-121.8642835, 37.6320809], [-121.8642379, 37.6320501], [-121.8641923, 37.6320246], [-121.86414, 37.6320044], [-121.8641092, 37.6319959], [-121.8640636, 37.6319906], [-121.8640126, 37.6320023], [-121.863967, 37.6320162]]]}, "properties": {"course_id": "callippe_preserve_pleasanton", "course_name": "Callippe Preserve Golf Course", "hole_number": 6, "feature_type": "fairway", "name": "hole_6_fairway", "feature-color": "#4a7c3f", "is_approximate": true, "source": "osm", "@id": "58524f70-fa32-42a8-935b-1bea3872c87f", "osm_id": 692037132}}, {"type": "Feature", "bbox": [-121.8642299, 37.6320047, -121.8639455, 37.6322397], "geometry": {"type": "Polygon", "coordinates": [[[-121.8641212, 37.6321425], [-121.8640998, 37.6321606], [-121.864085, 37.6321882], [-121.8640475, 37.6322137], [-121.8640219, 37.632231], [-121.8639965, 37.6322397], [-121.8639697, 37.632237], [-121.8639459, 37.6322144], [-121.8639469, 37.6321956], [-121.8639455, 37.6321765], [-121.8639644, 37.6321671], [-121.8639974, 37.6321703], [-121.8640122, 37.6321668], [-121.8640264, 37.6321558], [-121.86403, 37.6321414], [-121.8640302, 37.6321313], [-121.8640263, 37.6321244], [-121.8640147, 37.6321173], [-121.8640005, 37.6321191], [-121.8639867, 37.6321142], [-121.8639817, 37.6321032], [-121.8639817, 37.6320936], [-121.8639898, 37.6320777], [-121.8640059, 37.6320724], [-121.8640182, 37.6320719], [-121.8640305, 37.6320755], [-121.8640488, 37.6320853], [-121.8640745, 37.6320986], [-121.8640912, 37.6321017], [-121.8641092, 37.6320905], [-121.8641078, 37.6320767], [-121.8640944, 37.6320692], [-121.8640729, 37.6320565], [-121.8640555, 37.6320565], [-121.8640327, 37.6320469], [-121.8640313, 37.6320212], [-121.8640394, 37.6320129], [-121.8640515, 37.6320064], [-121.8640671, 37.6320047], [-121.8640957, 37.6320129], [-121.8641226, 37.6320236], [-121.8641305, 37.6320328], [-121.864144, 37.6320416], [-121.8641655, 37.6320437], [-121.8641923, 37.6320469], [-121.8642124, 37.6320575], [-121.8642245, 37.6320724], [-121.8642299, 37.6320968], [-121.8642178, 37.6321202], [-121.8641936, 37.6321319], [-121.8641683, 37.632136], [-121.8641447, 37.6321356], [-121.8641212, 37.6321425]]]}, "properties": {"course_id": "callippe_preserve_pleasanton", "course_name": "Callippe Preserve Golf Course", "hole_number": 6, "feature_type": "bunker", "name": "hole_6_bunker", "feature-color": "#d4b483", "is_approximate": true, "source": "osm", "@id": "cc8b1b19-5264-4570-b820-42b2c17575e0", "osm_id": 692037133}}, {"type": "Feature", "bbox": [-121.8637527, 37.6318228, -121.8636223, 37.6319598], "geometry": {"type": "Polygon", "coordinates": [[[-121.8637296, 37.6319375], [-121.8637122, 37.6319492], [-121.8636948, 37.6319598], [-121.8636706, 37.6319556], [-121.8636532, 37.6319481], [-121.8636344, 37.6319375], [-121.863629, 37.6319237], [-121.8636223, 37.6319025], [-121.8636264, 37.6318908], [-121.8636398, 37.6318802], [-121.8636585, 37.6318791], [-121.8636787, 37.6318759], [-121.8636856, 37.6318694], [-121.8636811, 37.6318559], [-121.863675, 37.6318462], [-121.8636759, 37.631834], [-121.8636957, 37.6318228], [-121.8637086, 37.6318237], [-121.8637255, 37.631829], [-121.8637417, 37.6318409], [-121.8637527, 37.6318561], [-121.8637511, 37.6318674], [-121.8637524, 37.6318897], [-121.8637444, 37.6319099], [-121.863739, 37.6319301], [-121.8637296, 37.6319375]]]}, "properties": {"course_id": "callippe_preserve_pleasanton", "course_name": "Callippe Preserve Golf Course", "hole_number": 6, "feature_type": "bunker", "name": "hole_6_bunker_2", "feature-color": "#d4b483", "is_approximate": true, "source": "osm", "@id": "515c7183-0f93-4f2c-a6a4-c361ea6b803f", "osm_id": 692037134}}, {"type": "Feature", "bbox": [-121.8656122, 37.6303385, -121.8643045, 37.6318253], "geometry": {"type": "Polygon", "coordinates": [[[-121.8655049, 37.6318253], [-121.8653674, 37.6317415], [-121.8653058, 37.631722], [-121.8652534, 37.6317196], [-121.8652141, 37.6316851], [-121.8651744, 37.6316518], [-121.8651067, 37.6315926], [-121.8650834, 37.6315482], [-121.8650577, 37.6315057], [-121.8650367, 37.6314595], [-121.8649713, 37.6314595], [-121.8649106, 37.6314632], [-121.8648569, 37.6314613], [-121.8648078, 37.6314484], [-121.8647728, 37.6314373], [-121.8647451, 37.6314243], [-121.8646834, 37.6314048], [-121.8646311, 37.6313511], [-121.8646341, 37.6313121], [-121.8646218, 37.6312486], [-121.8645879, 37.631212], [-121.8645201, 37.6311632], [-121.8644678, 37.6311096], [-121.8644308, 37.6310315], [-121.8644144, 37.6310169], [-121.8644011, 37.6309849], [-121.8643781, 37.6309089], [-121.8643045, 37.6306996], [-121.8643075, 37.6306069], [-121.8643599, 37.6304727], [-121.8644, 37.6304239], [-121.8644524, 37.63038], [-121.8645109, 37.6303507], [-121.8645941, 37.6303385], [-121.8646742, 37.6303385], [-121.8647543, 37.6303531], [-121.8648005, 37.6303824], [-121.864856, 37.630441], [-121.8648899, 37.630502], [-121.864933, 37.6305996], [-121.8649669, 37.630685], [-121.8649977, 37.6308046], [-121.8649792, 37.6308924], [-121.864933, 37.6309436], [-121.8649114, 37.6310242], [-121.8649022, 37.6310778], [-121.8648745, 37.631151], [-121.8648899, 37.631195], [-121.8649361, 37.6312218], [-121.8649823, 37.6312413], [-121.865047, 37.6312438], [-121.8651302, 37.6312511], [-121.8651887, 37.6312706], [-121.8652226, 37.6313243], [-121.8652842, 37.6313609], [-121.8653613, 37.6313926], [-121.8654075, 37.6314048], [-121.8654537, 37.6315293], [-121.8654445, 37.6315805], [-121.8654568, 37.6316147], [-121.8654938, 37.6316488], [-121.8655343, 37.6316681], [-121.8656122, 37.6316899], [-121.8655572, 37.6316872], [-121.8654942, 37.631692], [-121.8654654, 37.6317175], [-121.8654573, 37.6317568], [-121.8654734, 37.6317966], [-121.8655049, 37.6318253]]]}, "properties": {"course_id": "callippe_preserve_pleasanton", "course_name": "Callippe Preserve Golf Course", "hole_number": 2, "feature_type": "fairway", "name": "hole_2_fairway", "feature-color": "#4a7c3f", "is_approximate": true, "source": "osm", "@id": "df0e1999-56e9-4662-9ab5-e570c3a7305c", "osm_id": 692037135}}, {"type": "Feature", "bbox": [-121.8634168, 37.6305942, -121.8627714, 37.6320142], "geometry": {"type": "Polygon", "coordinates": [[[-121.8633526, 37.6319415], [-121.8633022, 37.6319272], [-121.8632358, 37.6319214], [-121.8631795, 37.6319379], [-121.8631365, 37.6319814], [-121.8631151, 37.6320142], [-121.8631103, 37.6319704], [-121.8631041, 37.6319484], [-121.8630918, 37.6319179], [-121.8630779, 37.6318923], [-121.8630502, 37.6318569], [-121.8630348, 37.6318313], [-121.8630101, 37.6317849], [-121.8630117, 37.6317508], [-121.8630332, 37.6317093], [-121.8630502, 37.631652], [-121.8630656, 37.6316032], [-121.8630825, 37.631569], [-121.8630656, 37.6315324], [-121.8630209, 37.6314812], [-121.8630178, 37.6314531], [-121.8630302, 37.6314165], [-121.8630517, 37.6313872], [-121.8630841, 37.6313652], [-121.8631288, 37.6313372], [-121.8631765, 37.6313152], [-121.8631996, 37.6312628], [-121.8631842, 37.6312237], [-121.8631549, 37.6312005], [-121.8631149, 37.6311798], [-121.8630687, 37.6311664], [-121.8630302, 37.6311432], [-121.8629994, 37.6311237], [-121.8629516, 37.6311139], [-121.8629254, 37.6310993], [-121.8628777, 37.6310859], [-121.8628345, 37.6310724], [-121.8628176, 37.6310188], [-121.8628207, 37.6309614], [-121.8628299, 37.6309236], [-121.8628361, 37.6308675], [-121.8628099, 37.6308065], [-121.8627852, 37.6307784], [-121.8627714, 37.630704], [-121.8627837, 37.6306625], [-121.8628022, 37.6306222], [-121.8628468, 37.6306064], [-121.8629023, 37.6305942], [-121.8629608, 37.6305978], [-121.863004, 37.6306174], [-121.8630332, 37.6306564], [-121.8630825, 37.6306906], [-121.8631719, 37.6307784], [-121.8632859, 37.6308882], [-121.8633028, 37.630926], [-121.8633244, 37.6309797], [-121.8633675, 37.6310407], [-121.8633922, 37.6311005], [-121.8634153, 37.6311603], [-121.8634168, 37.6312201], [-121.8633922, 37.631314], [-121.8633953, 37.6313738], [-121.8634076, 37.6314458], [-121.8634076, 37.6315092], [-121.8633829, 37.6315812], [-121.8633537, 37.6316215], [-121.863346, 37.6316593], [-121.8633275, 37.6316995], [-121.8633429, 37.6317569], [-121.8633398, 37.6317984], [-121.8633383, 37.6318411], [-121.8633182, 37.6318618], [-121.8633229, 37.6318862], [-121.8633526, 37.6319415]]]}, "properties": {"course_id": "callippe_preserve_pleasanton", "course_name": "Callippe Preserve Golf Course", "hole_number": 8, "feature_type": "fairway", "name": "hole_8_fairway", "feature-color": "#4a7c3f", "is_approximate": true, "source": "osm", "@id": "1c3eebb2-098c-4b3d-9ae6-bcbb49dcfc6b", "osm_id": 692037137}}, {"type": "Feature", "bbox": [-121.8633512, 37.6321135, -121.8632434, 37.6321845], "geometry": {"type": "Polygon", "coordinates": [[[-121.8633069, 37.6321811], [-121.8632807, 37.6321845], [-121.8632621, 37.6321806], [-121.8632442, 37.6321702], [-121.8632434, 37.6321529], [-121.8632493, 37.6321371], [-121.8632678, 37.6321236], [-121.8632883, 37.6321177], [-121.863315, 37.6321135], [-121.8633418, 37.6321206], [-121.8633512, 37.6321451], [-121.8633391, 37.6321636], [-121.8633274, 37.6321728], [-121.8633069, 37.6321811]]]}, "properties": {"course_id": "callippe_preserve_pleasanton", "course_name": "Callippe Preserve Golf Course", "hole_number": 8, "feature_type": "bunker", "name": "hole_8_bunker", "feature-color": "#d4b483", "is_approximate": true, "source": "osm", "@id": "f70da228-5845-4681-b764-f118bd502e24", "osm_id": 692037142}}, {"type": "Feature", "bbox": [-121.8630954, 37.6319069, -121.8629446, 37.6320788], "geometry": {"type": "Polygon", "coordinates": [[[-121.863045, 37.6320336], [-121.8630286, 37.6320308], [-121.8630162, 37.6320364], [-121.8630114, 37.6320501], [-121.8630096, 37.6320663], [-121.8630006, 37.6320788], [-121.8629854, 37.6320752], [-121.8629702, 37.6320724], [-121.8629549, 37.6320613], [-121.8629446, 37.6320447], [-121.8629459, 37.6320288], [-121.8629567, 37.6320168], [-121.8629679, 37.6320049], [-121.8629854, 37.631992], [-121.8629877, 37.631979], [-121.8629901, 37.6319587], [-121.8629924, 37.6319337], [-121.8630053, 37.6319171], [-121.8630286, 37.6319069], [-121.8630461, 37.6319069], [-121.8630648, 37.6319199], [-121.8630815, 37.6319252], [-121.8630932, 37.6319394], [-121.8630954, 37.631961], [-121.8630876, 37.6319837], [-121.863077, 37.632009], [-121.863062, 37.6320292], [-121.863045, 37.6320336]]]}, "properties": {"course_id": "callippe_preserve_pleasanton", "course_name": "Callippe Preserve Golf Course", "hole_number": 8, "feature_type": "bunker", "name": "hole_8_bunker_2", "feature-color": "#d4b483", "is_approximate": true, "source": "osm", "@id": "80bcc888-83be-4841-8b3f-7a17867f7a0f", "osm_id": 692037144}}, {"type": "Feature", "bbox": [-121.8634845, 37.63163, -121.8633543, 37.6317396], "geometry": {"type": "Polygon", "coordinates": [[[-121.8634489, 37.6317285], [-121.8634221, 37.6317285], [-121.8634022, 37.6317359], [-121.8633882, 37.6317396], [-121.8633765, 37.6317349], [-121.8633637, 37.6317239], [-121.8633543, 37.6317128], [-121.8633578, 37.6316832], [-121.86337, 37.6316688], [-121.8633719, 37.631649], [-121.8633959, 37.6316441], [-121.8634166, 37.6316302], [-121.8634402, 37.63163], [-121.8634592, 37.6316399], [-121.863473, 37.6316509], [-121.8634845, 37.631676], [-121.8634745, 37.6317096], [-121.8634618, 37.6317208], [-121.8634489, 37.6317285]]]}, "properties": {"course_id": "callippe_preserve_pleasanton", "course_name": "Callippe Preserve Golf Course", "hole_number": 8, "feature_type": "bunker", "name": "hole_8_bunker_3", "feature-color": "#d4b483", "is_approximate": true, "source": "osm", "@id": "bfaef19b-1cde-473f-82d5-5ed056408cb1", "osm_id": 692037146}}, {"type": "Feature", "bbox": [-121.8631737, 37.6312042, -121.8629702, 37.6313771], "geometry": {"type": "Polygon", "coordinates": [[[-121.8630424, 37.6313263], [-121.8630615, 37.6313456], [-121.8630547, 37.6313638], [-121.8630284, 37.6313763], [-121.8630111, 37.6313771], [-121.8629994, 37.6313744], [-121.8629831, 37.6313651], [-121.8629726, 37.631354], [-121.8629702, 37.6313327], [-121.8629714, 37.6313143], [-121.8629901, 37.6312939], [-121.8630111, 37.6312819], [-121.8630239, 37.6312634], [-121.8630403, 37.6312366], [-121.8630706, 37.6312116], [-121.8630975, 37.6312042], [-121.8631173, 37.6312051], [-121.8631376, 37.6312076], [-121.8631535, 37.631223], [-121.8631737, 37.6312518], [-121.8631726, 37.6312816], [-121.8631515, 37.6313062], [-121.8631287, 37.6313179], [-121.8631068, 37.6313188], [-121.8630888, 37.6313108], [-121.8630706, 37.6313031], [-121.8630502, 37.6313094], [-121.8630424, 37.6313188], [-121.8630424, 37.6313263]]]}, "properties": {"course_id": "callippe_preserve_pleasanton", "course_name": "Callippe Preserve Golf Course", "hole_number": 8, "feature_type": "bunker", "name": "hole_8_bunker_4", "feature-color": "#d4b483", "is_approximate": true, "source": "osm", "@id": "791a3295-bf58-4a92-b2b1-139ca4493428", "osm_id": 692037147}}, {"type": "Feature", "bbox": [-121.8635589, 37.6312504, -121.8634174, 37.6314816], "geometry": {"type": "Polygon", "coordinates": [[[-121.8635061, 37.6314816], [-121.8634816, 37.6314816], [-121.863458, 37.6314663], [-121.8634458, 37.6314518], [-121.8634427, 37.6314349], [-121.8634325, 37.6314157], [-121.8634256, 37.6313965], [-121.8634256, 37.6313734], [-121.8634267, 37.6313327], [-121.8634186, 37.6313115], [-121.8634174, 37.6312819], [-121.8634396, 37.6312549], [-121.8634653, 37.6312523], [-121.8634831, 37.6312504], [-121.8635155, 37.631269], [-121.8635336, 37.6312838], [-121.8635394, 37.631309], [-121.8635254, 37.6313401], [-121.8634982, 37.6313505], [-121.8634883, 37.6313582], [-121.8634898, 37.6313729], [-121.8635064, 37.6313836], [-121.8635263, 37.6313951], [-121.863548, 37.6314083], [-121.8635589, 37.6314252], [-121.8635578, 37.6314405], [-121.863557, 37.6314578], [-121.8635435, 37.6314742], [-121.8635283, 37.6314788], [-121.8635061, 37.6314816]]]}, "properties": {"course_id": "callippe_preserve_pleasanton", "course_name": "Callippe Preserve Golf Course", "hole_number": 8, "feature_type": "bunker", "name": "hole_8_bunker_5", "feature-color": "#d4b483", "is_approximate": true, "source": "osm", "@id": "df803a82-2be9-498c-8d6d-3050d10a410f", "osm_id": 692037148}}, {"type": "Feature", "bbox": [-121.8630207, 37.6311377, -121.862829, 37.6313013], "geometry": {"type": "Polygon", "coordinates": [[[-121.8629444, 37.6312452], [-121.8629336, 37.631267], [-121.8629245, 37.6312813], [-121.8629162, 37.6312899], [-121.8628992, 37.6312973], [-121.8628803, 37.6313013], [-121.8628628, 37.6312967], [-121.8628476, 37.6312856], [-121.8628336, 37.6312597], [-121.862829, 37.6312458], [-121.8628336, 37.6312227], [-121.8628395, 37.631207], [-121.8628558, 37.6311922], [-121.862878, 37.6311839], [-121.8628955, 37.6311756], [-121.8629084, 37.6311617], [-121.8629235, 37.6311487], [-121.8629469, 37.6311377], [-121.8629737, 37.6311377], [-121.8629913, 37.6311432], [-121.8630029, 37.6311552], [-121.8630158, 37.63117], [-121.8630207, 37.6311909], [-121.8630118, 37.6312103], [-121.8629913, 37.6312211], [-121.8629749, 37.6312199], [-121.8629643, 37.6312227], [-121.862955, 37.6312346], [-121.8629444, 37.6312452]]]}, "properties": {"course_id": "callippe_preserve_pleasanton", "course_name": "Callippe Preserve Golf Course", "hole_number": 8, "feature_type": "bunker", "name": "hole_8_bunker_6", "feature-color": "#d4b483", "is_approximate": true, "source": "osm", "@id": "3d7d533e-097e-4e9b-9503-361e349b6775", "osm_id": 692037149}}, {"type": "Feature", "bbox": [-121.8642955, 37.6315325, -121.8641975, 37.6316092], "geometry": {"type": "Polygon", "coordinates": [[[-121.8642734, 37.6316065], [-121.8642512, 37.6316092], [-121.8642267, 37.6316028], [-121.8642045, 37.6315926], [-121.8641975, 37.6315722], [-121.8641998, 37.6315584], [-121.864215, 37.6315399], [-121.864236, 37.6315325], [-121.8642605, 37.6315325], [-121.8642804, 37.6315362], [-121.8642944, 37.6315491], [-121.8642955, 37.6315685], [-121.8642932, 37.6315898], [-121.8642862, 37.6316018], [-121.8642734, 37.6316065]]]}, "properties": {"course_id": "callippe_preserve_pleasanton", "course_name": "Callippe Preserve Golf Course", "hole_number": 7, "feature_type": "tee_box", "name": "hole_7_tee_box", "feature-color": "#8b7355", "is_approximate": true, "source": "osm", "@id": "856777f1-dee0-4594-a5f8-22a3e3abd9be", "osm_id": 692037150}}, {"type": "Feature", "bbox": [-121.8642582, 37.6313522, -121.8641029, 37.6315158], "geometry": {"type": "Polygon", "coordinates": [[[-121.8642278, 37.6315112], [-121.864208, 37.6315158], [-121.8641858, 37.6315094], [-121.8641671, 37.6315001], [-121.8641473, 37.6314863], [-121.8641321, 37.6314622], [-121.8641122, 37.6314141], [-121.8641029, 37.631379], [-121.8641169, 37.6313651], [-121.8641473, 37.6313568], [-121.86418, 37.6313522], [-121.8641986, 37.6313614], [-121.8642126, 37.6313735], [-121.8642231, 37.6313984], [-121.864243, 37.6314243], [-121.8642523, 37.6314567], [-121.8642582, 37.6314872], [-121.8642488, 37.6315029], [-121.8642278, 37.6315112]]]}, "properties": {"course_id": "callippe_preserve_pleasanton", "course_name": "Callippe Preserve Golf Course", "hole_number": 7, "feature_type": "tee_box", "name": "hole_7_tee_box_2", "feature-color": "#8b7355", "is_approximate": true, "source": "osm", "@id": "9ec9fe29-2dba-4a5c-ab22-257e82629bb8", "osm_id": 692037151}}, {"type": "Feature", "bbox": [-121.8641216, 37.6310341, -121.8639745, 37.6312043], "geometry": {"type": "Polygon", "coordinates": [[[-121.8641029, 37.6311959], [-121.8640784, 37.6312043], [-121.8640562, 37.6311996], [-121.8640282, 37.6311885], [-121.8640107, 37.6311682], [-121.8639955, 37.6311386], [-121.863985, 37.6311044], [-121.8639745, 37.6310794], [-121.8639791, 37.6310572], [-121.8640025, 37.6310415], [-121.864027, 37.6310341], [-121.8640574, 37.6310369], [-121.864069, 37.631048], [-121.8640795, 37.6310702], [-121.8640912, 37.6310988], [-121.8640971, 37.6311155], [-121.8641087, 37.6311312], [-121.8641216, 37.6311571], [-121.8641192, 37.6311802], [-121.8641111, 37.6311895], [-121.8641029, 37.6311959]]]}, "properties": {"course_id": "callippe_preserve_pleasanton", "course_name": "Callippe Preserve Golf Course", "hole_number": 7, "feature_type": "tee_box", "name": "hole_7_tee_box_3", "feature-color": "#8b7355", "is_approximate": true, "source": "osm", "@id": "394005cf-8737-4e63-ad0b-e59034367697", "osm_id": 692037152}}, {"type": "Feature", "bbox": [-121.8639301, 37.6305866, -121.8638577, 37.6306523], "geometry": {"type": "Polygon", "coordinates": [[[-121.8639161, 37.6306513], [-121.8638904, 37.6306523], [-121.8638659, 37.6306421], [-121.8638577, 37.6306143], [-121.8638624, 37.6305931], [-121.8638776, 37.6305885], [-121.8638951, 37.6305866], [-121.8639173, 37.6305959], [-121.8639278, 37.6306116], [-121.8639301, 37.6306319], [-121.8639289, 37.6306439], [-121.8639161, 37.6306513]]]}, "properties": {"course_id": "callippe_preserve_pleasanton", "course_name": "Callippe Preserve Golf Course", "hole_number": 7, "feature_type": "tee_box", "name": "hole_7_tee_box_4", "feature-color": "#8b7355", "is_approximate": true, "source": "osm", "@id": "5ccb7f45-14a3-4181-bb17-29c099cb1565", "osm_id": 692037154}}, {"type": "Feature", "bbox": [-121.8636831, 37.6291797, -121.8628797, 37.6303849], "geometry": {"type": "Polygon", "coordinates": [[[-121.8636088, 37.6303541], [-121.8635486, 37.6303793], [-121.8634672, 37.6303849], [-121.8633893, 37.6303541], [-121.8633186, 37.6302925], [-121.8632761, 37.6302028], [-121.863223, 37.6301187], [-121.8632018, 37.6300206], [-121.8631805, 37.6299421], [-121.8631451, 37.629844], [-121.8631239, 37.6298188], [-121.8631062, 37.6296982], [-121.8630496, 37.6295917], [-121.8629823, 37.6294628], [-121.8629328, 37.6293983], [-121.8628797, 37.6293282], [-121.8628797, 37.6292834], [-121.8629469, 37.6292357], [-121.8630319, 37.6291993], [-121.8631416, 37.6291797], [-121.8632053, 37.6291909], [-121.8632265, 37.6292413], [-121.863223, 37.6292862], [-121.863223, 37.6293423], [-121.8632336, 37.6293983], [-121.8632796, 37.6294712], [-121.8633221, 37.6295048], [-121.8633858, 37.6295553], [-121.863446, 37.6296029], [-121.8635344, 37.6296926], [-121.8636088, 37.6297879], [-121.8636583, 37.6298832], [-121.8636477, 37.6299701], [-121.8636477, 37.6300458], [-121.8636583, 37.6301159], [-121.8636831, 37.6301635], [-121.8636796, 37.6302476], [-121.8636725, 37.6303009], [-121.8636088, 37.6303541]]]}, "properties": {"course_id": "callippe_preserve_pleasanton", "course_name": "Callippe Preserve Golf Course", "hole_number": 7, "feature_type": "fairway", "name": "hole_7_fairway", "feature-color": "#4a7c3f", "is_approximate": true, "source": "osm", "@id": "503c380d-9d29-4900-8922-b2e6862c3875", "osm_id": 692037157}}, {"type": "Feature", "bbox": [-121.8628124, 37.6318779, -121.8627331, 37.6319536], "geometry": {"type": "Polygon", "coordinates": [[[-121.8627982, 37.6319455], [-121.8627717, 37.6319536], [-121.8627514, 37.6319439], [-121.8627331, 37.6319117], [-121.8627372, 37.6318876], [-121.8627575, 37.6318779], [-121.8627941, 37.631886], [-121.8628124, 37.6319053], [-121.8628063, 37.6319294], [-121.8627982, 37.6319455]]]}, "properties": {"course_id": "callippe_preserve_pleasanton", "course_name": "Callippe Preserve Golf Course", "hole_number": 9, "feature_type": "tee_box", "name": "hole_9_tee_box", "feature-color": "#8b7355", "is_approximate": true, "source": "osm", "@id": "e19e521f-b911-48eb-8ae3-4668b30fda6c", "osm_id": 692037161}}, {"type": "Feature", "bbox": [-121.8627391, 37.6317272, -121.8626405, 37.6318187], "geometry": {"type": "Polygon", "coordinates": [[[-121.8627083, 37.6318163], [-121.8626898, 37.6318187], [-121.8626651, 37.6318126], [-121.8626497, 37.6317968], [-121.8626436, 37.6317736], [-121.8626405, 37.6317541], [-121.862642, 37.6317321], [-121.8626682, 37.6317272], [-121.8626944, 37.6317272], [-121.8627129, 37.6317406], [-121.8627268, 37.6317528], [-121.8627329, 37.6317724], [-121.8627391, 37.6317943], [-121.8627252, 37.6318114], [-121.8627083, 37.6318163]]]}, "properties": {"course_id": "callippe_preserve_pleasanton", "course_name": "Callippe Preserve Golf Course", "hole_number": 9, "feature_type": "tee_box", "name": "hole_9_tee_box_2", "feature-color": "#8b7355", "is_approximate": true, "source": "osm", "@id": "55f0e05a-43f3-42df-b247-8ccb8216a220", "osm_id": 692037163}}, {"type": "Feature", "bbox": [-121.8625773, 37.6314539, -121.8624649, 37.6315589], "geometry": {"type": "Polygon", "coordinates": [[[-121.8625681, 37.6315491], [-121.862545, 37.6315589], [-121.8625234, 37.6315528], [-121.8625095, 37.6315442], [-121.8624772, 37.6315113], [-121.8624649, 37.631493], [-121.8624679, 37.6314661], [-121.8624849, 37.6314551], [-121.8625111, 37.6314539], [-121.8625388, 37.6314588], [-121.8625527, 37.6314698], [-121.8625681, 37.6314893], [-121.8625712, 37.6315101], [-121.8625773, 37.6315308], [-121.8625681, 37.6315491]]]}, "properties": {"course_id": "callippe_preserve_pleasanton", "course_name": "Callippe Preserve Golf Course", "hole_number": 9, "feature_type": "tee_box", "name": "hole_9_tee_box_3", "feature-color": "#8b7355", "is_approximate": true, "source": "osm", "@id": "610d2927-172c-413b-ac0d-62790c3d1902", "osm_id": 692037166}}, {"type": "Feature", "bbox": [-121.8623616, 37.6311465, -121.8622723, 37.6312355], "geometry": {"type": "Polygon", "coordinates": [[[-121.8623539, 37.6312258], [-121.8623262, 37.6312355], [-121.8623031, 37.6312282], [-121.8622815, 37.6312148], [-121.8622785, 37.6311965], [-121.8622723, 37.6311709], [-121.8622846, 37.6311538], [-121.8623046, 37.6311465], [-121.8623339, 37.6311514], [-121.8623478, 37.6311648], [-121.8623555, 37.6311806], [-121.8623616, 37.6312075], [-121.8623539, 37.6312258]]]}, "properties": {"course_id": "callippe_preserve_pleasanton", "course_name": "Callippe Preserve Golf Course", "hole_number": 9, "feature_type": "tee_box", "name": "hole_9_tee_box_4", "feature-color": "#8b7355", "is_approximate": true, "source": "osm", "@id": "91bd7a49-a45a-487b-a5f3-aaa10c371885", "osm_id": 692037169}}, {"type": "Feature", "bbox": [-121.8621968, 37.6309037, -121.8621213, 37.6309635], "geometry": {"type": "Polygon", "coordinates": [[[-121.8621845, 37.6309598], [-121.8621598, 37.6309635], [-121.862129, 37.6309513], [-121.8621213, 37.6309379], [-121.8621259, 37.6309196], [-121.8621383, 37.6309061], [-121.8621568, 37.6309037], [-121.8621814, 37.630911], [-121.8621968, 37.6309305], [-121.8621968, 37.6309452], [-121.8621845, 37.6309598]]]}, "properties": {"course_id": "callippe_preserve_pleasanton", "course_name": "Callippe Preserve Golf Course", "hole_number": 9, "feature_type": "tee_box", "name": "hole_9_tee_box_5", "feature-color": "#8b7355", "is_approximate": true, "source": "osm", "@id": "fe59171b-3b99-4091-9849-6578f63fbe87", "osm_id": 692037172}}, {"type": "Feature", "bbox": [-121.8623749, 37.6295588, -121.8613986, 37.6307824], "geometry": {"type": "Polygon", "coordinates": [[[-121.8622703, 37.6307526], [-121.8622033, 37.6307824], [-121.8621282, 37.6307739], [-121.8620477, 37.6307378], [-121.861986, 37.6306528], [-121.8619163, 37.6305593], [-121.8618653, 37.6304871], [-121.8618036, 37.6303915], [-121.8617392, 37.6303023], [-121.8617151, 37.6302492], [-121.8617205, 37.6301345], [-121.8617097, 37.6300262], [-121.8617044, 37.6299646], [-121.8616775, 37.6298945], [-121.8616319, 37.6298732], [-121.8615635, 37.6298461], [-121.8615206, 37.6298292], [-121.8614656, 37.6297989], [-121.8614308, 37.6297288], [-121.8613986, 37.6296565], [-121.8614013, 37.6295992], [-121.8614227, 37.6295737], [-121.8615112, 37.6295588], [-121.8615863, 37.6295716], [-121.8616829, 37.6296056], [-121.8617741, 37.6296459], [-121.8619136, 37.6297139], [-121.8619753, 37.6297861], [-121.8620101, 37.6298626], [-121.8620718, 37.6299582], [-121.8621228, 37.6300559], [-121.8622086, 37.6301515], [-121.8623105, 37.6302343], [-121.86234, 37.6303299], [-121.8623696, 37.6304149], [-121.8623749, 37.6305169], [-121.8623615, 37.6306061], [-121.8623615, 37.6306974], [-121.8623159, 37.6307335], [-121.8622703, 37.6307526]]]}, "properties": {"course_id": "callippe_preserve_pleasanton", "course_name": "Callippe Preserve Golf Course", "hole_number": 9, "feature_type": "fairway", "name": "hole_9_fairway", "feature-color": "#4a7c3f", "is_approximate": true, "source": "osm", "@id": "a946e674-c4e6-45ad-91d1-755e40bbadd6", "osm_id": 692037174}}, {"type": "Feature", "bbox": [-121.8616839, 37.6299166, -121.8615518, 37.6301181], "geometry": {"type": "Polygon", "coordinates": [[[-121.8616612, 37.6301154], [-121.8616499, 37.6301181], [-121.8616196, 37.6301167], [-121.8616107, 37.6301149], [-121.8616058, 37.6301115], [-121.8616048, 37.6301051], [-121.8615922, 37.6300936], [-121.8615806, 37.6300835], [-121.8615639, 37.6300699], [-121.8615616, 37.6300555], [-121.861567, 37.6300464], [-121.8615866, 37.630037], [-121.8615932, 37.6300295], [-121.8615912, 37.6300227], [-121.8615802, 37.6300096], [-121.8615541, 37.6299956], [-121.8615518, 37.6299678], [-121.8615522, 37.6299478], [-121.8615619, 37.6299324], [-121.8615884, 37.6299195], [-121.8616345, 37.6299166], [-121.8616555, 37.6299288], [-121.8616596, 37.6299407], [-121.8616453, 37.6299533], [-121.8616441, 37.6299738], [-121.8616403, 37.6300005], [-121.8616473, 37.6300209], [-121.8616656, 37.6300515], [-121.8616839, 37.6300837], [-121.8616814, 37.6300982], [-121.8616715, 37.6301077], [-121.8616612, 37.6301154]]]}, "properties": {"course_id": "callippe_preserve_pleasanton", "course_name": "Callippe Preserve Golf Course", "hole_number": 9, "feature_type": "bunker", "name": "hole_9_bunker", "feature-color": "#d4b483", "is_approximate": true, "source": "osm", "@id": "2d8c2f1a-afbb-49a5-9177-13d0f490631c", "osm_id": 692037179}}, {"type": "Feature", "bbox": [-121.8627775, 37.6298535, -121.8626433, 37.6299565], "geometry": {"type": "Polygon", "coordinates": [[[-121.8627389, 37.6299485], [-121.8627186, 37.6299549], [-121.862682, 37.6299565], [-121.8626576, 37.6299404], [-121.8626474, 37.6299243], [-121.8626433, 37.6298986], [-121.8626515, 37.6298744], [-121.8626881, 37.6298583], [-121.8627165, 37.6298535], [-121.862749, 37.6298567], [-121.8627653, 37.6298776], [-121.8627775, 37.6299034], [-121.8627694, 37.6299259], [-121.8627389, 37.6299485]]]}, "properties": {"course_id": "callippe_preserve_pleasanton", "course_name": "Callippe Preserve Golf Course", "hole_number": 8, "feature_type": "tee_box", "name": "hole_8_tee_box", "feature-color": "#8b7355", "is_approximate": true, "source": "osm", "@id": "35af83c3-abbf-45ac-909f-fff2a86915f2", "osm_id": 692037180}}, {"type": "Feature", "bbox": [-121.8626616, 37.6296877, -121.8624889, 37.6297843], "geometry": {"type": "Polygon", "coordinates": [[[-121.8626007, 37.6297843], [-121.8625519, 37.6297843], [-121.8625092, 37.6297794], [-121.8624889, 37.6297649], [-121.8624889, 37.6297376], [-121.8625092, 37.6297199], [-121.8625376, 37.6297038], [-121.8625742, 37.6296941], [-121.8626088, 37.6296877], [-121.8626372, 37.6296909], [-121.8626616, 37.629707], [-121.8626535, 37.6297456], [-121.8626352, 37.6297682], [-121.862621, 37.6297762], [-121.8626007, 37.6297843]]]}, "properties": {"course_id": "callippe_preserve_pleasanton", "course_name": "Callippe Preserve Golf Course", "hole_number": 8, "feature_type": "tee_box", "name": "hole_8_tee_box_2", "feature-color": "#8b7355", "is_approximate": true, "source": "osm", "@id": "140d68ef-5555-43fc-9924-ccb9d83dd2af", "osm_id": 692037181}}, {"type": "Feature", "bbox": [-121.8625559, 37.629575, -121.8623974, 37.6296812], "geometry": {"type": "Polygon", "coordinates": [[[-121.8625112, 37.6296635], [-121.8624746, 37.6296812], [-121.8624279, 37.6296796], [-121.8624075, 37.6296651], [-121.8623974, 37.6296426], [-121.8624075, 37.629612], [-121.8624543, 37.6295846], [-121.8625051, 37.629575], [-121.8625417, 37.6295862], [-121.8625559, 37.6296249], [-121.8625458, 37.6296506], [-121.8625112, 37.6296635]]]}, "properties": {"course_id": "callippe_preserve_pleasanton", "course_name": "Callippe Preserve Golf Course", "hole_number": 8, "feature_type": "tee_box", "name": "hole_8_tee_box_3", "feature-color": "#8b7355", "is_approximate": true, "source": "osm", "@id": "5e3335a8-4d9c-4788-87d7-f62350842b2f", "osm_id": 692037182}}, {"type": "Feature", "bbox": [-121.8624177, 37.6294768, -121.8623201, 37.6295701], "geometry": {"type": "Polygon", "coordinates": [[[-121.8623933, 37.6295621], [-121.8623669, 37.6295701], [-121.8623466, 37.6295589], [-121.8623262, 37.6295379], [-121.8623201, 37.629509], [-121.8623364, 37.629488], [-121.8623669, 37.6294768], [-121.8624014, 37.6294848], [-121.8624157, 37.6295041], [-121.8624177, 37.6295347], [-121.8624177, 37.6295524], [-121.8623933, 37.6295621]]]}, "properties": {"course_id": "callippe_preserve_pleasanton", "course_name": "Callippe Preserve Golf Course", "hole_number": 8, "feature_type": "tee_box", "name": "hole_8_tee_box_4", "feature-color": "#8b7355", "is_approximate": true, "source": "osm", "@id": "2f14d466-1249-4092-83a0-ff435a19f6a2", "osm_id": 692037183}}, {"type": "Feature", "bbox": [-121.8634327, 37.6292495, -121.8632556, 37.6294796], "geometry": {"type": "Polygon", "coordinates": [[[-121.8633995, 37.6294786], [-121.8633786, 37.6294796], [-121.8633493, 37.6294672], [-121.863339, 37.6294313], [-121.8633275, 37.6294148], [-121.8632982, 37.6294007], [-121.8632558, 37.6293786], [-121.8632557, 37.62936], [-121.863263, 37.6293372], [-121.8632627, 37.629314], [-121.8632556, 37.6292892], [-121.8632707, 37.6292658], [-121.8633084, 37.6292495], [-121.8633313, 37.6292504], [-121.8633504, 37.6292699], [-121.8633528, 37.6292841], [-121.8633316, 37.6293067], [-121.8633225, 37.629329], [-121.8633285, 37.6293411], [-121.8633454, 37.6293433], [-121.8633647, 37.6293357], [-121.8633862, 37.6293323], [-121.8633955, 37.6293351], [-121.8634041, 37.6293434], [-121.8634172, 37.6293607], [-121.8634172, 37.6293747], [-121.8633976, 37.6293833], [-121.8633945, 37.6293961], [-121.8634159, 37.6294297], [-121.8634327, 37.6294543], [-121.8634283, 37.6294661], [-121.8633995, 37.6294786]]]}, "properties": {"course_id": "callippe_preserve_pleasanton", "course_name": "Callippe Preserve Golf Course", "hole_number": 7, "feature_type": "bunker", "name": "hole_7_bunker", "feature-color": "#d4b483", "is_approximate": true, "source": "osm", "@id": "c71b95c9-d97e-4629-8822-871b55643ff8", "osm_id": 692037184}}, {"type": "Feature", "bbox": [-121.8643473, 37.6295667, -121.8642093, 37.6297363], "geometry": {"type": "Polygon", "coordinates": [[[-121.8643279, 37.6297307], [-121.8643013, 37.6297363], [-121.8642659, 37.6297293], [-121.8642482, 37.6297111], [-121.8642182, 37.6296662], [-121.8642093, 37.6296312], [-121.8642146, 37.6296046], [-121.8642217, 37.6295779], [-121.8642465, 37.6295681], [-121.8642765, 37.6295667], [-121.8643013, 37.6295863], [-121.8643119, 37.6296158], [-121.8643226, 37.6296508], [-121.8643385, 37.6296844], [-121.8643473, 37.6297139], [-121.8643279, 37.6297307]]]}, "properties": {"course_id": "callippe_preserve_pleasanton", "course_name": "Callippe Preserve Golf Course", "hole_number": 2, "feature_type": "tee_box", "name": "hole_2_tee_box", "feature-color": "#8b7355", "is_approximate": true, "source": "osm", "@id": "a1f78187-f612-4506-97a3-47d60411173f", "osm_id": 692037185}}, {"type": "Feature", "bbox": [-121.8642429, 37.6293831, -121.8641297, 37.6295345], "geometry": {"type": "Polygon", "coordinates": [[[-121.8642288, 37.6295233], [-121.8641951, 37.6295345], [-121.8641739, 37.6295289], [-121.8641562, 37.6295107], [-121.8641385, 37.6294742], [-121.8641297, 37.629435], [-121.8641297, 37.6293999], [-121.8641491, 37.6293859], [-121.8641686, 37.6293831], [-121.8641987, 37.6293915], [-121.8642235, 37.6294196], [-121.8642429, 37.6294546], [-121.8642429, 37.6294896], [-121.8642288, 37.6295233]]]}, "properties": {"course_id": "callippe_preserve_pleasanton", "course_name": "Callippe Preserve Golf Course", "hole_number": 2, "feature_type": "tee_box", "name": "hole_2_tee_box_2", "feature-color": "#8b7355", "is_approximate": true, "source": "osm", "@id": "9ff14f90-211c-4f2f-988a-93818c97f725", "osm_id": 692037186}}, {"type": "Feature", "bbox": [-121.8639651, 37.6292247, -121.8638465, 37.6293271], "geometry": {"type": "Polygon", "coordinates": [[[-121.8639527, 37.6293116], [-121.8639244, 37.6293271], [-121.8638908, 37.6293186], [-121.8638642, 37.6293046], [-121.8638465, 37.6292752], [-121.8638483, 37.6292486], [-121.8638695, 37.6292332], [-121.8638979, 37.6292247], [-121.8639209, 37.6292332], [-121.8639474, 37.6292514], [-121.8639633, 37.6292724], [-121.8639651, 37.629299], [-121.8639527, 37.6293116]]]}, "properties": {"course_id": "callippe_preserve_pleasanton", "course_name": "Callippe Preserve Golf Course", "hole_number": 2, "feature_type": "tee_box", "name": "hole_2_tee_box_3", "feature-color": "#8b7355", "is_approximate": true, "source": "osm", "@id": "abcd1739-e0c5-43f6-a2af-8e18a337f499", "osm_id": 692037187}}, {"type": "Feature", "bbox": [-121.8643133, 37.6298783, -121.8642089, 37.6299904], "geometry": {"type": "Polygon", "coordinates": [[[-121.8643062, 37.6299708], [-121.8642796, 37.6299876], [-121.8642513, 37.6299904], [-121.8642266, 37.6299778], [-121.8642124, 37.6299582], [-121.8642089, 37.629933], [-121.8642124, 37.6299035], [-121.8642283, 37.6298839], [-121.8642673, 37.6298783], [-121.8642973, 37.6298881], [-121.8643097, 37.6299133], [-121.8643133, 37.6299414], [-121.8643062, 37.6299708]]]}, "properties": {"course_id": "callippe_preserve_pleasanton", "course_name": "Callippe Preserve Golf Course", "hole_number": 2, "feature_type": "tee_box", "name": "hole_2_tee_box_4", "feature-color": "#8b7355", "is_approximate": true, "source": "osm", "@id": "186d6fc6-c8c8-4806-a2b5-0abc4c09807d", "osm_id": 692037188}}, {"type": "Feature", "bbox": [-121.8643207, 37.6303853, -121.8642331, 37.6304528], "geometry": {"type": "Polygon", "coordinates": [[[-121.8642985, 37.6304481], [-121.8642705, 37.6304528], [-121.8642506, 37.6304491], [-121.8642366, 37.6304315], [-121.8642331, 37.6304139], [-121.8642436, 37.6303954], [-121.8642682, 37.6303853], [-121.8642892, 37.6303853], [-121.8643102, 37.6303927], [-121.8643207, 37.6304158], [-121.8643207, 37.6304343], [-121.8642985, 37.6304481]]]}, "properties": {"course_id": "callippe_preserve_pleasanton", "course_name": "Callippe Preserve Golf Course", "hole_number": 2, "feature_type": "tee_box", "name": "hole_2_tee_box_5", "feature-color": "#8b7355", "is_approximate": true, "source": "osm", "@id": "f79a6538-8231-40bb-98ed-f91f7776d004", "osm_id": 692037189}}, {"type": "Feature", "bbox": [-121.8637918, 37.6301841, -121.8637171, 37.6302433], "geometry": {"type": "Polygon", "coordinates": [[[-121.8637708, 37.6302377], [-121.8637474, 37.6302433], [-121.8637264, 37.6302396], [-121.8637171, 37.6302248], [-121.8637171, 37.6302044], [-121.8637288, 37.6301896], [-121.8637579, 37.6301841], [-121.8637801, 37.6301906], [-121.8637918, 37.6302091], [-121.8637848, 37.6302257], [-121.8637708, 37.6302377]]]}, "properties": {"course_id": "callippe_preserve_pleasanton", "course_name": "Callippe Preserve Golf Course", "hole_number": 7, "feature_type": "tee_box", "name": "hole_7_tee_box_5", "feature-color": "#8b7355", "is_approximate": true, "source": "osm", "@id": "d596130b-7420-49ca-ad2d-97d0cd223c1b", "osm_id": 692049443}}, {"type": "Feature", "bbox": [-121.863053, 37.6287465, -121.8621498, 37.629211], "geometry": {"type": "Polygon", "coordinates": [[[-121.8621498, 37.6288569], [-121.8621934, 37.6288415], [-121.8622269, 37.6288139], [-121.8622269, 37.6287746], [-121.8621988, 37.6287465], [-121.8622775, 37.6287537], [-121.8623664, 37.6287765], [-121.8624301, 37.6288101], [-121.8625009, 37.6288382], [-121.8625575, 37.6288578], [-121.8625964, 37.6288886], [-121.862646, 37.6289026], [-121.8627168, 37.6289335], [-121.8628052, 37.6289643], [-121.8629291, 37.6290035], [-121.8630141, 37.6290456], [-121.863053, 37.6290848], [-121.8630353, 37.6291129], [-121.8629716, 37.6291325], [-121.8628654, 37.6291605], [-121.8627663, 37.6291801], [-121.8626495, 37.6292054], [-121.8625929, 37.629211], [-121.8625256, 37.6292026], [-121.8624903, 37.6291885], [-121.862423, 37.6291549], [-121.8623628, 37.6291185], [-121.8623345, 37.629096], [-121.8623239, 37.6290148], [-121.862331, 37.6289587], [-121.8622991, 37.6289054], [-121.8622602, 37.6288802], [-121.8621965, 37.628869], [-121.8621498, 37.6288569]]]}, "properties": {"course_id": "callippe_preserve_pleasanton", "course_name": "Callippe Preserve Golf Course", "hole_number": 7, "feature_type": "fairway", "name": "hole_7_fairway_2", "feature-color": "#4a7c3f", "is_approximate": true, "source": "osm", "@id": "3163e3e9-ec55-4bc8-84f5-54b191f893d7", "osm_id": 692049444}}, {"type": "Feature", "bbox": [-121.864161, 37.6275638, -121.8617353, 37.6290089], "geometry": {"type": "Polygon", "coordinates": [[[-121.8640483, 37.6290089], [-121.8639911, 37.6289467], [-121.8638811, 37.628902], [-121.8637738, 37.6288638], [-121.8635968, 37.6288171], [-121.8634975, 37.6287916], [-121.8633634, 37.6287703], [-121.8632964, 37.6287512], [-121.8631998, 37.6287172], [-121.863055, 37.6286259], [-121.862945, 37.628594], [-121.8628216, 37.6285685], [-121.8627143, 37.6285515], [-121.8624193, 37.6284368], [-121.8622852, 37.6283816], [-121.8621591, 37.6282775], [-121.8620518, 37.6281777], [-121.8619311, 37.6280481], [-121.861899, 37.6279398], [-121.8618534, 37.6278527], [-121.8618024, 37.627808], [-121.8617353, 37.6277337], [-121.8617407, 37.6276508], [-121.861789, 37.6275935], [-121.8618668, 37.6275638], [-121.8619875, 37.6275935], [-121.8621859, 37.6277422], [-121.8623066, 37.627842], [-121.862422, 37.6278973], [-121.8624542, 37.6279631], [-121.8625078, 37.6280693], [-121.8625641, 37.6281479], [-121.862658, 37.6282287], [-121.8627841, 37.6282966], [-121.8629128, 37.6283519], [-121.8629906, 37.6283561], [-121.8631623, 37.6284156], [-121.8632669, 37.6284899], [-121.8633554, 37.6285346], [-121.8634788, 37.6285558], [-121.863578, 37.6285537], [-121.8638033, 37.6286323], [-121.8639106, 37.6286726], [-121.8639911, 37.6287364], [-121.8640447, 37.6287916], [-121.8640947, 37.6288343], [-121.864161, 37.6288599], [-121.8641186, 37.6288638], [-121.8640622, 37.6288989], [-121.8640354, 37.6289584], [-121.8640483, 37.6290089]]]}, "properties": {"course_id": "callippe_preserve_pleasanton", "course_name": "Callippe Preserve Golf Course", "hole_number": 1, "feature_type": "fairway", "name": "hole_1_fairway", "feature-color": "#4a7c3f", "is_approximate": true, "source": "osm", "@id": "38fbcb44-cc5b-4253-8ebe-28e0e30dfb31", "osm_id": 692049445}}, {"type": "Feature", "bbox": [-121.8647674, 37.6282329, -121.8643344, 37.628503], "geometry": {"type": "Polygon", "coordinates": [[[-121.8646252, 37.628503], [-121.8645838, 37.6284729], [-121.8645248, 37.6284517], [-121.8644578, 37.6284347], [-121.8643988, 37.6283859], [-121.8643451, 37.6283582], [-121.8643344, 37.6283157], [-121.8643478, 37.6282775], [-121.8643827, 37.6282563], [-121.8644417, 37.6282393], [-121.8644926, 37.6282329], [-121.8645382, 37.6282478], [-121.8645704, 37.6282754], [-121.8646026, 37.6283073], [-121.8646294, 37.6283306], [-121.8646777, 37.6283391], [-121.8647126, 37.6283497], [-121.8647674, 37.6283661], [-121.8647244, 37.628366], [-121.8646781, 37.6283792], [-121.8646352, 37.6284212], [-121.8646151, 37.6284637], [-121.8646252, 37.628503]]]}, "properties": {"course_id": "callippe_preserve_pleasanton", "course_name": "Callippe Preserve Golf Course", "hole_number": 10, "feature_type": "fairway", "name": "hole_10_fairway", "feature-color": "#4a7c3f", "is_approximate": true, "source": "osm", "@id": "cfec262d-cfa2-4777-9760-253e9544ab34", "osm_id": 692049446}}, {"type": "Feature", "bbox": [-121.8650428, 37.6283958, -121.8649323, 37.6284768], "geometry": {"type": "Polygon", "coordinates": [[[-121.8650323, 37.6284645], [-121.8650074, 37.6284746], [-121.8649868, 37.6284768], [-121.8649627, 37.6284725], [-121.8649393, 37.6284503], [-121.8649323, 37.6284337], [-121.8649323, 37.6284152], [-121.8649522, 37.6284022], [-121.8649767, 37.6283958], [-121.8650071, 37.6284004], [-121.8650199, 37.6284063], [-121.865025, 37.6284186], [-121.8650293, 37.6284285], [-121.8650367, 37.6284361], [-121.8650416, 37.6284447], [-121.8650428, 37.6284541], [-121.8650323, 37.6284645]]]}, "properties": {"course_id": "callippe_preserve_pleasanton", "course_name": "Callippe Preserve Golf Course", "hole_number": 10, "feature_type": "bunker", "name": "hole_10_bunker", "feature-color": "#d4b483", "is_approximate": true, "source": "osm", "@id": "1ab18a87-be6d-4495-ba10-4423004ab4dc", "osm_id": 692049447}}, {"type": "Feature", "bbox": [-121.8649417, 37.6282807, -121.8648105, 37.6283578], "geometry": {"type": "Polygon", "coordinates": [[[-121.8649199, 37.6283464], [-121.8648868, 37.6283578], [-121.8648617, 37.6283526], [-121.8648451, 37.6283456], [-121.8648252, 37.6283333], [-121.8648156, 37.6283247], [-121.8648105, 37.6283143], [-121.8648126, 37.6283037], [-121.8648173, 37.6282946], [-121.8648262, 37.628288], [-121.8648384, 37.6282814], [-121.8648503, 37.6282807], [-121.8648623, 37.6282857], [-121.8648724, 37.6282888], [-121.8648868, 37.6282939], [-121.864908, 37.628298], [-121.8649218, 37.6282996], [-121.8649337, 37.6283028], [-121.8649417, 37.6283138], [-121.8649412, 37.6283256], [-121.8649312, 37.6283375], [-121.8649199, 37.6283464]]]}, "properties": {"course_id": "callippe_preserve_pleasanton", "course_name": "Callippe Preserve Golf Course", "hole_number": 10, "feature_type": "bunker", "name": "hole_10_bunker_2", "feature-color": "#d4b483", "is_approximate": true, "source": "osm", "@id": "e3f10047-45fd-4343-b849-e1f380347ca2", "osm_id": 692049448}}, {"type": "Feature", "bbox": [-121.8623063, 37.6288914, -121.8620502, 37.6289838], "geometry": {"type": "Polygon", "coordinates": [[[-121.8622969, 37.6289686], [-121.862277, 37.6289712], [-121.8622545, 37.6289662], [-121.8622217, 37.6289642], [-121.8621985, 37.6289634], [-121.8621764, 37.628974], [-121.8621493, 37.6289825], [-121.8621114, 37.6289838], [-121.8620676, 37.6289838], [-121.8620553, 37.6289716], [-121.8620502, 37.6289524], [-121.8620677, 37.6289345], [-121.8620908, 37.6289296], [-121.8621081, 37.6289382], [-121.8621176, 37.6289392], [-121.8621216, 37.6289337], [-121.8621226, 37.6289131], [-121.8621517, 37.6288993], [-121.8621693, 37.6289001], [-121.8621816, 37.6289167], [-121.8621981, 37.6289264], [-121.8622123, 37.6289275], [-121.862219, 37.6289139], [-121.8622149, 37.628904], [-121.8622355, 37.6288914], [-121.8622555, 37.6288933], [-121.8622694, 37.6289057], [-121.862291, 37.6289289], [-121.8623063, 37.6289462], [-121.8622969, 37.6289686]]]}, "properties": {"course_id": "callippe_preserve_pleasanton", "course_name": "Callippe Preserve Golf Course", "hole_number": 7, "feature_type": "bunker", "name": "hole_7_bunker_2", "feature-color": "#d4b483", "is_approximate": true, "source": "osm", "@id": "2e085bb6-f5d9-4277-a0b2-d1ab05ddfe33", "osm_id": 692049449}}, {"type": "Feature", "bbox": [-121.862215, 37.6285842, -121.8619864, 37.6287056], "geometry": {"type": "Polygon", "coordinates": [[[-121.8621996, 37.6287056], [-121.862157, 37.6287031], [-121.8621235, 37.6286938], [-121.8620723, 37.6286885], [-121.8620533, 37.628684], [-121.8620407, 37.6286728], [-121.862023, 37.6286641], [-121.8620055, 37.6286487], [-121.861989, 37.6286319], [-121.8619864, 37.6286132], [-121.8619921, 37.6286021], [-121.8620029, 37.6285909], [-121.8620245, 37.628586], [-121.8620427, 37.6285842], [-121.8620568, 37.6285897], [-121.8620681, 37.628604], [-121.8620834, 37.6286227], [-121.8620922, 37.6286434], [-121.8621061, 37.6286552], [-121.8621185, 37.6286583], [-121.862132, 37.6286528], [-121.8621333, 37.6286365], [-121.8621287, 37.628619], [-121.8621508, 37.6286141], [-121.8621759, 37.6286194], [-121.8621872, 37.6286293], [-121.8621862, 37.6286414], [-121.8621801, 37.6286519], [-121.8622016, 37.6286629], [-121.862213, 37.6286772], [-121.862215, 37.6286955], [-121.8621996, 37.6287056]]]}, "properties": {"course_id": "callippe_preserve_pleasanton", "course_name": "Callippe Preserve Golf Course", "hole_number": 7, "feature_type": "bunker", "name": "hole_7_bunker_3", "feature-color": "#d4b483", "is_approximate": true, "source": "osm", "@id": "b32c654c-d1bf-401f-a568-5236bd626bbf", "osm_id": 692049451}}, {"type": "Feature", "bbox": [-121.8611647, 37.6283748, -121.8610586, 37.6285371], "geometry": {"type": "Polygon", "coordinates": [[[-121.8611318, 37.6285334], [-121.8611026, 37.6285371], [-121.8610794, 37.6285285], [-121.8610594, 37.628509], [-121.8610594, 37.6284907], [-121.8610814, 37.6284761], [-121.8611006, 37.6284711], [-121.8611015, 37.6284629], [-121.8610893, 37.6284531], [-121.8610753, 37.6284559], [-121.8610648, 37.6284502], [-121.8610586, 37.6284357], [-121.8610647, 37.6284025], [-121.8610702, 37.6283882], [-121.8610841, 37.6283772], [-121.8611087, 37.6283748], [-121.8611303, 37.6283846], [-121.8611426, 37.6284029], [-121.861158, 37.6284248], [-121.8611598, 37.6284492], [-121.8611613, 37.6284724], [-121.8611647, 37.6285003], [-121.86116, 37.6285181], [-121.8611434, 37.6285281], [-121.8611318, 37.6285334]]]}, "properties": {"course_id": "callippe_preserve_pleasanton", "course_name": "Callippe Preserve Golf Course", "hole_number": 9, "feature_type": "bunker", "name": "hole_9_bunker_2", "feature-color": "#d4b483", "is_approximate": true, "source": "osm", "@id": "ca223701-8538-40ed-9b6f-4ccbf5553953", "osm_id": 692049453}}, {"type": "Feature", "bbox": [-121.8607454, 37.6281042, -121.8606099, 37.6282564], "geometry": {"type": "Polygon", "coordinates": [[[-121.8607036, 37.6281954], [-121.8606882, 37.628215], [-121.8606861, 37.6282319], [-121.8606727, 37.628243], [-121.8606496, 37.6282564], [-121.860625, 37.6282503], [-121.8606162, 37.6282336], [-121.8606099, 37.6282095], [-121.8606101, 37.628194], [-121.8606176, 37.6281727], [-121.8606307, 37.6281763], [-121.8606487, 37.628177], [-121.8606559, 37.6281702], [-121.860647, 37.6281611], [-121.8606219, 37.6281552], [-121.8606127, 37.6281479], [-121.8606157, 37.6281357], [-121.8606204, 37.6281247], [-121.8606261, 37.6281144], [-121.8606403, 37.6281042], [-121.8606598, 37.6281089], [-121.8606762, 37.6281136], [-121.860682, 37.6281238], [-121.8606919, 37.6281299], [-121.8607047, 37.6281331], [-121.8607118, 37.6281191], [-121.8607259, 37.6281198], [-121.8607439, 37.6281299], [-121.8607454, 37.6281522], [-121.8607359, 37.628171], [-121.8607205, 37.6281796], [-121.8607036, 37.6281954]]]}, "properties": {"course_id": "callippe_preserve_pleasanton", "course_name": "Callippe Preserve Golf Course", "hole_number": 9, "feature_type": "bunker", "name": "hole_9_bunker_3", "feature-color": "#d4b483", "is_approximate": true, "source": "osm", "@id": "764112f4-a694-4ac1-b59b-a03012702e2d", "osm_id": 692049454}}, {"type": "Feature", "bbox": [-121.8610726, 37.6275202, -121.8608461, 37.6277068], "geometry": {"type": "Polygon", "coordinates": [[[-121.8610375, 37.6276119], [-121.8610152, 37.6276231], [-121.8609845, 37.6276349], [-121.8609659, 37.627651], [-121.8609525, 37.6276785], [-121.8609414, 37.6276953], [-121.8609254, 37.6277046], [-121.8608974, 37.6277068], [-121.8608716, 37.6277031], [-121.8608549, 37.6276872], [-121.8608461, 37.6276592], [-121.860855, 37.6276355], [-121.8608643, 37.6276181], [-121.8608727, 37.627606], [-121.8608903, 37.6275948], [-121.8609039, 37.6275949], [-121.8609139, 37.6276064], [-121.8609309, 37.6276034], [-121.860935, 37.627593], [-121.8609337, 37.6275828], [-121.8609186, 37.6275771], [-121.8609058, 37.6275723], [-121.8609007, 37.6275668], [-121.8609016, 37.6275563], [-121.8609125, 37.6275467], [-121.8609294, 37.6275354], [-121.8609464, 37.6275317], [-121.8609604, 37.627534], [-121.8609629, 37.627538], [-121.8609629, 37.6275499], [-121.8609724, 37.6275612], [-121.8609818, 37.6275649], [-121.8609896, 37.6275651], [-121.860996, 37.6275598], [-121.8609967, 37.6275528], [-121.8609905, 37.6275433], [-121.8609953, 37.6275276], [-121.86102, 37.6275202], [-121.8610478, 37.6275232], [-121.8610676, 37.6275343], [-121.8610726, 37.6275523], [-121.8610685, 37.6275716], [-121.8610605, 37.6275868], [-121.8610498, 37.6276003], [-121.8610375, 37.6276119]]]}, "properties": {"course_id": "callippe_preserve_pleasanton", "course_name": "Callippe Preserve Golf Course", "hole_number": 9, "feature_type": "bunker", "name": "hole_9_bunker_4", "feature-color": "#d4b483", "is_approximate": true, "source": "osm", "@id": "83f5ae5a-9b00-4c27-9559-ceebebe88a7f", "osm_id": 692049455}}, {"type": "Feature", "bbox": [-121.8607012, 37.6273713, -121.8605556, 37.6274902], "geometry": {"type": "Polygon", "coordinates": [[[-121.8606639, 37.627456], [-121.8606471, 37.6274717], [-121.8606342, 37.6274841], [-121.8606225, 37.6274891], [-121.8606039, 37.6274902], [-121.860587, 37.6274886], [-121.8605651, 37.6274793], [-121.8605562, 37.6274655], [-121.8605574, 37.6274524], [-121.8605556, 37.6274401], [-121.8605618, 37.627431], [-121.8605753, 37.6274242], [-121.8605882, 37.6274244], [-121.8606094, 37.6274343], [-121.8606217, 37.627436], [-121.8606283, 37.6274317], [-121.8606339, 37.6274262], [-121.8606267, 37.6274164], [-121.8606167, 37.6274106], [-121.8606098, 37.6273951], [-121.8606192, 37.6273826], [-121.8606328, 37.6273755], [-121.860651, 37.6273713], [-121.8606664, 37.6273723], [-121.8606795, 37.6273755], [-121.8606892, 37.6273826], [-121.8606984, 37.6273943], [-121.8607012, 37.6274056], [-121.8606968, 37.6274231], [-121.8606834, 37.6274437], [-121.8606639, 37.627456]]]}, "properties": {"course_id": "callippe_preserve_pleasanton", "course_name": "Callippe Preserve Golf Course", "hole_number": 9, "feature_type": "bunker", "name": "hole_9_bunker_5", "feature-color": "#d4b483", "is_approximate": true, "source": "osm", "@id": "35e12e19-de30-418c-be4b-4807a7f19827", "osm_id": 692049456}}, {"type": "Feature", "bbox": [-121.860314, 37.6271767, -121.859955, 37.6273231], "geometry": {"type": "Polygon", "coordinates": [[[-121.8602955, 37.6272743], [-121.8602647, 37.6273012], [-121.8602108, 37.6273012], [-121.8601569, 37.6272999], [-121.8601091, 37.6273231], [-121.8600398, 37.6273182], [-121.8599874, 37.6273073], [-121.859955, 37.627278], [-121.8599581, 37.6272475], [-121.8599751, 37.6272109], [-121.860012, 37.627195], [-121.8600737, 37.6271852], [-121.8601014, 37.6271889], [-121.86018, 37.6271767], [-121.8602385, 37.6271828], [-121.8602955, 37.627195], [-121.860314, 37.6272267], [-121.860314, 37.6272584], [-121.8602955, 37.6272743]]]}, "properties": {"course_id": "callippe_preserve_pleasanton", "course_name": "Callippe Preserve Golf Course", "hole_number": null, "feature_type": "green", "name": "unassigned_green", "feature-color": "#2d6e2d", "is_approximate": true, "source": "osm", "@id": "8d5b7291-92ad-48bd-991c-67bb4e94dd4a", "osm_id": 692049457, "needs_hole_assignment": true}}, {"type": "Feature", "bbox": [-121.8609228, 37.626725, -121.8608473, 37.6267945], "geometry": {"type": "Polygon", "coordinates": [[[-121.8609027, 37.6267872], [-121.8608812, 37.6267945], [-121.8608596, 37.626786], [-121.8608473, 37.6267591], [-121.8608565, 37.626742], [-121.8608719, 37.6267274], [-121.8608873, 37.626725], [-121.8609104, 37.6267335], [-121.8609228, 37.6267506], [-121.8609197, 37.6267738], [-121.8609027, 37.6267872]]]}, "properties": {"course_id": "callippe_preserve_pleasanton", "course_name": "Callippe Preserve Golf Course", "hole_number": 1, "feature_type": "tee_box", "name": "hole_1_tee_box", "feature-color": "#8b7355", "is_approximate": true, "source": "osm", "@id": "7fa2086e-91ba-4f6d-a522-c01dbe5affc3", "osm_id": 692049459}}, {"type": "Feature", "bbox": [-121.8610953, 37.6268226, -121.860932, 37.6269495], "geometry": {"type": "Polygon", "coordinates": [[[-121.8610691, 37.6269446], [-121.8610429, 37.6269482], [-121.8610214, 37.6269495], [-121.8609967, 37.6269409], [-121.8609798, 37.6269275], [-121.8609567, 37.6269116], [-121.860932, 37.6268909], [-121.860932, 37.6268726], [-121.8609336, 37.6268531], [-121.8609536, 37.6268384], [-121.8609659, 37.6268262], [-121.8609936, 37.6268226], [-121.8610214, 37.6268299], [-121.8610476, 37.6268433], [-121.8610753, 37.6268665], [-121.8610953, 37.6268885], [-121.8610938, 37.6269226], [-121.8610891, 37.626936], [-121.8610691, 37.6269446]]]}, "properties": {"course_id": "callippe_preserve_pleasanton", "course_name": "Callippe Preserve Golf Course", "hole_number": 1, "feature_type": "tee_box", "name": "hole_1_tee_box_2", "feature-color": "#8b7355", "is_approximate": true, "source": "osm", "@id": "88348c37-d7ed-4be1-aec6-d39a6855d2b8", "osm_id": 692049460}}, {"type": "Feature", "bbox": [-121.8612678, 37.6269775, -121.8611307, 37.6270983], "geometry": {"type": "Polygon", "coordinates": [[[-121.8612494, 37.6270873], [-121.8612155, 37.6270983], [-121.8611816, 37.6270873], [-121.8611585, 37.6270751], [-121.8611446, 37.6270568], [-121.8611338, 37.627041], [-121.8611307, 37.6270288], [-121.8611354, 37.6270056], [-121.8611431, 37.6269909], [-121.8611739, 37.6269775], [-121.8612201, 37.6269873], [-121.8612432, 37.6270007], [-121.8612663, 37.6270288], [-121.8612678, 37.6270568], [-121.8612601, 37.62708], [-121.8612494, 37.6270873]]]}, "properties": {"course_id": "callippe_preserve_pleasanton", "course_name": "Callippe Preserve Golf Course", "hole_number": 1, "feature_type": "tee_box", "name": "hole_1_tee_box_3", "feature-color": "#8b7355", "is_approximate": true, "source": "osm", "@id": "6c08cde3-dd89-4f9c-8169-339ce1e9137b", "osm_id": 692049461}}, {"type": "Feature", "bbox": [-121.8611492, 37.6263418, -121.8610568, 37.6264224], "geometry": {"type": "Polygon", "coordinates": [[[-121.8611261, 37.6264126], [-121.8611045, 37.6264224], [-121.8610768, 37.626415], [-121.861063, 37.6264065], [-121.8610568, 37.6263833], [-121.8610722, 37.6263528], [-121.8610938, 37.6263418], [-121.861123, 37.6263479], [-121.8611461, 37.6263687], [-121.8611492, 37.6263906], [-121.8611261, 37.6264126]]]}, "properties": {"course_id": "callippe_preserve_pleasanton", "course_name": "Callippe Preserve Golf Course", "hole_number": 10, "feature_type": "tee_box", "name": "hole_10_tee_box", "feature-color": "#8b7355", "is_approximate": true, "source": "osm", "@id": "55f0d11b-77e4-4c9b-b205-a16590088f82", "osm_id": 692049462}}, {"type": "Feature", "bbox": [-121.8612833, 37.6264407, -121.8611554, 37.6265346], "geometry": {"type": "Polygon", "coordinates": [[[-121.8612586, 37.6265346], [-121.8612201, 37.6265346], [-121.8611924, 37.6265285], [-121.8611739, 37.6265066], [-121.8611554, 37.6264822], [-121.8611569, 37.6264578], [-121.8611693, 37.6264407], [-121.8611924, 37.6264407], [-121.8612293, 37.6264456], [-121.8612494, 37.626459], [-121.8612632, 37.6264773], [-121.8612833, 37.6265114], [-121.8612709, 37.626531], [-121.8612586, 37.6265346]]]}, "properties": {"course_id": "callippe_preserve_pleasanton", "course_name": "Callippe Preserve Golf Course", "hole_number": 10, "feature_type": "tee_box", "name": "hole_10_tee_box_2", "feature-color": "#8b7355", "is_approximate": true, "source": "osm", "@id": "972f9529-8cd9-43fd-92fb-ea4685a549e0", "osm_id": 692049463}}, {"type": "Feature", "bbox": [-121.8614989, 37.6265822, -121.8613356, 37.6266884], "geometry": {"type": "Polygon", "coordinates": [[[-121.8614727, 37.6266823], [-121.8614311, 37.6266884], [-121.8613942, 37.6266786], [-121.8613664, 37.6266652], [-121.861348, 37.6266395], [-121.8613356, 37.6266054], [-121.8613433, 37.6265895], [-121.8613649, 37.6265834], [-121.8614065, 37.6265822], [-121.8614281, 37.6265968], [-121.861465, 37.6266212], [-121.8614989, 37.6266469], [-121.8614835, 37.6266713], [-121.8614727, 37.6266823]]]}, "properties": {"course_id": "callippe_preserve_pleasanton", "course_name": "Callippe Preserve Golf Course", "hole_number": 10, "feature_type": "tee_box", "name": "hole_10_tee_box_3", "feature-color": "#8b7355", "is_approximate": true, "source": "osm", "@id": "f9cd3ba0-a385-46c7-bb4a-b8faa6ed0c8f", "osm_id": 692049464}}, {"type": "Feature", "bbox": [-121.8614111, 37.6271813, -121.8612694, 37.6272947], "geometry": {"type": "Polygon", "coordinates": [[[-121.8613664, 37.6272947], [-121.8613264, 37.6272813], [-121.8612925, 37.627252], [-121.8612694, 37.6272154], [-121.8612863, 37.6271935], [-121.8613187, 37.6271813], [-121.8613603, 37.627191], [-121.8613803, 37.6272167], [-121.8614111, 37.6272618], [-121.8613865, 37.6272899], [-121.8613664, 37.6272947]]]}, "properties": {"course_id": "callippe_preserve_pleasanton", "course_name": "Callippe Preserve Golf Course", "hole_number": 1, "feature_type": "tee_box", "name": "hole_1_tee_box_4", "feature-color": "#8b7355", "is_approximate": true, "source": "osm", "@id": "b0a75c1f-420a-4afa-b13e-080c58e8f688", "osm_id": 692049465}}, {"type": "Feature", "bbox": [-121.8617577, 37.6268018, -121.8616638, 37.6268823], "geometry": {"type": "Polygon", "coordinates": [[[-121.8617485, 37.6268762], [-121.8617177, 37.6268823], [-121.8616869, 37.6268726], [-121.8616638, 37.6268567], [-121.8616638, 37.6268262], [-121.8616776, 37.626814], [-121.8617084, 37.6268018], [-121.8617439, 37.6268152], [-121.8617562, 37.6268323], [-121.8617577, 37.6268555], [-121.8617485, 37.6268762]]]}, "properties": {"course_id": "callippe_preserve_pleasanton", "course_name": "Callippe Preserve Golf Course", "hole_number": 10, "feature_type": "tee_box", "name": "hole_10_tee_box_4", "feature-color": "#8b7355", "is_approximate": true, "source": "osm", "@id": "fc9545b0-ca7b-4219-8058-394d306f463b", "osm_id": 692049466}}, {"type": "Feature", "bbox": [-121.8620073, 37.6268823, -121.8619072, 37.6269592], "geometry": {"type": "Polygon", "coordinates": [[[-121.8619734, 37.6269592], [-121.8619503, 37.6269568], [-121.8619195, 37.626947], [-121.8619087, 37.6269238], [-121.8619072, 37.6268946], [-121.8619349, 37.6268872], [-121.8619595, 37.6268823], [-121.8619826, 37.6268946], [-121.8620073, 37.6269153], [-121.8619996, 37.6269446], [-121.8619904, 37.626958], [-121.8619734, 37.6269592]]]}, "properties": {"course_id": "callippe_preserve_pleasanton", "course_name": "Callippe Preserve Golf Course", "hole_number": 10, "feature_type": "tee_box", "name": "hole_10_tee_box_5", "feature-color": "#8b7355", "is_approximate": true, "source": "osm", "@id": "79abcc03-0bdd-49d6-ac5e-fc2b6ea75400", "osm_id": 692049467}}, {"type": "Feature", "bbox": [-121.8638091, 37.6272667, -121.8622224, 37.6283599], "geometry": {"type": "Polygon", "coordinates": [[[-121.8637845, 37.6283014], [-121.8637506, 37.6283502], [-121.863689, 37.6283599], [-121.8636058, 37.6283282], [-121.8635288, 37.6282696], [-121.8634764, 37.6282086], [-121.8634148, 37.628155], [-121.8633686, 37.6280769], [-121.8633285, 37.6279768], [-121.863273, 37.6279231], [-121.8631806, 37.6278914], [-121.8630728, 37.6278719], [-121.8629156, 37.6278402], [-121.8627246, 37.6278255], [-121.8626414, 37.6278182], [-121.8625336, 37.6277426], [-121.8624319, 37.6276498], [-121.862358, 37.6275791], [-121.8622378, 37.6273717], [-121.8622224, 37.6273058], [-121.8623087, 37.6272667], [-121.8624535, 37.6272716], [-121.8625613, 37.6273107], [-121.8626106, 37.6273497], [-121.8627123, 37.6273717], [-121.862814, 37.6273839], [-121.8629742, 37.62744], [-121.8630697, 37.6275034], [-121.8631436, 37.6275815], [-121.8632361, 37.6276474], [-121.8633901, 37.6277352], [-121.8635288, 37.6277962], [-121.8636335, 37.6278841], [-121.8636428, 37.6279719], [-121.8636674, 37.6280891], [-121.863689, 37.6281501], [-121.8637506, 37.6281989], [-121.8638091, 37.6282818], [-121.8637845, 37.6283014]]]}, "properties": {"course_id": "callippe_preserve_pleasanton", "course_name": "Callippe Preserve Golf Course", "hole_number": 10, "feature_type": "fairway", "name": "hole_10_fairway_2", "feature-color": "#4a7c3f", "is_approximate": true, "source": "osm", "@id": "959b1ac6-461f-4a13-ad12-f4bfebc7d8c4", "osm_id": 692049468}}, {"type": "Feature", "bbox": [-121.8629468, 37.6279974, -121.862547, 37.6282759], "geometry": {"type": "Polygon", "coordinates": [[[-121.8629387, 37.6281904], [-121.8629265, 37.6281989], [-121.8629109, 37.6282], [-121.8628707, 37.6282043], [-121.8628522, 37.628228], [-121.8628674, 37.6282564], [-121.8628499, 37.6282727], [-121.8628235, 37.6282759], [-121.8628072, 37.6282678], [-121.8627828, 37.6282421], [-121.8627462, 37.6282163], [-121.8627367, 37.6281836], [-121.8627166, 37.6281566], [-121.862671, 37.6281551], [-121.8626337, 37.6281393], [-121.8626045, 37.6281249], [-121.862575, 37.6281003], [-121.862547, 37.6280505], [-121.862549, 37.6280247], [-121.8625714, 37.6280119], [-121.862608, 37.6279974], [-121.8626399, 37.6280123], [-121.8626513, 37.6280229], [-121.862669, 37.6280392], [-121.8627076, 37.6280392], [-121.8627342, 37.6280307], [-121.8627469, 37.6280299], [-121.8627674, 37.6280362], [-121.8627911, 37.6280538], [-121.8627888, 37.6280749], [-121.8627766, 37.6280827], [-121.8627622, 37.6280804], [-121.8627483, 37.6280873], [-121.8627511, 37.6281057], [-121.8627629, 37.6281162], [-121.862777, 37.6281225], [-121.862797, 37.628131], [-121.8628194, 37.628131], [-121.8628499, 37.6281294], [-121.8628763, 37.6281363], [-121.8629092, 37.6281407], [-121.8629353, 37.6281471], [-121.8629434, 37.6281591], [-121.8629468, 37.6281738], [-121.8629387, 37.6281904]]]}, "properties": {"course_id": "callippe_preserve_pleasanton", "course_name": "Callippe Preserve Golf Course", "hole_number": 1, "feature_type": "bunker", "name": "hole_1_bunker", "feature-color": "#d4b483", "is_approximate": true, "source": "osm", "@id": "92dfa84f-d9e7-4a1d-9b8b-1dee0f2e01ed", "osm_id": 692049469}}, {"type": "Feature", "bbox": [-121.8632593, 37.6279587, -121.8630572, 37.6281428], "geometry": {"type": "Polygon", "coordinates": [[[-121.8632585, 37.6280746], [-121.8632504, 37.6280954], [-121.86323, 37.6281101], [-121.8632084, 37.6281107], [-121.8631914, 37.6281004], [-121.8631759, 37.6280751], [-121.8631737, 37.6280583], [-121.8631565, 37.6280531], [-121.8631463, 37.6280597], [-121.863144, 37.6280969], [-121.8631245, 37.6281323], [-121.8631062, 37.6281422], [-121.8630849, 37.6281428], [-121.8630679, 37.6281349], [-121.8630613, 37.6281229], [-121.8630572, 37.628094], [-121.8630619, 37.628027], [-121.8630755, 37.6279941], [-121.8630885, 37.6279725], [-121.8631018, 37.6279652], [-121.8631418, 37.6279587], [-121.8631813, 37.6279771], [-121.8632059, 37.6279877], [-121.8632319, 37.6280108], [-121.8632552, 37.6280421], [-121.8632593, 37.6280583], [-121.8632585, 37.6280746]]]}, "properties": {"course_id": "callippe_preserve_pleasanton", "course_name": "Callippe Preserve Golf Course", "hole_number": 10, "feature_type": "bunker", "name": "hole_10_bunker_3", "feature-color": "#d4b483", "is_approximate": true, "source": "osm", "@id": "d8ecc60d-b740-4e4c-bf48-e56e449c20f8", "osm_id": 692049470}}, {"type": "Feature", "bbox": [-121.861524, 37.6252366, -121.8612, 37.6256196], "geometry": {"type": "Polygon", "coordinates": [[[-121.8612, 37.6253188], [-121.8612587, 37.6253407], [-121.8613297, 37.6253439], [-121.8613673, 37.625295], [-121.8613619, 37.6252366], [-121.8614061, 37.6253169], [-121.8614366, 37.6253765], [-121.8614651, 37.6254087], [-121.8614996, 37.6254634], [-121.8615179, 37.6255198], [-121.861524, 37.6255584], [-121.8615078, 37.6255713], [-121.8614813, 37.6256083], [-121.8614488, 37.6256196], [-121.8614102, 37.6256132], [-121.8613736, 37.6255649], [-121.8613472, 37.6255278], [-121.8613207, 37.6254731], [-121.8612923, 37.6254087], [-121.8612618, 37.62537], [-121.8612, 37.6253188]]]}, "properties": {"course_id": "callippe_preserve_pleasanton", "course_name": "Callippe Preserve Golf Course", "hole_number": 18, "feature_type": "fairway", "name": "hole_18_fairway", "feature-color": "#4a7c3f", "is_approximate": true, "source": "osm", "@id": "c829e865-08de-44f1-b567-035fb8d54d49", "osm_id": 692049471}}, {"type": "Feature", "bbox": [-121.8611669, 37.6252666, -121.8609761, 37.6254002], "geometry": {"type": "Polygon", "coordinates": [[[-121.8611549, 37.6253826], [-121.8611517, 37.6253904], [-121.8611535, 37.6253945], [-121.861161, 37.6253969], [-121.8611553, 37.6253994], [-121.8611452, 37.6254002], [-121.8611358, 37.6253976], [-121.8611277, 37.6253915], [-121.861099, 37.6253835], [-121.8610599, 37.6253671], [-121.8610318, 37.6253499], [-121.8609983, 37.6253268], [-121.8609877, 37.6253219], [-121.8609798, 37.6253085], [-121.8609761, 37.6252912], [-121.8609788, 37.6252822], [-121.8609998, 37.625267], [-121.8610185, 37.6252666], [-121.8610371, 37.6252698], [-121.8610537, 37.6252755], [-121.8610653, 37.625284], [-121.8610682, 37.6252946], [-121.861068, 37.6253034], [-121.8610652, 37.6253098], [-121.861068, 37.6253237], [-121.8610765, 37.6253328], [-121.8610894, 37.6253358], [-121.8611036, 37.625334], [-121.8611163, 37.6253319], [-121.8611278, 37.6253315], [-121.8611375, 37.6253349], [-121.8611592, 37.6253505], [-121.8611664, 37.6253576], [-121.8611669, 37.6253664], [-121.8611634, 37.6253731], [-121.8611608, 37.6253785], [-121.8611549, 37.6253826]]]}, "properties": {"course_id": "callippe_preserve_pleasanton", "course_name": "Callippe Preserve Golf Course", "hole_number": 18, "feature_type": "bunker", "name": "hole_18_bunker", "feature-color": "#d4b483", "is_approximate": true, "source": "osm", "@id": "ac291bbc-7634-46ed-a2d7-5907df31d141", "osm_id": 692049472}}, {"type": "Feature", "bbox": [-121.8617642, 37.6255703, -121.8615821, 37.6256882], "geometry": {"type": "Polygon", "coordinates": [[[-121.8617558, 37.6256717], [-121.8617476, 37.6256796], [-121.8617316, 37.6256851], [-121.8617207, 37.6256882], [-121.8617023, 37.6256868], [-121.8616561, 37.6256782], [-121.8616176, 37.6256636], [-121.8615929, 37.6256441], [-121.8615821, 37.6256123], [-121.8615876, 37.6255874], [-121.8615958, 37.6255758], [-121.8616043, 37.6255727], [-121.8616122, 37.6255711], [-121.8616237, 37.6255705], [-121.8616347, 37.6255703], [-121.8616466, 37.6255705], [-121.8616584, 37.6255752], [-121.8616656, 37.6255782], [-121.8616691, 37.6255837], [-121.8616701, 37.6255925], [-121.8616653, 37.6256028], [-121.8616626, 37.6256096], [-121.8616622, 37.6256175], [-121.8616676, 37.6256218], [-121.8616865, 37.625629], [-121.8616961, 37.6256296], [-121.8617045, 37.6256262], [-121.8617133, 37.6256218], [-121.8617239, 37.6256209], [-121.8617387, 37.625622], [-121.8617514, 37.625628], [-121.8617599, 37.6256342], [-121.8617639, 37.6256415], [-121.8617642, 37.6256495], [-121.8617616, 37.6256611], [-121.8617558, 37.6256717]]]}, "properties": {"course_id": "callippe_preserve_pleasanton", "course_name": "Callippe Preserve Golf Course", "hole_number": 18, "feature_type": "bunker", "name": "hole_18_bunker_2", "feature-color": "#d4b483", "is_approximate": true, "source": "osm", "@id": "2ef6eb38-2ccb-4c8a-88b3-46bc657d923f", "osm_id": 692049473}}, {"type": "Feature", "bbox": [-121.8625512, 37.6258994, -121.8614193, 37.6267938], "geometry": {"type": "Polygon", "coordinates": [[[-121.8625378, 37.6266472], [-121.8625512, 37.6267024], [-121.862511, 37.6267492], [-121.8624359, 37.6267874], [-121.8623688, 37.6267938], [-121.8623044, 37.6267619], [-121.8622347, 37.6266791], [-121.8621757, 37.6266132], [-121.8620818, 37.6265431], [-121.8619933, 37.6264858], [-121.8618619, 37.6264433], [-121.8618029, 37.6263987], [-121.8617492, 37.6263541], [-121.8617385, 37.6262839], [-121.861717, 37.6262011], [-121.8616419, 37.6261459], [-121.8615776, 37.6261204], [-121.8614864, 37.6260715], [-121.8614381, 37.6260248], [-121.8614193, 37.6259441], [-121.8614595, 37.6259249], [-121.8615186, 37.6258994], [-121.8616124, 37.6259271], [-121.8616849, 37.6259526], [-121.8617412, 37.6259887], [-121.8618807, 37.626114], [-121.8619558, 37.6261714], [-121.862055, 37.6262223], [-121.8622052, 37.6263137], [-121.8623232, 37.6263753], [-121.8624251, 37.6264645], [-121.8625002, 37.6265686], [-121.8625378, 37.6266472]]]}, "properties": {"course_id": "callippe_preserve_pleasanton", "course_name": "Callippe Preserve Golf Course", "hole_number": 18, "feature_type": "fairway", "name": "hole_18_fairway_2", "feature-color": "#4a7c3f", "is_approximate": true, "source": "osm", "@id": "ed783768-8111-46f4-8e68-fcf93ef099ff", "osm_id": 692049474}}, {"type": "Feature", "bbox": [-121.8616929, 37.6261177, -121.8614559, 37.6263025], "geometry": {"type": "Polygon", "coordinates": [[[-121.8616876, 37.6262823], [-121.8616621, 37.6263025], [-121.8616313, 37.6263004], [-121.8616018, 37.6263004], [-121.8615776, 37.6262951], [-121.8615615, 37.6262738], [-121.8615678, 37.6262642], [-121.861582, 37.6262551], [-121.8615915, 37.6262472], [-121.8615928, 37.6262345], [-121.8615837, 37.6262154], [-121.8615634, 37.6262036], [-121.8615186, 37.6261963], [-121.8614784, 37.6261878], [-121.861466, 37.6261817], [-121.861459, 37.6261735], [-121.8614559, 37.6261548], [-121.8614717, 37.6261304], [-121.8614887, 37.6261195], [-121.8615119, 37.6261177], [-121.8615331, 37.6261224], [-121.8615481, 37.6261336], [-121.8615708, 37.6261529], [-121.861592, 37.6261659], [-121.8616101, 37.6261706], [-121.8616272, 37.6261793], [-121.861652, 37.6261991], [-121.861669, 37.6262128], [-121.8616859, 37.6262328], [-121.8616929, 37.6262526], [-121.8616876, 37.6262823]]]}, "properties": {"course_id": "callippe_preserve_pleasanton", "course_name": "Callippe Preserve Golf Course", "hole_number": 18, "feature_type": "bunker", "name": "hole_18_bunker_3", "feature-color": "#d4b483", "is_approximate": true, "source": "osm", "@id": "deccedea-b50b-4d98-b5ac-20fc33be1f12", "osm_id": 692049475}}, {"type": "Feature", "bbox": [-121.8644174, 37.6265536, -121.8628332, 37.6275883], "geometry": {"type": "Polygon", "coordinates": [[[-121.8643829, 37.6275706], [-121.864332, 37.6275883], [-121.8642446, 37.6275755], [-121.8641064, 37.6275674], [-121.8639621, 37.627569], [-121.8638157, 37.6274917], [-121.8636287, 37.6273452], [-121.863458, 37.6271923], [-121.863334, 37.6270281], [-121.8632201, 37.6269653], [-121.8631368, 37.6269395], [-121.8630494, 37.6268607], [-121.8629823, 37.6267657], [-121.8629945, 37.6267254], [-121.8628451, 37.6266356], [-121.8628332, 37.626586], [-121.8629, 37.6265536], [-121.8631551, 37.6266707], [-121.8632974, 37.6267528], [-121.8634437, 37.6268204], [-121.8635169, 37.6268301], [-121.8635698, 37.6268236], [-121.8636938, 37.6268768], [-121.8637852, 37.6269975], [-121.8638686, 37.627107], [-121.8640271, 37.6272213], [-121.8641857, 37.6273034], [-121.8643015, 37.6273581], [-121.864391, 37.6274595], [-121.8644174, 37.6275159], [-121.8643829, 37.6275706]]]}, "properties": {"course_id": "callippe_preserve_pleasanton", "course_name": "Callippe Preserve Golf Course", "hole_number": 18, "feature_type": "fairway", "name": "hole_18_fairway_3", "feature-color": "#4a7c3f", "is_approximate": true, "source": "osm", "@id": "aca74558-ac7c-4359-8a12-7d7aaeed9d22", "osm_id": 692049482}}, {"type": "Feature", "bbox": [-121.8647842, 37.6259342, -121.8634686, 37.6272642], "geometry": {"type": "Polygon", "coordinates": [[[-121.8647718, 37.6271275], [-121.8647349, 37.6272129], [-121.8646578, 37.6272568], [-121.8645716, 37.6272642], [-121.8645069, 37.6272373], [-121.864359, 37.6270958], [-121.8641002, 37.6269054], [-121.8640016, 37.6268347], [-121.8639584, 37.6266956], [-121.8639307, 37.6265858], [-121.8637674, 37.626432], [-121.8635487, 37.6263247], [-121.8634686, 37.6262051], [-121.8634994, 37.6261075], [-121.8635271, 37.626027], [-121.8635949, 37.6259708], [-121.8636318, 37.6259342], [-121.8636935, 37.6259611], [-121.8637582, 37.6260563], [-121.863826, 37.6261514], [-121.8639276, 37.6262319], [-121.8640755, 37.6263564], [-121.8643343, 37.6265394], [-121.8644422, 37.626659], [-121.8645747, 37.6268103], [-121.8646979, 37.6269835], [-121.8647842, 37.6270494], [-121.8647718, 37.6271275]]]}, "properties": {"course_id": "callippe_preserve_pleasanton", "course_name": "Callippe Preserve Golf Course", "hole_number": 11, "feature_type": "fairway", "name": "hole_11_fairway", "feature-color": "#4a7c3f", "is_approximate": true, "source": "osm", "@id": "461cc550-b67a-4449-b306-03862c705922", "osm_id": 692049484}}, {"type": "Feature", "bbox": [-121.8638588, 37.62537, -121.8637668, 37.6254443], "geometry": {"type": "Polygon", "coordinates": [[[-121.8638305, 37.6254373], [-121.8637969, 37.6254443], [-121.8637721, 37.6254303], [-121.8637668, 37.6253994], [-121.8637898, 37.6253798], [-121.8638234, 37.62537], [-121.8638588, 37.625384], [-121.8638588, 37.6254218], [-121.8638305, 37.6254373]]]}, "properties": {"course_id": "callippe_preserve_pleasanton", "course_name": "Callippe Preserve Golf Course", "hole_number": 12, "feature_type": "tee_box", "name": "hole_12_tee_box", "feature-color": "#8b7355", "is_approximate": true, "source": "osm", "@id": "a65f5b07-0346-4584-a6a8-51f3fc369a9d", "osm_id": 692049486}}, {"type": "Feature", "bbox": [-121.8641809, 37.6255788, -121.864057, 37.6256853], "geometry": {"type": "Polygon", "coordinates": [[[-121.8641791, 37.6256321], [-121.8641455, 37.6256601], [-121.8641101, 37.6256853], [-121.8640606, 37.6256769], [-121.864057, 37.6256419], [-121.8640641, 37.6256139], [-121.8640871, 37.6255956], [-121.8641207, 37.6255788], [-121.8641614, 37.6255858], [-121.8641809, 37.625604], [-121.8641791, 37.6256321]]]}, "properties": {"course_id": "callippe_preserve_pleasanton", "course_name": "Callippe Preserve Golf Course", "hole_number": 12, "feature_type": "tee_box", "name": "hole_12_tee_box_2", "feature-color": "#8b7355", "is_approximate": true, "source": "osm", "@id": "6b531d28-f441-41fb-b559-63af40619455", "osm_id": 692049488}}, {"type": "Feature", "bbox": [-121.8643065, 37.6256503, -121.8641597, 37.6257708], "geometry": {"type": "Polygon", "coordinates": [[[-121.8643065, 37.6256881], [-121.8642641, 37.6257428], [-121.8642181, 37.6257708], [-121.864188, 37.6257708], [-121.8641685, 37.6257498], [-121.8641597, 37.6257218], [-121.8641933, 37.6256825], [-121.8642304, 37.6256573], [-121.8642694, 37.6256503], [-121.8642977, 37.6256615], [-121.8643065, 37.6256881]]]}, "properties": {"course_id": "callippe_preserve_pleasanton", "course_name": "Callippe Preserve Golf Course", "hole_number": 12, "feature_type": "tee_box", "name": "hole_12_tee_box_3", "feature-color": "#8b7355", "is_approximate": true, "source": "osm", "@id": "fe5c8026-2fd7-4f57-b9ff-dc2e6a2e89fa", "osm_id": 692049490}}, {"type": "Feature", "bbox": [-121.8645171, 37.6255956, -121.8644322, 37.6256657], "geometry": {"type": "Polygon", "coordinates": [[[-121.8645118, 37.6256279], [-121.8644906, 37.6256587], [-121.8644623, 37.6256657], [-121.8644375, 37.6256587], [-121.8644322, 37.6256377], [-121.8644428, 37.6256083], [-121.8644729, 37.6255956], [-121.8644994, 37.6255998], [-121.8645171, 37.6256181], [-121.8645118, 37.6256279]]]}, "properties": {"course_id": "callippe_preserve_pleasanton", "course_name": "Callippe Preserve Golf Course", "hole_number": 12, "feature_type": "tee_box", "name": "hole_12_tee_box_4", "feature-color": "#8b7355", "is_approximate": true, "source": "osm", "@id": "4c80dc78-4ed5-4bac-83de-211b6898e2c2", "osm_id": 692049492}}, {"type": "Feature", "bbox": [-121.8660715, 37.625798, -121.8646911, 37.6271875], "geometry": {"type": "Polygon", "coordinates": [[[-121.8660715, 37.6271631], [-121.8659763, 37.627128], [-121.8659334, 37.6271429], [-121.8659026, 37.6271875], [-121.8659064, 37.6271493], [-121.865896, 37.6271131], [-121.8658188, 37.6270718], [-121.8657202, 37.6270352], [-121.8656709, 37.6269986], [-121.8656494, 37.6269278], [-121.865674, 37.6268473], [-121.8656494, 37.6267814], [-121.8656031, 37.626735], [-121.8655261, 37.6266643], [-121.8653967, 37.626674], [-121.8652396, 37.626674], [-121.8650886, 37.6266155], [-121.8650239, 37.6265349], [-121.8649407, 37.6263885], [-121.8648514, 37.626286], [-121.8647497, 37.6261152], [-121.8647066, 37.6260079], [-121.8646911, 37.6259151], [-121.8647127, 37.6258175], [-121.864762, 37.625798], [-121.8648267, 37.6258297], [-121.8648945, 37.6259176], [-121.8649376, 37.6259591], [-121.8650147, 37.6259883], [-121.8650948, 37.6260493], [-121.8653751, 37.6262812], [-121.8655169, 37.6263715], [-121.865674, 37.6265105], [-121.8657572, 37.6266082], [-121.8657972, 37.6267302], [-121.865825, 37.6268205], [-121.865865, 37.6268961], [-121.8659236, 37.626962], [-121.8659759, 37.6269791], [-121.866016, 37.6270425], [-121.8660715, 37.6271631]]]}, "properties": {"course_id": "callippe_preserve_pleasanton", "course_name": "Callippe Preserve Golf Course", "hole_number": 12, "feature_type": "fairway", "name": "hole_12_fairway", "feature-color": "#4a7c3f", "is_approximate": true, "source": "osm", "@id": "780ee5de-a266-424a-9002-bb250742fd56", "osm_id": 692049493}}, {"type": "Feature", "bbox": [-121.8659666, 37.6266333, -121.8658362, 37.6268277], "geometry": {"type": "Polygon", "coordinates": [[[-121.865961, 37.6268112], [-121.8659396, 37.6268266], [-121.8659141, 37.6268277], [-121.8658973, 37.6268223], [-121.8658715, 37.6268033], [-121.8658669, 37.6267782], [-121.8658591, 37.6267437], [-121.8658437, 37.626722], [-121.8658362, 37.6267037], [-121.8658364, 37.6266742], [-121.8658478, 37.6266487], [-121.865882, 37.6266344], [-121.8659011, 37.6266333], [-121.8659161, 37.6266396], [-121.8659298, 37.6266563], [-121.8659289, 37.6266805], [-121.8659206, 37.626687], [-121.8659048, 37.6266928], [-121.8658979, 37.6267004], [-121.8658981, 37.6267103], [-121.8659014, 37.6267305], [-121.8659282, 37.6267491], [-121.8659409, 37.6267666], [-121.8659651, 37.6267894], [-121.8659666, 37.6268017], [-121.865961, 37.6268112]]]}, "properties": {"course_id": "callippe_preserve_pleasanton", "course_name": "Callippe Preserve Golf Course", "hole_number": 12, "feature_type": "bunker", "name": "hole_12_bunker", "feature-color": "#d4b483", "is_approximate": true, "source": "osm", "@id": "bc3bba0d-b2ff-4599-bb34-0ae368a21df6", "osm_id": 692049495}}, {"type": "Feature", "bbox": [-121.8658837, 37.6270789, -121.8656689, 37.6271964], "geometry": {"type": "Polygon", "coordinates": [[[-121.8658791, 37.6271613], [-121.8658778, 37.6271698], [-121.8658706, 37.6271777], [-121.8658673, 37.6271854], [-121.8658602, 37.6271925], [-121.8658297, 37.6271964], [-121.86579, 37.6271863], [-121.8657645, 37.6271672], [-121.865747, 37.627163], [-121.8657365, 37.6271699], [-121.8657195, 37.6271739], [-121.8656999, 37.6271735], [-121.865676, 37.6271574], [-121.8656706, 37.6271371], [-121.8656689, 37.6271133], [-121.8656769, 37.6270958], [-121.865685, 37.6270853], [-121.8656972, 37.6270831], [-121.8657264, 37.6270789], [-121.8657544, 37.6270879], [-121.8657702, 37.6270955], [-121.865791, 37.6271035], [-121.8658014, 37.6271046], [-121.8658148, 37.6271044], [-121.8658218, 37.6271083], [-121.8658432, 37.6271105], [-121.8658613, 37.6271142], [-121.8658749, 37.6271208], [-121.8658833, 37.6271394], [-121.8658837, 37.6271511], [-121.8658791, 37.6271613]]]}, "properties": {"course_id": "callippe_preserve_pleasanton", "course_name": "Callippe Preserve Golf Course", "hole_number": 12, "feature_type": "bunker", "name": "hole_12_bunker_2", "feature-color": "#d4b483", "is_approximate": true, "source": "osm", "@id": "1374023c-178e-4cdf-819c-fad04e3dd75b", "osm_id": 692051849}}, {"type": "Feature", "bbox": [-121.8658575, 37.6272775, -121.8656988, 37.6273698], "geometry": {"type": "Polygon", "coordinates": [[[-121.8658472, 37.6273518], [-121.8658322, 37.6273617], [-121.8658127, 37.6273692], [-121.8657937, 37.6273698], [-121.8657565, 37.6273599], [-121.8657353, 37.627348], [-121.8657147, 37.627327], [-121.8657008, 37.6273123], [-121.8656988, 37.6273012], [-121.8657061, 37.6272934], [-121.8657297, 37.6272793], [-121.865743, 37.6272775], [-121.8657588, 37.6272778], [-121.8657799, 37.6272844], [-121.8657983, 37.6272904], [-121.8658043, 37.6272945], [-121.8658146, 37.6272949], [-121.8658222, 37.627291], [-121.8658303, 37.6272915], [-121.8658407, 37.6272968], [-121.8658499, 37.6273063], [-121.8658575, 37.62732], [-121.8658575, 37.6273298], [-121.8658543, 37.6273412], [-121.8658472, 37.6273518]]]}, "properties": {"course_id": "callippe_preserve_pleasanton", "course_name": "Callippe Preserve Golf Course", "hole_number": 12, "feature_type": "bunker", "name": "hole_12_bunker_3", "feature-color": "#d4b483", "is_approximate": true, "source": "osm", "@id": "1abc8f40-1142-41bf-8cdf-8be09c640bc2", "osm_id": 692051850}}, {"type": "Feature", "bbox": [-121.8662182, 37.6271968, -121.866139, 37.6272971], "geometry": {"type": "Polygon", "coordinates": [[[-121.8662131, 37.6272632], [-121.8662021, 37.6272892], [-121.8661933, 37.6272949], [-121.8661806, 37.6272971], [-121.866168, 37.6272962], [-121.8661564, 37.6272906], [-121.8661433, 37.6272666], [-121.8661392, 37.627245], [-121.866139, 37.6272103], [-121.8661457, 37.6272044], [-121.8661541, 37.6271975], [-121.8661661, 37.6271968], [-121.8661779, 37.6271981], [-121.8662001, 37.6272071], [-121.8662149, 37.6272234], [-121.8662182, 37.6272417], [-121.8662131, 37.6272632]]]}, "properties": {"course_id": "callippe_preserve_pleasanton", "course_name": "Callippe Preserve Golf Course", "hole_number": 12, "feature_type": "bunker", "name": "hole_12_bunker_4", "feature-color": "#d4b483", "is_approximate": true, "source": "osm", "@id": "2866d74d-5fb5-4557-8cc5-4382f91a5098", "osm_id": 692051851}}, {"type": "Feature", "bbox": [-121.8650118, 37.6272645, -121.8649047, 37.6273584], "geometry": {"type": "Polygon", "coordinates": [[[-121.8650056, 37.6273388], [-121.8649817, 37.6273542], [-121.8649463, 37.6273584], [-121.8649207, 37.62735], [-121.8649083, 37.6273283], [-121.8649047, 37.6273024], [-121.864918, 37.6272785], [-121.8649463, 37.6272645], [-121.864987, 37.6272729], [-121.8649959, 37.6272884], [-121.8650065, 37.6273038], [-121.8650118, 37.6273332], [-121.8650056, 37.6273388]]]}, "properties": {"course_id": "callippe_preserve_pleasanton", "course_name": "Callippe Preserve Golf Course", "hole_number": 11, "feature_type": "tee_box", "name": "hole_11_tee_box", "feature-color": "#8b7355", "is_approximate": true, "source": "osm", "@id": "e16fbfad-3238-4c2d-b23d-98597c1bf802", "osm_id": 692051852}}, {"type": "Feature", "bbox": [-121.8643969, 37.627692, -121.8642765, 37.6277894], "geometry": {"type": "Polygon", "coordinates": [[[-121.8643721, 37.6277852], [-121.8643509, 37.6277894], [-121.8643084, 37.6277859], [-121.8642854, 37.627767], [-121.8642765, 37.6277312], [-121.8642872, 37.6277074], [-121.8643172, 37.627692], [-121.8643677, 37.6276948], [-121.8643951, 37.6277186], [-121.8643969, 37.6277523], [-121.8643863, 37.6277761], [-121.8643721, 37.6277852]]]}, "properties": {"course_id": "callippe_preserve_pleasanton", "course_name": "Callippe Preserve Golf Course", "hole_number": 18, "feature_type": "tee_box", "name": "hole_18_tee_box", "feature-color": "#8b7355", "is_approximate": true, "source": "osm", "@id": "768437bc-5fd3-4ecf-86fe-7e5dbc2c4ccd", "osm_id": 692051853}}, {"type": "Feature", "bbox": [-121.8651985, 37.6278866, -121.8649844, 37.6280632], "geometry": {"type": "Polygon", "coordinates": [[[-121.8651932, 37.628038], [-121.865172, 37.6280604], [-121.8651383, 37.6280632], [-121.86511, 37.628052], [-121.8650835, 37.6280225], [-121.8650463, 37.6279945], [-121.8649879, 37.6279651], [-121.8649844, 37.6279385], [-121.8650145, 37.627902], [-121.8650693, 37.6278866], [-121.8651259, 37.627916], [-121.865156, 37.6279399], [-121.8651661, 37.6279497], [-121.8651861, 37.6279693], [-121.8651914, 37.6279917], [-121.8651985, 37.6280169], [-121.8651932, 37.628038]]]}, "properties": {"course_id": "callippe_preserve_pleasanton", "course_name": "Callippe Preserve Golf Course", "hole_number": 18, "feature_type": "tee_box", "name": "hole_18_tee_box_2", "feature-color": "#8b7355", "is_approximate": true, "source": "osm", "@id": "53ae0b0d-378b-4d35-8d17-0c1f89e48555", "osm_id": 692051854}}, {"type": "Feature", "bbox": [-121.8655648, 37.6280562, -121.8652852, 37.6282622], "geometry": {"type": "Polygon", "coordinates": [[[-121.8655524, 37.62823], [-121.8655206, 37.6282566], [-121.8654834, 37.6282622], [-121.865425, 37.6282468], [-121.8653772, 37.6282089], [-121.8653436, 37.6281865], [-121.8653171, 37.6281515], [-121.8652905, 37.6281207], [-121.8652852, 37.6280786], [-121.8653241, 37.6280562], [-121.8653755, 37.628059], [-121.8654109, 37.6280954], [-121.8654356, 37.6281235], [-121.8654692, 37.6281417], [-121.8655117, 37.6281557], [-121.8655383, 37.6281697], [-121.8655524, 37.6281921], [-121.8655648, 37.628223], [-121.8655524, 37.62823]]]}, "properties": {"course_id": "callippe_preserve_pleasanton", "course_name": "Callippe Preserve Golf Course", "hole_number": 18, "feature_type": "tee_box", "name": "hole_18_tee_box_3", "feature-color": "#8b7355", "is_approximate": true, "source": "osm", "@id": "700721f6-847f-4948-b051-17a579a44f90", "osm_id": 692051855}}, {"type": "Feature", "bbox": [-121.8656692, 37.6276385, -121.8653967, 37.628031], "geometry": {"type": "Polygon", "coordinates": [[[-121.8656692, 37.6279735], [-121.8656374, 37.6280085], [-121.8655878, 37.628031], [-121.8655542, 37.628031], [-121.8655383, 37.6280127], [-121.8655276, 37.6279763], [-121.8655153, 37.6279202], [-121.8654728, 37.6278544], [-121.8654126, 37.6277703], [-121.8653967, 37.6277296], [-121.8654144, 37.6276638], [-121.8654392, 37.6276385], [-121.8655011, 37.6276806], [-121.8655294, 37.6277254], [-121.8655507, 37.6277619], [-121.865609, 37.6278333], [-121.8656409, 37.627867], [-121.8656639, 37.6279146], [-121.8656692, 37.6279735]]]}, "properties": {"course_id": "callippe_preserve_pleasanton", "course_name": "Callippe Preserve Golf Course", "hole_number": 11, "feature_type": "tee_box", "name": "hole_11_tee_box_2", "feature-color": "#8b7355", "is_approximate": true, "source": "osm", "@id": "e5b76447-1c77-4211-a252-e6ceb7c4402c", "osm_id": 692051856}}, {"type": "Feature", "bbox": [-121.8671772, 37.6269843, -121.8669881, 37.6270874], "geometry": {"type": "Polygon", "coordinates": [[[-121.867169, 37.6270761], [-121.8671325, 37.6270874], [-121.8670837, 37.6270729], [-121.8670186, 37.6270503], [-121.8669881, 37.6270181], [-121.8669983, 37.6269972], [-121.867039, 37.6269843], [-121.867106, 37.6270004], [-121.867169, 37.627031], [-121.8671772, 37.6270584], [-121.867169, 37.6270761]]]}, "properties": {"course_id": "callippe_preserve_pleasanton", "course_name": "Callippe Preserve Golf Course", "hole_number": 13, "feature_type": "tee_box", "name": "hole_13_tee_box", "feature-color": "#8b7355", "is_approximate": true, "source": "osm", "@id": "459447e1-84d2-43f6-acdf-f3532ce068d1", "osm_id": 692051857}}, {"type": "Feature", "bbox": [-121.8670166, 37.6271485, -121.8666507, 37.6272516], "geometry": {"type": "Polygon", "coordinates": [[[-121.8669963, 37.6272516], [-121.8669028, 37.6272355], [-121.8668357, 37.627221], [-121.8667544, 37.6272323], [-121.8666812, 37.6272371], [-121.8666609, 37.6272258], [-121.8666507, 37.6271984], [-121.8666812, 37.6271727], [-121.8667401, 37.6271582], [-121.866793, 37.6271485], [-121.866854, 37.6271485], [-121.866915, 37.627163], [-121.8669637, 37.6271759], [-121.8670044, 37.6271968], [-121.8670166, 37.627221], [-121.8669963, 37.6272516]]]}, "properties": {"course_id": "callippe_preserve_pleasanton", "course_name": "Callippe Preserve Golf Course", "hole_number": 13, "feature_type": "tee_box", "name": "hole_13_tee_box_2", "feature-color": "#8b7355", "is_approximate": true, "source": "osm", "@id": "69cd5230-6b2c-44b3-83b4-d7e25e11227d", "osm_id": 692051858}}, {"type": "Feature", "bbox": [-121.8670755, 37.6272805, -121.8665836, 37.6273868], "geometry": {"type": "Polygon", "coordinates": [[[-121.8670471, 37.6273723], [-121.8670166, 37.6273868], [-121.8669698, 37.6273788], [-121.8669353, 37.6273627], [-121.8668662, 37.6273466], [-121.8667828, 37.6273562], [-121.8667218, 37.6273755], [-121.866669, 37.6273852], [-121.8666202, 37.6273771], [-121.8665857, 37.6273433], [-121.8665836, 37.627316], [-121.8666222, 37.6272999], [-121.8667137, 37.6272902], [-121.8668113, 37.6272902], [-121.8668804, 37.6272805], [-121.8669556, 37.6273015], [-121.8670125, 37.6273079], [-121.8670613, 37.6273305], [-121.8670755, 37.627353], [-121.8670471, 37.6273723]]]}, "properties": {"course_id": "callippe_preserve_pleasanton", "course_name": "Callippe Preserve Golf Course", "hole_number": 13, "feature_type": "tee_box", "name": "hole_13_tee_box_3", "feature-color": "#8b7355", "is_approximate": true, "source": "osm", "@id": "f3cfe2f3-0a92-4d07-a354-df7a462a21bb", "osm_id": 692051859}}, {"type": "Feature", "bbox": [-121.8670227, 37.6274593, -121.8668804, 37.6275414], "geometry": {"type": "Polygon", "coordinates": [[[-121.8670024, 37.6275333], [-121.8669698, 37.6275414], [-121.8669211, 37.6275317], [-121.8668865, 37.6275092], [-121.8668804, 37.6274721], [-121.8669231, 37.6274593], [-121.866978, 37.6274689], [-121.8670105, 37.6274882], [-121.8670227, 37.6275156], [-121.8670024, 37.6275333]]]}, "properties": {"course_id": "callippe_preserve_pleasanton", "course_name": "Callippe Preserve Golf Course", "hole_number": 13, "feature_type": "tee_box", "name": "hole_13_tee_box_4", "feature-color": "#8b7355", "is_approximate": true, "source": "osm", "@id": "961b5193-d04c-465e-b164-509939997433", "osm_id": 692051860}}, {"type": "Feature", "bbox": [-121.8668012, 37.6278392, -121.8665349, 37.6282575], "geometry": {"type": "Polygon", "coordinates": [[[-121.8667053, 37.6282575], [-121.8666851, 37.6282183], [-121.8666154, 37.6281843], [-121.8665349, 37.6281822], [-121.8665748, 37.6281612], [-121.8665939, 37.6281322], [-121.8665959, 37.628071], [-121.8665756, 37.6280098], [-121.8665471, 37.6279036], [-121.8665776, 37.6278553], [-121.8666508, 37.6278392], [-121.8667179, 37.6278553], [-121.8667748, 37.6278939], [-121.8667992, 37.6279374], [-121.8668012, 37.6280469], [-121.8667829, 37.6281129], [-121.8667687, 37.6281789], [-121.8667402, 37.6282095], [-121.866724, 37.6282272], [-121.8667053, 37.6282575]]]}, "properties": {"course_id": "callippe_preserve_pleasanton", "course_name": "Callippe Preserve Golf Course", "hole_number": 13, "feature_type": "fairway", "name": "hole_13_fairway", "feature-color": "#4a7c3f", "is_approximate": true, "source": "osm", "@id": "9d3df8fa-ac62-492d-a425-57d85a1671a2", "osm_id": 692051861}}, {"type": "Feature", "bbox": [-121.866562, 37.6280038, -121.8664012, 37.6281564], "geometry": {"type": "Polygon", "coordinates": [[[-121.866562, 37.6280736], [-121.8665547, 37.6280835], [-121.8665423, 37.6280877], [-121.8665316, 37.62809], [-121.8665316, 37.6280925], [-121.8665306, 37.6281134], [-121.8665245, 37.6281331], [-121.8665088, 37.6281466], [-121.8664908, 37.6281561], [-121.8664722, 37.6281564], [-121.8664594, 37.6281474], [-121.8664558, 37.6281319], [-121.8664568, 37.6281205], [-121.866454, 37.6281129], [-121.8664417, 37.628111], [-121.8664261, 37.6281049], [-121.8664132, 37.628094], [-121.8664102, 37.6280731], [-121.8664015, 37.6280736], [-121.8664012, 37.6280609], [-121.8664109, 37.6280568], [-121.8664199, 37.6280485], [-121.8664313, 37.6280343], [-121.866437, 37.6280265], [-121.8664429, 37.6280173], [-121.8664508, 37.6280112], [-121.8664762, 37.6280038], [-121.8665037, 37.6280043], [-121.8665221, 37.6280088], [-121.8665369, 37.628026], [-121.8665507, 37.6280428], [-121.8665608, 37.6280584], [-121.866562, 37.6280736]]]}, "properties": {"course_id": "callippe_preserve_pleasanton", "course_name": "Callippe Preserve Golf Course", "hole_number": 13, "feature_type": "bunker", "name": "hole_13_bunker", "feature-color": "#d4b483", "is_approximate": true, "source": "osm", "@id": "df1fb60d-83b5-439f-820c-f11add7ddd4f", "osm_id": 692051862}}, {"type": "Feature", "bbox": [-121.8664308, 37.6281158, -121.8662329, 37.6282486], "geometry": {"type": "Polygon", "coordinates": [[[-121.8664305, 37.6281897], [-121.8664308, 37.6282056], [-121.8664226, 37.6282151], [-121.8664126, 37.628224], [-121.8663958, 37.6282268], [-121.866381, 37.6282289], [-121.8663721, 37.6282218], [-121.8663665, 37.6282114], [-121.8663645, 37.6282004], [-121.8663624, 37.6281899], [-121.8663549, 37.6281827], [-121.8663408, 37.6281822], [-121.866326, 37.6281819], [-121.8663169, 37.6281845], [-121.8663145, 37.6281915], [-121.8663155, 37.628204], [-121.8663221, 37.6282204], [-121.8663228, 37.6282329], [-121.8663176, 37.6282385], [-121.866306, 37.6282453], [-121.866294, 37.6282486], [-121.8662806, 37.6282471], [-121.8662673, 37.6282379], [-121.8662375, 37.6282162], [-121.8662329, 37.6282006], [-121.8662348, 37.62818], [-121.8662603, 37.628162], [-121.8662979, 37.6281365], [-121.866322, 37.6281216], [-121.8663343, 37.6281179], [-121.8663524, 37.6281158], [-121.8663689, 37.6281204], [-121.8663793, 37.6281276], [-121.8663894, 37.628136], [-121.8663971, 37.6281527], [-121.8664051, 37.6281651], [-121.8664146, 37.6281694], [-121.8664232, 37.6281783], [-121.8664305, 37.6281897]]]}, "properties": {"course_id": "callippe_preserve_pleasanton", "course_name": "Callippe Preserve Golf Course", "hole_number": 13, "feature_type": "bunker", "name": "hole_13_bunker_2", "feature-color": "#d4b483", "is_approximate": true, "source": "osm", "@id": "d0f5a77b-0418-4e0d-90cf-fc6bef82dee6", "osm_id": 692051863}}, {"type": "Feature", "bbox": [-121.866782, 37.6288345, -121.8666627, 37.6289238], "geometry": {"type": "Polygon", "coordinates": [[[-121.8667673, 37.6289078], [-121.8667297, 37.6289238], [-121.8666948, 37.6289227], [-121.8666707, 37.62891], [-121.8666627, 37.6288877], [-121.8666653, 37.6288611], [-121.8666828, 37.628842], [-121.8667203, 37.6288345], [-121.8667552, 37.6288399], [-121.8667753, 37.6288558], [-121.866782, 37.6288781], [-121.866782, 37.6288962], [-121.8667673, 37.6289078]]]}, "properties": {"course_id": "callippe_preserve_pleasanton", "course_name": "Callippe Preserve Golf Course", "hole_number": 14, "feature_type": "tee_box", "name": "hole_14_tee_box", "feature-color": "#8b7355", "is_approximate": true, "source": "osm", "@id": "245b1b0a-31ea-4db9-9ea8-c9849ce026a9", "osm_id": 692051864}}, {"type": "Feature", "bbox": [-121.867116, 37.6286051, -121.8668518, 37.6288292], "geometry": {"type": "Polygon", "coordinates": [[[-121.8671106, 37.6286667], [-121.8670636, 37.6287124], [-121.8669966, 37.6287644], [-121.8669228, 37.6288207], [-121.8668826, 37.6288292], [-121.8668585, 37.6288186], [-121.8668518, 37.6287857], [-121.8668786, 37.6287528], [-121.8669134, 37.6287082], [-121.8669483, 37.6286667], [-121.8669953, 37.6286306], [-121.8670408, 37.6286051], [-121.8670945, 37.6286051], [-121.867116, 37.6286444], [-121.8671106, 37.6286667]]]}, "properties": {"course_id": "callippe_preserve_pleasanton", "course_name": "Callippe Preserve Golf Course", "hole_number": 14, "feature_type": "tee_box", "name": "hole_14_tee_box_2", "feature-color": "#8b7355", "is_approximate": true, "source": "osm", "@id": "042cda2e-2cbb-40bc-a2e6-949a419acff0", "osm_id": 692051865}}, {"type": "Feature", "bbox": [-121.8674445, 37.6283237, -121.8672514, 37.6284724], "geometry": {"type": "Polygon", "coordinates": [[[-121.8674445, 37.6283757], [-121.8674097, 37.6284065], [-121.8673453, 37.6284554], [-121.8673024, 37.6284724], [-121.8672688, 37.6284617], [-121.8672514, 37.6284405], [-121.8672594, 37.628398], [-121.8672957, 37.628364], [-121.8673399, 37.6283385], [-121.8673788, 37.6283237], [-121.867415, 37.6283332], [-121.8674378, 37.628346], [-121.8674445, 37.6283757]]]}, "properties": {"course_id": "callippe_preserve_pleasanton", "course_name": "Callippe Preserve Golf Course", "hole_number": 14, "feature_type": "tee_box", "name": "hole_14_tee_box_3", "feature-color": "#8b7355", "is_approximate": true, "source": "osm", "@id": "c82b6ecf-fbcb-4635-b639-fd11b8c7328c", "osm_id": 692051866}}, {"type": "Feature", "bbox": [-121.8681285, 37.6281038, -121.8680212, 37.628192], "geometry": {"type": "Polygon", "coordinates": [[[-121.8681164, 37.6281792], [-121.8680708, 37.628192], [-121.8680386, 37.6281856], [-121.8680239, 37.6281686], [-121.8680212, 37.6281346], [-121.868048, 37.628108], [-121.868095, 37.6281038], [-121.8681204, 37.6281197], [-121.8681285, 37.6281442], [-121.8681218, 37.6281707], [-121.8681164, 37.6281792]]]}, "properties": {"course_id": "callippe_preserve_pleasanton", "course_name": "Callippe Preserve Golf Course", "hole_number": 14, "feature_type": "tee_box", "name": "hole_14_tee_box_4", "feature-color": "#8b7355", "is_approximate": true, "source": "osm", "@id": "3be131a0-93d8-4a57-9a21-df279241cad4", "osm_id": 692051867}}, {"type": "Feature", "bbox": [-121.8686131, 37.6267972, -121.8678864, 37.6278774], "geometry": {"type": "Polygon", "coordinates": [[[-121.868607, 37.6272834], [-121.8685806, 37.6273735], [-121.868507, 37.6274712], [-121.8684581, 37.627558], [-121.8684381, 37.6276336], [-121.8683997, 37.6276939], [-121.8683592, 37.6277395], [-121.8682879, 37.6277704], [-121.8680399, 37.6278645], [-121.8680038, 37.6278741], [-121.8679737, 37.6278774], [-121.8679315, 37.627874], [-121.8679048, 37.62786], [-121.8678921, 37.6278442], [-121.8678864, 37.6278243], [-121.8678997, 37.6277831], [-121.8679525, 37.6277003], [-121.868048, 37.6276037], [-121.8681252, 37.6275168], [-121.8682025, 37.6274427], [-121.8682777, 37.627359], [-121.8683123, 37.6272834], [-121.8683334, 37.6272265], [-121.868333, 37.6271788], [-121.8683041, 37.6271426], [-121.8682509, 37.6270859], [-121.8682574, 37.6270269], [-121.8682746, 37.6269914], [-121.8682965, 37.6269471], [-121.8683163, 37.6269082], [-121.8683285, 37.6268583], [-121.8683692, 37.6268165], [-121.8684151, 37.6267972], [-121.8684619, 37.6268077], [-121.8685018, 37.6268322], [-121.8685492, 37.6268832], [-121.8685657, 37.6269374], [-121.8685785, 37.6271449], [-121.8686131, 37.6272335], [-121.868607, 37.6272834]]]}, "properties": {"course_id": "callippe_preserve_pleasanton", "course_name": "Callippe Preserve Golf Course", "hole_number": 14, "feature_type": "fairway", "name": "hole_14_fairway", "feature-color": "#4a7c3f", "is_approximate": true, "source": "osm", "@id": "59c155bb-0bb3-468e-a89e-cae3b85261a5", "osm_id": 692051868}}, {"type": "Feature", "bbox": [-121.8683035, 37.6271538, -121.8681232, 37.6274247], "geometry": {"type": "Polygon", "coordinates": [[[-121.8682942, 37.6272818], [-121.8682772, 37.62728], [-121.8682662, 37.6272948], [-121.8682487, 37.6273272], [-121.8682475, 37.6273632], [-121.8682224, 37.6274011], [-121.8681932, 37.6274169], [-121.8681523, 37.6274247], [-121.8681348, 37.6274201], [-121.8681232, 37.6274071], [-121.8681407, 37.6273785], [-121.868174, 37.6273465], [-121.8681833, 37.6273017], [-121.8681751, 37.6272467], [-121.868178, 37.6272074], [-121.8681897, 37.627176], [-121.8682142, 37.6271538], [-121.8682656, 37.6271584], [-121.8682778, 37.6271732], [-121.8682817, 37.6271944], [-121.8682656, 37.6272046], [-121.8682481, 37.6272037], [-121.8682387, 37.6272111], [-121.8682428, 37.6272291], [-121.8682528, 37.6272407], [-121.868286, 37.6272296], [-121.8683, 37.6272425], [-121.8683035, 37.6272656], [-121.8682942, 37.6272818]]]}, "properties": {"course_id": "callippe_preserve_pleasanton", "course_name": "Callippe Preserve Golf Course", "hole_number": 14, "feature_type": "bunker", "name": "hole_14_bunker", "feature-color": "#d4b483", "is_approximate": true, "source": "osm", "@id": "455765ea-aca5-46fe-abeb-90f541fc05fa", "osm_id": 692051869}}, {"type": "Feature", "bbox": [-121.8687665, 37.6269896, -121.8686249, 37.6271676], "geometry": {"type": "Polygon", "coordinates": [[[-121.8687636, 37.6270301], [-121.8687521, 37.6270409], [-121.8687384, 37.6270474], [-121.8687128, 37.627065], [-121.8687066, 37.627086], [-121.8687127, 37.6271057], [-121.8687252, 37.6271196], [-121.8687254, 37.6271354], [-121.8687147, 37.627158], [-121.868688, 37.6271664], [-121.8686544, 37.6271676], [-121.8686379, 37.627159], [-121.8686249, 37.6271437], [-121.8686252, 37.6271255], [-121.8686416, 37.6271024], [-121.868641, 37.6270858], [-121.8686311, 37.627066], [-121.8686427, 37.6270452], [-121.8686616, 37.6270349], [-121.8686807, 37.6270298], [-121.8686901, 37.6270202], [-121.8686976, 37.627003], [-121.8687162, 37.626992], [-121.8687335, 37.6269896], [-121.8687501, 37.626992], [-121.8687613, 37.6269972], [-121.8687656, 37.6270074], [-121.8687665, 37.627019], [-121.8687636, 37.6270301]]]}, "properties": {"course_id": "callippe_preserve_pleasanton", "course_name": "Callippe Preserve Golf Course", "hole_number": 14, "feature_type": "bunker", "name": "hole_14_bunker_2", "feature-color": "#d4b483", "is_approximate": true, "source": "osm", "@id": "56b8ebf0-d2e5-490f-9750-602b424dc61d", "osm_id": 692051870}}, {"type": "Feature", "bbox": [-121.8686777, 37.6266807, -121.868528, 37.6267941], "geometry": {"type": "Polygon", "coordinates": [[[-121.8686511, 37.6267296], [-121.868651, 37.6267358], [-121.8686755, 37.6267451], [-121.8686777, 37.6267673], [-121.8686614, 37.6267872], [-121.8686199, 37.6267941], [-121.8685867, 37.6267927], [-121.8685423, 37.6267784], [-121.868528, 37.6267485], [-121.8685332, 37.6267294], [-121.8685528, 37.6267143], [-121.8686065, 37.6266887], [-121.868635, 37.6266807], [-121.8686605, 37.6266885], [-121.8686703, 37.6267072], [-121.8686511, 37.6267296]]]}, "properties": {"course_id": "callippe_preserve_pleasanton", "course_name": "Callippe Preserve Golf Course", "hole_number": 14, "feature_type": "bunker", "name": "hole_14_bunker_3", "feature-color": "#d4b483", "is_approximate": true, "source": "osm", "@id": "8087bfe8-c28d-4704-9756-7f2a4b58d581", "osm_id": 692051871}}, {"type": "Feature", "bbox": [-121.8687713, 37.6265561, -121.8686798, 37.6266423], "geometry": {"type": "Polygon", "coordinates": [[[-121.8687637, 37.6265965], [-121.8687464, 37.6266114], [-121.8687414, 37.6266208], [-121.8687385, 37.6266294], [-121.8687311, 37.6266374], [-121.8687211, 37.6266408], [-121.8687096, 37.6266423], [-121.868699, 37.6266397], [-121.8686863, 37.6266316], [-121.8686803, 37.6266234], [-121.8686798, 37.6266139], [-121.8686863, 37.6265949], [-121.8686982, 37.6265763], [-121.8687129, 37.6265622], [-121.8687232, 37.6265574], [-121.8687344, 37.6265561], [-121.8687496, 37.6265571], [-121.8687607, 37.626563], [-121.8687713, 37.6265799], [-121.8687698, 37.6265898], [-121.8687637, 37.6265965]]]}, "properties": {"course_id": "callippe_preserve_pleasanton", "course_name": "Callippe Preserve Golf Course", "hole_number": 14, "feature_type": "bunker", "name": "hole_14_bunker_4", "feature-color": "#d4b483", "is_approximate": true, "source": "osm", "@id": "603439af-7e4f-4e3c-b4c2-8d32b6a0bc17", "osm_id": 692051872}}, {"type": "Feature", "bbox": [-121.8615107, 37.6273564, -121.8614021, 37.6274424], "geometry": {"type": "Polygon", "coordinates": [[[-121.8614815, 37.6274323], [-121.861443, 37.6274424], [-121.8614103, 37.6274184], [-121.8614021, 37.6273879], [-121.861408, 37.6273703], [-121.8614348, 37.6273564], [-121.8614558, 37.6273564], [-121.8614874, 37.6273675], [-121.8615049, 37.6273888], [-121.8615107, 37.627411], [-121.8615014, 37.6274295], [-121.8614815, 37.6274323]]]}, "properties": {"course_id": "callippe_preserve_pleasanton", "course_name": "Callippe Preserve Golf Course", "hole_number": 1, "feature_type": "tee_box", "name": "hole_1_tee_box_5", "feature-color": "#8b7355", "is_approximate": true, "source": "osm", "@id": "366fad54-c383-4787-83bf-27245bb4a64e", "osm_id": 785697153}}, {"type": "Feature", "bbox": [-121.859081, 37.6277262, -121.8590039, 37.6277926], "geometry": {"type": "Polygon", "coordinates": [[[-121.8590562, 37.6277262], [-121.8590488, 37.6277384], [-121.8590354, 37.6277448], [-121.8590246, 37.6277474], [-121.8590119, 37.6277517], [-121.8590039, 37.6277602], [-121.8590052, 37.6277761], [-121.8590146, 37.6277878], [-121.8590314, 37.6277926], [-121.8590471, 37.627792], [-121.8590682, 37.6277883], [-121.8590792, 37.6277798], [-121.859081, 37.6277644], [-121.8590763, 37.6277453], [-121.8590696, 37.627732], [-121.8590562, 37.6277262]]]}, "properties": {"course_id": "callippe_preserve_pleasanton", "course_name": "Callippe Preserve Golf Course", "hole_number": null, "feature_type": "bunker", "name": "unassigned_bunker", "feature-color": "#d4b483", "is_approximate": true, "source": "osm", "@id": "9f38fce8-aa2c-44e9-869c-6801a51c69ae", "osm_id": 787309837, "needs_hole_assignment": true}}, {"type": "Feature", "bbox": [-121.8597517, 37.627324, -121.8591049, 37.6276208], "geometry": {"type": "Polygon", "coordinates": [[[-121.8597459, 37.6273767], [-121.8596816, 37.6274109], [-121.8594983, 37.6274969], [-121.8593302, 37.6275662], [-121.859217, 37.6276032], [-121.8591574, 37.6276208], [-121.8591166, 37.6276115], [-121.8591049, 37.6275819], [-121.8591271, 37.6275579], [-121.8592742, 37.6274969], [-121.8594155, 37.6274442], [-121.85951, 37.6273961], [-121.8595976, 37.6273545], [-121.8596735, 37.627324], [-121.8597225, 37.627324], [-121.8597517, 37.6273406], [-121.8597459, 37.6273767]]]}, "properties": {"course_id": "callippe_preserve_pleasanton", "course_name": "Callippe Preserve Golf Course", "hole_number": null, "feature_type": "tee_box", "name": "unassigned_tee_box", "feature-color": "#8b7355", "is_approximate": true, "source": "osm", "@id": "4baf2dd8-29c4-45a3-b229-bdae2f02b741", "osm_id": 788020847, "needs_hole_assignment": true}}, {"type": "Feature", "bbox": [-121.86927108602175, 37.62664206112722, -121.86927108602175, 37.62664206112722], "geometry": {"type": "Point", "coordinates": [-121.86927108602175, 37.62664206112722]}, "properties": {"course_id": "callippe_preserve_pleasanton", "course_name": "Callippe Preserve Golf Course", "hole_number": 15, "feature_type": "tee_center", "name": "hole_15_tee_center", "feature-color": "#c8a055", "is_approximate": true, "source": "derived", "@id": "a13b13da-a33e-4dcf-81b9-cd792c3253a8"}}, {"type": "Feature", "bbox": [-121.8663007945381, 37.62962611972868, -121.8663007945381, 37.62962611972868], "geometry": {"type": "Point", "coordinates": [-121.8663007945381, 37.62962611972868]}, "properties": {"course_id": "callippe_preserve_pleasanton", "course_name": "Callippe Preserve Golf Course", "hole_number": 15, "feature_type": "green_center", "name": "hole_15_green_center", "feature-color": "#5aae5a", "is_approximate": true, "source": "derived", "@id": "5ad1e06a-e353-4a48-9a12-66789ac57a64"}}, {"type": "Feature", "bbox": [-121.86643051154805, 37.629562339991246, -121.86643051154805, 37.629562339991246], "geometry": {"type": "Point", "coordinates": [-121.86643051154805, 37.629562339991246]}, "properties": {"course_id": "callippe_preserve_pleasanton", "course_name": "Callippe Preserve Golf Course", "hole_number": 15, "feature_type": "green_front", "name": "hole_15_green_front", "feature-color": "#5aae5a", "is_approximate": true, "source": "derived", "@id": "16bab5f4-42d0-4236-a2fb-36864e6ea6e8"}}, {"type": "Feature", "bbox": [-121.86617711742653, 37.62968692974663, -121.86617711742653, 37.62968692974663], "geometry": {"type": "Point", "coordinates": [-121.86617711742653, 37.62968692974663]}, "properties": {"course_id": "callippe_preserve_pleasanton", "course_name": "Callippe Preserve Golf Course", "hole_number": 15, "feature_type": "green_back", "name": "hole_15_green_back", "feature-color": "#5aae5a", "is_approximate": true, "source": "derived", "@id": "b49c9d15-4f89-4022-a0ef-a50eee94558a"}}, {"type": "Feature", "bbox": [-121.8657337074562, 37.62954801648514, -121.8657337074562, 37.62954801648514], "geometry": {"type": "Point", "coordinates": [-121.8657337074562, 37.62954801648514]}, "properties": {"course_id": "callippe_preserve_pleasanton", "course_name": "Callippe Preserve Golf Course", "hole_number": 16, "feature_type": "tee_center", "name": "hole_16_tee_center", "feature-color": "#c8a055", "is_approximate": true, "source": "derived", "@id": "dce54ae5-44e9-473b-abc2-398c227aa048"}}, {"type": "Feature", "bbox": [-121.86669458403621, 37.63101551570808, -121.86669458403621, 37.63101551570808], "geometry": {"type": "Point", "coordinates": [-121.86669458403621, 37.63101551570808]}, "properties": {"course_id": "callippe_preserve_pleasanton", "course_name": "Callippe Preserve Golf Course", "hole_number": 16, "feature_type": "green_center", "name": "hole_16_green_center", "feature-color": "#5aae5a", "is_approximate": true, "source": "derived", "@id": "8b61ef2b-9e17-4f21-a10b-f0a42ec0b0ac"}}, {"type": "Feature", "bbox": [-121.86663318087308, 37.630908196906084, -121.86663318087308, 37.630908196906084], "geometry": {"type": "Point", "coordinates": [-121.86663318087308, 37.630908196906084]}, "properties": {"course_id": "callippe_preserve_pleasanton", "course_name": "Callippe Preserve Golf Course", "hole_number": 16, "feature_type": "green_front", "name": "hole_16_green_front", "feature-color": "#5aae5a", "is_approximate": true, "source": "derived", "@id": "a0ee4193-7540-4a15-8e2e-25f905015cfb"}}, {"type": "Feature", "bbox": [-121.86676291805355, 37.63113494807123, -121.86676291805355, 37.63113494807123], "geometry": {"type": "Point", "coordinates": [-121.86676291805355, 37.63113494807123]}, "properties": {"course_id": "callippe_preserve_pleasanton", "course_name": "Callippe Preserve Golf Course", "hole_number": 16, "feature_type": "green_back", "name": "hole_16_green_back", "feature-color": "#5aae5a", "is_approximate": true, "source": "derived", "@id": "1ad97296-19ac-43e8-ba49-d94fee76aacd"}}, {"type": "Feature", "bbox": [-121.86708528728342, 37.62703497821174, -121.86708528728342, 37.62703497821174], "geometry": {"type": "Point", "coordinates": [-121.86708528728342, 37.62703497821174]}, "properties": {"course_id": "callippe_preserve_pleasanton", "course_name": "Callippe Preserve Golf Course", "hole_number": 13, "feature_type": "tee_center", "name": "hole_13_tee_center", "feature-color": "#c8a055", "is_approximate": true, "source": "derived", "@id": "da7fe244-2103-4647-9988-6ef078b4496b"}}, {"type": "Feature", "bbox": [-121.86649122346755, 37.628312640304095, -121.86649122346755, 37.628312640304095], "geometry": {"type": "Point", "coordinates": [-121.86649122346755, 37.628312640304095]}, "properties": {"course_id": "callippe_preserve_pleasanton", "course_name": "Callippe Preserve Golf Course", "hole_number": 13, "feature_type": "green_center", "name": "hole_13_green_center", "feature-color": "#5aae5a", "is_approximate": true, "source": "derived", "@id": "2171f219-a60f-45b1-aadb-0fa82233d3f9"}}, {"type": "Feature", "bbox": [-121.86657630851967, 37.62818328022225, -121.86657630851967, 37.62818328022225], "geometry": {"type": "Point", "coordinates": [-121.86657630851967, 37.62818328022225]}, "properties": {"course_id": "callippe_preserve_pleasanton", "course_name": "Callippe Preserve Golf Course", "hole_number": 13, "feature_type": "green_front", "name": "hole_13_green_front", "feature-color": "#5aae5a", "is_approximate": true, "source": "derived", "@id": "b5d54f9c-6449-4279-8f71-6b90084774c1"}}, {"type": "Feature", "bbox": [-121.86640529011866, 37.62844329010411, -121.86640529011866, 37.62844329010411], "geometry": {"type": "Point", "coordinates": [-121.86640529011866, 37.62844329010411]}, "properties": {"course_id": "callippe_preserve_pleasanton", "course_name": "Callippe Preserve Golf Course", "hole_number": 13, "feature_type": "green_back", "name": "hole_13_green_back", "feature-color": "#5aae5a", "is_approximate": true, "source": "derived", "@id": "7687492d-e961-4a96-ab12-40ae1db55d57"}}, {"type": "Feature", "bbox": [-121.86507333540465, 37.63201518080488, -121.86507333540465, 37.63201518080488], "geometry": {"type": "Point", "coordinates": [-121.86507333540465, 37.63201518080488]}, "properties": {"course_id": "callippe_preserve_pleasanton", "course_name": "Callippe Preserve Golf Course", "hole_number": 6, "feature_type": "tee_center", "name": "hole_6_tee_center", "feature-color": "#c8a055", "is_approximate": true, "source": "derived", "@id": "7842fa95-5f72-4c20-8663-a4c11b6e1b1d"}}, {"type": "Feature", "bbox": [-121.86388440815992, 37.63197899188697, -121.86388440815992, 37.63197899188697], "geometry": {"type": "Point", "coordinates": [-121.86388440815992, 37.63197899188697]}, "properties": {"course_id": "callippe_preserve_pleasanton", "course_name": "Callippe Preserve Golf Course", "hole_number": 6, "feature_type": "green_center", "name": "hole_6_green_center", "feature-color": "#5aae5a", "is_approximate": true, "source": "derived", "@id": "01f8afe0-ed25-4c95-be31-bb0a19e4a29b"}}, {"type": "Feature", "bbox": [-121.86402737646004, 37.63196846030247, -121.86402737646004, 37.63196846030247], "geometry": {"type": "Point", "coordinates": [-121.86402737646004, 37.63196846030247]}, "properties": {"course_id": "callippe_preserve_pleasanton", "course_name": "Callippe Preserve Golf Course", "hole_number": 6, "feature_type": "green_front", "name": "hole_6_green_front", "feature-color": "#5aae5a", "is_approximate": true, "source": "derived", "@id": "b46bfab1-cee8-4756-b189-d61f7627e73d"}}, {"type": "Feature", "bbox": [-121.86375959946797, 37.631988185766204, -121.86375959946797, 37.631988185766204], "geometry": {"type": "Point", "coordinates": [-121.86375959946797, 37.631988185766204]}, "properties": {"course_id": "callippe_preserve_pleasanton", "course_name": "Callippe Preserve Golf Course", "hole_number": 6, "feature_type": "green_back", "name": "hole_6_green_back", "feature-color": "#5aae5a", "is_approximate": true, "source": "derived", "@id": "3307396d-1bfc-40b6-a68b-6856ee24100d"}}, {"type": "Feature", "bbox": [-121.86193949613441, 37.63329148697632, -121.86193949613441, 37.63329148697632], "geometry": {"type": "Point", "coordinates": [-121.86193949613441, 37.63329148697632]}, "properties": {"course_id": "callippe_preserve_pleasanton", "course_name": "Callippe Preserve Golf Course", "hole_number": 4, "feature_type": "tee_center", "name": "hole_4_tee_center", "feature-color": "#c8a055", "is_approximate": true, "source": "derived", "@id": "ec8e0470-f7df-4db0-8074-46dd4a2b753d"}}, {"type": "Feature", "bbox": [-121.8635084726866, 37.63314552320605, -121.8635084726866, 37.63314552320605], "geometry": {"type": "Point", "coordinates": [-121.8635084726866, 37.63314552320605]}, "properties": {"course_id": "callippe_preserve_pleasanton", "course_name": "Callippe Preserve Golf Course", "hole_number": 4, "feature_type": "green_center", "name": "hole_4_green_center", "feature-color": "#5aae5a", "is_approximate": true, "source": "derived", "@id": "7729f944-30fb-4905-bada-702c44918c90"}}, {"type": "Feature", "bbox": [-121.86328784346905, 37.63317127225319, -121.86328784346905, 37.63317127225319], "geometry": {"type": "Point", "coordinates": [-121.86328784346905, 37.63317127225319]}, "properties": {"course_id": "callippe_preserve_pleasanton", "course_name": "Callippe Preserve Golf Course", "hole_number": 4, "feature_type": "green_front", "name": "hole_4_green_front", "feature-color": "#5aae5a", "is_approximate": true, "source": "derived", "@id": "84c4b1fc-2769-45bc-9cdd-6c3f25833a60"}}, {"type": "Feature", "bbox": [-121.86372107617103, 37.6331207108208, -121.86372107617103, 37.6331207108208], "geometry": {"type": "Point", "coordinates": [-121.86372107617103, 37.6331207108208]}, "properties": {"course_id": "callippe_preserve_pleasanton", "course_name": "Callippe Preserve Golf Course", "hole_number": 4, "feature_type": "green_back", "name": "hole_4_green_back", "feature-color": "#5aae5a", "is_approximate": true, "source": "derived", "@id": "b2fc2629-a87e-4567-953a-ebb4a9f7d1ca"}}, {"type": "Feature", "bbox": [-121.86699715484441, 37.63226938533348, -121.86699715484441, 37.63226938533348], "geometry": {"type": "Point", "coordinates": [-121.86699715484441, 37.63226938533348]}, "properties": {"course_id": "callippe_preserve_pleasanton", "course_name": "Callippe Preserve Golf Course", "hole_number": 17, "feature_type": "tee_center", "name": "hole_17_tee_center", "feature-color": "#c8a055", "is_approximate": true, "source": "derived", "@id": "c7605f19-e2e0-46e5-a1da-84b7bd7d9735"}}, {"type": "Feature", "bbox": [-121.86493580535107, 37.62931978257817, -121.86493580535107, 37.62931978257817], "geometry": {"type": "Point", "coordinates": [-121.86493580535107, 37.62931978257817]}, "properties": {"course_id": "callippe_preserve_pleasanton", "course_name": "Callippe Preserve Golf Course", "hole_number": 17, "feature_type": "green_center", "name": "hole_17_green_center", "feature-color": "#5aae5a", "is_approximate": true, "source": "derived", "@id": "f49d892f-1b57-440e-8d21-e23189ee381c"}}, {"type": "Feature", "bbox": [-121.86499306816617, 37.629446662808355, -121.86499306816617, 37.629446662808355], "geometry": {"type": "Point", "coordinates": [-121.86499306816617, 37.629446662808355]}, "properties": {"course_id": "callippe_preserve_pleasanton", "course_name": "Callippe Preserve Golf Course", "hole_number": 17, "feature_type": "green_front", "name": "hole_17_green_front", "feature-color": "#5aae5a", "is_approximate": true, "source": "derived", "@id": "6c94a29e-179d-4acf-af72-6deadd2c5743"}}, {"type": "Feature", "bbox": [-121.86488194873067, 37.62920044963272, -121.86488194873067, 37.62920044963272], "geometry": {"type": "Point", "coordinates": [-121.86488194873067, 37.62920044963272]}, "properties": {"course_id": "callippe_preserve_pleasanton", "course_name": "Callippe Preserve Golf Course", "hole_number": 17, "feature_type": "green_back", "name": "hole_17_green_back", "feature-color": "#5aae5a", "is_approximate": true, "source": "derived", "@id": "9cf1ced0-cc46-4602-9d3a-eaab9feec822"}}, {"type": "Feature", "bbox": [-121.86088568241131, 37.62675941803167, -121.86088568241131, 37.62675941803167], "geometry": {"type": "Point", "coordinates": [-121.86088568241131, 37.62675941803167]}, "properties": {"course_id": "callippe_preserve_pleasanton", "course_name": "Callippe Preserve Golf Course", "hole_number": 1, "feature_type": "tee_center", "name": "hole_1_tee_center", "feature-color": "#c8a055", "is_approximate": true, "source": "derived", "@id": "8af12ddd-c4fb-4d30-97a6-c39f1e82487a"}}, {"type": "Feature", "bbox": [-121.86420395267919, 37.62900094403174, -121.86420395267919, 37.62900094403174], "geometry": {"type": "Point", "coordinates": [-121.86420395267919, 37.62900094403174]}, "properties": {"course_id": "callippe_preserve_pleasanton", "course_name": "Callippe Preserve Golf Course", "hole_number": 1, "feature_type": "green_center", "name": "hole_1_green_center", "feature-color": "#5aae5a", "is_approximate": true, "source": "derived", "@id": "12649cec-13df-4c27-b2c6-4c7d5cc71015"}}, {"type": "Feature", "bbox": [-121.86404936927644, 37.62892738612135, -121.86404936927644, 37.62892738612135], "geometry": {"type": "Point", "coordinates": [-121.86404936927644, 37.62892738612135]}, "properties": {"course_id": "callippe_preserve_pleasanton", "course_name": "Callippe Preserve Golf Course", "hole_number": 1, "feature_type": "green_front", "name": "hole_1_green_front", "feature-color": "#5aae5a", "is_approximate": true, "source": "derived", "@id": "5be7efad-b90e-4be8-8779-5c159af88efd"}}, {"type": "Feature", "bbox": [-121.8643880440112, 37.629088543175385, -121.8643880440112, 37.629088543175385], "geometry": {"type": "Point", "coordinates": [-121.8643880440112, 37.629088543175385]}, "properties": {"course_id": "callippe_preserve_pleasanton", "course_name": "Callippe Preserve Golf Course", "hole_number": 1, "feature_type": "green_back", "name": "hole_1_green_back", "feature-color": "#5aae5a", "is_approximate": true, "source": "derived", "@id": "00d0f254-a9c5-4bbd-ba13-e1670c3dd2f9"}}, {"type": "Feature", "bbox": [-121.86390544672038, 37.629276081380794, -121.86390544672038, 37.629276081380794], "geometry": {"type": "Point", "coordinates": [-121.86390544672038, 37.629276081380794]}, "properties": {"course_id": "callippe_preserve_pleasanton", "course_name": "Callippe Preserve Golf Course", "hole_number": 2, "feature_type": "tee_center", "name": "hole_2_tee_center", "feature-color": "#c8a055", "is_approximate": true, "source": "derived", "@id": "6f3b01ce-d328-4fff-a11e-2f5c04a4263f"}}, {"type": "Feature", "bbox": [-121.86568563443298, 37.63176157776175, -121.86568563443298, 37.63176157776175], "geometry": {"type": "Point", "coordinates": [-121.86568563443298, 37.63176157776175]}, "properties": {"course_id": "callippe_preserve_pleasanton", "course_name": "Callippe Preserve Golf Course", "hole_number": 2, "feature_type": "green_center", "name": "hole_2_green_center", "feature-color": "#5aae5a", "is_approximate": true, "source": "derived", "@id": "68c6bf00-b90f-43af-800f-797a6e2a6c55"}}, {"type": "Feature", "bbox": [-121.86560210330612, 37.631689404344115, -121.86560210330612, 37.631689404344115], "geometry": {"type": "Point", "coordinates": [-121.86560210330612, 37.631689404344115]}, "properties": {"course_id": "callippe_preserve_pleasanton", "course_name": "Callippe Preserve Golf Course", "hole_number": 2, "feature_type": "green_front", "name": "hole_2_green_front", "feature-color": "#5aae5a", "is_approximate": true, "source": "derived", "@id": "6e85b34b-346d-4fdc-b9b2-4fd5728d2885"}}, {"type": "Feature", "bbox": [-121.86577935388667, 37.631842554201626, -121.86577935388667, 37.631842554201626], "geometry": {"type": "Point", "coordinates": [-121.86577935388667, 37.631842554201626]}, "properties": {"course_id": "callippe_preserve_pleasanton", "course_name": "Callippe Preserve Golf Course", "hole_number": 2, "feature_type": "green_back", "name": "hole_2_green_back", "feature-color": "#5aae5a", "is_approximate": true, "source": "derived", "@id": "d8299f91-496e-49ba-9a66-be4cb7ae3b46"}}, {"type": "Feature", "bbox": [-121.8671502591055, 37.63252137301652, -121.8671502591055, 37.63252137301652], "geometry": {"type": "Point", "coordinates": [-121.8671502591055, 37.63252137301652]}, "properties": {"course_id": "callippe_preserve_pleasanton", "course_name": "Callippe Preserve Golf Course", "hole_number": 3, "feature_type": "tee_center", "name": "hole_3_tee_center", "feature-color": "#c8a055", "is_approximate": true, "source": "derived", "@id": "379e7183-20f9-4a73-8597-45abf3d28ed7"}}, {"type": "Feature", "bbox": [-121.86169259858549, 37.63448894712783, -121.86169259858549, 37.63448894712783], "geometry": {"type": "Point", "coordinates": [-121.86169259858549, 37.63448894712783]}, "properties": {"course_id": "callippe_preserve_pleasanton", "course_name": "Callippe Preserve Golf Course", "hole_number": 3, "feature_type": "green_center", "name": "hole_3_green_center", "feature-color": "#5aae5a", "is_approximate": true, "source": "derived", "@id": "4c933532-cfd0-4254-b3f0-3b74cddfa49e"}}, {"type": "Feature", "bbox": [-121.86184488851062, 37.63444167443434, -121.86184488851062, 37.63444167443434], "geometry": {"type": "Point", "coordinates": [-121.86184488851062, 37.63444167443434]}, "properties": {"course_id": "callippe_preserve_pleasanton", "course_name": "Callippe Preserve Golf Course", "hole_number": 3, "feature_type": "green_front", "name": "hole_3_green_front", "feature-color": "#5aae5a", "is_approximate": true, "source": "derived", "@id": "493257eb-ea3b-45c8-bce0-230208aa2b49"}}, {"type": "Feature", "bbox": [-121.86158948557195, 37.63452095469418, -121.86158948557195, 37.63452095469418], "geometry": {"type": "Point", "coordinates": [-121.86158948557195, 37.63452095469418]}, "properties": {"course_id": "callippe_preserve_pleasanton", "course_name": "Callippe Preserve Golf Course", "hole_number": 3, "feature_type": "green_back", "name": "hole_3_green_back", "feature-color": "#5aae5a", "is_approximate": true, "source": "derived", "@id": "eba2d911-1f24-45b2-9335-de279d2009d7"}}, {"type": "Feature", "bbox": [-121.86257017137436, 37.63244790857632, -121.86257017137436, 37.63244790857632], "geometry": {"type": "Point", "coordinates": [-121.86257017137436, 37.63244790857632]}, "properties": {"course_id": "callippe_preserve_pleasanton", "course_name": "Callippe Preserve Golf Course", "hole_number": 5, "feature_type": "tee_center", "name": "hole_5_tee_center", "feature-color": "#c8a055", "is_approximate": true, "source": "derived", "@id": "6dc965d4-b3ad-40f2-8f85-c150f1345830"}}, {"type": "Feature", "bbox": [-121.86631414743935, 37.632290673065356, -121.86631414743935, 37.632290673065356], "geometry": {"type": "Point", "coordinates": [-121.86631414743935, 37.632290673065356]}, "properties": {"course_id": "callippe_preserve_pleasanton", "course_name": "Callippe Preserve Golf Course", "hole_number": 5, "feature_type": "green_center", "name": "hole_5_green_center", "feature-color": "#5aae5a", "is_approximate": true, "source": "derived", "@id": "a7616533-eaf7-4bd6-90f2-e88442eac36f"}}, {"type": "Feature", "bbox": [-121.86616337804259, 37.632324126693106, -121.86616337804259, 37.632324126693106], "geometry": {"type": "Point", "coordinates": [-121.86616337804259, 37.632324126693106]}, "properties": {"course_id": "callippe_preserve_pleasanton", "course_name": "Callippe Preserve Golf Course", "hole_number": 5, "feature_type": "green_front", "name": "hole_5_green_front", "feature-color": "#5aae5a", "is_approximate": true, "source": "derived", "@id": "68876dc9-c606-4dd4-a247-383662de88d5"}}, {"type": "Feature", "bbox": [-121.86642300791983, 37.63226651844201, -121.86642300791983, 37.63226651844201], "geometry": {"type": "Point", "coordinates": [-121.86642300791983, 37.63226651844201]}, "properties": {"course_id": "callippe_preserve_pleasanton", "course_name": "Callippe Preserve Golf Course", "hole_number": 5, "feature_type": "green_back", "name": "hole_5_green_back", "feature-color": "#5aae5a", "is_approximate": true, "source": "derived", "@id": "77423b3d-1d6e-4759-a525-08ef49bbc6f6"}}, {"type": "Feature", "bbox": [-121.86237148931119, 37.62952246133319, -121.86237148931119, 37.62952246133319], "geometry": {"type": "Point", "coordinates": [-121.86237148931119, 37.62952246133319]}, "properties": {"course_id": "callippe_preserve_pleasanton", "course_name": "Callippe Preserve Golf Course", "hole_number": 8, "feature_type": "tee_center", "name": "hole_8_tee_center", "feature-color": "#c8a055", "is_approximate": true, "source": "derived", "@id": "374afc2f-7ceb-4f25-9fa3-58da01e4997b"}}, {"type": "Feature", "bbox": [-121.86322488811821, 37.632043110617445, -121.86322488811821, 37.632043110617445], "geometry": {"type": "Point", "coordinates": [-121.86322488811821, 37.632043110617445]}, "properties": {"course_id": "callippe_preserve_pleasanton", "course_name": "Callippe Preserve Golf Course", "hole_number": 8, "feature_type": "green_center", "name": "hole_8_green_center", "feature-color": "#5aae5a", "is_approximate": true, "source": "derived", "@id": "ef5adb92-7459-4534-b2c1-3b0af41d8e5d"}}, {"type": "Feature", "bbox": [-121.863212385417, 37.631928262177965, -121.863212385417, 37.631928262177965], "geometry": {"type": "Point", "coordinates": [-121.863212385417, 37.631928262177965]}, "properties": {"course_id": "callippe_preserve_pleasanton", "course_name": "Callippe Preserve Golf Course", "hole_number": 8, "feature_type": "green_front", "name": "hole_8_green_front", "feature-color": "#5aae5a", "is_approximate": true, "source": "derived", "@id": "8e06c277-2ee7-4fad-818f-f9c8e80a1e19"}}, {"type": "Feature", "bbox": [-121.86323345534751, 37.6321218082443, -121.86323345534751, 37.6321218082443], "geometry": {"type": "Point", "coordinates": [-121.86323345534751, 37.6321218082443]}, "properties": {"course_id": "callippe_preserve_pleasanton", "course_name": "Callippe Preserve Golf Course", "hole_number": 8, "feature_type": "green_back", "name": "hole_8_green_back", "feature-color": "#5aae5a", "is_approximate": true, "source": "derived", "@id": "56991f6f-7f74-492e-8b35-95c7085353dd"}}, {"type": "Feature", "bbox": [-121.86424894315331, 37.6315700286696, -121.86424894315331, 37.6315700286696], "geometry": {"type": "Point", "coordinates": [-121.86424894315331, 37.6315700286696]}, "properties": {"course_id": "callippe_preserve_pleasanton", "course_name": "Callippe Preserve Golf Course", "hole_number": 7, "feature_type": "tee_center", "name": "hole_7_tee_center", "feature-color": "#c8a055", "is_approximate": true, "source": "derived", "@id": "c38feedd-582d-4a7b-8771-b6fed8a46b83"}}, {"type": "Feature", "bbox": [-121.86201741846806, 37.62877333061207, -121.86201741846806, 37.62877333061207], "geometry": {"type": "Point", "coordinates": [-121.86201741846806, 37.62877333061207]}, "properties": {"course_id": "callippe_preserve_pleasanton", "course_name": "Callippe Preserve Golf Course", "hole_number": 7, "feature_type": "green_center", "name": "hole_7_green_center", "feature-color": "#5aae5a", "is_approximate": true, "source": "derived", "@id": "e0d69b27-3757-4a65-bfe8-5b32fae8f69f"}}, {"type": "Feature", "bbox": [-121.86214359262772, 37.62885904636055, -121.86214359262772, 37.62885904636055], "geometry": {"type": "Point", "coordinates": [-121.86214359262772, 37.62885904636055]}, "properties": {"course_id": "callippe_preserve_pleasanton", "course_name": "Callippe Preserve Golf Course", "hole_number": 7, "feature_type": "green_front", "name": "hole_7_green_front", "feature-color": "#5aae5a", "is_approximate": true, "source": "derived", "@id": "570fa770-c326-4e65-b3f6-845d19bf1926"}}, {"type": "Feature", "bbox": [-121.8618575728066, 37.6286647403068, -121.8618575728066, 37.6286647403068], "geometry": {"type": "Point", "coordinates": [-121.8618575728066, 37.6286647403068]}, "properties": {"course_id": "callippe_preserve_pleasanton", "course_name": "Callippe Preserve Golf Course", "hole_number": 7, "feature_type": "green_back", "name": "hole_7_green_back", "feature-color": "#5aae5a", "is_approximate": true, "source": "derived", "@id": "c8c6ebbe-b254-4d8c-ab40-c998c35513c6"}}, {"type": "Feature", "bbox": [-121.86277211343992, 37.63191432644331, -121.86277211343992, 37.63191432644331], "geometry": {"type": "Point", "coordinates": [-121.86277211343992, 37.63191432644331]}, "properties": {"course_id": "callippe_preserve_pleasanton", "course_name": "Callippe Preserve Golf Course", "hole_number": 9, "feature_type": "tee_center", "name": "hole_9_tee_center", "feature-color": "#c8a055", "is_approximate": true, "source": "derived", "@id": "40163222-fbd6-4912-92bc-19197b72c9f5"}}, {"type": "Feature", "bbox": [-121.86080489437894, 37.62749694629332, -121.86080489437894, 37.62749694629332], "geometry": {"type": "Point", "coordinates": [-121.86080489437894, 37.62749694629332]}, "properties": {"course_id": "callippe_preserve_pleasanton", "course_name": "Callippe Preserve Golf Course", "hole_number": 9, "feature_type": "green_center", "name": "hole_9_green_center", "feature-color": "#5aae5a", "is_approximate": true, "source": "derived", "@id": "4f8e0ee1-941e-4f5f-b8b2-d43bd90e7f41"}}, {"type": "Feature", "bbox": [-121.86083738495424, 37.627572907949514, -121.86083738495424, 37.627572907949514], "geometry": {"type": "Point", "coordinates": [-121.86083738495424, 37.627572907949514]}, "properties": {"course_id": "callippe_preserve_pleasanton", "course_name": "Callippe Preserve Golf Course", "hole_number": 9, "feature_type": "green_front", "name": "hole_9_green_front", "feature-color": "#5aae5a", "is_approximate": true, "source": "derived", "@id": "707ffbc5-ddb0-4493-baa3-380249095850"}}, {"type": "Feature", "bbox": [-121.860765900946, 37.627405781217924, -121.860765900946, 37.627405781217924], "geometry": {"type": "Point", "coordinates": [-121.860765900946, 37.627405781217924]}, "properties": {"course_id": "callippe_preserve_pleasanton", "course_name": "Callippe Preserve Golf Course", "hole_number": 9, "feature_type": "green_back", "name": "hole_9_green_back", "feature-color": "#5aae5a", "is_approximate": true, "source": "derived", "@id": "da4bbd51-ab86-4058-9598-cbc43315a6c2"}}, {"type": "Feature", "bbox": [-121.86110208917826, 37.62638225193452, -121.86110208917826, 37.62638225193452], "geometry": {"type": "Point", "coordinates": [-121.86110208917826, 37.62638225193452]}, "properties": {"course_id": "callippe_preserve_pleasanton", "course_name": "Callippe Preserve Golf Course", "hole_number": 10, "feature_type": "tee_center", "name": "hole_10_tee_center", "feature-color": "#c8a055", "is_approximate": true, "source": "derived", "@id": "e645bfc1-8205-4f48-839a-5ea7ed0dcb7a"}}, {"type": "Feature", "bbox": [-121.86479757023564, 37.628490181000615, -121.86479757023564, 37.628490181000615], "geometry": {"type": "Point", "coordinates": [-121.86479757023564, 37.628490181000615]}, "properties": {"course_id": "callippe_preserve_pleasanton", "course_name": "Callippe Preserve Golf Course", "hole_number": 10, "feature_type": "green_center", "name": "hole_10_green_center", "feature-color": "#5aae5a", "is_approximate": true, "source": "derived", "@id": "27141690-ad9e-4379-a935-622ebee47a0c"}}, {"type": "Feature", "bbox": [-121.86463607887137, 37.62842033956648, -121.86463607887137, 37.62842033956648], "geometry": {"type": "Point", "coordinates": [-121.86463607887137, 37.62842033956648]}, "properties": {"course_id": "callippe_preserve_pleasanton", "course_name": "Callippe Preserve Golf Course", "hole_number": 10, "feature_type": "green_front", "name": "hole_10_green_front", "feature-color": "#5aae5a", "is_approximate": true, "source": "derived", "@id": "39b3732c-d774-4e42-8f6f-5a73f0fdb471"}}, {"type": "Feature", "bbox": [-121.8649720439734, 37.62856563702341, -121.8649720439734, 37.62856563702341], "geometry": {"type": "Point", "coordinates": [-121.8649720439734, 37.62856563702341]}, "properties": {"course_id": "callippe_preserve_pleasanton", "course_name": "Callippe Preserve Golf Course", "hole_number": 10, "feature_type": "green_back", "name": "hole_10_green_back", "feature-color": "#5aae5a", "is_approximate": true, "source": "derived", "@id": "15066686-5d05-4828-8369-0119c95a011c"}}, {"type": "Feature", "bbox": [-121.86541856646252, 37.62816384862686, -121.86541856646252, 37.62816384862686], "geometry": {"type": "Point", "coordinates": [-121.86541856646252, 37.62816384862686]}, "properties": {"course_id": "callippe_preserve_pleasanton", "course_name": "Callippe Preserve Golf Course", "hole_number": 18, "feature_type": "tee_center", "name": "hole_18_tee_center", "feature-color": "#c8a055", "is_approximate": true, "source": "derived", "@id": "84363d2c-b239-473c-89e7-006dac9bcf2c"}}, {"type": "Feature", "bbox": [-121.86116701904676, 37.6251864885541, -121.86116701904676, 37.6251864885541], "geometry": {"type": "Point", "coordinates": [-121.86116701904676, 37.6251864885541]}, "properties": {"course_id": "callippe_preserve_pleasanton", "course_name": "Callippe Preserve Golf Course", "hole_number": 18, "feature_type": "green_center", "name": "hole_18_green_center", "feature-color": "#5aae5a", "is_approximate": true, "source": "derived", "@id": "ff0bc420-a99c-407b-825e-a5099915c253"}}, {"type": "Feature", "bbox": [-121.86133149800922, 37.625341561631615, -121.86133149800922, 37.625341561631615], "geometry": {"type": "Point", "coordinates": [-121.86133149800922, 37.625341561631615]}, "properties": {"course_id": "callippe_preserve_pleasanton", "course_name": "Callippe Preserve Golf Course", "hole_number": 18, "feature_type": "green_front", "name": "hole_18_green_front", "feature-color": "#5aae5a", "is_approximate": true, "source": "derived", "@id": "382f2bc0-13d8-4b47-a8c2-6a8d19680c52"}}, {"type": "Feature", "bbox": [-121.8610205435279, 37.62504838937626, -121.8610205435279, 37.62504838937626], "geometry": {"type": "Point", "coordinates": [-121.8610205435279, 37.62504838937626]}, "properties": {"course_id": "callippe_preserve_pleasanton", "course_name": "Callippe Preserve Golf Course", "hole_number": 18, "feature_type": "green_back", "name": "hole_18_green_back", "feature-color": "#5aae5a", "is_approximate": true, "source": "derived", "@id": "4c7f9568-cb07-4323-a8d0-886c39c608f2"}}, {"type": "Feature", "bbox": [-121.86553492490067, 37.627845406638535, -121.86553492490067, 37.627845406638535], "geometry": {"type": "Point", "coordinates": [-121.86553492490067, 37.627845406638535]}, "properties": {"course_id": "callippe_preserve_pleasanton", "course_name": "Callippe Preserve Golf Course", "hole_number": 11, "feature_type": "tee_center", "name": "hole_11_tee_center", "feature-color": "#c8a055", "is_approximate": true, "source": "derived", "@id": "bcdd8320-e2ef-4873-bae3-a524f17aeb4c"}}, {"type": "Feature", "bbox": [-121.86324749757671, 37.625823683893316, -121.86324749757671, 37.625823683893316], "geometry": {"type": "Point", "coordinates": [-121.86324749757671, 37.625823683893316]}, "properties": {"course_id": "callippe_preserve_pleasanton", "course_name": "Callippe Preserve Golf Course", "hole_number": 11, "feature_type": "green_center", "name": "hole_11_green_center", "feature-color": "#5aae5a", "is_approximate": true, "source": "derived", "@id": "6e5423cf-e830-444e-ab74-3b457403feeb"}}, {"type": "Feature", "bbox": [-121.86332538996214, 37.6258949155085, -121.86332538996214, 37.6258949155085], "geometry": {"type": "Point", "coordinates": [-121.86332538996214, 37.6258949155085]}, "properties": {"course_id": "callippe_preserve_pleasanton", "course_name": "Callippe Preserve Golf Course", "hole_number": 11, "feature_type": "green_front", "name": "hole_11_green_front", "feature-color": "#5aae5a", "is_approximate": true, "source": "derived", "@id": "4cb2e9e6-f2b6-4715-8955-f14d8a122650"}}, {"type": "Feature", "bbox": [-121.86314515385347, 37.62573009183462, -121.86314515385347, 37.62573009183462], "geometry": {"type": "Point", "coordinates": [-121.86314515385347, 37.62573009183462]}, "properties": {"course_id": "callippe_preserve_pleasanton", "course_name": "Callippe Preserve Golf Course", "hole_number": 11, "feature_type": "green_back", "name": "hole_11_green_back", "feature-color": "#5aae5a", "is_approximate": true, "source": "derived", "@id": "b52caf94-4909-43a3-b824-51c8412999bd"}}, {"type": "Feature", "bbox": [-121.86381422135803, 37.62540723236961, -121.86381422135803, 37.62540723236961], "geometry": {"type": "Point", "coordinates": [-121.86381422135803, 37.62540723236961]}, "properties": {"course_id": "callippe_preserve_pleasanton", "course_name": "Callippe Preserve Golf Course", "hole_number": 12, "feature_type": "tee_center", "name": "hole_12_tee_center", "feature-color": "#c8a055", "is_approximate": true, "source": "derived", "@id": "16670828-a009-4416-ba06-ec53cda1a95f"}}, {"type": "Feature", "bbox": [-121.86599515534834, 37.627309055970336, -121.86599515534834, 37.627309055970336], "geometry": {"type": "Point", "coordinates": [-121.86599515534834, 37.627309055970336]}, "properties": {"course_id": "callippe_preserve_pleasanton", "course_name": "Callippe Preserve Golf Course", "hole_number": 12, "feature_type": "green_center", "name": "hole_12_green_center", "feature-color": "#5aae5a", "is_approximate": true, "source": "derived", "@id": "c4043dab-640e-4ee4-950a-ed55e51a39d9"}}, {"type": "Feature", "bbox": [-121.86590072392671, 37.62719256868921, -121.86590072392671, 37.62719256868921], "geometry": {"type": "Point", "coordinates": [-121.86590072392671, 37.62719256868921]}, "properties": {"course_id": "callippe_preserve_pleasanton", "course_name": "Callippe Preserve Golf Course", "hole_number": 12, "feature_type": "green_front", "name": "hole_12_green_front", "feature-color": "#5aae5a", "is_approximate": true, "source": "derived", "@id": "903220b4-1669-4a8e-ba4a-9ef0e90c5d27"}}, {"type": "Feature", "bbox": [-121.86609547731986, 37.62743280962669, -121.86609547731986, 37.62743280962669], "geometry": {"type": "Point", "coordinates": [-121.86609547731986, 37.62743280962669]}, "properties": {"course_id": "callippe_preserve_pleasanton", "course_name": "Callippe Preserve Golf Course", "hole_number": 12, "feature_type": "green_back", "name": "hole_12_green_back", "feature-color": "#5aae5a", "is_approximate": true, "source": "derived", "@id": "e5e506dd-d991-4924-93f3-f4eb61dce256"}}, {"type": "Feature", "bbox": [-121.86672128528762, 37.62887940040502, -121.86672128528762, 37.62887940040502], "geometry": {"type": "Point", "coordinates": [-121.86672128528762, 37.62887940040502]}, "properties": {"course_id": "callippe_preserve_pleasanton", "course_name": "Callippe Preserve Golf Course", "hole_number": 14, "feature_type": "tee_center", "name": "hole_14_tee_center", "feature-color": "#c8a055", "is_approximate": true, "source": "derived", "@id": "fef25608-b34c-4f9e-b05b-f6a590ef63de"}}, {"type": "Feature", "bbox": [-121.8685141909911, 37.62656759741247, -121.8685141909911, 37.62656759741247], "geometry": {"type": "Point", "coordinates": [-121.8685141909911, 37.62656759741247]}, "properties": {"course_id": "callippe_preserve_pleasanton", "course_name": "Callippe Preserve Golf Course", "hole_number": 14, "feature_type": "green_center", "name": "hole_14_green_center", "feature-color": "#5aae5a", "is_approximate": true, "source": "derived", "@id": "8c0227f5-9755-4cd7-8481-d343dcc09fc1"}}, {"type": "Feature", "bbox": [-121.8684781004669, 37.626722014442294, -121.8684781004669, 37.626722014442294], "geometry": {"type": "Point", "coordinates": [-121.8684781004669, 37.626722014442294]}, "properties": {"course_id": "callippe_preserve_pleasanton", "course_name": "Callippe Preserve Golf Course", "hole_number": 14, "feature_type": "green_front", "name": "hole_14_green_front", "feature-color": "#5aae5a", "is_approximate": true, "source": "derived", "@id": "55d7734e-6f35-4ca6-93bc-a629863b3692"}}, {"type": "Feature", "bbox": [-121.86854663142282, 37.62642879767986, -121.86854663142282, 37.62642879767986], "geometry": {"type": "Point", "coordinates": [-121.86854663142282, 37.62642879767986]}, "properties": {"course_id": "callippe_preserve_pleasanton", "course_name": "Callippe Preserve Golf Course", "hole_number": 14, "feature_type": "green_back", "name": "hole_14_green_back", "feature-color": "#5aae5a", "is_approximate": true, "source": "derived", "@id": "595d5170-a9a5-4671-8560-2cadf2fe5856"}}]}