{
  "type": "FeatureCollection",
  "features": [
    {
      "type": "Feature",
      "bbox": [
        -117.010186,
        32.8408441,
        -117.0099562,
        32.8411929
      ],
      "geometry": {
        "type": "Polygon",
        "coordinates": [
          [
            [
              -117.010163,
              32.840981
            ],
            [
              -117.0101846,
              32.8409047
            ],
            [
              -117.010186,
              32.840877
            ],
            [
              -117.0101679,
              32.8408551
            ],
            [
              -117.0100752,
              32.8408441
            ],
            [
              -117.0100272,
              32.8408674
            ],
            [
              -117.0100019,
              32.8409449
            ],
            [
              -117.0099897,
              32.841007
            ],
            [
              -117.0099574,
              32.841079
            ],
            [
              -117.0099562,
              32.8411391
            ],
            [
              -117.0099625,
              32.8411639
            ],
            [
              -117.0099831,
              32.8411887
            ],
            [
              -117.0100252,
              32.8411929
            ],
            [
              -117.0101229,
              32.8411757
            ],
            [
              -117.0101613,
              32.8411494
            ],
            [
              -117.010172,
              32.8411319
            ],
            [
              -117.0101673,
              32.8411074
            ],
            [
              -117.0101374,
              32.8410734
            ],
            [
              -117.0101506,
              32.8410072
            ],
            [
              -117.010163,
              32.840981
            ]
          ]
        ]
      },
      "properties": {
        "course_id": "carlton_oaks_santee",
        "course_name": "Carlton Oaks Golf Course",
        "hole_number": 1,
        "feature_type": "tee_box",
        "name": "hole_1_tee_box",
        "feature-color": "#8b7355",
        "is_approximate": true,
        "source": "osm",
        "@id": "59d62906-0546-40cf-a809-da64e30297fe",
        "osm_id": 1007057192
      }
    },
    {
      "type": "Feature",
      "bbox": [
        -117.0106094,
        32.8390697,
        -117.0102068,
        32.8393326
      ],
      "geometry": {
        "type": "Polygon",
        "coordinates": [
          [
            [
              -117.0104553,
              32.8391807
            ],
            [
              -117.0104247,
              32.8391817
            ],
            [
              -117.010404,
              32.8391848
            ],
            [
              -117.0103718,
              32.8391939
            ],
            [
              -117.0103442,
              32.839203
            ],
            [
              -117.0103015,
              32.839207
            ],
            [
              -117.010277,
              32.83922
            ],
            [
              -117.0102671,
              32.8392374
            ],
            [
              -117.0102459,
              32.8392561
            ],
            [
              -117.0102416,
              32.8392782
            ],
            [
              -117.0102378,
              32.8393096
            ],
            [
              -117.0102432,
              32.839318
            ],
            [
              -117.0102411,
              32.8393286
            ],
            [
              -117.0102308,
              32.8393326
            ],
            [
              -117.0102167,
              32.8393299
            ],
            [
              -117.0102133,
              32.8393156
            ],
            [
              -117.0102143,
              32.8392844
            ],
            [
              -117.010216,
              32.83926
            ],
            [
              -117.010218,
              32.8392402
            ],
            [
              -117.0102068,
              32.8392221
            ],
            [
              -117.0102112,
              32.8391876
            ],
            [
              -117.0102309,
              32.8391632
            ],
            [
              -117.0102506,
              32.8391527
            ],
            [
              -117.010281,
              32.8391496
            ],
            [
              -117.0103001,
              32.8391454
            ],
            [
              -117.0103525,
              32.8391307
            ],
            [
              -117.0103839,
              32.839119
            ],
            [
              -117.0104272,
              32.8391088
            ],
            [
              -117.0104757,
              32.8391022
            ],
            [
              -117.0105484,
              32.8390761
            ],
            [
              -117.0105639,
              32.8390714
            ],
            [
              -117.0105828,
              32.8390697
            ],
            [
              -117.0105912,
              32.8390707
            ],
            [
              -117.0106094,
              32.8390789
            ],
            [
              -117.0106093,
              32.8390883
            ],
            [
              -117.0106055,
              32.8390993
            ],
            [
              -117.0106007,
              32.8391099
            ],
            [
              -117.0105661,
              32.8391332
            ],
            [
              -117.0105145,
              32.8391684
            ],
            [
              -117.0104918,
              32.8391816
            ],
            [
              -117.0104601,
              32.8391824
            ],
            [
              -117.0104553,
              32.8391807
            ]
          ]
        ]
      },
      "properties": {
        "course_id": "carlton_oaks_santee",
        "course_name": "Carlton Oaks Golf Course",
        "hole_number": 1,
        "feature_type": "bunker",
        "name": "hole_1_bunker",
        "feature-color": "#d4b483",
        "is_approximate": true,
        "source": "osm",
        "@id": "f76babdb-cfb2-4854-9bf4-1c85ba3a96c3",
        "osm_id": 1007057193
      }
    },
    {
      "type": "Feature",
      "bbox": [
        -117.0115029,
        32.8380552,
        -117.0102378,
        32.840064
      ],
      "geometry": {
        "type": "Polygon",
        "coordinates": [
          [
            [
              -117.0105874,
              32.8398077
            ],
            [
              -117.010549,
              32.8398962
            ],
            [
              -117.010508,
              32.839986
            ],
            [
              -117.0104756,
              32.8400381
            ],
            [
              -117.0103784,
              32.840064
            ],
            [
              -117.0102727,
              32.8400276
            ],
            [
              -117.0102524,
              32.8399553
            ],
            [
              -117.0102715,
              32.8398675
            ],
            [
              -117.0103245,
              32.839761
            ],
            [
              -117.01039,
              32.8396428
            ],
            [
              -117.0104211,
              32.8395355
            ],
            [
              -117.0103773,
              32.8394496
            ],
            [
              -117.0103183,
              32.8393778
            ],
            [
              -117.0102919,
              32.8393376
            ],
            [
              -117.0102413,
              32.8393067
            ],
            [
              -117.0102378,
              32.8393096
            ],
            [
              -117.0102416,
              32.8392782
            ],
            [
              -117.0102459,
              32.8392561
            ],
            [
              -117.0102671,
              32.8392374
            ],
            [
              -117.0102938,
              32.8392153
            ],
            [
              -117.0103443,
              32.8392085
            ],
            [
              -117.0104128,
              32.8391879
            ],
            [
              -117.0104938,
              32.839184
            ],
            [
              -117.0105459,
              32.8391508
            ],
            [
              -117.0106058,
              32.8391107
            ],
            [
              -117.0106168,
              32.8390783
            ],
            [
              -117.0105909,
              32.8390671
            ],
            [
              -117.0105432,
              32.8390684
            ],
            [
              -117.0104992,
              32.8390599
            ],
            [
              -117.0104792,
              32.8390165
            ],
            [
              -117.0105324,
              32.8389783
            ],
            [
              -117.0105663,
              32.8389301
            ],
            [
              -117.0106562,
              32.8389144
            ],
            [
              -117.0107492,
              32.8388413
            ],
            [
              -117.0107749,
              32.8387895
            ],
            [
              -117.0108253,
              32.8386957
            ],
            [
              -117.0108652,
              32.8386205
            ],
            [
              -117.0108894,
              32.8385174
            ],
            [
              -117.0109235,
              32.8384215
            ],
            [
              -117.0109492,
              32.8383576
            ],
            [
              -117.0110009,
              32.8382678
            ],
            [
              -117.0110422,
              32.8381873
            ],
            [
              -117.0111051,
              32.8381681
            ],
            [
              -117.0111223,
              32.838163
            ],
            [
              -117.0111358,
              32.8381573
            ],
            [
              -117.011189,
              32.8381351
            ],
            [
              -117.0112713,
              32.8381033
            ],
            [
              -117.0113128,
              32.8381188
            ],
            [
              -117.0113248,
              32.8381197
            ],
            [
              -117.0113638,
              32.8381223
            ],
            [
              -117.0113977,
              32.8381062
            ],
            [
              -117.0114212,
              32.8380954
            ],
            [
              -117.0114305,
              32.8380753
            ],
            [
              -117.0114408,
              32.8380552
            ],
            [
              -117.0114806,
              32.8381005
            ],
            [
              -117.0115029,
              32.8381871
            ],
            [
              -117.011466,
              32.8383037
            ],
            [
              -117.0113977,
              32.8384236
            ],
            [
              -117.011324,
              32.8385705
            ],
            [
              -117.0112216,
              32.8387264
            ],
            [
              -117.0111758,
              32.8387818
            ],
            [
              -117.0111295,
              32.8388083
            ],
            [
              -117.011089,
              32.8388423
            ],
            [
              -117.011038,
              32.8388923
            ],
            [
              -117.0110333,
              32.8389524
            ],
            [
              -117.011067,
              32.8390277
            ],
            [
              -117.011034,
              32.8391218
            ],
            [
              -117.0109844,
              32.8392185
            ],
            [
              -117.0109368,
              32.8393672
            ],
            [
              -117.010847,
              32.8394977
            ],
            [
              -117.0107356,
              32.8396117
            ],
            [
              -117.0106456,
              32.8396769
            ],
            [
              -117.0106324,
              32.8397185
            ],
            [
              -117.0106201,
              32.8397422
            ],
            [
              -117.0105961,
              32.8397478
            ],
            [
              -117.0105874,
              32.8398077
            ]
          ]
        ]
      },
      "properties": {
        "course_id": "carlton_oaks_santee",
        "course_name": "Carlton Oaks Golf Course",
        "hole_number": 1,
        "feature_type": "fairway",
        "name": "hole_1_fairway",
        "feature-color": "#4a7c3f",
        "is_approximate": true,
        "source": "osm",
        "@id": "3472aa1c-3f3d-4a60-9cc2-37465ed77580",
        "osm_id": 1007057194
      }
    },
    {
      "type": "Feature",
      "bbox": [
        -117.0114523,
        32.8378706,
        -117.0111817,
        32.8381223
      ],
      "geometry": {
        "type": "Polygon",
        "coordinates": [
          [
            [
              -117.0112163,
              32.8378909
            ],
            [
              -117.0111969,
              32.8379162
            ],
            [
              -117.0111851,
              32.8379592
            ],
            [
              -117.0111817,
              32.8379985
            ],
            [
              -117.0112216,
              32.838033
            ],
            [
              -117.0112498,
              32.8380732
            ],
            [
              -117.0112713,
              32.8381033
            ],
            [
              -117.0113128,
              32.8381188
            ],
            [
              -117.0113248,
              32.8381197
            ],
            [
              -117.0113638,
              32.8381223
            ],
            [
              -117.0113977,
              32.8381062
            ],
            [
              -117.0114212,
              32.8380954
            ],
            [
              -117.0114305,
              32.8380753
            ],
            [
              -117.0114464,
              32.8380433
            ],
            [
              -117.0114523,
              32.8380107
            ],
            [
              -117.0114321,
              32.8379542
            ],
            [
              -117.0113989,
              32.8379051
            ],
            [
              -117.0113322,
              32.837882
            ],
            [
              -117.0112821,
              32.8378724
            ],
            [
              -117.0112457,
              32.8378706
            ],
            [
              -117.0112163,
              32.8378909
            ]
          ]
        ]
      },
      "properties": {
        "course_id": "carlton_oaks_santee",
        "course_name": "Carlton Oaks Golf Course",
        "hole_number": 1,
        "feature_type": "green",
        "name": "hole_1_green",
        "feature-color": "#2d6e2d",
        "is_approximate": true,
        "source": "osm",
        "@id": "53efa3e1-7dea-4fcb-b6b8-8df70fb1fac0",
        "osm_id": 1007059732
      }
    },
    {
      "type": "Feature",
      "bbox": [
        -117.0112336,
        32.8380189,
        -117.0110677,
        32.8381681
      ],
      "geometry": {
        "type": "Polygon",
        "coordinates": [
          [
            [
              -117.0111084,
              32.8380836
            ],
            [
              -117.0110924,
              32.8380998
            ],
            [
              -117.0110778,
              32.8381152
            ],
            [
              -117.0110689,
              32.8381307
            ],
            [
              -117.0110682,
              32.83814
            ],
            [
              -117.0110677,
              32.8381491
            ],
            [
              -117.0110705,
              32.8381592
            ],
            [
              -117.0110854,
              32.8381655
            ],
            [
              -117.0111051,
              32.8381681
            ],
            [
              -117.0111358,
              32.8381573
            ],
            [
              -117.0111647,
              32.8381395
            ],
            [
              -117.0112141,
              32.8381189
            ],
            [
              -117.0112301,
              32.8381058
            ],
            [
              -117.0112336,
              32.8380905
            ],
            [
              -117.0112311,
              32.8380758
            ],
            [
              -117.0112232,
              32.838061
            ],
            [
              -117.0112135,
              32.8380394
            ],
            [
              -117.0111908,
              32.838025
            ],
            [
              -117.0111755,
              32.8380192
            ],
            [
              -117.0111592,
              32.8380189
            ],
            [
              -117.0111418,
              32.8380247
            ],
            [
              -117.0111318,
              32.8380375
            ],
            [
              -117.0111291,
              32.8380547
            ],
            [
              -117.0111189,
              32.8380717
            ],
            [
              -117.0111084,
              32.8380836
            ]
          ]
        ]
      },
      "properties": {
        "course_id": "carlton_oaks_santee",
        "course_name": "Carlton Oaks Golf Course",
        "hole_number": 1,
        "feature_type": "bunker",
        "name": "hole_1_bunker_2",
        "feature-color": "#d4b483",
        "is_approximate": true,
        "source": "osm",
        "@id": "742c04ab-a490-42d9-88b5-ab77ef5013f3",
        "osm_id": 1007059733
      }
    },
    {
      "type": "Feature",
      "bbox": [
        -117.0114706,
        32.837845,
        -117.0113761,
        32.8378928
      ],
      "geometry": {
        "type": "Polygon",
        "coordinates": [
          [
            [
              -117.0113916,
              32.8378775
            ],
            [
              -117.0113803,
              32.8378688
            ],
            [
              -117.0113761,
              32.8378587
            ],
            [
              -117.0113804,
              32.8378498
            ],
            [
              -117.0113899,
              32.837845
            ],
            [
              -117.0114018,
              32.8378467
            ],
            [
              -117.0114379,
              32.8378578
            ],
            [
              -117.0114619,
              32.8378688
            ],
            [
              -117.0114706,
              32.8378777
            ],
            [
              -117.0114656,
              32.8378873
            ],
            [
              -117.0114523,
              32.8378923
            ],
            [
              -117.0114373,
              32.8378928
            ],
            [
              -117.0114096,
              32.8378871
            ],
            [
              -117.0113916,
              32.8378775
            ]
          ]
        ]
      },
      "properties": {
        "course_id": "carlton_oaks_santee",
        "course_name": "Carlton Oaks Golf Course",
        "hole_number": 1,
        "feature_type": "bunker",
        "name": "hole_1_bunker_3",
        "feature-color": "#d4b483",
        "is_approximate": true,
        "source": "osm",
        "@id": "1075498c-106e-4891-86bf-79c934fef890",
        "osm_id": 1007059734
      }
    },
    {
      "type": "Feature",
      "bbox": [
        -117.0110448,
        32.8394525,
        -117.01062,
        32.8397877
      ],
      "geometry": {
        "type": "Polygon",
        "coordinates": [
          [
            [
              -117.0108324,
              32.8396801
            ],
            [
              -117.0107857,
              32.8397219
            ],
            [
              -117.0107578,
              32.8397552
            ],
            [
              -117.0107367,
              32.8397689
            ],
            [
              -117.0106913,
              32.8397849
            ],
            [
              -117.010656,
              32.8397877
            ],
            [
              -117.0106364,
              32.8397763
            ],
            [
              -117.010628,
              32.8397698
            ],
            [
              -117.01062,
              32.8397552
            ],
            [
              -117.0106201,
              32.8397422
            ],
            [
              -117.0106324,
              32.8397185
            ],
            [
              -117.0106747,
              32.8396902
            ],
            [
              -117.0107218,
              32.839663
            ],
            [
              -117.0107709,
              32.8396084
            ],
            [
              -117.0108204,
              32.8395742
            ],
            [
              -117.0108512,
              32.8395532
            ],
            [
              -117.0108567,
              32.8395262
            ],
            [
              -117.0109231,
              32.8394625
            ],
            [
              -117.0109729,
              32.8394525
            ],
            [
              -117.011033,
              32.8395234
            ],
            [
              -117.0110448,
              32.839556
            ],
            [
              -117.0110271,
              32.8395931
            ],
            [
              -117.0110128,
              32.839609
            ],
            [
              -117.0109837,
              32.8396182
            ],
            [
              -117.0109087,
              32.8396161
            ],
            [
              -117.0108624,
              32.8396247
            ],
            [
              -117.0108507,
              32.839653
            ],
            [
              -117.0108324,
              32.8396801
            ]
          ]
        ]
      },
      "properties": {
        "course_id": "carlton_oaks_santee",
        "course_name": "Carlton Oaks Golf Course",
        "hole_number": 1,
        "feature_type": "bunker",
        "name": "hole_1_bunker_4",
        "feature-color": "#d4b483",
        "is_approximate": true,
        "source": "osm",
        "@id": "fe43f75e-3ae4-4d80-a76d-7941848d48e1",
        "osm_id": 1007059735
      }
    },
    {
      "type": "Feature",
      "bbox": [
        -117.0112146,
        32.8388716,
        -117.0110527,
        32.8391186
      ],
      "geometry": {
        "type": "Polygon",
        "coordinates": [
          [
            [
              -117.0112146,
              32.8390979
            ],
            [
              -117.0111912,
              32.8391163
            ],
            [
              -117.0111682,
              32.8391186
            ],
            [
              -117.0111452,
              32.8391104
            ],
            [
              -117.0111194,
              32.8390544
            ],
            [
              -117.0111035,
              32.8390052
            ],
            [
              -117.0110903,
              32.8389611
            ],
            [
              -117.0110549,
              32.8389075
            ],
            [
              -117.0110527,
              32.8388772
            ],
            [
              -117.0110829,
              32.8388716
            ],
            [
              -117.0111111,
              32.8388918
            ],
            [
              -117.0111403,
              32.8389188
            ],
            [
              -117.0111531,
              32.8389375
            ],
            [
              -117.0111547,
              32.8389678
            ],
            [
              -117.0111557,
              32.8389955
            ],
            [
              -117.0111562,
              32.8390148
            ],
            [
              -117.0111861,
              32.8390402
            ],
            [
              -117.0112139,
              32.8390742
            ],
            [
              -117.0112146,
              32.8390979
            ]
          ]
        ]
      },
      "properties": {
        "course_id": "carlton_oaks_santee",
        "course_name": "Carlton Oaks Golf Course",
        "hole_number": 1,
        "feature_type": "bunker",
        "name": "hole_1_bunker_5",
        "feature-color": "#d4b483",
        "is_approximate": true,
        "source": "osm",
        "@id": "3b987c3e-51ee-4d2f-b283-c9ea3cd945d0",
        "osm_id": 1007059736
      }
    },
    {
      "type": "Feature",
      "bbox": [
        -117.0120996,
        32.8378064,
        -117.0119492,
        32.8382108
      ],
      "geometry": {
        "type": "Polygon",
        "coordinates": [
          [
            [
              -117.0120412,
              32.8382063
            ],
            [
              -117.0120695,
              32.838181
            ],
            [
              -117.0120925,
              32.8381424
            ],
            [
              -117.0120925,
              32.8381126
            ],
            [
              -117.0120978,
              32.8380814
            ],
            [
              -117.0120996,
              32.8380576
            ],
            [
              -117.0120978,
              32.8380383
            ],
            [
              -117.0120854,
              32.838013
            ],
            [
              -117.0120783,
              32.8379937
            ],
            [
              -117.0120766,
              32.837958
            ],
            [
              -117.0120748,
              32.8379268
            ],
            [
              -117.0120854,
              32.8378941
            ],
            [
              -117.0120943,
              32.8378643
            ],
            [
              -117.012096,
              32.8378287
            ],
            [
              -117.0120713,
              32.8378064
            ],
            [
              -117.0120412,
              32.8378138
            ],
            [
              -117.0120182,
              32.8378316
            ],
            [
              -117.0120146,
              32.8378629
            ],
            [
              -117.012004,
              32.8379075
            ],
            [
              -117.0119969,
              32.8379491
            ],
            [
              -117.0119828,
              32.8379863
            ],
            [
              -117.0119916,
              32.8380234
            ],
            [
              -117.0119845,
              32.8380502
            ],
            [
              -117.0119757,
              32.8380784
            ],
            [
              -117.0119598,
              32.8381022
            ],
            [
              -117.0119545,
              32.838126
            ],
            [
              -117.0119492,
              32.8381498
            ],
            [
              -117.0119668,
              32.8381781
            ],
            [
              -117.0119792,
              32.8381989
            ],
            [
              -117.0120093,
              32.8382108
            ],
            [
              -117.0120412,
              32.8382063
            ]
          ]
        ]
      },
      "properties": {
        "course_id": "carlton_oaks_santee",
        "course_name": "Carlton Oaks Golf Course",
        "hole_number": 2,
        "feature_type": "tee_box",
        "name": "hole_2_tee_box",
        "feature-color": "#8b7355",
        "is_approximate": true,
        "source": "osm",
        "@id": "b6024f95-804f-45e6-bd72-a837d4de22ad",
        "osm_id": 1126701047
      }
    },
    {
      "type": "Feature",
      "bbox": [
        -117.0118147,
        32.838407,
        -117.0115085,
        32.8389631
      ],
      "geometry": {
        "type": "Polygon",
        "coordinates": [
          [
            [
              -117.0115864,
              32.8389631
            ],
            [
              -117.0116147,
              32.8389482
            ],
            [
              -117.0116306,
              32.8389289
            ],
            [
              -117.0116377,
              32.8389007
            ],
            [
              -117.0116395,
              32.8388784
            ],
            [
              -117.0116412,
              32.8388575
            ],
            [
              -117.0116501,
              32.8388308
            ],
            [
              -117.0116607,
              32.8388025
            ],
            [
              -117.0116819,
              32.8387624
            ],
            [
              -117.0116872,
              32.8387445
            ],
            [
              -117.0116943,
              32.8387163
            ],
            [
              -117.0117085,
              32.8386776
            ],
            [
              -117.011712,
              32.8386375
            ],
            [
              -117.0117439,
              32.8385929
            ],
            [
              -117.0117687,
              32.8385379
            ],
            [
              -117.0117899,
              32.8385111
            ],
            [
              -117.0118058,
              32.8384814
            ],
            [
              -117.0118147,
              32.8384516
            ],
            [
              -117.0118094,
              32.8384234
            ],
            [
              -117.0117775,
              32.838407
            ],
            [
              -117.0117315,
              32.838407
            ],
            [
              -117.0117032,
              32.8384219
            ],
            [
              -117.0116872,
              32.8384442
            ],
            [
              -117.0116713,
              32.8384829
            ],
            [
              -117.0116642,
              32.8385185
            ],
            [
              -117.0116501,
              32.8385691
            ],
            [
              -117.0116324,
              32.8385988
            ],
            [
              -117.0116094,
              32.8386345
            ],
            [
              -117.0115811,
              32.8386672
            ],
            [
              -117.0115563,
              32.838694
            ],
            [
              -117.011528,
              32.838746
            ],
            [
              -117.0115103,
              32.8387981
            ],
            [
              -117.0115085,
              32.8388456
            ],
            [
              -117.0115156,
              32.8389007
            ],
            [
              -117.0115227,
              32.8389378
            ],
            [
              -117.0115475,
              32.8389572
            ],
            [
              -117.0115864,
              32.8389631
            ]
          ]
        ]
      },
      "properties": {
        "course_id": "carlton_oaks_santee",
        "course_name": "Carlton Oaks Golf Course",
        "hole_number": 2,
        "feature_type": "bunker",
        "name": "hole_2_bunker",
        "feature-color": "#d4b483",
        "is_approximate": true,
        "source": "osm",
        "@id": "603f6ce7-f180-4875-9b9c-a2345bcac501",
        "osm_id": 1126701048
      }
    },
    {
      "type": "Feature",
      "bbox": [
        -117.0117503,
        32.8390534,
        -117.0113791,
        32.8393869
      ],
      "geometry": {
        "type": "Polygon",
        "coordinates": [
          [
            [
              -117.0115682,
              32.8390926
            ],
            [
              -117.0116032,
              32.8390769
            ],
            [
              -117.0116392,
              32.8390646
            ],
            [
              -117.0116849,
              32.8390534
            ],
            [
              -117.0117246,
              32.8390828
            ],
            [
              -117.011748,
              32.8391064
            ],
            [
              -117.011748,
              32.8391397
            ],
            [
              -117.0117503,
              32.8391652
            ],
            [
              -117.0117176,
              32.8391947
            ],
            [
              -117.011692,
              32.8392162
            ],
            [
              -117.0116756,
              32.8392633
            ],
            [
              -117.0116756,
              32.8392888
            ],
            [
              -117.0116593,
              32.8393124
            ],
            [
              -117.0116079,
              32.839332
            ],
            [
              -117.0115542,
              32.8393614
            ],
            [
              -117.0115028,
              32.839381
            ],
            [
              -117.0114631,
              32.8393869
            ],
            [
              -117.0114281,
              32.8393869
            ],
            [
              -117.0114071,
              32.8393653
            ],
            [
              -117.0113884,
              32.8393438
            ],
            [
              -117.0113861,
              32.8393222
            ],
            [
              -117.0113791,
              32.8392986
            ],
            [
              -117.0113931,
              32.8392672
            ],
            [
              -117.0114141,
              32.8392515
            ],
            [
              -117.0114444,
              32.8392339
            ],
            [
              -117.0114771,
              32.8392104
            ],
            [
              -117.0114981,
              32.8391927
            ],
            [
              -117.0115122,
              32.8391731
            ],
            [
              -117.0115355,
              32.8391593
            ],
            [
              -117.0115495,
              32.8391221
            ],
            [
              -117.0115682,
              32.8390926
            ]
          ]
        ]
      },
      "properties": {
        "course_id": "carlton_oaks_santee",
        "course_name": "Carlton Oaks Golf Course",
        "hole_number": 2,
        "feature_type": "green",
        "name": "hole_2_green",
        "feature-color": "#2d6e2d",
        "is_approximate": true,
        "source": "osm",
        "@id": "9fa7a6aa-11cc-490c-bf44-f0e9292549c5",
        "osm_id": 1126701049
      }
    },
    {
      "type": "Feature",
      "bbox": [
        -117.0115172,
        32.8388971,
        -117.011303,
        32.8392525
      ],
      "geometry": {
        "type": "Polygon",
        "coordinates": [
          [
            [
              -117.0114198,
              32.8392242
            ],
            [
              -117.0113951,
              32.8392272
            ],
            [
              -117.0113827,
              32.8392391
            ],
            [
              -117.0113667,
              32.839251
            ],
            [
              -117.0113402,
              32.8392525
            ],
            [
              -117.0113066,
              32.8392346
            ],
            [
              -117.011303,
              32.8392093
            ],
            [
              -117.0113101,
              32.8391885
            ],
            [
              -117.0113331,
              32.8391707
            ],
            [
              -117.0113473,
              32.8391543
            ],
            [
              -117.0113526,
              32.8391276
            ],
            [
              -117.0113526,
              32.8391127
            ],
            [
              -117.011349,
              32.8390904
            ],
            [
              -117.0113473,
              32.839074
            ],
            [
              -117.0113473,
              32.8390473
            ],
            [
              -117.0113632,
              32.8390235
            ],
            [
              -117.0113721,
              32.8390027
            ],
            [
              -117.0113862,
              32.8389596
            ],
            [
              -117.0113862,
              32.8389373
            ],
            [
              -117.0114004,
              32.838912
            ],
            [
              -117.0114251,
              32.8388971
            ],
            [
              -117.0114464,
              32.8388971
            ],
            [
              -117.0114711,
              32.838909
            ],
            [
              -117.0114906,
              32.8389268
            ],
            [
              -117.011503,
              32.8389506
            ],
            [
              -117.0115101,
              32.8389804
            ],
            [
              -117.0115048,
              32.8389997
            ],
            [
              -117.0114977,
              32.839019
            ],
            [
              -117.0114977,
              32.8390458
            ],
            [
              -117.0114995,
              32.839074
            ],
            [
              -117.0115083,
              32.8391023
            ],
            [
              -117.0115154,
              32.8391231
            ],
            [
              -117.0115172,
              32.8391469
            ],
            [
              -117.0114995,
              32.8391677
            ],
            [
              -117.0114658,
              32.839187
            ],
            [
              -117.0114428,
              32.8392049
            ],
            [
              -117.0114198,
              32.8392242
            ]
          ]
        ]
      },
      "properties": {
        "course_id": "carlton_oaks_santee",
        "course_name": "Carlton Oaks Golf Course",
        "hole_number": 2,
        "feature_type": "bunker",
        "name": "hole_2_bunker_2",
        "feature-color": "#d4b483",
        "is_approximate": true,
        "source": "osm",
        "@id": "add106ac-5c95-43d2-a66d-ad0f4d184963",
        "osm_id": 1126701050
      }
    },
    {
      "type": "Feature",
      "bbox": [
        -117.0117673,
        32.8394747,
        -117.0114589,
        32.8396696
      ],
      "geometry": {
        "type": "Polygon",
        "coordinates": [
          [
            [
              -117.0116963,
              32.8394826
            ],
            [
              -117.0117311,
              32.8394747
            ],
            [
              -117.0117526,
              32.8394826
            ],
            [
              -117.0117633,
              32.8394972
            ],
            [
              -117.0117673,
              32.839522
            ],
            [
              -117.0117593,
              32.8395434
            ],
            [
              -117.0117231,
              32.8395659
            ],
            [
              -117.0116721,
              32.8395919
            ],
            [
              -117.0116265,
              32.8396155
            ],
            [
              -117.011601,
              32.8396437
            ],
            [
              -117.0115662,
              32.8396583
            ],
            [
              -117.0115152,
              32.8396696
            ],
            [
              -117.0114817,
              32.8396674
            ],
            [
              -117.0114642,
              32.8396527
            ],
            [
              -117.0114589,
              32.8396335
            ],
            [
              -117.0114589,
              32.8396166
            ],
            [
              -117.0114683,
              32.8395997
            ],
            [
              -117.011487,
              32.8395851
            ],
            [
              -117.0115098,
              32.8395716
            ],
            [
              -117.0115313,
              32.8395659
            ],
            [
              -117.0115742,
              32.8395558
            ],
            [
              -117.0115957,
              32.8395479
            ],
            [
              -117.0116305,
              32.8395333
            ],
            [
              -117.0116466,
              32.8395141
            ],
            [
              -117.0116627,
              32.839495
            ],
            [
              -117.0116963,
              32.8394826
            ]
          ]
        ]
      },
      "properties": {
        "course_id": "carlton_oaks_santee",
        "course_name": "Carlton Oaks Golf Course",
        "hole_number": 3,
        "feature_type": "tee_box",
        "name": "hole_3_tee_box",
        "feature-color": "#8b7355",
        "is_approximate": true,
        "source": "osm",
        "@id": "6e8008dd-def2-4d56-ab39-703668c2e25b",
        "osm_id": 1126704749
      }
    },
    {
      "type": "Feature",
      "bbox": [
        -117.0124164,
        32.8390285,
        -117.0120825,
        32.839229
      ],
      "geometry": {
        "type": "Polygon",
        "coordinates": [
          [
            [
              -117.012171,
              32.8392189
            ],
            [
              -117.0122019,
              32.8392133
            ],
            [
              -117.012222,
              32.8391952
            ],
            [
              -117.0122475,
              32.8391772
            ],
            [
              -117.0122837,
              32.8391648
            ],
            [
              -117.0123159,
              32.839149
            ],
            [
              -117.0123454,
              32.8391355
            ],
            [
              -117.0123775,
              32.8391209
            ],
            [
              -117.0123963,
              32.8391085
            ],
            [
              -117.0124124,
              32.8390814
            ],
            [
              -117.0124164,
              32.8390611
            ],
            [
              -117.012403,
              32.8390397
            ],
            [
              -117.0123668,
              32.8390285
            ],
            [
              -117.0123172,
              32.8390442
            ],
            [
              -117.0122756,
              32.83906
            ],
            [
              -117.0122314,
              32.8390826
            ],
            [
              -117.0122139,
              32.8391028
            ],
            [
              -117.0121884,
              32.8391152
            ],
            [
              -117.0121428,
              32.8391287
            ],
            [
              -117.0121147,
              32.8391434
            ],
            [
              -117.0120879,
              32.8391637
            ],
            [
              -117.0120825,
              32.8392031
            ],
            [
              -117.012104,
              32.8392268
            ],
            [
              -117.0121375,
              32.839229
            ],
            [
              -117.012171,
              32.8392189
            ]
          ]
        ]
      },
      "properties": {
        "course_id": "carlton_oaks_santee",
        "course_name": "Carlton Oaks Golf Course",
        "hole_number": 3,
        "feature_type": "tee_box",
        "name": "hole_3_tee_box_2",
        "feature-color": "#8b7355",
        "is_approximate": true,
        "source": "osm",
        "@id": "b14d5c31-50a4-410a-91e0-b83db7c664f6",
        "osm_id": 1126704750
      }
    },
    {
      "type": "Feature",
      "bbox": [
        -117.0134611,
        32.8382784,
        -117.0133503,
        32.8383433
      ],
      "geometry": {
        "type": "Polygon",
        "coordinates": [
          [
            [
              -117.0133675,
              32.8382826
            ],
            [
              -117.013397,
              32.8382784
            ],
            [
              -117.0134184,
              32.8382809
            ],
            [
              -117.0134367,
              32.8382912
            ],
            [
              -117.013456,
              32.8383065
            ],
            [
              -117.0134611,
              32.8383219
            ],
            [
              -117.0134519,
              32.8383347
            ],
            [
              -117.0134356,
              32.8383415
            ],
            [
              -117.0134041,
              32.8383433
            ],
            [
              -117.0133818,
              32.8383339
            ],
            [
              -117.0133625,
              32.8383253
            ],
            [
              -117.0133543,
              32.8383117
            ],
            [
              -117.0133503,
              32.8382963
            ],
            [
              -117.0133523,
              32.8382886
            ],
            [
              -117.0133675,
              32.8382826
            ]
          ]
        ]
      },
      "properties": {
        "course_id": "carlton_oaks_santee",
        "course_name": "Carlton Oaks Golf Course",
        "hole_number": 3,
        "feature_type": "bunker",
        "name": "hole_3_bunker",
        "feature-color": "#d4b483",
        "is_approximate": true,
        "source": "osm",
        "@id": "e98ed5dd-6179-4dd3-a615-75b2ea7baf81",
        "osm_id": 1126704751
      }
    },
    {
      "type": "Feature",
      "bbox": [
        -117.0139865,
        32.8381528,
        -117.0138026,
        32.8382391
      ],
      "geometry": {
        "type": "Polygon",
        "coordinates": [
          [
            [
              -117.0138066,
              32.8382041
            ],
            [
              -117.0138147,
              32.8381853
            ],
            [
              -117.013828,
              32.8381682
            ],
            [
              -117.0138402,
              32.8381579
            ],
            [
              -117.0138585,
              32.8381528
            ],
            [
              -117.0138788,
              32.8381597
            ],
            [
              -117.013895,
              32.8381725
            ],
            [
              -117.0139052,
              32.8381819
            ],
            [
              -117.0139235,
              32.8381878
            ],
            [
              -117.0139459,
              32.8382023
            ],
            [
              -117.0139581,
              32.8382126
            ],
            [
              -117.0139733,
              32.8382152
            ],
            [
              -117.0139865,
              32.8382297
            ],
            [
              -117.0139713,
              32.8382391
            ],
            [
              -117.0139479,
              32.8382348
            ],
            [
              -117.0139144,
              32.8382339
            ],
            [
              -117.0138696,
              32.8382339
            ],
            [
              -117.0138412,
              32.8382348
            ],
            [
              -117.0138206,
              32.838233
            ],
            [
              -117.0138127,
              32.8382322
            ],
            [
              -117.0138026,
              32.8382211
            ],
            [
              -117.0138066,
              32.8382041
            ]
          ]
        ]
      },
      "properties": {
        "course_id": "carlton_oaks_santee",
        "course_name": "Carlton Oaks Golf Course",
        "hole_number": 3,
        "feature_type": "bunker",
        "name": "hole_3_bunker_2",
        "feature-color": "#d4b483",
        "is_approximate": true,
        "source": "osm",
        "@id": "cf084221-284e-4f95-8525-b29272eb272b",
        "osm_id": 1126704752
      }
    },
    {
      "type": "Feature",
      "bbox": [
        -117.0143996,
        32.8383306,
        -117.0143182,
        32.8384614
      ],
      "geometry": {
        "type": "Polygon",
        "coordinates": [
          [
            [
              -117.0143757,
              32.8383551
            ],
            [
              -117.0143801,
              32.8383417
            ],
            [
              -117.0143784,
              32.8383313
            ],
            [
              -117.0143633,
              32.8383306
            ],
            [
              -117.0143492,
              32.8383343
            ],
            [
              -117.014335,
              32.8383447
            ],
            [
              -117.0143217,
              32.838364
            ],
            [
              -117.0143191,
              32.8383834
            ],
            [
              -117.0143182,
              32.8384042
            ],
            [
              -117.0143297,
              32.838428
            ],
            [
              -117.0143439,
              32.8384458
            ],
            [
              -117.0143642,
              32.8384577
            ],
            [
              -117.014389,
              32.8384614
            ],
            [
              -117.0143978,
              32.8384547
            ],
            [
              -117.0143996,
              32.8384406
            ],
            [
              -117.0143925,
              32.838428
            ],
            [
              -117.0143784,
              32.838419
            ],
            [
              -117.0143669,
              32.8384168
            ],
            [
              -117.0143571,
              32.8384101
            ],
            [
              -117.0143527,
              32.838399
            ],
            [
              -117.0143536,
              32.8383834
            ],
            [
              -117.0143607,
              32.83837
            ],
            [
              -117.0143642,
              32.8383625
            ],
            [
              -117.0143757,
              32.8383551
            ]
          ]
        ]
      },
      "properties": {
        "course_id": "carlton_oaks_santee",
        "course_name": "Carlton Oaks Golf Course",
        "hole_number": 3,
        "feature_type": "bunker",
        "name": "hole_3_bunker_3",
        "feature-color": "#d4b483",
        "is_approximate": true,
        "source": "osm",
        "@id": "c232bc8e-976b-4671-8625-3306ac8eb254",
        "osm_id": 1126704753
      }
    },
    {
      "type": "Feature",
      "bbox": [
        -117.0158302,
        32.837898,
        -117.015194,
        32.8382462
      ],
      "geometry": {
        "type": "Polygon",
        "coordinates": [
          [
            [
              -117.0151955,
              32.8382216
            ],
            [
              -117.015194,
              32.838206
            ],
            [
              -117.015194,
              32.8381905
            ],
            [
              -117.015214,
              32.8381763
            ],
            [
              -117.0152433,
              32.8381659
            ],
            [
              -117.0152849,
              32.8381452
            ],
            [
              -117.0153419,
              32.838118
            ],
            [
              -117.0153804,
              32.8380999
            ],
            [
              -117.015405,
              32.8380818
            ],
            [
              -117.0154605,
              32.8380585
            ],
            [
              -117.0155005,
              32.8380352
            ],
            [
              -117.0155483,
              32.8380054
            ],
            [
              -117.015593,
              32.8379782
            ],
            [
              -117.0156376,
              32.8379485
            ],
            [
              -117.01569,
              32.8379226
            ],
            [
              -117.0157532,
              32.8378993
            ],
            [
              -117.015784,
              32.837898
            ],
            [
              -117.0158071,
              32.8379083
            ],
            [
              -117.015821,
              32.8379265
            ],
            [
              -117.0158271,
              32.8379497
            ],
            [
              -117.0158302,
              32.8379756
            ],
            [
              -117.0158256,
              32.8379963
            ],
            [
              -117.0158117,
              32.8380184
            ],
            [
              -117.015784,
              32.8380248
            ],
            [
              -117.0157393,
              32.8380391
            ],
            [
              -117.0156993,
              32.8380611
            ],
            [
              -117.0156453,
              32.8380831
            ],
            [
              -117.0156053,
              32.8381141
            ],
            [
              -117.0155683,
              32.83814
            ],
            [
              -117.0155159,
              32.8381594
            ],
            [
              -117.0154651,
              32.8381827
            ],
            [
              -117.0154096,
              32.8382047
            ],
            [
              -117.0153696,
              32.8382203
            ],
            [
              -117.0153033,
              32.8382397
            ],
            [
              -117.0152556,
              32.8382462
            ],
            [
              -117.0152171,
              32.8382449
            ],
            [
              -117.0152001,
              32.8382345
            ],
            [
              -117.0151955,
              32.8382216
            ]
          ]
        ]
      },
      "properties": {
        "course_id": "carlton_oaks_santee",
        "course_name": "Carlton Oaks Golf Course",
        "hole_number": 3,
        "feature_type": "bunker",
        "name": "hole_3_bunker_4",
        "feature-color": "#d4b483",
        "is_approximate": true,
        "source": "osm",
        "@id": "412b38be-fcbf-4e2d-b1b8-dd8cdadde53b",
        "osm_id": 1126704754
      }
    },
    {
      "type": "Feature",
      "bbox": [
        -117.0160259,
        32.8378837,
        -117.0159088,
        32.8379692
      ],
      "geometry": {
        "type": "Polygon",
        "coordinates": [
          [
            [
              -117.0159103,
              32.8379006
            ],
            [
              -117.0159226,
              32.8378915
            ],
            [
              -117.0159473,
              32.8378837
            ],
            [
              -117.0159658,
              32.8378902
            ],
            [
              -117.0159843,
              32.8379006
            ],
            [
              -117.0159981,
              32.8379135
            ],
            [
              -117.016012,
              32.8379316
            ],
            [
              -117.0160243,
              32.8379446
            ],
            [
              -117.0160259,
              32.8379601
            ],
            [
              -117.0160104,
              32.8379692
            ],
            [
              -117.0159843,
              32.8379679
            ],
            [
              -117.015955,
              32.8379588
            ],
            [
              -117.0159365,
              32.8379472
            ],
            [
              -117.0159226,
              32.8379368
            ],
            [
              -117.0159088,
              32.8379213
            ],
            [
              -117.0159103,
              32.8379006
            ]
          ]
        ]
      },
      "properties": {
        "course_id": "carlton_oaks_santee",
        "course_name": "Carlton Oaks Golf Course",
        "hole_number": 3,
        "feature_type": "bunker",
        "name": "hole_3_bunker_5",
        "feature-color": "#d4b483",
        "is_approximate": true,
        "source": "osm",
        "@id": "927d1844-b867-4622-bfb4-42c897c33a01",
        "osm_id": 1126704755
      }
    },
    {
      "type": "Feature",
      "bbox": [
        -117.0158025,
        32.8376042,
        -117.0157224,
        32.8376559
      ],
      "geometry": {
        "type": "Polygon",
        "coordinates": [
          [
            [
              -117.0157378,
              32.8376119
            ],
            [
              -117.0157516,
              32.8376042
            ],
            [
              -117.0157732,
              32.8376093
            ],
            [
              -117.0157917,
              32.8376184
            ],
            [
              -117.0158025,
              32.83763
            ],
            [
              -117.0157979,
              32.8376482
            ],
            [
              -117.0157686,
              32.8376559
            ],
            [
              -117.0157455,
              32.8376559
            ],
            [
              -117.0157301,
              32.8376417
            ],
            [
              -117.0157224,
              32.8376262
            ],
            [
              -117.0157378,
              32.8376119
            ]
          ]
        ]
      },
      "properties": {
        "course_id": "carlton_oaks_santee",
        "course_name": "Carlton Oaks Golf Course",
        "hole_number": 3,
        "feature_type": "bunker",
        "name": "hole_3_bunker_6",
        "feature-color": "#d4b483",
        "is_approximate": true,
        "source": "osm",
        "@id": "f962a57b-62f6-4b19-811b-46c1144841da",
        "osm_id": 1126704756
      }
    },
    {
      "type": "Feature",
      "bbox": [
        -117.0160413,
        32.837555,
        -117.0159766,
        32.8376042
      ],
      "geometry": {
        "type": "Polygon",
        "coordinates": [
          [
            [
              -117.0159858,
              32.837564
            ],
            [
              -117.0160043,
              32.837555
            ],
            [
              -117.0160259,
              32.8375563
            ],
            [
              -117.0160382,
              32.8375692
            ],
            [
              -117.0160413,
              32.8375925
            ],
            [
              -117.0160274,
              32.8376042
            ],
            [
              -117.0160012,
              32.8376003
            ],
            [
              -117.0159843,
              32.8375912
            ],
            [
              -117.0159766,
              32.8375757
            ],
            [
              -117.0159858,
              32.837564
            ]
          ]
        ]
      },
      "properties": {
        "course_id": "carlton_oaks_santee",
        "course_name": "Carlton Oaks Golf Course",
        "hole_number": 3,
        "feature_type": "bunker",
        "name": "hole_3_bunker_7",
        "feature-color": "#d4b483",
        "is_approximate": true,
        "source": "osm",
        "@id": "72910cf4-7b69-475c-abf7-2ff1eb865dcb",
        "osm_id": 1126704757
      }
    },
    {
      "type": "Feature",
      "bbox": [
        -117.0161537,
        32.8377116,
        -117.0158949,
        32.8378824
      ],
      "geometry": {
        "type": "Polygon",
        "coordinates": [
          [
            [
              -117.0158995,
              32.8377944
            ],
            [
              -117.0159057,
              32.8377647
            ],
            [
              -117.0159457,
              32.8377388
            ],
            [
              -117.0159858,
              32.8377206
            ],
            [
              -117.0160413,
              32.8377116
            ],
            [
              -117.0160782,
              32.8377181
            ],
            [
              -117.0160851,
              32.8377218
            ],
            [
              -117.0161183,
              32.8377388
            ],
            [
              -117.0161414,
              32.8377595
            ],
            [
              -117.0161522,
              32.8377892
            ],
            [
              -117.0161537,
              32.837819
            ],
            [
              -117.016146,
              32.8378488
            ],
            [
              -117.0161121,
              32.8378734
            ],
            [
              -117.0160736,
              32.8378824
            ],
            [
              -117.0160366,
              32.8378773
            ],
            [
              -117.0160043,
              32.8378682
            ],
            [
              -117.0159704,
              32.8378578
            ],
            [
              -117.0159484,
              32.8378536
            ],
            [
              -117.0159303,
              32.8378501
            ],
            [
              -117.0159011,
              32.8378371
            ],
            [
              -117.0158949,
              32.8378151
            ],
            [
              -117.0158995,
              32.8377944
            ]
          ]
        ]
      },
      "properties": {
        "course_id": "carlton_oaks_santee",
        "course_name": "Carlton Oaks Golf Course",
        "hole_number": 3,
        "feature_type": "green",
        "name": "hole_3_green",
        "feature-color": "#2d6e2d",
        "is_approximate": true,
        "source": "osm",
        "@id": "5f758dc8-d073-448b-b5c9-b52022c5b314",
        "osm_id": 1126704758
      }
    },
    {
      "type": "Feature",
      "bbox": [
        -117.0182302,
        32.8372963,
        -117.0174644,
        32.8376671
      ],
      "geometry": {
        "type": "Polygon",
        "coordinates": [
          [
            [
              -117.0174807,
              32.8374925
            ],
            [
              -117.0175507,
              32.8374689
            ],
            [
              -117.0175858,
              32.8374415
            ],
            [
              -117.0176185,
              32.8374022
            ],
            [
              -117.0176722,
              32.8373493
            ],
            [
              -117.0177819,
              32.8373179
            ],
            [
              -117.0178753,
              32.8372963
            ],
            [
              -117.0179944,
              32.8373022
            ],
            [
              -117.0180691,
              32.8373218
            ],
            [
              -117.0181625,
              32.837363
            ],
            [
              -117.0182022,
              32.8374081
            ],
            [
              -117.0182302,
              32.8374474
            ],
            [
              -117.0182252,
              32.8375327
            ],
            [
              -117.0182232,
              32.8375651
            ],
            [
              -117.0181975,
              32.8376174
            ],
            [
              -117.0181695,
              32.8376534
            ],
            [
              -117.0180761,
              32.8376671
            ],
            [
              -117.0179874,
              32.8376534
            ],
            [
              -117.0178543,
              32.8376357
            ],
            [
              -117.0177329,
              32.8375984
            ],
            [
              -117.0176628,
              32.8375749
            ],
            [
              -117.0175834,
              32.837567
            ],
            [
              -117.0174854,
              32.8375572
            ],
            [
              -117.0174644,
              32.8375298
            ],
            [
              -117.0174807,
              32.8374925
            ]
          ]
        ]
      },
      "properties": {
        "course_id": "carlton_oaks_santee",
        "course_name": "Carlton Oaks Golf Course",
        "hole_number": 4,
        "feature_type": "bunker",
        "name": "hole_4_bunker",
        "feature-color": "#d4b483",
        "is_approximate": true,
        "source": "osm",
        "@id": "83c49a2c-0a81-4e04-905b-547e101dee7b",
        "osm_id": 1126730846
      }
    },
    {
      "type": "Feature",
      "bbox": [
        -117.0191596,
        32.8374218,
        -117.0190265,
        32.8374984
      ],
      "geometry": {
        "type": "Polygon",
        "coordinates": [
          [
            [
              -117.0190428,
              32.8374317
            ],
            [
              -117.0190732,
              32.8374218
            ],
            [
              -117.0191175,
              32.8374258
            ],
            [
              -117.0191479,
              32.8374395
            ],
            [
              -117.0191596,
              32.8374611
            ],
            [
              -117.0191409,
              32.8374925
            ],
            [
              -117.0190942,
              32.8374984
            ],
            [
              -117.0190545,
              32.8374925
            ],
            [
              -117.0190288,
              32.8374729
            ],
            [
              -117.0190265,
              32.8374493
            ],
            [
              -117.0190428,
              32.8374317
            ]
          ]
        ]
      },
      "properties": {
        "course_id": "carlton_oaks_santee",
        "course_name": "Carlton Oaks Golf Course",
        "hole_number": 4,
        "feature_type": "bunker",
        "name": "hole_4_bunker_2",
        "feature-color": "#d4b483",
        "is_approximate": true,
        "source": "osm",
        "@id": "e13b4473-69be-46d5-9f9b-9e7161eb2d0e",
        "osm_id": 1126730847
      }
    },
    {
      "type": "Feature",
      "bbox": [
        -117.0189214,
        32.8377554,
        -117.018849,
        32.8378221
      ],
      "geometry": {
        "type": "Polygon",
        "coordinates": [
          [
            [
              -117.0188583,
              32.837775
            ],
            [
              -117.0188817,
              32.8377554
            ],
            [
              -117.0189027,
              32.8377652
            ],
            [
              -117.0189214,
              32.8377809
            ],
            [
              -117.0189121,
              32.8378083
            ],
            [
              -117.0188724,
              32.8378221
            ],
            [
              -117.018849,
              32.8378044
            ],
            [
              -117.0188583,
              32.837775
            ]
          ]
        ]
      },
      "properties": {
        "course_id": "carlton_oaks_santee",
        "course_name": "Carlton Oaks Golf Course",
        "hole_number": 4,
        "feature_type": "bunker",
        "name": "hole_4_bunker_3",
        "feature-color": "#d4b483",
        "is_approximate": true,
        "source": "osm",
        "@id": "bf863c03-b1dc-4767-aa57-b2fc0c019f64",
        "osm_id": 1126730848
      }
    },
    {
      "type": "Feature",
      "bbox": [
        -117.0200889,
        32.8377671,
        -117.0199605,
        32.8378554
      ],
      "geometry": {
        "type": "Polygon",
        "coordinates": [
          [
            [
              -117.0199628,
              32.8377828
            ],
            [
              -117.0199862,
              32.8377671
            ],
            [
              -117.0200142,
              32.837777
            ],
            [
              -117.0200375,
              32.8377966
            ],
            [
              -117.0200562,
              32.8378123
            ],
            [
              -117.0200796,
              32.8378299
            ],
            [
              -117.0200889,
              32.8378476
            ],
            [
              -117.0200702,
              32.8378554
            ],
            [
              -117.0200375,
              32.8378495
            ],
            [
              -117.0200142,
              32.8378358
            ],
            [
              -117.0199815,
              32.8378299
            ],
            [
              -117.0199605,
              32.8378123
            ],
            [
              -117.0199628,
              32.8377828
            ]
          ]
        ]
      },
      "properties": {
        "course_id": "carlton_oaks_santee",
        "course_name": "Carlton Oaks Golf Course",
        "hole_number": 4,
        "feature_type": "bunker",
        "name": "hole_4_bunker_4",
        "feature-color": "#d4b483",
        "is_approximate": true,
        "source": "osm",
        "@id": "0b21c492-3233-40ad-bc86-ae2d94b677e1",
        "osm_id": 1126730849
      }
    },
    {
      "type": "Feature",
      "bbox": [
        -117.0207544,
        32.8383008,
        -117.0206048,
        32.8384322
      ],
      "geometry": {
        "type": "Polygon",
        "coordinates": [
          [
            [
              -117.0206353,
              32.8383067
            ],
            [
              -117.0206586,
              32.8383008
            ],
            [
              -117.0206867,
              32.8383165
            ],
            [
              -117.0206913,
              32.8383341
            ],
            [
              -117.0206913,
              32.8383596
            ],
            [
              -117.0207077,
              32.8383792
            ],
            [
              -117.0207287,
              32.8383871
            ],
            [
              -117.0207544,
              32.8384126
            ],
            [
              -117.0207427,
              32.8384322
            ],
            [
              -117.0207077,
              32.8384322
            ],
            [
              -117.0206773,
              32.8384165
            ],
            [
              -117.0206446,
              32.8384087
            ],
            [
              -117.0206166,
              32.838391
            ],
            [
              -117.0206096,
              32.8383734
            ],
            [
              -117.0206048,
              32.8383564
            ],
            [
              -117.0206127,
              32.8383454
            ],
            [
              -117.0206216,
              32.8383341
            ],
            [
              -117.0206353,
              32.8383067
            ]
          ]
        ]
      },
      "properties": {
        "course_id": "carlton_oaks_santee",
        "course_name": "Carlton Oaks Golf Course",
        "hole_number": 4,
        "feature_type": "bunker",
        "name": "hole_4_bunker_5",
        "feature-color": "#d4b483",
        "is_approximate": true,
        "source": "osm",
        "@id": "a2950f7e-2944-4ef9-af06-27c18dee8b6f",
        "osm_id": 1126730850
      }
    },
    {
      "type": "Feature",
      "bbox": [
        -117.0210579,
        32.8383204,
        -117.0209809,
        32.8383871
      ],
      "geometry": {
        "type": "Polygon",
        "coordinates": [
          [
            [
              -117.0209925,
              32.8383459
            ],
            [
              -117.0210065,
              32.8383263
            ],
            [
              -117.0210322,
              32.8383204
            ],
            [
              -117.0210556,
              32.8383302
            ],
            [
              -117.0210579,
              32.8383616
            ],
            [
              -117.0210439,
              32.8383832
            ],
            [
              -117.0210089,
              32.8383871
            ],
            [
              -117.0209879,
              32.8383851
            ],
            [
              -117.0209809,
              32.8383694
            ],
            [
              -117.0209925,
              32.8383459
            ]
          ]
        ]
      },
      "properties": {
        "course_id": "carlton_oaks_santee",
        "course_name": "Carlton Oaks Golf Course",
        "hole_number": 4,
        "feature_type": "bunker",
        "name": "hole_4_bunker_6",
        "feature-color": "#d4b483",
        "is_approximate": true,
        "source": "osm",
        "@id": "512bd877-53a8-41ec-b107-b84f8bc46a56",
        "osm_id": 1126730851
      }
    },
    {
      "type": "Feature",
      "bbox": [
        -117.0209754,
        32.8381679,
        -117.0206896,
        32.83844
      ],
      "geometry": {
        "type": "Polygon",
        "coordinates": [
          [
            [
              -117.0207188,
              32.8382088
            ],
            [
              -117.0207418,
              32.8381917
            ],
            [
              -117.0207692,
              32.8381791
            ],
            [
              -117.0207972,
              32.8381727
            ],
            [
              -117.0208117,
              32.8381694
            ],
            [
              -117.0208391,
              32.8381679
            ],
            [
              -117.0208701,
              32.8381739
            ],
            [
              -117.0208922,
              32.8381858
            ],
            [
              -117.0209125,
              32.8381991
            ],
            [
              -117.0209294,
              32.8382103
            ],
            [
              -117.0209471,
              32.8382274
            ],
            [
              -117.0209603,
              32.8382504
            ],
            [
              -117.0209745,
              32.838272
            ],
            [
              -117.0209754,
              32.8383136
            ],
            [
              -117.0209603,
              32.8383486
            ],
            [
              -117.0209462,
              32.838388
            ],
            [
              -117.0209311,
              32.838414
            ],
            [
              -117.0209081,
              32.8384311
            ],
            [
              -117.0208701,
              32.83844
            ],
            [
              -117.0208329,
              32.8384378
            ],
            [
              -117.020794,
              32.8384214
            ],
            [
              -117.0207692,
              32.8384043
            ],
            [
              -117.0207471,
              32.8383835
            ],
            [
              -117.020725,
              32.8383501
            ],
            [
              -117.0207034,
              32.8383098
            ],
            [
              -117.0206958,
              32.8382794
            ],
            [
              -117.0206896,
              32.8382497
            ],
            [
              -117.0207046,
              32.8382229
            ],
            [
              -117.0207188,
              32.8382088
            ]
          ]
        ]
      },
      "properties": {
        "course_id": "carlton_oaks_santee",
        "course_name": "Carlton Oaks Golf Course",
        "hole_number": 4,
        "feature_type": "green",
        "name": "hole_4_green",
        "feature-color": "#2d6e2d",
        "is_approximate": true,
        "source": "osm",
        "@id": "27172c01-a899-470e-a4fa-b3fc61a40ccb",
        "osm_id": 1126730852
      }
    },
    {
      "type": "Feature",
      "bbox": [
        -117.0165329,
        32.8375777,
        -117.0163967,
        32.837658
      ],
      "geometry": {
        "type": "Polygon",
        "coordinates": [
          [
            [
              -117.0164536,
              32.8375777
            ],
            [
              -117.0165004,
              32.8375828
            ],
            [
              -117.0165288,
              32.8375982
            ],
            [
              -117.0165329,
              32.8376392
            ],
            [
              -117.0165004,
              32.837658
            ],
            [
              -117.0164435,
              32.837658
            ],
            [
              -117.0164069,
              32.8376409
            ],
            [
              -117.0163967,
              32.837617
            ],
            [
              -117.016415,
              32.8375913
            ],
            [
              -117.0164536,
              32.8375777
            ]
          ]
        ]
      },
      "properties": {
        "course_id": "carlton_oaks_santee",
        "course_name": "Carlton Oaks Golf Course",
        "hole_number": 4,
        "feature_type": "tee_box",
        "name": "hole_4_tee_box",
        "feature-color": "#8b7355",
        "is_approximate": true,
        "source": "osm",
        "@id": "5e3933a8-ba23-456b-a2f8-9d28f04648ca",
        "osm_id": 1126730853
      }
    },
    {
      "type": "Feature",
      "bbox": [
        -117.0169476,
        32.8375333,
        -117.0166833,
        32.8376208
      ],
      "geometry": {
        "type": "Polygon",
        "coordinates": [
          [
            [
              -117.0166833,
              32.8375657
            ],
            [
              -117.0167341,
              32.8375504
            ],
            [
              -117.0167748,
              32.837535
            ],
            [
              -117.0168317,
              32.8375333
            ],
            [
              -117.0169029,
              32.8375367
            ],
            [
              -117.0169232,
              32.8375469
            ],
            [
              -117.0169476,
              32.8375777
            ],
            [
              -117.0169293,
              32.8376084
            ],
            [
              -117.0168663,
              32.8376206
            ],
            [
              -117.0167992,
              32.8376208
            ],
            [
              -117.016755,
              32.837606
            ],
            [
              -117.0167077,
              32.8375879
            ],
            [
              -117.0166833,
              32.8375828
            ],
            [
              -117.0166833,
              32.8375657
            ]
          ]
        ]
      },
      "properties": {
        "course_id": "carlton_oaks_santee",
        "course_name": "Carlton Oaks Golf Course",
        "hole_number": 4,
        "feature_type": "tee_box",
        "name": "hole_4_tee_box_2",
        "feature-color": "#8b7355",
        "is_approximate": true,
        "source": "osm",
        "@id": "bc572b7a-0636-4761-94bb-33bc82205a95",
        "osm_id": 1126730854
      }
    },
    {
      "type": "Feature",
      "bbox": [
        -117.017285,
        32.8375034,
        -117.0169882,
        32.8376201
      ],
      "geometry": {
        "type": "Polygon",
        "coordinates": [
          [
            [
              -117.0170289,
              32.8375777
            ],
            [
              -117.0169923,
              32.8375623
            ],
            [
              -117.0169882,
              32.8375282
            ],
            [
              -117.0170208,
              32.837523
            ],
            [
              -117.0170587,
              32.8375252
            ],
            [
              -117.0171018,
              32.8375144
            ],
            [
              -117.0171459,
              32.8375034
            ],
            [
              -117.0171956,
              32.8375111
            ],
            [
              -117.0172362,
              32.8375111
            ],
            [
              -117.0172566,
              32.8375111
            ],
            [
              -117.0172708,
              32.8375282
            ],
            [
              -117.017285,
              32.8375487
            ],
            [
              -117.0172769,
              32.8375811
            ],
            [
              -117.0172362,
              32.8376033
            ],
            [
              -117.0171915,
              32.8376199
            ],
            [
              -117.0170919,
              32.8376201
            ],
            [
              -117.0170573,
              32.837605
            ],
            [
              -117.0170289,
              32.8375777
            ]
          ]
        ]
      },
      "properties": {
        "course_id": "carlton_oaks_santee",
        "course_name": "Carlton Oaks Golf Course",
        "hole_number": 4,
        "feature_type": "tee_box",
        "name": "hole_4_tee_box_3",
        "feature-color": "#8b7355",
        "is_approximate": true,
        "source": "osm",
        "@id": "84372128-56d8-49e4-8688-31f1dbd2c843",
        "osm_id": 1126730855
      }
    },
    {
      "type": "Feature",
      "bbox": [
        -117.0190469,
        32.8377707,
        -117.0189809,
        32.8378287
      ],
      "geometry": {
        "type": "Polygon",
        "coordinates": [
          [
            [
              -117.0189941,
              32.8377749
            ],
            [
              -117.0190215,
              32.8377707
            ],
            [
              -117.0190368,
              32.8377792
            ],
            [
              -117.0190469,
              32.8378057
            ],
            [
              -117.0190368,
              32.837821
            ],
            [
              -117.0190113,
              32.8378287
            ],
            [
              -117.018991,
              32.8378245
            ],
            [
              -117.0189819,
              32.8378099
            ],
            [
              -117.0189809,
              32.8377929
            ],
            [
              -117.0189941,
              32.8377749
            ]
          ]
        ]
      },
      "properties": {
        "course_id": "carlton_oaks_santee",
        "course_name": "Carlton Oaks Golf Course",
        "hole_number": 4,
        "feature_type": "bunker",
        "name": "hole_4_bunker_7",
        "feature-color": "#d4b483",
        "is_approximate": true,
        "source": "osm",
        "@id": "fa4ad225-fac5-4a7a-8012-99966dfd0cc3",
        "osm_id": 1126730856
      }
    },
    {
      "type": "Feature",
      "bbox": [
        -117.0208701,
        32.837315,
        -117.0181625,
        32.8383672
      ],
      "geometry": {
        "type": "Polygon",
        "coordinates": [
          [
            [
              -117.0207034,
              32.8383098
            ],
            [
              -117.0206958,
              32.8382794
            ],
            [
              -117.0206896,
              32.8382497
            ],
            [
              -117.0207046,
              32.8382229
            ],
            [
              -117.0207188,
              32.8382088
            ],
            [
              -117.0207418,
              32.8381917
            ],
            [
              -117.0207692,
              32.8381791
            ],
            [
              -117.0207972,
              32.8381727
            ],
            [
              -117.0208117,
              32.8381694
            ],
            [
              -117.0208391,
              32.8381679
            ],
            [
              -117.0208701,
              32.8381739
            ],
            [
              -117.0208626,
              32.8381534
            ],
            [
              -117.0208611,
              32.8381145
            ],
            [
              -117.0208395,
              32.8380809
            ],
            [
              -117.0208106,
              32.838054
            ],
            [
              -117.0207532,
              32.838055
            ],
            [
              -117.0207039,
              32.8380317
            ],
            [
              -117.0206592,
              32.8379993
            ],
            [
              -117.0206361,
              32.8379734
            ],
            [
              -117.020593,
              32.8379527
            ],
            [
              -117.0205345,
              32.8379243
            ],
            [
              -117.020496,
              32.8378802
            ],
            [
              -117.0204235,
              32.8378738
            ],
            [
              -117.0203496,
              32.8378479
            ],
            [
              -117.0202803,
              32.8378479
            ],
            [
              -117.0201971,
              32.8378466
            ],
            [
              -117.0201201,
              32.8378479
            ],
            [
              -117.0200889,
              32.8378476
            ],
            [
              -117.0200702,
              32.8378554
            ],
            [
              -117.0200375,
              32.8378495
            ],
            [
              -117.0200142,
              32.8378358
            ],
            [
              -117.0199815,
              32.8378299
            ],
            [
              -117.0199605,
              32.8378123
            ],
            [
              -117.0199628,
              32.8377828
            ],
            [
              -117.0199383,
              32.8377456
            ],
            [
              -117.0199075,
              32.8377081
            ],
            [
              -117.0198597,
              32.8376524
            ],
            [
              -117.0198043,
              32.8376265
            ],
            [
              -117.019681,
              32.8375994
            ],
            [
              -117.0195316,
              32.8375838
            ],
            [
              -117.0194068,
              32.837567
            ],
            [
              -117.019245,
              32.837545
            ],
            [
              -117.0191326,
              32.8375204
            ],
            [
              -117.0190756,
              32.8375036
            ],
            [
              -117.0190545,
              32.8374925
            ],
            [
              -117.0190288,
              32.8374729
            ],
            [
              -117.0190265,
              32.8374493
            ],
            [
              -117.0189816,
              32.8374298
            ],
            [
              -117.0188058,
              32.8374346
            ],
            [
              -117.0186796,
              32.8374342
            ],
            [
              -117.0185968,
              32.8373961
            ],
            [
              -117.0184954,
              32.8373442
            ],
            [
              -117.0184133,
              32.837315
            ],
            [
              -117.0183289,
              32.8373164
            ],
            [
              -117.0181625,
              32.837363
            ],
            [
              -117.0182022,
              32.8374081
            ],
            [
              -117.0182302,
              32.8374474
            ],
            [
              -117.0182252,
              32.8375327
            ],
            [
              -117.0182232,
              32.8375651
            ],
            [
              -117.0181975,
              32.8376174
            ],
            [
              -117.0181695,
              32.8376534
            ],
            [
              -117.0181972,
              32.837675
            ],
            [
              -117.0182603,
              32.8376818
            ],
            [
              -117.01843,
              32.8377476
            ],
            [
              -117.0186129,
              32.8378065
            ],
            [
              -117.018681,
              32.8378321
            ],
            [
              -117.018806,
              32.8378253
            ],
            [
              -117.0188375,
              32.8378005
            ],
            [
              -117.0188548,
              32.8377672
            ],
            [
              -117.0188904,
              32.837751
            ],
            [
              -117.0189382,
              32.837757
            ],
            [
              -117.018989,
              32.8377638
            ],
            [
              -117.0190388,
              32.8377732
            ],
            [
              -117.0190855,
              32.8378082
            ],
            [
              -117.019163,
              32.8378316
            ],
            [
              -117.0192424,
              32.8378336
            ],
            [
              -117.0193522,
              32.8378551
            ],
            [
              -117.0194409,
              32.8378728
            ],
            [
              -117.019532,
              32.8378865
            ],
            [
              -117.0196114,
              32.8379081
            ],
            [
              -117.0197048,
              32.8379513
            ],
            [
              -117.0198192,
              32.8380062
            ],
            [
              -117.0198705,
              32.8380396
            ],
            [
              -117.0199709,
              32.8380788
            ],
            [
              -117.020083,
              32.838118
            ],
            [
              -117.0202371,
              32.838171
            ],
            [
              -117.0203305,
              32.8382024
            ],
            [
              -117.0204099,
              32.8382436
            ],
            [
              -117.0204636,
              32.8382966
            ],
            [
              -117.020515,
              32.8383319
            ],
            [
              -117.0205804,
              32.8383672
            ],
            [
              -117.0206048,
              32.8383564
            ],
            [
              -117.0206127,
              32.8383454
            ],
            [
              -117.0206216,
              32.8383341
            ],
            [
              -117.0206353,
              32.8383067
            ],
            [
              -117.0206586,
              32.8383008
            ],
            [
              -117.0207034,
              32.8383098
            ]
          ]
        ]
      },
      "properties": {
        "course_id": "carlton_oaks_santee",
        "course_name": "Carlton Oaks Golf Course",
        "hole_number": 4,
        "feature_type": "fairway",
        "name": "hole_4_fairway",
        "feature-color": "#4a7c3f",
        "is_approximate": true,
        "source": "osm",
        "@id": "ce58f01d-7b6d-4573-8c5b-997ac63d269c",
        "osm_id": 1126730857
      }
    },
    {
      "type": "Feature",
      "bbox": [
        -117.0131789,
        32.838852,
        -117.0128727,
        32.8389692
      ],
      "geometry": {
        "type": "Polygon",
        "coordinates": [
          [
            [
              -117.0129067,
              32.8389692
            ],
            [
              -117.0129496,
              32.8389557
            ],
            [
              -117.0129979,
              32.8389331
            ],
            [
              -117.0130354,
              32.8389196
            ],
            [
              -117.013077,
              32.8389196
            ],
            [
              -117.0131146,
              32.8389219
            ],
            [
              -117.0131481,
              32.8389207
            ],
            [
              -117.0131749,
              32.8389072
            ],
            [
              -117.0131789,
              32.8388869
            ],
            [
              -117.0131602,
              32.8388599
            ],
            [
              -117.0131266,
              32.838852
            ],
            [
              -117.013081,
              32.8388588
            ],
            [
              -117.0130502,
              32.8388678
            ],
            [
              -117.01301,
              32.8388779
            ],
            [
              -117.0129743,
              32.8388796
            ],
            [
              -117.0129349,
              32.8388914
            ],
            [
              -117.0128879,
              32.8389106
            ],
            [
              -117.0128727,
              32.8389323
            ],
            [
              -117.0128745,
              32.8389568
            ],
            [
              -117.0128866,
              32.8389692
            ],
            [
              -117.0129067,
              32.8389692
            ]
          ]
        ]
      },
      "properties": {
        "course_id": "carlton_oaks_santee",
        "course_name": "Carlton Oaks Golf Course",
        "hole_number": 3,
        "feature_type": "bunker",
        "name": "hole_3_bunker_8",
        "feature-color": "#d4b483",
        "is_approximate": true,
        "source": "osm",
        "@id": "8d22871f-bb91-4ce4-aa36-c5ef0e376fd1",
        "osm_id": 1126730858
      }
    },
    {
      "type": "Feature",
      "bbox": [
        -117.0133761,
        32.8390052,
        -117.0130448,
        32.8392137
      ],
      "geometry": {
        "type": "Polygon",
        "coordinates": [
          [
            [
              -117.0132393,
              32.839065
            ],
            [
              -117.01325,
              32.8390413
            ],
            [
              -117.0132836,
              32.8390165
            ],
            [
              -117.0133278,
              32.8390052
            ],
            [
              -117.0133546,
              32.8390064
            ],
            [
              -117.0133761,
              32.839021
            ],
            [
              -117.0133761,
              32.8390458
            ],
            [
              -117.013356,
              32.8390638
            ],
            [
              -117.0133278,
              32.8390864
            ],
            [
              -117.0132983,
              32.8391145
            ],
            [
              -117.0132594,
              32.8391382
            ],
            [
              -117.0132259,
              32.8391528
            ],
            [
              -117.0131722,
              32.8391799
            ],
            [
              -117.013128,
              32.8392035
            ],
            [
              -117.0130891,
              32.8392137
            ],
            [
              -117.0130636,
              32.8392137
            ],
            [
              -117.0130502,
              32.8392035
            ],
            [
              -117.0130448,
              32.8391799
            ],
            [
              -117.0130582,
              32.839163
            ],
            [
              -117.0131012,
              32.8391562
            ],
            [
              -117.0131199,
              32.8391596
            ],
            [
              -117.0131521,
              32.8391596
            ],
            [
              -117.0131789,
              32.8391517
            ],
            [
              -117.0132031,
              32.8391382
            ],
            [
              -117.0132232,
              32.839119
            ],
            [
              -117.0132353,
              32.8390886
            ],
            [
              -117.0132393,
              32.839065
            ]
          ]
        ]
      },
      "properties": {
        "course_id": "carlton_oaks_santee",
        "course_name": "Carlton Oaks Golf Course",
        "hole_number": 3,
        "feature_type": "bunker",
        "name": "hole_3_bunker_9",
        "feature-color": "#d4b483",
        "is_approximate": true,
        "source": "osm",
        "@id": "7e08575b-52cd-4f12-a19a-e9f8a28837f5",
        "osm_id": 1126730859
      }
    },
    {
      "type": "Feature",
      "bbox": [
        -117.0217667,
        32.8384703,
        -117.0216336,
        32.8386017
      ],
      "geometry": {
        "type": "Polygon",
        "coordinates": [
          [
            [
              -117.0216336,
              32.8384958
            ],
            [
              -117.021664,
              32.8384742
            ],
            [
              -117.0217013,
              32.8384703
            ],
            [
              -117.0217363,
              32.8384879
            ],
            [
              -117.021762,
              32.8385213
            ],
            [
              -117.0217667,
              32.8385605
            ],
            [
              -117.0217375,
              32.8385976
            ],
            [
              -117.021706,
              32.8386017
            ],
            [
              -117.021678,
              32.8385801
            ],
            [
              -117.0216593,
              32.8385487
            ],
            [
              -117.0216406,
              32.8385213
            ],
            [
              -117.0216336,
              32.8384958
            ]
          ]
        ]
      },
      "properties": {
        "course_id": "carlton_oaks_santee",
        "course_name": "Carlton Oaks Golf Course",
        "hole_number": 5,
        "feature_type": "tee_box",
        "name": "hole_5_tee_box",
        "feature-color": "#8b7355",
        "is_approximate": true,
        "source": "osm",
        "@id": "13a9a864-7d18-4fd3-960b-61b0766bc07c",
        "osm_id": 1126730862
      }
    },
    {
      "type": "Feature",
      "bbox": [
        -117.021755,
        32.838743,
        -117.0216219,
        32.8389293
      ],
      "geometry": {
        "type": "Polygon",
        "coordinates": [
          [
            [
              -117.0216383,
              32.838743
            ],
            [
              -117.0216756,
              32.838743
            ],
            [
              -117.021699,
              32.8387665
            ],
            [
              -117.0217153,
              32.8388018
            ],
            [
              -117.0217363,
              32.8388371
            ],
            [
              -117.021755,
              32.8388666
            ],
            [
              -117.0217527,
              32.8389058
            ],
            [
              -117.0217177,
              32.8389293
            ],
            [
              -117.0216873,
              32.8389215
            ],
            [
              -117.0216593,
              32.838894
            ],
            [
              -117.0216616,
              32.8388724
            ],
            [
              -117.0216546,
              32.8388509
            ],
            [
              -117.0216453,
              32.8388254
            ],
            [
              -117.0216313,
              32.8387861
            ],
            [
              -117.0216219,
              32.8387626
            ],
            [
              -117.0216383,
              32.838743
            ]
          ]
        ]
      },
      "properties": {
        "course_id": "carlton_oaks_santee",
        "course_name": "Carlton Oaks Golf Course",
        "hole_number": 5,
        "feature_type": "tee_box",
        "name": "hole_5_tee_box_2",
        "feature-color": "#8b7355",
        "is_approximate": true,
        "source": "osm",
        "@id": "1c89a3f4-2eee-4820-ae13-bd5a3955feb5",
        "osm_id": 1126730863
      }
    },
    {
      "type": "Feature",
      "bbox": [
        -117.0213115,
        32.8391686,
        -117.0210496,
        32.8393143
      ],
      "geometry": {
        "type": "Polygon",
        "coordinates": [
          [
            [
              -117.021062,
              32.8391701
            ],
            [
              -117.0210938,
              32.8391686
            ],
            [
              -117.0211221,
              32.8391865
            ],
            [
              -117.0211398,
              32.8392117
            ],
            [
              -117.0211593,
              32.8392385
            ],
            [
              -117.0211929,
              32.8392474
            ],
            [
              -117.0212319,
              32.8392489
            ],
            [
              -117.0212832,
              32.8392548
            ],
            [
              -117.0213079,
              32.8392697
            ],
            [
              -117.0213115,
              32.839295
            ],
            [
              -117.0212761,
              32.8393143
            ],
            [
              -117.021223,
              32.8393128
            ],
            [
              -117.0211682,
              32.839298
            ],
            [
              -117.021131,
              32.8392801
            ],
            [
              -117.0210921,
              32.8392504
            ],
            [
              -117.0210584,
              32.8392221
            ],
            [
              -117.0210496,
              32.8391954
            ],
            [
              -117.021062,
              32.8391701
            ]
          ]
        ]
      },
      "properties": {
        "course_id": "carlton_oaks_santee",
        "course_name": "Carlton Oaks Golf Course",
        "hole_number": 6,
        "feature_type": "bunker",
        "name": "hole_6_bunker",
        "feature-color": "#d4b483",
        "is_approximate": true,
        "source": "osm",
        "@id": "caa140be-dd16-4500-92d3-b1f7f4f6f007",
        "osm_id": 1126730864
      }
    },
    {
      "type": "Feature",
      "bbox": [
        -117.0216902,
        32.8395819,
        -117.0214849,
        32.8397618
      ],
      "geometry": {
        "type": "Polygon",
        "coordinates": [
          [
            [
              -117.0215132,
              32.8395819
            ],
            [
              -117.0215504,
              32.8395819
            ],
            [
              -117.0215734,
              32.8395909
            ],
            [
              -117.0216141,
              32.8396042
            ],
            [
              -117.02163,
              32.8396191
            ],
            [
              -117.0216495,
              32.8396489
            ],
            [
              -117.0216583,
              32.8396741
            ],
            [
              -117.0216707,
              32.8396949
            ],
            [
              -117.0216902,
              32.8397217
            ],
            [
              -117.0216902,
              32.839744
            ],
            [
              -117.0216672,
              32.8397618
            ],
            [
              -117.0216371,
              32.8397574
            ],
            [
              -117.0216159,
              32.8397395
            ],
            [
              -117.0216088,
              32.8397187
            ],
            [
              -117.0216017,
              32.8397009
            ],
            [
              -117.0215875,
              32.8396845
            ],
            [
              -117.0215699,
              32.8396726
            ],
            [
              -117.0215451,
              32.8396622
            ],
            [
              -117.0215168,
              32.8396474
            ],
            [
              -117.021492,
              32.8396295
            ],
            [
              -117.0214849,
              32.8396102
            ],
            [
              -117.021492,
              32.8395909
            ],
            [
              -117.0215132,
              32.8395819
            ]
          ]
        ]
      },
      "properties": {
        "course_id": "carlton_oaks_santee",
        "course_name": "Carlton Oaks Golf Course",
        "hole_number": 6,
        "feature_type": "bunker",
        "name": "hole_6_bunker_2",
        "feature-color": "#d4b483",
        "is_approximate": true,
        "source": "osm",
        "@id": "0abee8bf-3172-4ddd-ba96-1448caf89edd",
        "osm_id": 1126730865
      }
    },
    {
      "type": "Feature",
      "bbox": [
        -117.0231223,
        32.8400954,
        -117.0227602,
        32.840447
      ],
      "geometry": {
        "type": "Polygon",
        "coordinates": [
          [
            [
              -117.0227857,
              32.84011
            ],
            [
              -117.0228018,
              32.8400954
            ],
            [
              -117.0228407,
              32.8400965
            ],
            [
              -117.0228675,
              32.8401123
            ],
            [
              -117.0228756,
              32.8401495
            ],
            [
              -117.0228742,
              32.8401889
            ],
            [
              -117.0228742,
              32.8402148
            ],
            [
              -117.0228957,
              32.8402374
            ],
            [
              -117.0229252,
              32.8402509
            ],
            [
              -117.0229614,
              32.8402498
            ],
            [
              -117.0229896,
              32.8402408
            ],
            [
              -117.0230284,
              32.8402374
            ],
            [
              -117.023066,
              32.8402362
            ],
            [
              -117.0230861,
              32.8402486
            ],
            [
              -117.0230754,
              32.840261
            ],
            [
              -117.0230486,
              32.8402622
            ],
            [
              -117.0230338,
              32.8402633
            ],
            [
              -117.0230043,
              32.8402701
            ],
            [
              -117.0229855,
              32.8402701
            ],
            [
              -117.0229775,
              32.8402836
            ],
            [
              -117.0229989,
              32.840296
            ],
            [
              -117.0230244,
              32.8403005
            ],
            [
              -117.0230472,
              32.8403129
            ],
            [
              -117.0230714,
              32.8403298
            ],
            [
              -117.0230794,
              32.8403489
            ],
            [
              -117.0230781,
              32.8403613
            ],
            [
              -117.0230848,
              32.8403771
            ],
            [
              -117.0231022,
              32.8403895
            ],
            [
              -117.0231156,
              32.8404098
            ],
            [
              -117.0231223,
              32.8404357
            ],
            [
              -117.0231009,
              32.840447
            ],
            [
              -117.0230754,
              32.8404424
            ],
            [
              -117.023062,
              32.8404244
            ],
            [
              -117.0230553,
              32.8404053
            ],
            [
              -117.0230432,
              32.840385
            ],
            [
              -117.0230352,
              32.8403602
            ],
            [
              -117.0230325,
              32.840341
            ],
            [
              -117.0230137,
              32.8403264
            ],
            [
              -117.0229828,
              32.8403196
            ],
            [
              -117.0229641,
              32.8403354
            ],
            [
              -117.0229373,
              32.8403354
            ],
            [
              -117.0229268,
              32.8403279
            ],
            [
              -117.0229145,
              32.8403163
            ],
            [
              -117.0228957,
              32.8402993
            ],
            [
              -117.0228702,
              32.8402892
            ],
            [
              -117.0228514,
              32.8402937
            ],
            [
              -117.0228353,
              32.840314
            ],
            [
              -117.0228246,
              32.8403298
            ],
            [
              -117.0228058,
              32.8403388
            ],
            [
              -117.0227803,
              32.8403332
            ],
            [
              -117.0227642,
              32.8403208
            ],
            [
              -117.0227602,
              32.8403072
            ],
            [
              -117.0227723,
              32.8402915
            ],
            [
              -117.0227951,
              32.8402836
            ],
            [
              -117.0228246,
              32.8402757
            ],
            [
              -117.022838,
              32.8402655
            ],
            [
              -117.0228461,
              32.8402486
            ],
            [
              -117.0228286,
              32.8402374
            ],
            [
              -117.0228121,
              32.8402362
            ],
            [
              -117.0227924,
              32.8402422
            ],
            [
              -117.0227731,
              32.8402306
            ],
            [
              -117.0227676,
              32.8402138
            ],
            [
              -117.0227839,
              32.8401894
            ],
            [
              -117.0228076,
              32.840173
            ],
            [
              -117.0228002,
              32.8401541
            ],
            [
              -117.0227782,
              32.840131
            ],
            [
              -117.0227857,
              32.84011
            ]
          ]
        ]
      },
      "properties": {
        "course_id": "carlton_oaks_santee",
        "course_name": "Carlton Oaks Golf Course",
        "hole_number": 5,
        "feature_type": "bunker",
        "name": "hole_5_bunker",
        "feature-color": "#d4b483",
        "is_approximate": true,
        "source": "osm",
        "@id": "ed9814be-b1dc-4bea-b537-541b74f1b831",
        "osm_id": 1126730866
      }
    },
    {
      "type": "Feature",
      "bbox": [
        -117.0227076,
        32.8402146,
        -117.0226496,
        32.840253
      ],
      "geometry": {
        "type": "Polygon",
        "coordinates": [
          [
            [
              -117.0226618,
              32.8402223
            ],
            [
              -117.0226812,
              32.8402146
            ],
            [
              -117.0227025,
              32.8402163
            ],
            [
              -117.0227076,
              32.8402325
            ],
            [
              -117.0226954,
              32.8402479
            ],
            [
              -117.0226669,
              32.840253
            ],
            [
              -117.0226496,
              32.8402436
            ],
            [
              -117.0226496,
              32.8402325
            ],
            [
              -117.0226618,
              32.8402223
            ]
          ]
        ]
      },
      "properties": {
        "course_id": "carlton_oaks_santee",
        "course_name": "Carlton Oaks Golf Course",
        "hole_number": 5,
        "feature_type": "bunker",
        "name": "hole_5_bunker_2",
        "feature-color": "#d4b483",
        "is_approximate": true,
        "source": "osm",
        "@id": "780ca1d3-310d-492c-bb9c-ad5a8ac5b480",
        "osm_id": 1126730867
      }
    },
    {
      "type": "Feature",
      "bbox": [
        -117.0227971,
        32.8392614,
        -117.0221405,
        32.8400368
      ],
      "geometry": {
        "type": "Polygon",
        "coordinates": [
          [
            [
              -117.0221527,
              32.8393024
            ],
            [
              -117.0222158,
              32.8393212
            ],
            [
              -117.0223052,
              32.8394219
            ],
            [
              -117.0223438,
              32.8395005
            ],
            [
              -117.0223621,
              32.839603
            ],
            [
              -117.0223804,
              32.8396747
            ],
            [
              -117.0224394,
              32.8397584
            ],
            [
              -117.0225207,
              32.8398164
            ],
            [
              -117.0225715,
              32.8398728
            ],
            [
              -117.0226101,
              32.8398916
            ],
            [
              -117.0226589,
              32.8399684
            ],
            [
              -117.0227097,
              32.8400316
            ],
            [
              -117.0227524,
              32.8400368
            ],
            [
              -117.0227971,
              32.8400146
            ],
            [
              -117.0227788,
              32.8399702
            ],
            [
              -117.0227585,
              32.8399018
            ],
            [
              -117.0227097,
              32.8398147
            ],
            [
              -117.0226569,
              32.8397362
            ],
            [
              -117.0225593,
              32.839632
            ],
            [
              -117.0225024,
              32.8395534
            ],
            [
              -117.0224536,
              32.8394868
            ],
            [
              -117.0223967,
              32.8394185
            ],
            [
              -117.0223479,
              32.839357
            ],
            [
              -117.0222889,
              32.8392955
            ],
            [
              -117.0222645,
              32.8392733
            ],
            [
              -117.022232,
              32.8392614
            ],
            [
              -117.0221893,
              32.8392631
            ],
            [
              -117.0221487,
              32.8392716
            ],
            [
              -117.0221405,
              32.8392887
            ],
            [
              -117.0221527,
              32.8393024
            ]
          ]
        ]
      },
      "properties": {
        "course_id": "carlton_oaks_santee",
        "course_name": "Carlton Oaks Golf Course",
        "hole_number": 5,
        "feature_type": "bunker",
        "name": "hole_5_bunker_3",
        "feature-color": "#d4b483",
        "is_approximate": true,
        "source": "osm",
        "@id": "04652a4e-ab7c-4efe-97bc-f72ad0d4e339",
        "osm_id": 1126730868
      }
    },
    {
      "type": "Feature",
      "bbox": [
        -117.0228365,
        32.8405848,
        -117.0227945,
        32.8406191
      ],
      "geometry": {
        "type": "Polygon",
        "coordinates": [
          [
            [
              -117.0227968,
              32.8405936
            ],
            [
              -117.0228155,
              32.8405848
            ],
            [
              -117.0228319,
              32.8405916
            ],
            [
              -117.0228365,
              32.8406093
            ],
            [
              -117.0228214,
              32.8406191
            ],
            [
              -117.0228027,
              32.8406161
            ],
            [
              -117.0227945,
              32.8406063
            ],
            [
              -117.0227968,
              32.8405936
            ]
          ]
        ]
      },
      "properties": {
        "course_id": "carlton_oaks_santee",
        "course_name": "Carlton Oaks Golf Course",
        "hole_number": 5,
        "feature_type": "bunker",
        "name": "hole_5_bunker_4",
        "feature-color": "#d4b483",
        "is_approximate": true,
        "source": "osm",
        "@id": "1f971f22-924a-453a-b8b7-bbdd371ea68d",
        "osm_id": 1126730869
      }
    },
    {
      "type": "Feature",
      "bbox": [
        -117.0227408,
        32.8404131,
        -117.0225306,
        32.8405818
      ],
      "geometry": {
        "type": "Polygon",
        "coordinates": [
          [
            [
              -117.0225388,
              32.8404131
            ],
            [
              -117.0225633,
              32.8404151
            ],
            [
              -117.0225797,
              32.8404337
            ],
            [
              -117.0225949,
              32.840469
            ],
            [
              -117.0226159,
              32.8404906
            ],
            [
              -117.0226369,
              32.8405063
            ],
            [
              -117.0226789,
              32.84052
            ],
            [
              -117.0227128,
              32.84052
            ],
            [
              -117.022735,
              32.8405308
            ],
            [
              -117.0227408,
              32.8405543
            ],
            [
              -117.0227151,
              32.8405759
            ],
            [
              -117.0226707,
              32.8405818
            ],
            [
              -117.0226416,
              32.8405769
            ],
            [
              -117.0226112,
              32.8405563
            ],
            [
              -117.0225855,
              32.8405357
            ],
            [
              -117.0225633,
              32.8405053
            ],
            [
              -117.022547,
              32.8404827
            ],
            [
              -117.02254,
              32.8404621
            ],
            [
              -117.0225306,
              32.8404347
            ],
            [
              -117.0225306,
              32.840419
            ],
            [
              -117.0225388,
              32.8404131
            ]
          ]
        ]
      },
      "properties": {
        "course_id": "carlton_oaks_santee",
        "course_name": "Carlton Oaks Golf Course",
        "hole_number": 5,
        "feature_type": "bunker",
        "name": "hole_5_bunker_5",
        "feature-color": "#d4b483",
        "is_approximate": true,
        "source": "osm",
        "@id": "f87fcd66-8948-4134-8e4d-4f348e5afe8c",
        "osm_id": 1126730870
      }
    },
    {
      "type": "Feature",
      "bbox": [
        -117.0230619,
        32.8403464,
        -117.0228132,
        32.8405308
      ],
      "geometry": {
        "type": "Polygon",
        "coordinates": [
          [
            [
              -117.0228144,
              32.8404131
            ],
            [
              -117.0228132,
              32.8403817
            ],
            [
              -117.022833,
              32.8403572
            ],
            [
              -117.0228926,
              32.8403464
            ],
            [
              -117.0229404,
              32.8403572
            ],
            [
              -117.0229848,
              32.8403768
            ],
            [
              -117.0230175,
              32.8404052
            ],
            [
              -117.0230443,
              32.8404396
            ],
            [
              -117.0230619,
              32.8404739
            ],
            [
              -117.0230584,
              32.8405053
            ],
            [
              -117.0230338,
              32.8405269
            ],
            [
              -117.0229871,
              32.8405308
            ],
            [
              -117.0229486,
              32.840523
            ],
            [
              -117.0229031,
              32.8405053
            ],
            [
              -117.0228657,
              32.8404827
            ],
            [
              -117.0228307,
              32.8404553
            ],
            [
              -117.0228179,
              32.8404327
            ],
            [
              -117.0228144,
              32.8404131
            ]
          ]
        ]
      },
      "properties": {
        "course_id": "carlton_oaks_santee",
        "course_name": "Carlton Oaks Golf Course",
        "hole_number": 5,
        "feature_type": "green",
        "name": "hole_5_green",
        "feature-color": "#2d6e2d",
        "is_approximate": true,
        "source": "osm",
        "@id": "a2380bbc-a743-4fb1-b6d0-798bef464ca7",
        "osm_id": 1126730871
      }
    },
    {
      "type": "Feature",
      "bbox": [
        -117.0230563,
        32.8393779,
        -117.0219804,
        32.8406431
      ],
      "geometry": {
        "type": "Polygon",
        "coordinates": [
          [
            [
              -117.0229404,
              32.8403572
            ],
            [
              -117.0228926,
              32.8403464
            ],
            [
              -117.022833,
              32.8403572
            ],
            [
              -117.0228132,
              32.8403817
            ],
            [
              -117.0228144,
              32.8404131
            ],
            [
              -117.0228179,
              32.8404327
            ],
            [
              -117.0228307,
              32.8404553
            ],
            [
              -117.0228657,
              32.8404827
            ],
            [
              -117.0229031,
              32.8405053
            ],
            [
              -117.0229486,
              32.840523
            ],
            [
              -117.0229871,
              32.8405308
            ],
            [
              -117.0230338,
              32.8405269
            ],
            [
              -117.023051,
              32.8405599
            ],
            [
              -117.0230563,
              32.8406119
            ],
            [
              -117.0230156,
              32.8406431
            ],
            [
              -117.0229855,
              32.8406312
            ],
            [
              -117.0229439,
              32.8406243
            ],
            [
              -117.0228953,
              32.8406045
            ],
            [
              -117.0228319,
              32.8405916
            ],
            [
              -117.0228155,
              32.8405848
            ],
            [
              -117.0227968,
              32.8405936
            ],
            [
              -117.0227408,
              32.8405543
            ],
            [
              -117.022735,
              32.8405308
            ],
            [
              -117.0227128,
              32.84052
            ],
            [
              -117.0226789,
              32.84052
            ],
            [
              -117.0226369,
              32.8405063
            ],
            [
              -117.0226159,
              32.8404906
            ],
            [
              -117.0225949,
              32.840469
            ],
            [
              -117.0225797,
              32.8404337
            ],
            [
              -117.0225633,
              32.8404151
            ],
            [
              -117.0225388,
              32.8404131
            ],
            [
              -117.0225306,
              32.840419
            ],
            [
              -117.0224635,
              32.8404097
            ],
            [
              -117.022421,
              32.840377
            ],
            [
              -117.0223573,
              32.8403368
            ],
            [
              -117.0223113,
              32.8402952
            ],
            [
              -117.0222759,
              32.8402461
            ],
            [
              -117.0222582,
              32.8401792
            ],
            [
              -117.0222441,
              32.8401153
            ],
            [
              -117.0222334,
              32.8400365
            ],
            [
              -117.022191,
              32.8399369
            ],
            [
              -117.0221715,
              32.8398923
            ],
            [
              -117.0221397,
              32.8398343
            ],
            [
              -117.0221025,
              32.8397793
            ],
            [
              -117.0220636,
              32.8397064
            ],
            [
              -117.0220352,
              32.8396455
            ],
            [
              -117.0220052,
              32.8395801
            ],
            [
              -117.0219857,
              32.8394998
            ],
            [
              -117.0219804,
              32.8394388
            ],
            [
              -117.0220034,
              32.8393868
            ],
            [
              -117.0220441,
              32.8393779
            ],
            [
              -117.0221025,
              32.8393823
            ],
            [
              -117.022191,
              32.839421
            ],
            [
              -117.0222547,
              32.8394983
            ],
            [
              -117.0222865,
              32.8395667
            ],
            [
              -117.0223432,
              32.8396499
            ],
            [
              -117.0223909,
              32.8397466
            ],
            [
              -117.0224334,
              32.8398194
            ],
            [
              -117.0224599,
              32.8398626
            ],
            [
              -117.0225006,
              32.8398804
            ],
            [
              -117.0225573,
              32.8398967
            ],
            [
              -117.0226051,
              32.8399309
            ],
            [
              -117.0226599,
              32.8400187
            ],
            [
              -117.0227148,
              32.8400856
            ],
            [
              -117.0227555,
              32.840151
            ],
            [
              -117.0227218,
              32.8401971
            ],
            [
              -117.0226812,
              32.8402146
            ],
            [
              -117.0226618,
              32.8402223
            ],
            [
              -117.0226496,
              32.8402325
            ],
            [
              -117.0226496,
              32.8402436
            ],
            [
              -117.0226669,
              32.840253
            ],
            [
              -117.0226954,
              32.8402479
            ],
            [
              -117.0227183,
              32.8402506
            ],
            [
              -117.0227449,
              32.8402625
            ],
            [
              -117.0227661,
              32.8402789
            ],
            [
              -117.0227723,
              32.8402915
            ],
            [
              -117.0227602,
              32.8403072
            ],
            [
              -117.0227642,
              32.8403208
            ],
            [
              -117.0227803,
              32.8403332
            ],
            [
              -117.0228058,
              32.8403388
            ],
            [
              -117.0228246,
              32.8403298
            ],
            [
              -117.0228353,
              32.840314
            ],
            [
              -117.0228514,
              32.8402937
            ],
            [
              -117.0228702,
              32.8402892
            ],
            [
              -117.0228957,
              32.8402993
            ],
            [
              -117.0229145,
              32.8403163
            ],
            [
              -117.0229268,
              32.8403279
            ],
            [
              -117.0229373,
              32.8403354
            ],
            [
              -117.0229404,
              32.8403572
            ]
          ]
        ]
      },
      "properties": {
        "course_id": "carlton_oaks_santee",
        "course_name": "Carlton Oaks Golf Course",
        "hole_number": 5,
        "feature_type": "fairway",
        "name": "hole_5_fairway",
        "feature-color": "#4a7c3f",
        "is_approximate": true,
        "source": "osm",
        "@id": "cd7fbbd6-5ad3-4baa-ac0c-c596474d0477",
        "osm_id": 1126730872
      }
    },
    {
      "type": "Feature",
      "bbox": [
        -117.0229361,
        32.8413346,
        -117.0227323,
        32.8415025
      ],
      "geometry": {
        "type": "Polygon",
        "coordinates": [
          [
            [
              -117.0227913,
              32.8413346
            ],
            [
              -117.0228248,
              32.8413459
            ],
            [
              -117.022857,
              32.8413605
            ],
            [
              -117.0228744,
              32.8413707
            ],
            [
              -117.0228798,
              32.8413887
            ],
            [
              -117.0228999,
              32.8414067
            ],
            [
              -117.0229214,
              32.8414214
            ],
            [
              -117.0229361,
              32.841436
            ],
            [
              -117.0229361,
              32.8414642
            ],
            [
              -117.0229147,
              32.8414912
            ],
            [
              -117.0228905,
              32.8415025
            ],
            [
              -117.0228597,
              32.8414923
            ],
            [
              -117.0228396,
              32.8414721
            ],
            [
              -117.0228315,
              32.841454
            ],
            [
              -117.0227993,
              32.8414394
            ],
            [
              -117.0227752,
              32.8414236
            ],
            [
              -117.0227497,
              32.8414045
            ],
            [
              -117.0227323,
              32.841383
            ],
            [
              -117.0227383,
              32.8413566
            ],
            [
              -117.0227605,
              32.8413391
            ],
            [
              -117.0227913,
              32.8413346
            ]
          ]
        ]
      },
      "properties": {
        "course_id": "carlton_oaks_santee",
        "course_name": "Carlton Oaks Golf Course",
        "hole_number": 6,
        "feature_type": "tee_box",
        "name": "hole_6_tee_box",
        "feature-color": "#8b7355",
        "is_approximate": true,
        "source": "osm",
        "@id": "f8e0de40-c040-4b0d-8ed1-c77c1eee31bc",
        "osm_id": 1126730873
      }
    },
    {
      "type": "Feature",
      "bbox": [
        -117.0224091,
        32.8410867,
        -117.0221757,
        32.8412399
      ],
      "geometry": {
        "type": "Polygon",
        "coordinates": [
          [
            [
              -117.0222227,
              32.8410867
            ],
            [
              -117.0222736,
              32.841107
            ],
            [
              -117.0223005,
              32.8411261
            ],
            [
              -117.0223273,
              32.8411476
            ],
            [
              -117.0223608,
              32.8411656
            ],
            [
              -117.0223823,
              32.8411791
            ],
            [
              -117.0224091,
              32.8412163
            ],
            [
              -117.0223863,
              32.8412399
            ],
            [
              -117.0223487,
              32.8412366
            ],
            [
              -117.0223085,
              32.8412163
            ],
            [
              -117.0222616,
              32.841187
            ],
            [
              -117.0222186,
              32.8411566
            ],
            [
              -117.0221798,
              32.8411261
            ],
            [
              -117.0221757,
              32.8411014
            ],
            [
              -117.0221918,
              32.841089
            ],
            [
              -117.0222227,
              32.8410867
            ]
          ]
        ]
      },
      "properties": {
        "course_id": "carlton_oaks_santee",
        "course_name": "Carlton Oaks Golf Course",
        "hole_number": 6,
        "feature_type": "tee_box",
        "name": "hole_6_tee_box_2",
        "feature-color": "#8b7355",
        "is_approximate": true,
        "source": "osm",
        "@id": "7fcb5811-6c98-422d-8ed6-d25eebf1155c",
        "osm_id": 1126730874
      }
    },
    {
      "type": "Feature",
      "bbox": [
        -117.0204586,
        32.8389253,
        -117.0201631,
        32.839132
      ],
      "geometry": {
        "type": "Polygon",
        "coordinates": [
          [
            [
              -117.020248,
              32.8389313
            ],
            [
              -117.020266,
              32.8389293
            ],
            [
              -117.0203011,
              32.8389253
            ],
            [
              -117.0203595,
              32.8389283
            ],
            [
              -117.0204002,
              32.8389447
            ],
            [
              -117.0204303,
              32.8389833
            ],
            [
              -117.0204533,
              32.839025
            ],
            [
              -117.0204586,
              32.8390592
            ],
            [
              -117.0204462,
              32.8390934
            ],
            [
              -117.020425,
              32.8391142
            ],
            [
              -117.0203825,
              32.8391261
            ],
            [
              -117.0203011,
              32.839132
            ],
            [
              -117.0202569,
              32.8391261
            ],
            [
              -117.0202126,
              32.8391023
            ],
            [
              -117.0201969,
              32.8390828
            ],
            [
              -117.0201861,
              32.8390696
            ],
            [
              -117.0201755,
              32.8390369
            ],
            [
              -117.0201631,
              32.8390012
            ],
            [
              -117.0201666,
              32.8389759
            ],
            [
              -117.0202109,
              32.8389402
            ],
            [
              -117.020248,
              32.8389313
            ]
          ]
        ]
      },
      "properties": {
        "course_id": "carlton_oaks_santee",
        "course_name": "Carlton Oaks Golf Course",
        "hole_number": 6,
        "feature_type": "green",
        "name": "hole_6_green",
        "feature-color": "#2d6e2d",
        "is_approximate": true,
        "source": "osm",
        "@id": "b4096d7d-6161-48a1-8774-e6cfe43ed864",
        "osm_id": 1126730875
      }
    },
    {
      "type": "Feature",
      "bbox": [
        -117.0207187,
        32.8389075,
        -117.0204993,
        32.8390146
      ],
      "geometry": {
        "type": "Polygon",
        "coordinates": [
          [
            [
              -117.0205489,
              32.8389833
            ],
            [
              -117.0205754,
              32.8389833
            ],
            [
              -117.0206143,
              32.8389878
            ],
            [
              -117.0206409,
              32.8389997
            ],
            [
              -117.0206639,
              32.8390146
            ],
            [
              -117.0206904,
              32.8390146
            ],
            [
              -117.020701,
              32.8389952
            ],
            [
              -117.0207099,
              32.8389729
            ],
            [
              -117.0207187,
              32.8389536
            ],
            [
              -117.0207187,
              32.8389209
            ],
            [
              -117.0206993,
              32.8389075
            ],
            [
              -117.0206692,
              32.8389075
            ],
            [
              -117.0206373,
              32.8389313
            ],
            [
              -117.0206161,
              32.8389476
            ],
            [
              -117.0205931,
              32.8389491
            ],
            [
              -117.0205736,
              32.8389432
            ],
            [
              -117.0205382,
              32.8389372
            ],
            [
              -117.0205152,
              32.8389372
            ],
            [
              -117.0204993,
              32.8389476
            ],
            [
              -117.0205099,
              32.83897
            ],
            [
              -117.0205259,
              32.8389818
            ],
            [
              -117.0205489,
              32.8389833
            ]
          ]
        ]
      },
      "properties": {
        "course_id": "carlton_oaks_santee",
        "course_name": "Carlton Oaks Golf Course",
        "hole_number": 6,
        "feature_type": "bunker",
        "name": "hole_6_bunker_3",
        "feature-color": "#d4b483",
        "is_approximate": true,
        "source": "osm",
        "@id": "9d92cd5c-74bb-494b-9512-d0204e482289",
        "osm_id": 1126730876
      }
    },
    {
      "type": "Feature",
      "bbox": [
        -117.0203188,
        32.8387529,
        -117.0202091,
        32.838799
      ],
      "geometry": {
        "type": "Polygon",
        "coordinates": [
          [
            [
              -117.0202091,
              32.8387618
            ],
            [
              -117.020248,
              32.8387529
            ],
            [
              -117.0202728,
              32.8387529
            ],
            [
              -117.0203029,
              32.8387618
            ],
            [
              -117.0203188,
              32.8387826
            ],
            [
              -117.0202887,
              32.838799
            ],
            [
              -117.0202498,
              32.8387975
            ],
            [
              -117.0202091,
              32.8387886
            ],
            [
              -117.0202091,
              32.8387618
            ]
          ]
        ]
      },
      "properties": {
        "course_id": "carlton_oaks_santee",
        "course_name": "Carlton Oaks Golf Course",
        "hole_number": 7,
        "feature_type": "bunker",
        "name": "hole_7_bunker",
        "feature-color": "#d4b483",
        "is_approximate": true,
        "source": "osm",
        "@id": "bdb40d4f-4074-4d1a-887e-04a0697bdf73",
        "osm_id": 1126730877
      }
    },
    {
      "type": "Feature",
      "bbox": [
        -117.0203064,
        32.8388123,
        -117.0202215,
        32.8388614
      ],
      "geometry": {
        "type": "Polygon",
        "coordinates": [
          [
            [
              -117.0202215,
              32.8388287
            ],
            [
              -117.0202445,
              32.8388213
            ],
            [
              -117.0202693,
              32.8388123
            ],
            [
              -117.0202905,
              32.8388138
            ],
            [
              -117.0203047,
              32.8388272
            ],
            [
              -117.0203064,
              32.838848
            ],
            [
              -117.020271,
              32.8388614
            ],
            [
              -117.0202392,
              32.838857
            ],
            [
              -117.0202215,
              32.8388436
            ],
            [
              -117.0202215,
              32.8388287
            ]
          ]
        ]
      },
      "properties": {
        "course_id": "carlton_oaks_santee",
        "course_name": "Carlton Oaks Golf Course",
        "hole_number": 6,
        "feature_type": "bunker",
        "name": "hole_6_bunker_4",
        "feature-color": "#d4b483",
        "is_approximate": true,
        "source": "osm",
        "@id": "bc61840e-fb3e-4af8-9c6e-976f71737f8e",
        "osm_id": 1126730878
      }
    },
    {
      "type": "Feature",
      "bbox": [
        -117.0202604,
        32.8388599,
        -117.0201826,
        32.8389149
      ],
      "geometry": {
        "type": "Polygon",
        "coordinates": [
          [
            [
              -117.0201861,
              32.8388659
            ],
            [
              -117.0202073,
              32.8388599
            ],
            [
              -117.0202516,
              32.8388688
            ],
            [
              -117.0202604,
              32.8388837
            ],
            [
              -117.0202569,
              32.8389016
            ],
            [
              -117.0202321,
              32.8389149
            ],
            [
              -117.0202126,
              32.8389135
            ],
            [
              -117.0201932,
              32.838906
            ],
            [
              -117.0201826,
              32.8388882
            ],
            [
              -117.0201861,
              32.8388659
            ]
          ]
        ]
      },
      "properties": {
        "course_id": "carlton_oaks_santee",
        "course_name": "Carlton Oaks Golf Course",
        "hole_number": 6,
        "feature_type": "bunker",
        "name": "hole_6_bunker_5",
        "feature-color": "#d4b483",
        "is_approximate": true,
        "source": "osm",
        "@id": "478f95a9-872b-40cc-a9c5-757fd0e37de2",
        "osm_id": 1126730879
      }
    },
    {
      "type": "Feature",
      "bbox": [
        -117.0218469,
        32.8388532,
        -117.0200933,
        32.8401951
      ],
      "geometry": {
        "type": "Polygon",
        "coordinates": [
          [
            [
              -117.0201631,
              32.8390012
            ],
            [
              -117.0201143,
              32.8389768
            ],
            [
              -117.0200979,
              32.839018
            ],
            [
              -117.0200933,
              32.839067
            ],
            [
              -117.0201096,
              32.8391161
            ],
            [
              -117.0201283,
              32.8391396
            ],
            [
              -117.020147,
              32.8391514
            ],
            [
              -117.0201843,
              32.839171
            ],
            [
              -117.0202474,
              32.839171
            ],
            [
              -117.0203338,
              32.8391651
            ],
            [
              -117.0204248,
              32.8391592
            ],
            [
              -117.0205299,
              32.8391847
            ],
            [
              -117.0206186,
              32.8392318
            ],
            [
              -117.0207004,
              32.8392965
            ],
            [
              -117.0208101,
              32.8394201
            ],
            [
              -117.0208708,
              32.8395222
            ],
            [
              -117.0209377,
              32.8395988
            ],
            [
              -117.0209899,
              32.8396536
            ],
            [
              -117.0210786,
              32.8397419
            ],
            [
              -117.021116,
              32.8397929
            ],
            [
              -117.0212071,
              32.8398871
            ],
            [
              -117.0212654,
              32.8399616
            ],
            [
              -117.0213869,
              32.8400636
            ],
            [
              -117.0214896,
              32.8401362
            ],
            [
              -117.0215526,
              32.8401696
            ],
            [
              -117.0216157,
              32.8401951
            ],
            [
              -117.0217254,
              32.8401853
            ],
            [
              -117.0218235,
              32.8401401
            ],
            [
              -117.0218445,
              32.8400989
            ],
            [
              -117.0218469,
              32.8400636
            ],
            [
              -117.0218399,
              32.8400342
            ],
            [
              -117.0218212,
              32.8399852
            ],
            [
              -117.0217838,
              32.839944
            ],
            [
              -117.0217651,
              32.8399165
            ],
            [
              -117.0217488,
              32.8398655
            ],
            [
              -117.0217394,
              32.8398302
            ],
            [
              -117.0217301,
              32.839785
            ],
            [
              -117.0216974,
              32.8397733
            ],
            [
              -117.0216672,
              32.8397618
            ],
            [
              -117.0216371,
              32.8397574
            ],
            [
              -117.0216159,
              32.8397395
            ],
            [
              -117.0216088,
              32.8397187
            ],
            [
              -117.0216017,
              32.8397009
            ],
            [
              -117.0215875,
              32.8396845
            ],
            [
              -117.0215699,
              32.8396726
            ],
            [
              -117.0215451,
              32.8396622
            ],
            [
              -117.0215168,
              32.8396474
            ],
            [
              -117.021492,
              32.8396295
            ],
            [
              -117.0214849,
              32.8396102
            ],
            [
              -117.021492,
              32.8395909
            ],
            [
              -117.0214826,
              32.8395477
            ],
            [
              -117.0214429,
              32.8394888
            ],
            [
              -117.0213892,
              32.8394535
            ],
            [
              -117.0212654,
              32.8394084
            ],
            [
              -117.0211744,
              32.8393848
            ],
            [
              -117.0211067,
              32.8393534
            ],
            [
              -117.0210296,
              32.8393181
            ],
            [
              -117.0209666,
              32.8392789
            ],
            [
              -117.0208988,
              32.8392122
            ],
            [
              -117.0208592,
              32.8391043
            ],
            [
              -117.0208148,
              32.839065
            ],
            [
              -117.0207471,
              32.8390415
            ],
            [
              -117.0206904,
              32.8390146
            ],
            [
              -117.0206639,
              32.8390146
            ],
            [
              -117.0206409,
              32.8389997
            ],
            [
              -117.0206143,
              32.8389878
            ],
            [
              -117.0205754,
              32.8389833
            ],
            [
              -117.0205489,
              32.8389833
            ],
            [
              -117.0205259,
              32.8389818
            ],
            [
              -117.0205099,
              32.83897
            ],
            [
              -117.0204993,
              32.8389476
            ],
            [
              -117.0205152,
              32.8389372
            ],
            [
              -117.0205042,
              32.8389179
            ],
            [
              -117.0204879,
              32.8388806
            ],
            [
              -117.0204692,
              32.8388649
            ],
            [
              -117.0204038,
              32.8388532
            ],
            [
              -117.0203571,
              32.8388571
            ],
            [
              -117.0203174,
              32.838859
            ],
            [
              -117.0202871,
              32.8388728
            ],
            [
              -117.0202569,
              32.8389016
            ],
            [
              -117.0202531,
              32.838919
            ],
            [
              -117.020248,
              32.8389313
            ],
            [
              -117.020266,
              32.8389293
            ],
            [
              -117.0203011,
              32.8389253
            ],
            [
              -117.0203595,
              32.8389283
            ],
            [
              -117.0204002,
              32.8389447
            ],
            [
              -117.0204303,
              32.8389833
            ],
            [
              -117.0204533,
              32.839025
            ],
            [
              -117.0204586,
              32.8390592
            ],
            [
              -117.0204462,
              32.8390934
            ],
            [
              -117.020425,
              32.8391142
            ],
            [
              -117.0203825,
              32.8391261
            ],
            [
              -117.0203011,
              32.839132
            ],
            [
              -117.0202569,
              32.8391261
            ],
            [
              -117.0202126,
              32.8391023
            ],
            [
              -117.0201969,
              32.8390828
            ],
            [
              -117.0201861,
              32.8390696
            ],
            [
              -117.0201755,
              32.8390369
            ],
            [
              -117.0201631,
              32.8390012
            ]
          ]
        ]
      },
      "properties": {
        "course_id": "carlton_oaks_santee",
        "course_name": "Carlton Oaks Golf Course",
        "hole_number": 6,
        "feature_type": "fairway",
        "name": "hole_6_fairway",
        "feature-color": "#4a7c3f",
        "is_approximate": true,
        "source": "osm",
        "@id": "e0c18616-3c02-4ad6-a10b-c14d7d8ea08c",
        "osm_id": 1126730881
      }
    },
    {
      "type": "Feature",
      "bbox": [
        -117.0203377,
        32.8384733,
        -117.0196651,
        32.8386782
      ],
      "geometry": {
        "type": "Polygon",
        "coordinates": [
          [
            [
              -117.0197116,
              32.8384784
            ],
            [
              -117.0197828,
              32.8384733
            ],
            [
              -117.0198641,
              32.8384955
            ],
            [
              -117.0199169,
              32.8385211
            ],
            [
              -117.019982,
              32.8385245
            ],
            [
              -117.0200186,
              32.8385228
            ],
            [
              -117.0200775,
              32.8385245
            ],
            [
              -117.0201568,
              32.8385501
            ],
            [
              -117.0202137,
              32.8385587
            ],
            [
              -117.0202605,
              32.8385604
            ],
            [
              -117.0203052,
              32.8385809
            ],
            [
              -117.0203377,
              32.8386014
            ],
            [
              -117.0203296,
              32.8386424
            ],
            [
              -117.0202889,
              32.8386526
            ],
            [
              -117.0202279,
              32.838656
            ],
            [
              -117.0201873,
              32.8386731
            ],
            [
              -117.0200958,
              32.8386782
            ],
            [
              -117.0200247,
              32.8386287
            ],
            [
              -117.0199718,
              32.8386031
            ],
            [
              -117.0198986,
              32.838586
            ],
            [
              -117.0198031,
              32.838574
            ],
            [
              -117.0197381,
              32.8385672
            ],
            [
              -117.0196913,
              32.8385501
            ],
            [
              -117.0196651,
              32.838533
            ],
            [
              -117.0196669,
              32.8385023
            ],
            [
              -117.0196852,
              32.8384938
            ],
            [
              -117.0197116,
              32.8384784
            ]
          ]
        ]
      },
      "properties": {
        "course_id": "carlton_oaks_santee",
        "course_name": "Carlton Oaks Golf Course",
        "hole_number": 7,
        "feature_type": "tee_box",
        "name": "hole_7_tee_box",
        "feature-color": "#8b7355",
        "is_approximate": true,
        "source": "osm",
        "@id": "3f9e731a-f474-4129-ad20-b6875f3a58c1",
        "osm_id": 1126730882
      }
    },
    {
      "type": "Feature",
      "bbox": [
        -117.0208845,
        32.8385911,
        -117.0205146,
        32.8387346
      ],
      "geometry": {
        "type": "Polygon",
        "coordinates": [
          [
            [
              -117.0205268,
              32.8385911
            ],
            [
              -117.0205735,
              32.8385911
            ],
            [
              -117.0206081,
              32.8385979
            ],
            [
              -117.0206569,
              32.8386065
            ],
            [
              -117.0207016,
              32.8386031
            ],
            [
              -117.0207707,
              32.8386133
            ],
            [
              -117.0208317,
              32.8386321
            ],
            [
              -117.0208662,
              32.8386492
            ],
            [
              -117.0208845,
              32.8386919
            ],
            [
              -117.0208703,
              32.8387243
            ],
            [
              -117.0208195,
              32.8387346
            ],
            [
              -117.0207687,
              32.838726
            ],
            [
              -117.0207341,
              32.8387124
            ],
            [
              -117.0206914,
              32.8387021
            ],
            [
              -117.0206406,
              32.8387004
            ],
            [
              -117.0205877,
              32.8386902
            ],
            [
              -117.0205451,
              32.8386748
            ],
            [
              -117.0205268,
              32.8386509
            ],
            [
              -117.0205146,
              32.8386184
            ],
            [
              -117.0205268,
              32.8385911
            ]
          ]
        ]
      },
      "properties": {
        "course_id": "carlton_oaks_santee",
        "course_name": "Carlton Oaks Golf Course",
        "hole_number": 7,
        "feature_type": "tee_box",
        "name": "hole_7_tee_box_2",
        "feature-color": "#8b7355",
        "is_approximate": true,
        "source": "osm",
        "@id": "9f9ab479-bdb7-434c-9c8b-5779ddd4ed49",
        "osm_id": 1126730883
      }
    },
    {
      "type": "Feature",
      "bbox": [
        -117.0192136,
        32.838364,
        -117.0191384,
        32.8384162
      ],
      "geometry": {
        "type": "Polygon",
        "coordinates": [
          [
            [
              -117.0191669,
              32.838364
            ],
            [
              -117.0192014,
              32.8383725
            ],
            [
              -117.0192136,
              32.8383879
            ],
            [
              -117.0192136,
              32.8384067
            ],
            [
              -117.019184,
              32.8384162
            ],
            [
              -117.0191465,
              32.8384101
            ],
            [
              -117.0191384,
              32.8383896
            ],
            [
              -117.0191465,
              32.8383759
            ],
            [
              -117.0191669,
              32.838364
            ]
          ]
        ]
      },
      "properties": {
        "course_id": "carlton_oaks_santee",
        "course_name": "Carlton Oaks Golf Course",
        "hole_number": 7,
        "feature_type": "bunker",
        "name": "hole_7_bunker_2",
        "feature-color": "#d4b483",
        "is_approximate": true,
        "source": "osm",
        "@id": "ecdf5ef7-3e28-4cd4-864d-5fd0bc77fafd",
        "osm_id": 1126730884
      }
    },
    {
      "type": "Feature",
      "bbox": [
        -117.0189453,
        32.8382068,
        -117.0186749,
        32.8384938
      ],
      "geometry": {
        "type": "Polygon",
        "coordinates": [
          [
            [
              -117.0187258,
              32.8382068
            ],
            [
              -117.0187867,
              32.8382068
            ],
            [
              -117.0188213,
              32.8382359
            ],
            [
              -117.0188303,
              32.8382434
            ],
            [
              -117.018864,
              32.8382717
            ],
            [
              -117.0188945,
              32.838311
            ],
            [
              -117.0189107,
              32.8383435
            ],
            [
              -117.0189251,
              32.8383761
            ],
            [
              -117.0189453,
              32.8384186
            ],
            [
              -117.0189331,
              32.838463
            ],
            [
              -117.0188782,
              32.8384938
            ],
            [
              -117.0188254,
              32.8384886
            ],
            [
              -117.0187664,
              32.8384596
            ],
            [
              -117.0187237,
              32.8384323
            ],
            [
              -117.0187014,
              32.8383845
            ],
            [
              -117.0186851,
              32.8383366
            ],
            [
              -117.018677,
              32.8383042
            ],
            [
              -117.0186749,
              32.8382734
            ],
            [
              -117.018677,
              32.8382444
            ],
            [
              -117.0186973,
              32.8382188
            ],
            [
              -117.0187258,
              32.8382068
            ]
          ]
        ]
      },
      "properties": {
        "course_id": "carlton_oaks_santee",
        "course_name": "Carlton Oaks Golf Course",
        "hole_number": 7,
        "feature_type": "green",
        "name": "hole_7_green",
        "feature-color": "#2d6e2d",
        "is_approximate": true,
        "source": "osm",
        "@id": "51398dd3-36ce-49eb-a257-158052b3eb8e",
        "osm_id": 1126730885
      }
    },
    {
      "type": "Feature",
      "bbox": [
        -117.0187034,
        32.8384186,
        -117.0186404,
        32.8384681
      ],
      "geometry": {
        "type": "Polygon",
        "coordinates": [
          [
            [
              -117.0186566,
              32.8384186
            ],
            [
              -117.018679,
              32.838422
            ],
            [
              -117.0186993,
              32.8384306
            ],
            [
              -117.0187034,
              32.8384596
            ],
            [
              -117.018677,
              32.8384681
            ],
            [
              -117.0186485,
              32.8384562
            ],
            [
              -117.0186404,
              32.8384357
            ],
            [
              -117.0186566,
              32.8384186
            ]
          ]
        ]
      },
      "properties": {
        "course_id": "carlton_oaks_santee",
        "course_name": "Carlton Oaks Golf Course",
        "hole_number": 7,
        "feature_type": "bunker",
        "name": "hole_7_bunker_3",
        "feature-color": "#d4b483",
        "is_approximate": true,
        "source": "osm",
        "@id": "54363083-cd7a-4bc3-a354-85ce5f4ef363",
        "osm_id": 1126730886
      }
    },
    {
      "type": "Feature",
      "bbox": [
        -117.0191112,
        32.8381257,
        -117.0186378,
        32.8386485
      ],
      "geometry": {
        "type": "Polygon",
        "coordinates": [
          [
            [
              -117.0187666,
              32.8381257
            ],
            [
              -117.0188363,
              32.8381595
            ],
            [
              -117.0188899,
              32.8381854
            ],
            [
              -117.0189744,
              32.8382034
            ],
            [
              -117.019071,
              32.8382293
            ],
            [
              -117.0191112,
              32.8382834
            ],
            [
              -117.0190683,
              32.8383747
            ],
            [
              -117.0190468,
              32.838466
            ],
            [
              -117.0190415,
              32.8385065
            ],
            [
              -117.0190013,
              32.8385719
            ],
            [
              -117.018953,
              32.8385843
            ],
            [
              -117.0189007,
              32.8385955
            ],
            [
              -117.018851,
              32.8386113
            ],
            [
              -117.0188135,
              32.8386271
            ],
            [
              -117.0187639,
              32.8386485
            ],
            [
              -117.0187303,
              32.8386474
            ],
            [
              -117.0187169,
              32.8386248
            ],
            [
              -117.018733,
              32.8385978
            ],
            [
              -117.018721,
              32.8385786
            ],
            [
              -117.0186821,
              32.8385584
            ],
            [
              -117.0186566,
              32.838546
            ],
            [
              -117.0186566,
              32.8385155
            ],
            [
              -117.0186566,
              32.8384784
            ],
            [
              -117.018677,
              32.8384681
            ],
            [
              -117.0187034,
              32.8384596
            ],
            [
              -117.0186993,
              32.8384306
            ],
            [
              -117.0187237,
              32.8384323
            ],
            [
              -117.0187664,
              32.8384596
            ],
            [
              -117.0188254,
              32.8384886
            ],
            [
              -117.0188782,
              32.8384938
            ],
            [
              -117.0189331,
              32.838463
            ],
            [
              -117.0189453,
              32.8384186
            ],
            [
              -117.0189251,
              32.8383761
            ],
            [
              -117.0189107,
              32.8383435
            ],
            [
              -117.0188945,
              32.838311
            ],
            [
              -117.018864,
              32.8382717
            ],
            [
              -117.0188303,
              32.8382434
            ],
            [
              -117.0187867,
              32.8382068
            ],
            [
              -117.0187258,
              32.8382068
            ],
            [
              -117.0186973,
              32.8382188
            ],
            [
              -117.018677,
              32.8382444
            ],
            [
              -117.0186749,
              32.8382734
            ],
            [
              -117.018677,
              32.8383042
            ],
            [
              -117.0186851,
              32.8383366
            ],
            [
              -117.0187014,
              32.8383845
            ],
            [
              -117.0186566,
              32.838404
            ],
            [
              -117.0186512,
              32.8383758
            ],
            [
              -117.0186499,
              32.8383488
            ],
            [
              -117.0186445,
              32.8383274
            ],
            [
              -117.0186405,
              32.838306
            ],
            [
              -117.0186392,
              32.8382834
            ],
            [
              -117.0186378,
              32.8382609
            ],
            [
              -117.0186378,
              32.8382338
            ],
            [
              -117.0186566,
              32.8381955
            ],
            [
              -117.0186848,
              32.8381651
            ],
            [
              -117.0187196,
              32.8381381
            ],
            [
              -117.0187371,
              32.838129
            ],
            [
              -117.0187666,
              32.8381257
            ]
          ]
        ]
      },
      "properties": {
        "course_id": "carlton_oaks_santee",
        "course_name": "Carlton Oaks Golf Course",
        "hole_number": 7,
        "feature_type": "fairway",
        "name": "hole_7_fairway",
        "feature-color": "#4a7c3f",
        "is_approximate": true,
        "source": "osm",
        "@id": "b9c4fa9d-810c-44f0-b2c0-2b4fac2d3d33",
        "osm_id": 1126730887
      }
    },
    {
      "type": "Feature",
      "bbox": [
        -117.0177358,
        32.8382002,
        -117.0174492,
        32.8383607
      ],
      "geometry": {
        "type": "Polygon",
        "coordinates": [
          [
            [
              -117.0175247,
              32.8382377
            ],
            [
              -117.0175863,
              32.8382235
            ],
            [
              -117.0176449,
              32.8382067
            ],
            [
              -117.0177034,
              32.8382002
            ],
            [
              -117.0177358,
              32.8382131
            ],
            [
              -117.0177358,
              32.8382455
            ],
            [
              -117.0177034,
              32.8382571
            ],
            [
              -117.0176695,
              32.8382649
            ],
            [
              -117.0176233,
              32.8382908
            ],
            [
              -117.0175755,
              32.8383219
            ],
            [
              -117.0175293,
              32.8383529
            ],
            [
              -117.0174862,
              32.8383607
            ],
            [
              -117.0174631,
              32.8383516
            ],
            [
              -117.0174538,
              32.8383257
            ],
            [
              -117.0174492,
              32.8382973
            ],
            [
              -117.0174847,
              32.8382597
            ],
            [
              -117.0175247,
              32.8382377
            ]
          ]
        ]
      },
      "properties": {
        "course_id": "carlton_oaks_santee",
        "course_name": "Carlton Oaks Golf Course",
        "hole_number": 8,
        "feature_type": "tee_box",
        "name": "hole_8_tee_box",
        "feature-color": "#8b7355",
        "is_approximate": true,
        "source": "osm",
        "@id": "18e55ab3-241c-4986-ae76-424b2ef7c92d",
        "osm_id": 1126730888
      }
    },
    {
      "type": "Feature",
      "bbox": [
        -117.0170579,
        32.8382105,
        -117.0169193,
        32.838283
      ],
      "geometry": {
        "type": "Polygon",
        "coordinates": [
          [
            [
              -117.0169331,
              32.8382144
            ],
            [
              -117.0169871,
              32.8382105
            ],
            [
              -117.0170317,
              32.8382105
            ],
            [
              -117.0170579,
              32.8382248
            ],
            [
              -117.0170548,
              32.8382545
            ],
            [
              -117.0170194,
              32.8382753
            ],
            [
              -117.0169794,
              32.838283
            ],
            [
              -117.016947,
              32.8382714
            ],
            [
              -117.0169254,
              32.8382507
            ],
            [
              -117.0169193,
              32.8382274
            ],
            [
              -117.0169331,
              32.8382144
            ]
          ]
        ]
      },
      "properties": {
        "course_id": "carlton_oaks_santee",
        "course_name": "Carlton Oaks Golf Course",
        "hole_number": 8,
        "feature_type": "tee_box",
        "name": "hole_8_tee_box_2",
        "feature-color": "#8b7355",
        "is_approximate": true,
        "source": "osm",
        "@id": "2d2f55f4-b909-4a63-b08d-56e6b3b7d374",
        "osm_id": 1126730889
      }
    },
    {
      "type": "Feature",
      "bbox": [
        -117.0157177,
        32.8388797,
        -117.0154126,
        32.8389418
      ],
      "geometry": {
        "type": "Polygon",
        "coordinates": [
          [
            [
              -117.0154311,
              32.8388953
            ],
            [
              -117.0154835,
              32.8388927
            ],
            [
              -117.0155451,
              32.8388875
            ],
            [
              -117.0155898,
              32.8388823
            ],
            [
              -117.0156499,
              32.8388797
            ],
            [
              -117.0156915,
              32.8388797
            ],
            [
              -117.0157146,
              32.8388965
            ],
            [
              -117.0157177,
              32.8389121
            ],
            [
              -117.0157007,
              32.8389315
            ],
            [
              -117.0156699,
              32.8389367
            ],
            [
              -117.0156329,
              32.8389237
            ],
            [
              -117.015616,
              32.8389108
            ],
            [
              -117.0155883,
              32.8389004
            ],
            [
              -117.0154989,
              32.8389198
            ],
            [
              -117.0154712,
              32.8389354
            ],
            [
              -117.015445,
              32.8389418
            ],
            [
              -117.015425,
              32.838938
            ],
            [
              -117.0154126,
              32.8389147
            ],
            [
              -117.0154157,
              32.8389017
            ],
            [
              -117.0154311,
              32.8388953
            ]
          ]
        ]
      },
      "properties": {
        "course_id": "carlton_oaks_santee",
        "course_name": "Carlton Oaks Golf Course",
        "hole_number": 8,
        "feature_type": "bunker",
        "name": "hole_8_bunker",
        "feature-color": "#d4b483",
        "is_approximate": true,
        "source": "osm",
        "@id": "0b2c060a-f797-49d2-80d6-9c26cc73be50",
        "osm_id": 1126730890
      }
    },
    {
      "type": "Feature",
      "bbox": [
        -117.0145679,
        32.8387257,
        -117.0142403,
        32.8389548
      ],
      "geometry": {
        "type": "Polygon",
        "coordinates": [
          [
            [
              -117.0143636,
              32.8387451
            ],
            [
              -117.014419,
              32.8387309
            ],
            [
              -117.0144729,
              32.8387257
            ],
            [
              -117.0145253,
              32.8387438
            ],
            [
              -117.0145654,
              32.8387723
            ],
            [
              -117.0145679,
              32.8388183
            ],
            [
              -117.0145469,
              32.838859
            ],
            [
              -117.014493,
              32.8388797
            ],
            [
              -117.0144483,
              32.8388901
            ],
            [
              -117.0144128,
              32.8389069
            ],
            [
              -117.0143743,
              32.8389418
            ],
            [
              -117.0143312,
              32.8389548
            ],
            [
              -117.0142927,
              32.8389406
            ],
            [
              -117.0142542,
              32.838916
            ],
            [
              -117.0142434,
              32.8388888
            ],
            [
              -117.0142403,
              32.8388577
            ],
            [
              -117.0142511,
              32.8388189
            ],
            [
              -117.0142711,
              32.8387969
            ],
            [
              -117.0143081,
              32.8387736
            ],
            [
              -117.0143636,
              32.8387451
            ]
          ]
        ]
      },
      "properties": {
        "course_id": "carlton_oaks_santee",
        "course_name": "Carlton Oaks Golf Course",
        "hole_number": 8,
        "feature_type": "green",
        "name": "hole_8_green",
        "feature-color": "#2d6e2d",
        "is_approximate": true,
        "source": "osm",
        "@id": "3009d933-ae39-410a-8857-4d7f7000f1b3",
        "osm_id": 1126730891
      }
    },
    {
      "type": "Feature",
      "bbox": [
        -117.0141848,
        32.8388202,
        -117.0141263,
        32.8388862
      ],
      "geometry": {
        "type": "Polygon",
        "coordinates": [
          [
            [
              -117.0141463,
              32.8388254
            ],
            [
              -117.0141725,
              32.8388202
            ],
            [
              -117.0141787,
              32.8388292
            ],
            [
              -117.0141848,
              32.8388487
            ],
            [
              -117.0141818,
              32.8388707
            ],
            [
              -117.0141617,
              32.8388862
            ],
            [
              -117.0141417,
              32.8388797
            ],
            [
              -117.0141263,
              32.8388655
            ],
            [
              -117.0141263,
              32.8388435
            ],
            [
              -117.0141463,
              32.8388254
            ]
          ]
        ]
      },
      "properties": {
        "course_id": "carlton_oaks_santee",
        "course_name": "Carlton Oaks Golf Course",
        "hole_number": 8,
        "feature_type": "bunker",
        "name": "hole_8_bunker_2",
        "feature-color": "#d4b483",
        "is_approximate": true,
        "source": "osm",
        "@id": "0de43636-dcc1-4f64-ba93-5d0c7c7799d2",
        "osm_id": 1126730892
      }
    },
    {
      "type": "Feature",
      "bbox": [
        -117.0167543,
        32.8383199,
        -117.0148473,
        32.8389979
      ],
      "geometry": {
        "type": "Polygon",
        "coordinates": [
          [
            [
              -117.0162929,
              32.8387161
            ],
            [
              -117.0163742,
              32.8386649
            ],
            [
              -117.0164454,
              32.8386222
            ],
            [
              -117.0165348,
              32.8385949
            ],
            [
              -117.0166364,
              32.8385436
            ],
            [
              -117.0167198,
              32.8384992
            ],
            [
              -117.0167543,
              32.8384497
            ],
            [
              -117.0167218,
              32.8384019
            ],
            [
              -117.0166242,
              32.8383951
            ],
            [
              -117.0165145,
              32.8383951
            ],
            [
              -117.0164108,
              32.8384002
            ],
            [
              -117.0163315,
              32.8383865
            ],
            [
              -117.0162604,
              32.8383626
            ],
            [
              -117.0161994,
              32.8383387
            ],
            [
              -117.0161364,
              32.8383199
            ],
            [
              -117.0160815,
              32.8383319
            ],
            [
              -117.015986,
              32.8383524
            ],
            [
              -117.0159209,
              32.8383899
            ],
            [
              -117.0158518,
              32.8384412
            ],
            [
              -117.0157725,
              32.8384839
            ],
            [
              -117.0156729,
              32.8385419
            ],
            [
              -117.0155977,
              32.8385761
            ],
            [
              -117.0155225,
              32.8385846
            ],
            [
              -117.0154615,
              32.8386
            ],
            [
              -117.0153599,
              32.8386205
            ],
            [
              -117.015244,
              32.8386444
            ],
            [
              -117.0151627,
              32.83867
            ],
            [
              -117.0151058,
              32.8387025
            ],
            [
              -117.0150285,
              32.8387554
            ],
            [
              -117.0149879,
              32.8387776
            ],
            [
              -117.0149289,
              32.8388101
            ],
            [
              -117.0149045,
              32.8388391
            ],
            [
              -117.0148741,
              32.8388801
            ],
            [
              -117.0148558,
              32.8389365
            ],
            [
              -117.0148473,
              32.8389771
            ],
            [
              -117.0148558,
              32.8389979
            ],
            [
              -117.0149472,
              32.8389638
            ],
            [
              -117.0150184,
              32.8389484
            ],
            [
              -117.0150814,
              32.8389262
            ],
            [
              -117.0151708,
              32.838916
            ],
            [
              -117.0152765,
              32.8389057
            ],
            [
              -117.0153944,
              32.8388938
            ],
            [
              -117.0154311,
              32.8388953
            ],
            [
              -117.0154835,
              32.8388927
            ],
            [
              -117.0155451,
              32.8388875
            ],
            [
              -117.0155898,
              32.8388823
            ],
            [
              -117.0156499,
              32.8388797
            ],
            [
              -117.0156915,
              32.8388797
            ],
            [
              -117.0158437,
              32.838834
            ],
            [
              -117.0160408,
              32.8388203
            ],
            [
              -117.016112,
              32.838822
            ],
            [
              -117.016177,
              32.8388084
            ],
            [
              -117.0162197,
              32.8387725
            ],
            [
              -117.0162482,
              32.8387469
            ],
            [
              -117.0162929,
              32.8387161
            ]
          ]
        ]
      },
      "properties": {
        "course_id": "carlton_oaks_santee",
        "course_name": "Carlton Oaks Golf Course",
        "hole_number": 8,
        "feature_type": "fairway",
        "name": "hole_8_fairway",
        "feature-color": "#4a7c3f",
        "is_approximate": true,
        "source": "osm",
        "@id": "561cc5d8-f6e5-4bd5-80d4-4950c987fc84",
        "osm_id": 1126730893
      }
    },
    {
      "type": "Feature",
      "bbox": [
        -117.014728,
        32.8386504,
        -117.0141617,
        32.8390398
      ],
      "geometry": {
        "type": "Polygon",
        "coordinates": [
          [
            [
              -117.014475,
              32.8390329
            ],
            [
              -117.0145252,
              32.8389996
            ],
            [
              -117.0145848,
              32.8389623
            ],
            [
              -117.0146081,
              32.8389231
            ],
            [
              -117.0146525,
              32.8388848
            ],
            [
              -117.0147062,
              32.8388505
            ],
            [
              -117.014728,
              32.8388097
            ],
            [
              -117.0147249,
              32.8387632
            ],
            [
              -117.0146735,
              32.8387445
            ],
            [
              -117.0146233,
              32.838721
            ],
            [
              -117.0145509,
              32.8386965
            ],
            [
              -117.0144832,
              32.8386641
            ],
            [
              -117.0144505,
              32.8386504
            ],
            [
              -117.0143968,
              32.838669
            ],
            [
              -117.0143524,
              32.8386739
            ],
            [
              -117.0142906,
              32.8387092
            ],
            [
              -117.0142182,
              32.8387396
            ],
            [
              -117.0141878,
              32.8387789
            ],
            [
              -117.0141725,
              32.8388202
            ],
            [
              -117.0141787,
              32.8388292
            ],
            [
              -117.0141848,
              32.8388487
            ],
            [
              -117.0142403,
              32.8388577
            ],
            [
              -117.0142511,
              32.8388189
            ],
            [
              -117.0142711,
              32.8387969
            ],
            [
              -117.0143081,
              32.8387736
            ],
            [
              -117.0143636,
              32.8387451
            ],
            [
              -117.014419,
              32.8387309
            ],
            [
              -117.0144729,
              32.8387257
            ],
            [
              -117.0145253,
              32.8387438
            ],
            [
              -117.0145654,
              32.8387723
            ],
            [
              -117.0145679,
              32.8388183
            ],
            [
              -117.0145469,
              32.838859
            ],
            [
              -117.014493,
              32.8388797
            ],
            [
              -117.0144483,
              32.8388901
            ],
            [
              -117.0144128,
              32.8389069
            ],
            [
              -117.0143743,
              32.8389418
            ],
            [
              -117.0143312,
              32.8389548
            ],
            [
              -117.0142927,
              32.8389406
            ],
            [
              -117.0142542,
              32.838916
            ],
            [
              -117.0142434,
              32.8388888
            ],
            [
              -117.0141818,
              32.8388707
            ],
            [
              -117.0141617,
              32.8388862
            ],
            [
              -117.0141656,
              32.8389309
            ],
            [
              -117.014189,
              32.8389741
            ],
            [
              -117.0142298,
              32.8390123
            ],
            [
              -117.0142976,
              32.8390378
            ],
            [
              -117.0144166,
              32.8390398
            ],
            [
              -117.014475,
              32.8390329
            ]
          ]
        ]
      },
      "properties": {
        "course_id": "carlton_oaks_santee",
        "course_name": "Carlton Oaks Golf Course",
        "hole_number": 8,
        "feature_type": "fairway",
        "name": "hole_8_fairway_2",
        "feature-color": "#4a7c3f",
        "is_approximate": true,
        "source": "osm",
        "@id": "1c98db0e-07f9-4fb9-9026-9cab3d9010fa",
        "osm_id": 1126730894
      }
    },
    {
      "type": "Feature",
      "bbox": [
        -117.0127689,
        32.8393252,
        -117.0124253,
        32.8395452
      ],
      "geometry": {
        "type": "Polygon",
        "coordinates": [
          [
            [
              -117.0127211,
              32.8393355
            ],
            [
              -117.0127334,
              32.8393264
            ],
            [
              -117.0127519,
              32.8393252
            ],
            [
              -117.0127689,
              32.839342
            ],
            [
              -117.0127581,
              32.8393588
            ],
            [
              -117.0127288,
              32.8393653
            ],
            [
              -117.0126965,
              32.8393692
            ],
            [
              -117.0126549,
              32.8393821
            ],
            [
              -117.0126333,
              32.8393963
            ],
            [
              -117.0126117,
              32.8394183
            ],
            [
              -117.0125917,
              32.8394429
            ],
            [
              -117.0125778,
              32.8394662
            ],
            [
              -117.0125609,
              32.8394792
            ],
            [
              -117.0125517,
              32.839496
            ],
            [
              -117.0125285,
              32.8395258
            ],
            [
              -117.0124947,
              32.83954
            ],
            [
              -117.0124469,
              32.8395452
            ],
            [
              -117.0124269,
              32.83954
            ],
            [
              -117.0124253,
              32.8395206
            ],
            [
              -117.0124284,
              32.8395077
            ],
            [
              -117.0124469,
              32.8394999
            ],
            [
              -117.0124762,
              32.8395012
            ],
            [
              -117.0124977,
              32.8394999
            ],
            [
              -117.0125162,
              32.8394882
            ],
            [
              -117.0125347,
              32.8394701
            ],
            [
              -117.0125609,
              32.8394507
            ],
            [
              -117.0125671,
              32.8394339
            ],
            [
              -117.0125809,
              32.8394145
            ],
            [
              -117.012601,
              32.8393873
            ],
            [
              -117.0126133,
              32.8393756
            ],
            [
              -117.0126318,
              32.8393588
            ],
            [
              -117.0126549,
              32.8393485
            ],
            [
              -117.0126857,
              32.8393433
            ],
            [
              -117.0127072,
              32.8393433
            ],
            [
              -117.0127211,
              32.8393355
            ]
          ]
        ]
      },
      "properties": {
        "course_id": "carlton_oaks_santee",
        "course_name": "Carlton Oaks Golf Course",
        "hole_number": 9,
        "feature_type": "bunker",
        "name": "hole_9_bunker",
        "feature-color": "#d4b483",
        "is_approximate": true,
        "source": "osm",
        "@id": "12746534-b3ed-4964-96fa-cc082cfe000f",
        "osm_id": 1126730895
      }
    },
    {
      "type": "Feature",
      "bbox": [
        -117.0126885,
        32.8397432,
        -117.01245,
        32.8399361
      ],
      "geometry": {
        "type": "Polygon",
        "coordinates": [
          [
            [
              -117.0124623,
              32.8399361
            ],
            [
              -117.0125116,
              32.839918
            ],
            [
              -117.0125424,
              32.8398972
            ],
            [
              -117.0125917,
              32.8398688
            ],
            [
              -117.0126425,
              32.8398519
            ],
            [
              -117.0126826,
              32.8398325
            ],
            [
              -117.0126872,
              32.8398144
            ],
            [
              -117.0126885,
              32.8397886
            ],
            [
              -117.012678,
              32.8397562
            ],
            [
              -117.0126672,
              32.8397432
            ],
            [
              -117.0126502,
              32.8397432
            ],
            [
              -117.0126271,
              32.8397652
            ],
            [
              -117.0126223,
              32.839787
            ],
            [
              -117.0126102,
              32.8398041
            ],
            [
              -117.0125763,
              32.8398183
            ],
            [
              -117.0125347,
              32.8398532
            ],
            [
              -117.0125116,
              32.839861
            ],
            [
              -117.0124731,
              32.8398778
            ],
            [
              -117.0124561,
              32.839905
            ],
            [
              -117.01245,
              32.839927
            ],
            [
              -117.0124623,
              32.8399361
            ]
          ]
        ]
      },
      "properties": {
        "course_id": "carlton_oaks_santee",
        "course_name": "Carlton Oaks Golf Course",
        "hole_number": 9,
        "feature_type": "bunker",
        "name": "hole_9_bunker_2",
        "feature-color": "#d4b483",
        "is_approximate": true,
        "source": "osm",
        "@id": "f1d891d8-c910-4305-98de-765d805de7b5",
        "osm_id": 1126730896
      }
    },
    {
      "type": "Feature",
      "bbox": [
        -117.0147716,
        32.8393316,
        -117.0145636,
        32.8394455
      ],
      "geometry": {
        "type": "Polygon",
        "coordinates": [
          [
            [
              -117.0146036,
              32.8393523
            ],
            [
              -117.0146437,
              32.839342
            ],
            [
              -117.0147022,
              32.8393316
            ],
            [
              -117.0147423,
              32.8393381
            ],
            [
              -117.0147623,
              32.8393549
            ],
            [
              -117.0147716,
              32.8393899
            ],
            [
              -117.0147469,
              32.8394145
            ],
            [
              -117.0146714,
              32.8394339
            ],
            [
              -117.014619,
              32.8394455
            ],
            [
              -117.0145975,
              32.8394365
            ],
            [
              -117.0145728,
              32.8394158
            ],
            [
              -117.0145636,
              32.8393886
            ],
            [
              -117.0145728,
              32.8393679
            ],
            [
              -117.0146036,
              32.8393523
            ]
          ]
        ]
      },
      "properties": {
        "course_id": "carlton_oaks_santee",
        "course_name": "Carlton Oaks Golf Course",
        "hole_number": 9,
        "feature_type": "tee_box",
        "name": "hole_9_tee_box",
        "feature-color": "#8b7355",
        "is_approximate": true,
        "source": "osm",
        "@id": "b1c08c61-8240-4347-b0cf-628c37564446",
        "osm_id": 1126730897
      }
    },
    {
      "type": "Feature",
      "bbox": [
        -117.0151628,
        32.8391931,
        -117.0148039,
        32.8393536
      ],
      "geometry": {
        "type": "Polygon",
        "coordinates": [
          [
            [
              -117.0148039,
              32.8393031
            ],
            [
              -117.014827,
              32.8392837
            ],
            [
              -117.0148517,
              32.8392617
            ],
            [
              -117.014884,
              32.8392527
            ],
            [
              -117.0149302,
              32.8392384
            ],
            [
              -117.0149826,
              32.8392177
            ],
            [
              -117.0150242,
              32.8392048
            ],
            [
              -117.0150704,
              32.8391957
            ],
            [
              -117.0151105,
              32.8391944
            ],
            [
              -117.0151444,
              32.8391931
            ],
            [
              -117.0151628,
              32.8392164
            ],
            [
              -117.0151628,
              32.8392423
            ],
            [
              -117.0151305,
              32.8392578
            ],
            [
              -117.0150766,
              32.8392656
            ],
            [
              -117.0150257,
              32.8392708
            ],
            [
              -117.0149918,
              32.839285
            ],
            [
              -117.0149549,
              32.8393187
            ],
            [
              -117.0149333,
              32.8393381
            ],
            [
              -117.0148825,
              32.8393536
            ],
            [
              -117.0148409,
              32.839351
            ],
            [
              -117.0148101,
              32.8393368
            ],
            [
              -117.0148039,
              32.8393239
            ],
            [
              -117.0148039,
              32.8393031
            ]
          ]
        ]
      },
      "properties": {
        "course_id": "carlton_oaks_santee",
        "course_name": "Carlton Oaks Golf Course",
        "hole_number": 9,
        "feature_type": "tee_box",
        "name": "hole_9_tee_box_2",
        "feature-color": "#8b7355",
        "is_approximate": true,
        "source": "osm",
        "@id": "2a0bb97f-ddc6-4133-857a-9eebeb880728",
        "osm_id": 1126730898
      }
    },
    {
      "type": "Feature",
      "bbox": [
        -117.011607,
        32.8405356,
        -117.0115158,
        32.8405964
      ],
      "geometry": {
        "type": "Polygon",
        "coordinates": [
          [
            [
              -117.0115386,
              32.8405964
            ],
            [
              -117.0115775,
              32.8405841
            ],
            [
              -117.0115976,
              32.8405762
            ],
            [
              -117.011607,
              32.840566
            ],
            [
              -117.0116043,
              32.8405502
            ],
            [
              -117.0115857,
              32.8405357
            ],
            [
              -117.0115614,
              32.8405356
            ],
            [
              -117.0115292,
              32.8405491
            ],
            [
              -117.0115185,
              32.8405626
            ],
            [
              -117.0115158,
              32.8405807
            ],
            [
              -117.0115212,
              32.8405919
            ],
            [
              -117.0115386,
              32.8405964
            ]
          ]
        ]
      },
      "properties": {
        "course_id": "carlton_oaks_santee",
        "course_name": "Carlton Oaks Golf Course",
        "hole_number": 9,
        "feature_type": "bunker",
        "name": "hole_9_bunker_3",
        "feature-color": "#d4b483",
        "is_approximate": true,
        "source": "osm",
        "@id": "e91a0554-92a5-4ce9-a953-e4b1617e1463",
        "osm_id": 1126730899
      }
    },
    {
      "type": "Feature",
      "bbox": [
        -117.0112409,
        32.8406584,
        -117.0111859,
        32.8407125
      ],
      "geometry": {
        "type": "Polygon",
        "coordinates": [
          [
            [
              -117.0112342,
              32.8406652
            ],
            [
              -117.0112409,
              32.8406753
            ],
            [
              -117.0112369,
              32.8406945
            ],
            [
              -117.0112262,
              32.8407035
            ],
            [
              -117.0112074,
              32.8407125
            ],
            [
              -117.0111913,
              32.8407069
            ],
            [
              -117.0111859,
              32.8406979
            ],
            [
              -117.0111859,
              32.8406821
            ],
            [
              -117.0111913,
              32.8406697
            ],
            [
              -117.011202,
              32.8406629
            ],
            [
              -117.0112208,
              32.8406584
            ],
            [
              -117.0112342,
              32.8406652
            ]
          ]
        ]
      },
      "properties": {
        "course_id": "carlton_oaks_santee",
        "course_name": "Carlton Oaks Golf Course",
        "hole_number": 9,
        "feature_type": "bunker",
        "name": "hole_9_bunker_4",
        "feature-color": "#d4b483",
        "is_approximate": true,
        "source": "osm",
        "@id": "93999450-1e13-4071-afd0-1b91c757cf0b",
        "osm_id": 1126730900
      }
    },
    {
      "type": "Feature",
      "bbox": [
        -117.011249,
        32.8407957,
        -117.0111779,
        32.8408353
      ],
      "geometry": {
        "type": "Polygon",
        "coordinates": [
          [
            [
              -117.0111873,
              32.8407993
            ],
            [
              -117.0112058,
              32.8407957
            ],
            [
              -117.0112288,
              32.840797
            ],
            [
              -117.0112463,
              32.8408049
            ],
            [
              -117.011249,
              32.8408139
            ],
            [
              -117.0112422,
              32.8408263
            ],
            [
              -117.0112262,
              32.8408319
            ],
            [
              -117.0112047,
              32.8408353
            ],
            [
              -117.0111832,
              32.8408331
            ],
            [
              -117.0111779,
              32.8408207
            ],
            [
              -117.0111779,
              32.8408094
            ],
            [
              -117.0111873,
              32.8407993
            ]
          ]
        ]
      },
      "properties": {
        "course_id": "carlton_oaks_santee",
        "course_name": "Carlton Oaks Golf Course",
        "hole_number": 9,
        "feature_type": "bunker",
        "name": "hole_9_bunker_5",
        "feature-color": "#d4b483",
        "is_approximate": true,
        "source": "osm",
        "@id": "2820abbc-d370-4480-8250-1e6d43eb95a2",
        "osm_id": 1126730901
      }
    },
    {
      "type": "Feature",
      "bbox": [
        -117.0137704,
        32.8391155,
        -117.0122379,
        32.8399808
      ],
      "geometry": {
        "type": "Polygon",
        "coordinates": [
          [
            [
              -117.0127299,
              32.8397399
            ],
            [
              -117.0128255,
              32.8397102
            ],
            [
              -117.0128998,
              32.8396686
            ],
            [
              -117.0129458,
              32.8396418
            ],
            [
              -117.0130024,
              32.8396002
            ],
            [
              -117.0130378,
              32.8395615
            ],
            [
              -117.0131334,
              32.8395437
            ],
            [
              -117.0132395,
              32.8395407
            ],
            [
              -117.013374,
              32.8395348
            ],
            [
              -117.0134484,
              32.8395169
            ],
            [
              -117.0135368,
              32.8394961
            ],
            [
              -117.0136465,
              32.8394337
            ],
            [
              -117.0137103,
              32.8393712
            ],
            [
              -117.0137386,
              32.8393177
            ],
            [
              -117.0137633,
              32.8392701
            ],
            [
              -117.0137704,
              32.8392136
            ],
            [
              -117.013735,
              32.8391541
            ],
            [
              -117.0136572,
              32.8391333
            ],
            [
              -117.0135687,
              32.8391155
            ],
            [
              -117.0135085,
              32.8391155
            ],
            [
              -117.0134448,
              32.8391214
            ],
            [
              -117.013374,
              32.8391541
            ],
            [
              -117.013282,
              32.8391809
            ],
            [
              -117.0132325,
              32.8392047
            ],
            [
              -117.0131511,
              32.8392463
            ],
            [
              -117.0130979,
              32.8392507
            ],
            [
              -117.0129741,
              32.8392969
            ],
            [
              -117.0129069,
              32.8393058
            ],
            [
              -117.0128396,
              32.8393117
            ],
            [
              -117.0127689,
              32.839342
            ],
            [
              -117.0127653,
              32.839389
            ],
            [
              -117.0127087,
              32.8394009
            ],
            [
              -117.0126662,
              32.8394247
            ],
            [
              -117.0126343,
              32.8394515
            ],
            [
              -117.0126025,
              32.8394872
            ],
            [
              -117.0125742,
              32.8395199
            ],
            [
              -117.012514,
              32.8395615
            ],
            [
              -117.0124468,
              32.8395883
            ],
            [
              -117.0124043,
              32.8395883
            ],
            [
              -117.0123547,
              32.8396121
            ],
            [
              -117.0123229,
              32.8396478
            ],
            [
              -117.0123158,
              32.8396953
            ],
            [
              -117.0123017,
              32.8397578
            ],
            [
              -117.0122698,
              32.8398054
            ],
            [
              -117.0122478,
              32.8398449
            ],
            [
              -117.0122379,
              32.8398975
            ],
            [
              -117.0122379,
              32.8399362
            ],
            [
              -117.012245,
              32.8399719
            ],
            [
              -117.0122698,
              32.8399808
            ],
            [
              -117.0123229,
              32.8399808
            ],
            [
              -117.0123724,
              32.8399689
            ],
            [
              -117.0124149,
              32.8399511
            ],
            [
              -117.0124561,
              32.839905
            ],
            [
              -117.0124731,
              32.8398778
            ],
            [
              -117.0125116,
              32.839861
            ],
            [
              -117.0125887,
              32.8397862
            ],
            [
              -117.0126502,
              32.8397432
            ],
            [
              -117.0127299,
              32.8397399
            ]
          ]
        ]
      },
      "properties": {
        "course_id": "carlton_oaks_santee",
        "course_name": "Carlton Oaks Golf Course",
        "hole_number": 9,
        "feature_type": "fairway",
        "name": "hole_9_fairway",
        "feature-color": "#4a7c3f",
        "is_approximate": true,
        "source": "osm",
        "@id": "e96043e5-3c6a-4e32-9fc8-c198b1d915d8",
        "osm_id": 1126730902
      }
    },
    {
      "type": "Feature",
      "bbox": [
        -117.0122632,
        32.8395931,
        -117.011681,
        32.8400169
      ],
      "geometry": {
        "type": "Polygon",
        "coordinates": [
          [
            [
              -117.0121464,
              32.8399812
            ],
            [
              -117.0121712,
              32.8399589
            ],
            [
              -117.01218,
              32.8399306
            ],
            [
              -117.0121864,
              32.8398873
            ],
            [
              -117.0122012,
              32.8398355
            ],
            [
              -117.012226,
              32.8398057
            ],
            [
              -117.0122473,
              32.8397567
            ],
            [
              -117.0122596,
              32.8397299
            ],
            [
              -117.0122596,
              32.8396734
            ],
            [
              -117.0122632,
              32.8396243
            ],
            [
              -117.0122614,
              32.8395931
            ],
            [
              -117.0121623,
              32.8396452
            ],
            [
              -117.012111,
              32.8396749
            ],
            [
              -117.0120721,
              32.8397165
            ],
            [
              -117.0120526,
              32.8397537
            ],
            [
              -117.0120277,
              32.8397889
            ],
            [
              -117.0119836,
              32.839831
            ],
            [
              -117.0119323,
              32.8398667
            ],
            [
              -117.0118845,
              32.8398845
            ],
            [
              -117.0118155,
              32.8399128
            ],
            [
              -117.0117677,
              32.8399351
            ],
            [
              -117.0117305,
              32.8399767
            ],
            [
              -117.011681,
              32.8400169
            ],
            [
              -117.0117907,
              32.8400094
            ],
            [
              -117.0118562,
              32.8400079
            ],
            [
              -117.0118916,
              32.8400005
            ],
            [
              -117.0119624,
              32.8399842
            ],
            [
              -117.0120373,
              32.8399902
            ],
            [
              -117.0121075,
              32.8399916
            ],
            [
              -117.0121464,
              32.8399812
            ]
          ]
        ]
      },
      "properties": {
        "course_id": "carlton_oaks_santee",
        "course_name": "Carlton Oaks Golf Course",
        "hole_number": 9,
        "feature_type": "fairway",
        "name": "hole_9_fairway_2",
        "feature-color": "#4a7c3f",
        "is_approximate": true,
        "source": "osm",
        "@id": "a7587c7b-0f73-4bfe-ac31-a7eb583f564b",
        "osm_id": 1126730903
      }
    },
    {
      "type": "Feature",
      "bbox": [
        -117.0108097,
        32.8407645,
        -117.01055,
        32.8408879
      ],
      "geometry": {
        "type": "Polygon",
        "coordinates": [
          [
            [
              -117.0107005,
              32.8408106
            ],
            [
              -117.0107288,
              32.8407987
            ],
            [
              -117.0107394,
              32.8407838
            ],
            [
              -117.0107535,
              32.8407675
            ],
            [
              -117.0107748,
              32.8407645
            ],
            [
              -117.0108013,
              32.8407704
            ],
            [
              -117.0108097,
              32.8407838
            ],
            [
              -117.0108058,
              32.8408116
            ],
            [
              -117.0107748,
              32.8408195
            ],
            [
              -117.0107429,
              32.8408314
            ],
            [
              -117.0107075,
              32.8408597
            ],
            [
              -117.0106739,
              32.840879
            ],
            [
              -117.0106403,
              32.8408879
            ],
            [
              -117.0106084,
              32.8408879
            ],
            [
              -117.010573,
              32.840879
            ],
            [
              -117.0105553,
              32.8408656
            ],
            [
              -117.01055,
              32.8408388
            ],
            [
              -117.0105607,
              32.840824
            ],
            [
              -117.010573,
              32.8408091
            ],
            [
              -117.0106031,
              32.8408046
            ],
            [
              -117.0106385,
              32.8408091
            ],
            [
              -117.0106704,
              32.8408136
            ],
            [
              -117.0107005,
              32.8408106
            ]
          ]
        ]
      },
      "properties": {
        "course_id": "carlton_oaks_santee",
        "course_name": "Carlton Oaks Golf Course",
        "hole_number": 9,
        "feature_type": "bunker",
        "name": "hole_9_bunker_6",
        "feature-color": "#d4b483",
        "is_approximate": true,
        "source": "osm",
        "@id": "d169f76d-7d9c-4dd5-b3cd-d8cb666dc0a0",
        "osm_id": 1126730904
      }
    },
    {
      "type": "Feature",
      "bbox": [
        -117.0106969,
        32.8410842,
        -117.0106014,
        32.8411763
      ],
      "geometry": {
        "type": "Polygon",
        "coordinates": [
          [
            [
              -117.0106031,
              32.8411511
            ],
            [
              -117.0106049,
              32.8411317
            ],
            [
              -117.0106155,
              32.8411243
            ],
            [
              -117.0106261,
              32.8411109
            ],
            [
              -117.0106279,
              32.8410975
            ],
            [
              -117.0106385,
              32.8410842
            ],
            [
              -117.0106598,
              32.8410856
            ],
            [
              -117.010681,
              32.841102
            ],
            [
              -117.0106916,
              32.8411198
            ],
            [
              -117.0106969,
              32.8411377
            ],
            [
              -117.0106792,
              32.8411466
            ],
            [
              -117.0106651,
              32.84116
            ],
            [
              -117.0106544,
              32.8411704
            ],
            [
              -117.010635,
              32.8411763
            ],
            [
              -117.0106137,
              32.8411734
            ],
            [
              -117.0106014,
              32.841163
            ],
            [
              -117.0106031,
              32.8411511
            ]
          ]
        ]
      },
      "properties": {
        "course_id": "carlton_oaks_santee",
        "course_name": "Carlton Oaks Golf Course",
        "hole_number": 9,
        "feature_type": "bunker",
        "name": "hole_9_bunker_7",
        "feature-color": "#d4b483",
        "is_approximate": true,
        "source": "osm",
        "@id": "bfbc401c-e689-4caa-b9df-a816e729c79e",
        "osm_id": 1126730905
      }
    },
    {
      "type": "Feature",
      "bbox": [
        -117.0107659,
        32.8409028,
        -117.0104315,
        32.8410678
      ],
      "geometry": {
        "type": "Polygon",
        "coordinates": [
          [
            [
              -117.0105553,
              32.8410678
            ],
            [
              -117.0105164,
              32.8410559
            ],
            [
              -117.0104775,
              32.8410381
            ],
            [
              -117.0104562,
              32.8410262
            ],
            [
              -117.0104403,
              32.8410054
            ],
            [
              -117.0104315,
              32.8409697
            ],
            [
              -117.0104368,
              32.8409489
            ],
            [
              -117.0104527,
              32.840931
            ],
            [
              -117.010481,
              32.8409147
            ],
            [
              -117.0105093,
              32.8409028
            ],
            [
              -117.0105341,
              32.8409028
            ],
            [
              -117.0105607,
              32.8409057
            ],
            [
              -117.0105837,
              32.8409147
            ],
            [
              -117.010612,
              32.8409147
            ],
            [
              -117.0106438,
              32.8409117
            ],
            [
              -117.0106704,
              32.8409072
            ],
            [
              -117.0107341,
              32.8409102
            ],
            [
              -117.0107553,
              32.8409251
            ],
            [
              -117.0107659,
              32.8409503
            ],
            [
              -117.0107589,
              32.8409831
            ],
            [
              -117.0107465,
              32.8410143
            ],
            [
              -117.0107235,
              32.8410336
            ],
            [
              -117.0106792,
              32.8410485
            ],
            [
              -117.0106332,
              32.8410574
            ],
            [
              -117.0105907,
              32.8410663
            ],
            [
              -117.0105553,
              32.8410678
            ]
          ]
        ]
      },
      "properties": {
        "course_id": "carlton_oaks_santee",
        "course_name": "Carlton Oaks Golf Course",
        "hole_number": 9,
        "feature_type": "green",
        "name": "hole_9_green",
        "feature-color": "#2d6e2d",
        "is_approximate": true,
        "source": "osm",
        "@id": "5c9d51fe-416e-4525-9758-6e2033688d41",
        "osm_id": 1126730906
      }
    },
    {
      "type": "Feature",
      "bbox": [
        -117.0110833,
        32.8404457,
        -117.010976,
        32.8405533
      ],
      "geometry": {
        "type": "Polygon",
        "coordinates": [
          [
            [
              -117.0110055,
              32.8404941
            ],
            [
              -117.0110223,
              32.8404789
            ],
            [
              -117.0110404,
              32.8404648
            ],
            [
              -117.0110551,
              32.8404541
            ],
            [
              -117.0110726,
              32.8404457
            ],
            [
              -117.0110833,
              32.8404474
            ],
            [
              -117.0110799,
              32.8404575
            ],
            [
              -117.0110652,
              32.8404705
            ],
            [
              -117.0110504,
              32.8404845
            ],
            [
              -117.011041,
              32.8404941
            ],
            [
              -117.0110256,
              32.8405121
            ],
            [
              -117.0110109,
              32.8405296
            ],
            [
              -117.0110075,
              32.840542
            ],
            [
              -117.0110008,
              32.8405516
            ],
            [
              -117.0109894,
              32.8405533
            ],
            [
              -117.01098,
              32.8405482
            ],
            [
              -117.010976,
              32.8405397
            ],
            [
              -117.0109773,
              32.8405257
            ],
            [
              -117.0109894,
              32.8405099
            ],
            [
              -117.0110055,
              32.8404941
            ]
          ]
        ]
      },
      "properties": {
        "course_id": "carlton_oaks_santee",
        "course_name": "Carlton Oaks Golf Course",
        "hole_number": 9,
        "feature_type": "bunker",
        "name": "hole_9_bunker_8",
        "feature-color": "#d4b483",
        "is_approximate": true,
        "source": "osm",
        "@id": "4846f61d-359a-4c39-b47b-76ff2aa7efe2",
        "osm_id": 1126730908
      }
    },
    {
      "type": "Feature",
      "bbox": [
        -117.0094844,
        32.8413437,
        -117.0093548,
        32.8415556
      ],
      "geometry": {
        "type": "Polygon",
        "coordinates": [
          [
            [
              -117.0093956,
              32.8413624
            ],
            [
              -117.009412,
              32.8413545
            ],
            [
              -117.0094307,
              32.8413457
            ],
            [
              -117.0094599,
              32.8413437
            ],
            [
              -117.0094727,
              32.8413604
            ],
            [
              -117.009482,
              32.8413732
            ],
            [
              -117.0094844,
              32.8413928
            ],
            [
              -117.0094844,
              32.8414193
            ],
            [
              -117.0094774,
              32.8414497
            ],
            [
              -117.0094645,
              32.841483
            ],
            [
              -117.0094575,
              32.8415056
            ],
            [
              -117.0094494,
              32.8415311
            ],
            [
              -117.0094353,
              32.8415458
            ],
            [
              -117.0094202,
              32.8415527
            ],
            [
              -117.0094015,
              32.8415556
            ],
            [
              -117.009384,
              32.8415536
            ],
            [
              -117.00937,
              32.8415458
            ],
            [
              -117.0093618,
              32.841534
            ],
            [
              -117.0093595,
              32.8415193
            ],
            [
              -117.0093595,
              32.8415046
            ],
            [
              -117.009363,
              32.8414928
            ],
            [
              -117.0093665,
              32.8414771
            ],
            [
              -117.0093665,
              32.8414595
            ],
            [
              -117.0093595,
              32.8414379
            ],
            [
              -117.0093548,
              32.8414261
            ],
            [
              -117.009356,
              32.8414085
            ],
            [
              -117.0093665,
              32.8413859
            ],
            [
              -117.0093805,
              32.8413732
            ],
            [
              -117.0093956,
              32.8413624
            ]
          ]
        ]
      },
      "properties": {
        "course_id": "carlton_oaks_santee",
        "course_name": "Carlton Oaks Golf Course",
        "hole_number": 10,
        "feature_type": "tee_box",
        "name": "hole_10_tee_box",
        "feature-color": "#8b7355",
        "is_approximate": true,
        "source": "osm",
        "@id": "de6e48c6-1457-4d1d-86ed-52be279d135d",
        "osm_id": 1126753551
      }
    },
    {
      "type": "Feature",
      "bbox": [
        -117.0097891,
        32.8409563,
        -117.0096677,
        32.8412339
      ],
      "geometry": {
        "type": "Polygon",
        "coordinates": [
          [
            [
              -117.0096945,
              32.8411348
            ],
            [
              -117.009684,
              32.8411024
            ],
            [
              -117.009677,
              32.8410583
            ],
            [
              -117.00967,
              32.8410279
            ],
            [
              -117.0096677,
              32.8410024
            ],
            [
              -117.0096747,
              32.8409828
            ],
            [
              -117.009691,
              32.8409651
            ],
            [
              -117.0097225,
              32.8409582
            ],
            [
              -117.0097541,
              32.8409563
            ],
            [
              -117.0097763,
              32.840972
            ],
            [
              -117.0097879,
              32.8409955
            ],
            [
              -117.0097891,
              32.8410338
            ],
            [
              -117.0097821,
              32.8410671
            ],
            [
              -117.0097798,
              32.8411289
            ],
            [
              -117.0097833,
              32.8411574
            ],
            [
              -117.0097844,
              32.8411946
            ],
            [
              -117.0097821,
              32.8412192
            ],
            [
              -117.0097611,
              32.8412339
            ],
            [
              -117.0097389,
              32.841227
            ],
            [
              -117.0097225,
              32.8412103
            ],
            [
              -117.0097179,
              32.8411878
            ],
            [
              -117.0097085,
              32.8411642
            ],
            [
              -117.0097027,
              32.8411534
            ],
            [
              -117.0096945,
              32.8411348
            ]
          ]
        ]
      },
      "properties": {
        "course_id": "carlton_oaks_santee",
        "course_name": "Carlton Oaks Golf Course",
        "hole_number": 10,
        "feature_type": "tee_box",
        "name": "hole_10_tee_box_2",
        "feature-color": "#8b7355",
        "is_approximate": true,
        "source": "osm",
        "@id": "e3ffe80f-3ddc-43f0-a769-c562e5778d69",
        "osm_id": 1126753552
      }
    },
    {
      "type": "Feature",
      "bbox": [
        -117.0097911,
        32.8403457,
        -117.0096702,
        32.8404855
      ],
      "geometry": {
        "type": "Polygon",
        "coordinates": [
          [
            [
              -117.0097234,
              32.8403508
            ],
            [
              -117.0097495,
              32.8403457
            ],
            [
              -117.0097742,
              32.8403521
            ],
            [
              -117.0097896,
              32.8403754
            ],
            [
              -117.0097911,
              32.8404156
            ],
            [
              -117.0097788,
              32.8404505
            ],
            [
              -117.0097557,
              32.8404829
            ],
            [
              -117.0097295,
              32.8404855
            ],
            [
              -117.009708,
              32.8404764
            ],
            [
              -117.0096848,
              32.8404634
            ],
            [
              -117.0096702,
              32.8404485
            ],
            [
              -117.0096785,
              32.8404145
            ],
            [
              -117.009686,
              32.8403842
            ],
            [
              -117.0096917,
              32.840361
            ],
            [
              -117.0097234,
              32.8403508
            ]
          ]
        ]
      },
      "properties": {
        "course_id": "carlton_oaks_santee",
        "course_name": "Carlton Oaks Golf Course",
        "hole_number": 10,
        "feature_type": "tee_box",
        "name": "hole_10_tee_box_3",
        "feature-color": "#8b7355",
        "is_approximate": true,
        "source": "osm",
        "@id": "72613f66-3f69-4975-aed2-59f1ae3faa60",
        "osm_id": 1126753553
      }
    },
    {
      "type": "Feature",
      "bbox": [
        -117.0093982,
        32.8398018,
        -117.0092417,
        32.8399777
      ],
      "geometry": {
        "type": "Polygon",
        "coordinates": [
          [
            [
              -117.0092457,
              32.8399777
            ],
            [
              -117.0092417,
              32.8399624
            ],
            [
              -117.0092498,
              32.8399385
            ],
            [
              -117.0092803,
              32.8399163
            ],
            [
              -117.0093006,
              32.8398975
            ],
            [
              -117.0093169,
              32.839877
            ],
            [
              -117.0093352,
              32.8398582
            ],
            [
              -117.0093413,
              32.839836
            ],
            [
              -117.0093453,
              32.8398172
            ],
            [
              -117.0093616,
              32.8398018
            ],
            [
              -117.009388,
              32.8398087
            ],
            [
              -117.0093982,
              32.8398206
            ],
            [
              -117.0093982,
              32.8398514
            ],
            [
              -117.0093901,
              32.8398804
            ],
            [
              -117.0093799,
              32.8399111
            ],
            [
              -117.0093636,
              32.8399385
            ],
            [
              -117.0093392,
              32.8399555
            ],
            [
              -117.0092986,
              32.8399692
            ],
            [
              -117.0092722,
              32.8399777
            ],
            [
              -117.0092457,
              32.8399777
            ]
          ]
        ]
      },
      "properties": {
        "course_id": "carlton_oaks_santee",
        "course_name": "Carlton Oaks Golf Course",
        "hole_number": 11,
        "feature_type": "bunker",
        "name": "hole_11_bunker",
        "feature-color": "#d4b483",
        "is_approximate": true,
        "source": "osm",
        "@id": "0ef6344f-c41e-4310-844b-c12458a4cf34",
        "osm_id": 1126753555
      }
    },
    {
      "type": "Feature",
      "bbox": [
        -117.0100385,
        32.8395508,
        -117.0094592,
        32.8405482
      ],
      "geometry": {
        "type": "Polygon",
        "coordinates": [
          [
            [
              -117.0099633,
              32.8404098
            ],
            [
              -117.0099369,
              32.8404098
            ],
            [
              -117.0099084,
              32.8404098
            ],
            [
              -117.0098698,
              32.8404115
            ],
            [
              -117.0098434,
              32.8404167
            ],
            [
              -117.009823,
              32.8404389
            ],
            [
              -117.0098047,
              32.840473
            ],
            [
              -117.0097844,
              32.8404952
            ],
            [
              -117.0097417,
              32.8405038
            ],
            [
              -117.0097031,
              32.8405021
            ],
            [
              -117.0096848,
              32.8404901
            ],
            [
              -117.0096502,
              32.8404611
            ],
            [
              -117.009634,
              32.8404406
            ],
            [
              -117.0095994,
              32.8404184
            ],
            [
              -117.0095832,
              32.8404013
            ],
            [
              -117.0095893,
              32.8403791
            ],
            [
              -117.0096076,
              32.8403535
            ],
            [
              -117.009632,
              32.8403347
            ],
            [
              -117.0096746,
              32.8403108
            ],
            [
              -117.0097295,
              32.8402835
            ],
            [
              -117.0097641,
              32.8402835
            ],
            [
              -117.0098047,
              32.8402835
            ],
            [
              -117.0098312,
              32.8403039
            ],
            [
              -117.0098535,
              32.8403279
            ],
            [
              -117.0098596,
              32.8403518
            ],
            [
              -117.0098596,
              32.8403757
            ],
            [
              -117.0098718,
              32.8403859
            ],
            [
              -117.0098982,
              32.8403893
            ],
            [
              -117.0099348,
              32.8403893
            ],
            [
              -117.0099653,
              32.8403842
            ],
            [
              -117.0099674,
              32.8403688
            ],
            [
              -117.0099755,
              32.8403432
            ],
            [
              -117.0099958,
              32.8403193
            ],
            [
              -117.0100182,
              32.8403005
            ],
            [
              -117.0100365,
              32.8402852
            ],
            [
              -117.0100385,
              32.8402698
            ],
            [
              -117.0100344,
              32.8402442
            ],
            [
              -117.0100324,
              32.8402203
            ],
            [
              -117.0100182,
              32.8402015
            ],
            [
              -117.0099958,
              32.8401716
            ],
            [
              -117.0099613,
              32.8401519
            ],
            [
              -117.0099247,
              32.8401485
            ],
            [
              -117.009882,
              32.8401537
            ],
            [
              -117.0098251,
              32.8401673
            ],
            [
              -117.0097986,
              32.8401554
            ],
            [
              -117.0097824,
              32.8401332
            ],
            [
              -117.0097397,
              32.8400888
            ],
            [
              -117.0097214,
              32.8400529
            ],
            [
              -117.0097092,
              32.8399863
            ],
            [
              -117.0097153,
              32.8399265
            ],
            [
              -117.0097051,
              32.8398479
            ],
            [
              -117.0097031,
              32.8397899
            ],
            [
              -117.0097133,
              32.8397216
            ],
            [
              -117.0097173,
              32.8396379
            ],
            [
              -117.0097255,
              32.8395798
            ],
            [
              -117.009699,
              32.8395508
            ],
            [
              -117.0096787,
              32.8395747
            ],
            [
              -117.0096543,
              32.839614
            ],
            [
              -117.009636,
              32.8396584
            ],
            [
              -117.0096116,
              32.839713
            ],
            [
              -117.0095994,
              32.8397899
            ],
            [
              -117.0095974,
              32.8398667
            ],
            [
              -117.0096116,
              32.8399419
            ],
            [
              -117.009638,
              32.8400443
            ],
            [
              -117.0096645,
              32.8401161
            ],
            [
              -117.0096746,
              32.8401673
            ],
            [
              -117.0096767,
              32.84021
            ],
            [
              -117.009636,
              32.8402339
            ],
            [
              -117.009634,
              32.840263
            ],
            [
              -117.0096177,
              32.8402971
            ],
            [
              -117.0095954,
              32.840321
            ],
            [
              -117.0095547,
              32.8403484
            ],
            [
              -117.0095019,
              32.8403671
            ],
            [
              -117.0094673,
              32.8404047
            ],
            [
              -117.0094592,
              32.8404525
            ],
            [
              -117.00951,
              32.8404816
            ],
            [
              -117.0095649,
              32.8405021
            ],
            [
              -117.0096198,
              32.8405277
            ],
            [
              -117.0096828,
              32.8405482
            ],
            [
              -117.0097478,
              32.8405482
            ],
            [
              -117.009819,
              32.8405191
            ],
            [
              -117.0098698,
              32.8404833
            ],
            [
              -117.0099186,
              32.8404662
            ],
            [
              -117.0099613,
              32.8404508
            ],
            [
              -117.0099633,
              32.8404098
            ]
          ]
        ]
      },
      "properties": {
        "course_id": "carlton_oaks_santee",
        "course_name": "Carlton Oaks Golf Course",
        "hole_number": 10,
        "feature_type": "bunker",
        "name": "hole_10_bunker",
        "feature-color": "#d4b483",
        "is_approximate": true,
        "source": "osm",
        "@id": "157cc8c2-d49b-4834-ab70-443355601bcb",
        "osm_id": 1126753556
      }
    },
    {
      "type": "Feature",
      "bbox": [
        -117.0101584,
        32.8387839,
        -117.0100588,
        32.8388984
      ],
      "geometry": {
        "type": "Polygon",
        "coordinates": [
          [
            [
              -117.0100974,
              32.8387839
            ],
            [
              -117.0101157,
              32.8387942
            ],
            [
              -117.01013,
              32.8388147
            ],
            [
              -117.0101462,
              32.8388352
            ],
            [
              -117.0101584,
              32.8388557
            ],
            [
              -117.0101584,
              32.8388813
            ],
            [
              -117.0101361,
              32.8388984
            ],
            [
              -117.0101198,
              32.8388898
            ],
            [
              -117.0101096,
              32.8388676
            ],
            [
              -117.0101137,
              32.8388505
            ],
            [
              -117.0101035,
              32.8388369
            ],
            [
              -117.0100832,
              32.8388283
            ],
            [
              -117.0100588,
              32.8388095
            ],
            [
              -117.0100588,
              32.838789
            ],
            [
              -117.0100771,
              32.8387839
            ],
            [
              -117.0100974,
              32.8387839
            ]
          ]
        ]
      },
      "properties": {
        "course_id": "carlton_oaks_santee",
        "course_name": "Carlton Oaks Golf Course",
        "hole_number": 10,
        "feature_type": "bunker",
        "name": "hole_10_bunker_2",
        "feature-color": "#d4b483",
        "is_approximate": true,
        "source": "osm",
        "@id": "ac02f307-5168-43de-9a12-cb4bc4a7bd30",
        "osm_id": 1126753557
      }
    },
    {
      "type": "Feature",
      "bbox": [
        -117.0098332,
        32.8379078,
        -117.0091868,
        32.8391375
      ],
      "geometry": {
        "type": "Polygon",
        "coordinates": [
          [
            [
              -117.0097966,
              32.8391255
            ],
            [
              -117.009821,
              32.839105
            ],
            [
              -117.0098332,
              32.8390538
            ],
            [
              -117.009821,
              32.8389923
            ],
            [
              -117.0098108,
              32.8389188
            ],
            [
              -117.0097966,
              32.8388693
            ],
            [
              -117.0097905,
              32.8388232
            ],
            [
              -117.0097925,
              32.838789
            ],
            [
              -117.0097742,
              32.83876
            ],
            [
              -117.0097539,
              32.8387207
            ],
            [
              -117.009758,
              32.8386815
            ],
            [
              -117.0097702,
              32.8386166
            ],
            [
              -117.0097641,
              32.8385892
            ],
            [
              -117.0097539,
              32.8385636
            ],
            [
              -117.0097417,
              32.8385294
            ],
            [
              -117.0097417,
              32.838497
            ],
            [
              -117.0097316,
              32.8384697
            ],
            [
              -117.0097153,
              32.8384304
            ],
            [
              -117.0097092,
              32.8383945
            ],
            [
              -117.0097092,
              32.8383604
            ],
            [
              -117.0097031,
              32.8383143
            ],
            [
              -117.009695,
              32.8382681
            ],
            [
              -117.0096929,
              32.8382289
            ],
            [
              -117.0096645,
              32.8381879
            ],
            [
              -117.0096238,
              32.838152
            ],
            [
              -117.009571,
              32.8381315
            ],
            [
              -117.0095262,
              32.8381093
            ],
            [
              -117.0094571,
              32.8380991
            ],
            [
              -117.0094124,
              32.8380854
            ],
            [
              -117.009384,
              32.8380564
            ],
            [
              -117.0093575,
              32.8380324
            ],
            [
              -117.0093392,
              32.8380034
            ],
            [
              -117.0093006,
              32.837959
            ],
            [
              -117.009262,
              32.8379231
            ],
            [
              -117.0092193,
              32.8379078
            ],
            [
              -117.0091969,
              32.8379112
            ],
            [
              -117.0091868,
              32.8379283
            ],
            [
              -117.0091969,
              32.8379607
            ],
            [
              -117.0091969,
              32.8379915
            ],
            [
              -117.0092112,
              32.8380393
            ],
            [
              -117.0092539,
              32.8380973
            ],
            [
              -117.0093128,
              32.8381315
            ],
            [
              -117.0093596,
              32.8381571
            ],
            [
              -117.0094185,
              32.8381844
            ],
            [
              -117.0094653,
              32.8382152
            ],
            [
              -117.0094958,
              32.8382442
            ],
            [
              -117.0095364,
              32.8382716
            ],
            [
              -117.0095527,
              32.8383006
            ],
            [
              -117.0095628,
              32.8383433
            ],
            [
              -117.0096076,
              32.8384167
            ],
            [
              -117.0096096,
              32.8384475
            ],
            [
              -117.009632,
              32.8385209
            ],
            [
              -117.0096299,
              32.838567
            ],
            [
              -117.0096482,
              32.8386234
            ],
            [
              -117.0096685,
              32.838649
            ],
            [
              -117.0096929,
              32.8386746
            ],
            [
              -117.009699,
              32.8387395
            ],
            [
              -117.009695,
              32.8387993
            ],
            [
              -117.009699,
              32.8388659
            ],
            [
              -117.0097194,
              32.838924
            ],
            [
              -117.0097092,
              32.8389496
            ],
            [
              -117.0097011,
              32.8390042
            ],
            [
              -117.0097214,
              32.8391204
            ],
            [
              -117.0097539,
              32.8391375
            ],
            [
              -117.0097966,
              32.8391255
            ]
          ]
        ]
      },
      "properties": {
        "course_id": "carlton_oaks_santee",
        "course_name": "Carlton Oaks Golf Course",
        "hole_number": 10,
        "feature_type": "bunker",
        "name": "hole_10_bunker_3",
        "feature-color": "#d4b483",
        "is_approximate": true,
        "source": "osm",
        "@id": "4a870daf-ea07-47fc-ac78-e69572a09b40",
        "osm_id": 1126753558
      }
    },
    {
      "type": "Feature",
      "bbox": [
        -117.0095384,
        32.8380521,
        -117.0094622,
        32.8380956
      ],
      "geometry": {
        "type": "Polygon",
        "coordinates": [
          [
            [
              -117.0094846,
              32.8380521
            ],
            [
              -117.009512,
              32.8380538
            ],
            [
              -117.0095344,
              32.8380615
            ],
            [
              -117.0095384,
              32.8380734
            ],
            [
              -117.0095334,
              32.8380888
            ],
            [
              -117.0095191,
              32.8380956
            ],
            [
              -117.0094897,
              32.8380956
            ],
            [
              -117.0094693,
              32.8380888
            ],
            [
              -117.0094622,
              32.8380734
            ],
            [
              -117.0094663,
              32.8380572
            ],
            [
              -117.0094846,
              32.8380521
            ]
          ]
        ]
      },
      "properties": {
        "course_id": "carlton_oaks_santee",
        "course_name": "Carlton Oaks Golf Course",
        "hole_number": 10,
        "feature_type": "bunker",
        "name": "hole_10_bunker_4",
        "feature-color": "#d4b483",
        "is_approximate": true,
        "source": "osm",
        "@id": "34cb8fae-4be4-4bfb-a864-5d529a425269",
        "osm_id": 1126753559
      }
    },
    {
      "type": "Feature",
      "bbox": [
        -117.0097194,
        32.8379009,
        -117.0094012,
        32.8381033
      ],
      "geometry": {
        "type": "Polygon",
        "coordinates": [
          [
            [
              -117.0095232,
              32.8379009
            ],
            [
              -117.0095669,
              32.8379018
            ],
            [
              -117.0096045,
              32.8379129
            ],
            [
              -117.0096248,
              32.8379325
            ],
            [
              -117.0096411,
              32.8379539
            ],
            [
              -117.0096665,
              32.8379658
            ],
            [
              -117.0096919,
              32.8379769
            ],
            [
              -117.0097112,
              32.8379991
            ],
            [
              -117.0097194,
              32.8380231
            ],
            [
              -117.0097163,
              32.8380512
            ],
            [
              -117.0097021,
              32.8380717
            ],
            [
              -117.0096777,
              32.8380931
            ],
            [
              -117.0096502,
              32.8381016
            ],
            [
              -117.0096187,
              32.8381033
            ],
            [
              -117.0095761,
              32.8380931
            ],
            [
              -117.0095578,
              32.8380803
            ],
            [
              -117.0095435,
              32.8380615
            ],
            [
              -117.0095323,
              32.8380504
            ],
            [
              -117.00951,
              32.8380444
            ],
            [
              -117.0094775,
              32.8380367
            ],
            [
              -117.0094592,
              32.8380376
            ],
            [
              -117.0094358,
              32.838029
            ],
            [
              -117.0094155,
              32.8380154
            ],
            [
              -117.0094053,
              32.8379983
            ],
            [
              -117.0094012,
              32.8379769
            ],
            [
              -117.0094023,
              32.837953
            ],
            [
              -117.0094157,
              32.8379403
            ],
            [
              -117.0094256,
              32.8379308
            ],
            [
              -117.0094571,
              32.8379155
            ],
            [
              -117.0094886,
              32.8379069
            ],
            [
              -117.0095232,
              32.8379009
            ]
          ]
        ]
      },
      "properties": {
        "course_id": "carlton_oaks_santee",
        "course_name": "Carlton Oaks Golf Course",
        "hole_number": 10,
        "feature_type": "green",
        "name": "hole_10_green",
        "feature-color": "#2d6e2d",
        "is_approximate": true,
        "source": "osm",
        "@id": "1d04a2d4-154e-42b9-83a4-0bcb8b8c76f8",
        "osm_id": 1126753560
      }
    },
    {
      "type": "Feature",
      "bbox": [
        -117.0091836,
        32.8379587,
        -117.0090517,
        32.8381873
      ],
      "geometry": {
        "type": "Polygon",
        "coordinates": [
          [
            [
              -117.0090669,
              32.8379852
            ],
            [
              -117.0090786,
              32.8379724
            ],
            [
              -117.0090937,
              32.8379617
            ],
            [
              -117.0091124,
              32.8379587
            ],
            [
              -117.0091323,
              32.8379695
            ],
            [
              -117.0091463,
              32.837994
            ],
            [
              -117.0091463,
              32.8380185
            ],
            [
              -117.0091451,
              32.8380401
            ],
            [
              -117.0091533,
              32.8380588
            ],
            [
              -117.0091568,
              32.8380725
            ],
            [
              -117.0091568,
              32.8380882
            ],
            [
              -117.0091708,
              32.8381009
            ],
            [
              -117.009179,
              32.8381225
            ],
            [
              -117.0091836,
              32.838147
            ],
            [
              -117.0091615,
              32.8381765
            ],
            [
              -117.0091416,
              32.8381843
            ],
            [
              -117.0091113,
              32.8381873
            ],
            [
              -117.0090902,
              32.8381814
            ],
            [
              -117.0090681,
              32.8381696
            ],
            [
              -117.009061,
              32.838147
            ],
            [
              -117.0090646,
              32.8381245
            ],
            [
              -117.0090669,
              32.8381078
            ],
            [
              -117.0090681,
              32.8380911
            ],
            [
              -117.0090692,
              32.8380754
            ],
            [
              -117.0090622,
              32.8380588
            ],
            [
              -117.0090552,
              32.8380509
            ],
            [
              -117.0090517,
              32.8380264
            ],
            [
              -117.0090587,
              32.8380009
            ],
            [
              -117.0090669,
              32.8379852
            ]
          ]
        ]
      },
      "properties": {
        "course_id": "carlton_oaks_santee",
        "course_name": "Carlton Oaks Golf Course",
        "hole_number": 11,
        "feature_type": "tee_box",
        "name": "hole_11_tee_box",
        "feature-color": "#8b7355",
        "is_approximate": true,
        "source": "osm",
        "@id": "9747258a-4ca4-4dbe-a2ac-359657941af5",
        "osm_id": 1126753561
      }
    },
    {
      "type": "Feature",
      "bbox": [
        -117.0092665,
        32.8382677,
        -117.0091194,
        32.8385237
      ],
      "geometry": {
        "type": "Polygon",
        "coordinates": [
          [
            [
              -117.0092525,
              32.8382795
            ],
            [
              -117.009263,
              32.8383118
            ],
            [
              -117.0092665,
              32.8383452
            ],
            [
              -117.0092584,
              32.8383942
            ],
            [
              -117.009249,
              32.8384374
            ],
            [
              -117.0092292,
              32.8384894
            ],
            [
              -117.0092152,
              32.8385169
            ],
            [
              -117.0091836,
              32.8385237
            ],
            [
              -117.0091509,
              32.8385208
            ],
            [
              -117.0091288,
              32.838509
            ],
            [
              -117.0091194,
              32.8384884
            ],
            [
              -117.0091241,
              32.8384659
            ],
            [
              -117.0091334,
              32.8384384
            ],
            [
              -117.0091498,
              32.8384188
            ],
            [
              -117.0091615,
              32.8383903
            ],
            [
              -117.0091696,
              32.838355
            ],
            [
              -117.0091813,
              32.8383226
            ],
            [
              -117.0091965,
              32.8382883
            ],
            [
              -117.0092058,
              32.8382726
            ],
            [
              -117.0092362,
              32.8382677
            ],
            [
              -117.0092525,
              32.8382795
            ]
          ]
        ]
      },
      "properties": {
        "course_id": "carlton_oaks_santee",
        "course_name": "Carlton Oaks Golf Course",
        "hole_number": 11,
        "feature_type": "tee_box",
        "name": "hole_11_tee_box_2",
        "feature-color": "#8b7355",
        "is_approximate": true,
        "source": "osm",
        "@id": "ca28496f-e7d3-481d-afb9-53be2d81981d",
        "osm_id": 1126753562
      }
    },
    {
      "type": "Feature",
      "bbox": [
        -117.0101902,
        32.8377865,
        -117.0093537,
        32.8402471
      ],
      "geometry": {
        "type": "Polygon",
        "coordinates": [
          [
            [
              -117.0098436,
              32.8401423
            ],
            [
              -117.009899,
              32.8401384
            ],
            [
              -117.009973,
              32.840141
            ],
            [
              -117.01001,
              32.8401591
            ],
            [
              -117.0100238,
              32.8401888
            ],
            [
              -117.0100439,
              32.8402303
            ],
            [
              -117.0100593,
              32.8402471
            ],
            [
              -117.0100793,
              32.840238
            ],
            [
              -117.0100824,
              32.8402225
            ],
            [
              -117.0100885,
              32.840194
            ],
            [
              -117.0100824,
              32.8401565
            ],
            [
              -117.010067,
              32.8401138
            ],
            [
              -117.0100475,
              32.8400726
            ],
            [
              -117.01003,
              32.8400284
            ],
            [
              -117.0100207,
              32.8399921
            ],
            [
              -117.0100207,
              32.8399701
            ],
            [
              -117.01003,
              32.8399481
            ],
            [
              -117.01005,
              32.8399183
            ],
            [
              -117.0100916,
              32.8398653
            ],
            [
              -117.0101224,
              32.8398238
            ],
            [
              -117.0101501,
              32.8397837
            ],
            [
              -117.0101717,
              32.8397436
            ],
            [
              -117.0101717,
              32.8396905
            ],
            [
              -117.0101779,
              32.8395482
            ],
            [
              -117.010184,
              32.8394731
            ],
            [
              -117.0101902,
              32.8394213
            ],
            [
              -117.0101825,
              32.8393644
            ],
            [
              -117.0101486,
              32.839288
            ],
            [
              -117.0101347,
              32.8392362
            ],
            [
              -117.0101332,
              32.8391637
            ],
            [
              -117.0101471,
              32.839099
            ],
            [
              -117.0101733,
              32.8390382
            ],
            [
              -117.0101902,
              32.8390006
            ],
            [
              -117.0101794,
              32.8389346
            ],
            [
              -117.0101486,
              32.8389036
            ],
            [
              -117.0101086,
              32.8388932
            ],
            [
              -117.0100931,
              32.8388505
            ],
            [
              -117.0100439,
              32.8388052
            ],
            [
              -117.0100161,
              32.8387534
            ],
            [
              -117.0100439,
              32.8387042
            ],
            [
              -117.0100747,
              32.8386408
            ],
            [
              -117.0100808,
              32.8385903
            ],
            [
              -117.0100577,
              32.8385179
            ],
            [
              -117.0100038,
              32.838457
            ],
            [
              -117.0099622,
              32.8384208
            ],
            [
              -117.0099406,
              32.8383638
            ],
            [
              -117.0099499,
              32.8382629
            ],
            [
              -117.0099792,
              32.8382227
            ],
            [
              -117.0100038,
              32.838171
            ],
            [
              -117.0100238,
              32.8381231
            ],
            [
              -117.0100023,
              32.8380674
            ],
            [
              -117.0099653,
              32.8380454
            ],
            [
              -117.0099376,
              32.8380131
            ],
            [
              -117.0099299,
              32.8379703
            ],
            [
              -117.0099144,
              32.8379121
            ],
            [
              -117.0098775,
              32.8378564
            ],
            [
              -117.0098297,
              32.8378344
            ],
            [
              -117.0097789,
              32.8378163
            ],
            [
              -117.009688,
              32.8377891
            ],
            [
              -117.0096187,
              32.8377917
            ],
            [
              -117.0095324,
              32.8377865
            ],
            [
              -117.0094585,
              32.8377982
            ],
            [
              -117.0093968,
              32.8378137
            ],
            [
              -117.0093753,
              32.8378202
            ],
            [
              -117.0093537,
              32.8378344
            ],
            [
              -117.0093552,
              32.8378707
            ],
            [
              -117.0093722,
              32.8379056
            ],
            [
              -117.0094157,
              32.8379403
            ],
            [
              -117.0094256,
              32.8379308
            ],
            [
              -117.0094571,
              32.8379155
            ],
            [
              -117.0094886,
              32.8379069
            ],
            [
              -117.0095232,
              32.8379009
            ],
            [
              -117.0095669,
              32.8379018
            ],
            [
              -117.0096045,
              32.8379129
            ],
            [
              -117.0096248,
              32.8379325
            ],
            [
              -117.0096411,
              32.8379539
            ],
            [
              -117.0096665,
              32.8379658
            ],
            [
              -117.0096919,
              32.8379769
            ],
            [
              -117.0097112,
              32.8379991
            ],
            [
              -117.0097194,
              32.8380231
            ],
            [
              -117.0097163,
              32.8380512
            ],
            [
              -117.0097021,
              32.8380717
            ],
            [
              -117.0096777,
              32.8380931
            ],
            [
              -117.0096502,
              32.8381016
            ],
            [
              -117.0096187,
              32.8381033
            ],
            [
              -117.0095761,
              32.8380931
            ],
            [
              -117.0095578,
              32.8380803
            ],
            [
              -117.0095334,
              32.8380888
            ],
            [
              -117.0095191,
              32.8380956
            ],
            [
              -117.0095262,
              32.8381093
            ],
            [
              -117.009571,
              32.8381315
            ],
            [
              -117.0096238,
              32.838152
            ],
            [
              -117.0096645,
              32.8381879
            ],
            [
              -117.0096929,
              32.8382289
            ],
            [
              -117.009695,
              32.8382681
            ],
            [
              -117.0097031,
              32.8383143
            ],
            [
              -117.0097092,
              32.8383604
            ],
            [
              -117.0097092,
              32.8383945
            ],
            [
              -117.0097153,
              32.8384304
            ],
            [
              -117.0097316,
              32.8384697
            ],
            [
              -117.0097417,
              32.838497
            ],
            [
              -117.0097417,
              32.8385294
            ],
            [
              -117.0097539,
              32.8385636
            ],
            [
              -117.0097641,
              32.8385892
            ],
            [
              -117.0097702,
              32.8386166
            ],
            [
              -117.009758,
              32.8386815
            ],
            [
              -117.0097539,
              32.8387207
            ],
            [
              -117.0097742,
              32.83876
            ],
            [
              -117.0097925,
              32.838789
            ],
            [
              -117.0097966,
              32.8388693
            ],
            [
              -117.0098108,
              32.8389188
            ],
            [
              -117.009821,
              32.8389923
            ],
            [
              -117.0098332,
              32.8390538
            ],
            [
              -117.009821,
              32.839105
            ],
            [
              -117.0097966,
              32.8391255
            ],
            [
              -117.0097539,
              32.8391375
            ],
            [
              -117.009745,
              32.839222
            ],
            [
              -117.0097404,
              32.8393009
            ],
            [
              -117.0097203,
              32.8394291
            ],
            [
              -117.009699,
              32.8395508
            ],
            [
              -117.0097255,
              32.8395798
            ],
            [
              -117.0097173,
              32.8396379
            ],
            [
              -117.0097133,
              32.8397216
            ],
            [
              -117.0097031,
              32.8397899
            ],
            [
              -117.0097051,
              32.8398479
            ],
            [
              -117.0097153,
              32.8399265
            ],
            [
              -117.0097092,
              32.8399863
            ],
            [
              -117.0097214,
              32.8400529
            ],
            [
              -117.0097397,
              32.8400888
            ],
            [
              -117.0097649,
              32.8401131
            ],
            [
              -117.0097824,
              32.8401332
            ],
            [
              -117.0097986,
              32.8401554
            ],
            [
              -117.0098297,
              32.8401487
            ],
            [
              -117.0098436,
              32.8401423
            ]
          ]
        ]
      },
      "properties": {
        "course_id": "carlton_oaks_santee",
        "course_name": "Carlton Oaks Golf Course",
        "hole_number": 10,
        "feature_type": "fairway",
        "name": "hole_10_fairway",
        "feature-color": "#4a7c3f",
        "is_approximate": true,
        "source": "osm",
        "@id": "0cc71d3d-8cc9-4e1e-baf9-23e845decb82",
        "osm_id": 1126753563
      }
    },
    {
      "type": "Feature",
      "bbox": [
        -117.0084281,
        32.8395484,
        -117.0083534,
        32.8395955
      ],
      "geometry": {
        "type": "Polygon",
        "coordinates": [
          [
            [
              -117.0083627,
              32.8395543
            ],
            [
              -117.0083861,
              32.8395484
            ],
            [
              -117.0084141,
              32.8395504
            ],
            [
              -117.0084281,
              32.8395641
            ],
            [
              -117.0084281,
              32.8395857
            ],
            [
              -117.0084071,
              32.8395955
            ],
            [
              -117.0083721,
              32.8395955
            ],
            [
              -117.0083534,
              32.8395798
            ],
            [
              -117.0083627,
              32.8395543
            ]
          ]
        ]
      },
      "properties": {
        "course_id": "carlton_oaks_santee",
        "course_name": "Carlton Oaks Golf Course",
        "hole_number": 12,
        "feature_type": "bunker",
        "name": "hole_12_bunker",
        "feature-color": "#d4b483",
        "is_approximate": true,
        "source": "osm",
        "@id": "685fa684-78c7-4bdd-aeeb-8493b4aca5db",
        "osm_id": 1126753565
      }
    },
    {
      "type": "Feature",
      "bbox": [
        -117.0086896,
        32.8395151,
        -117.0082899,
        32.8397623
      ],
      "geometry": {
        "type": "Polygon",
        "coordinates": [
          [
            [
              -117.0084281,
              32.8396093
            ],
            [
              -117.0084608,
              32.8396014
            ],
            [
              -117.0084888,
              32.8395739
            ],
            [
              -117.0085122,
              32.8395504
            ],
            [
              -117.0085262,
              32.8395327
            ],
            [
              -117.0085612,
              32.8395229
            ],
            [
              -117.0086172,
              32.8395151
            ],
            [
              -117.0086569,
              32.8395308
            ],
            [
              -117.008678,
              32.8395622
            ],
            [
              -117.0086896,
              32.8395877
            ],
            [
              -117.0086756,
              32.8396132
            ],
            [
              -117.0086499,
              32.8396308
            ],
            [
              -117.0086126,
              32.8396524
            ],
            [
              -117.0085799,
              32.839672
            ],
            [
              -117.0085472,
              32.8396858
            ],
            [
              -117.0085192,
              32.8397015
            ],
            [
              -117.0084865,
              32.8397191
            ],
            [
              -117.0084585,
              32.8397329
            ],
            [
              -117.0084205,
              32.8397443
            ],
            [
              -117.0083791,
              32.8397564
            ],
            [
              -117.0083417,
              32.8397623
            ],
            [
              -117.0082979,
              32.8397443
            ],
            [
              -117.0082899,
              32.8397062
            ],
            [
              -117.0083037,
              32.8396699
            ],
            [
              -117.0083321,
              32.8396387
            ],
            [
              -117.0083719,
              32.8396191
            ],
            [
              -117.0084281,
              32.8396093
            ]
          ]
        ]
      },
      "properties": {
        "course_id": "carlton_oaks_santee",
        "course_name": "Carlton Oaks Golf Course",
        "hole_number": 12,
        "feature_type": "green",
        "name": "hole_12_green",
        "feature-color": "#2d6e2d",
        "is_approximate": true,
        "source": "osm",
        "@id": "2db90bc1-32f2-432b-ad50-11de184f63f3",
        "osm_id": 1126753566
      }
    },
    {
      "type": "Feature",
      "bbox": [
        -117.0078023,
        32.8404077,
        -117.0076459,
        32.8405509
      ],
      "geometry": {
        "type": "Polygon",
        "coordinates": [
          [
            [
              -117.0076856,
              32.8404077
            ],
            [
              -117.0077276,
              32.8404116
            ],
            [
              -117.0077463,
              32.8404332
            ],
            [
              -117.0077603,
              32.8404627
            ],
            [
              -117.0077766,
              32.8404882
            ],
            [
              -117.0078023,
              32.8405117
            ],
            [
              -117.007793,
              32.8405333
            ],
            [
              -117.007754,
              32.8405445
            ],
            [
              -117.0077276,
              32.8405509
            ],
            [
              -117.0076879,
              32.8405411
            ],
            [
              -117.0076576,
              32.8405176
            ],
            [
              -117.0076459,
              32.8404862
            ],
            [
              -117.0076599,
              32.8404391
            ],
            [
              -117.0076856,
              32.8404077
            ]
          ]
        ]
      },
      "properties": {
        "course_id": "carlton_oaks_santee",
        "course_name": "Carlton Oaks Golf Course",
        "hole_number": 12,
        "feature_type": "tee_box",
        "name": "hole_12_tee_box",
        "feature-color": "#8b7355",
        "is_approximate": true,
        "source": "osm",
        "@id": "ad19f83a-13a2-42e2-815f-c7b5f471b68d",
        "osm_id": 1126753567
      }
    },
    {
      "type": "Feature",
      "bbox": [
        -117.0076646,
        32.8406549,
        -117.0074497,
        32.8408805
      ],
      "geometry": {
        "type": "Polygon",
        "coordinates": [
          [
            [
              -117.0075875,
              32.8406549
            ],
            [
              -117.0076295,
              32.8406588
            ],
            [
              -117.0076646,
              32.8406883
            ],
            [
              -117.0076576,
              32.8407412
            ],
            [
              -117.0076365,
              32.8407883
            ],
            [
              -117.0075898,
              32.8408276
            ],
            [
              -117.0075455,
              32.8408629
            ],
            [
              -117.0074964,
              32.8408805
            ],
            [
              -117.0074614,
              32.8408609
            ],
            [
              -117.0074497,
              32.8408217
            ],
            [
              -117.0074754,
              32.8407824
            ],
            [
              -117.0075338,
              32.840702
            ],
            [
              -117.0075875,
              32.8406549
            ]
          ]
        ]
      },
      "properties": {
        "course_id": "carlton_oaks_santee",
        "course_name": "Carlton Oaks Golf Course",
        "hole_number": 12,
        "feature_type": "tee_box",
        "name": "hole_12_tee_box_2",
        "feature-color": "#8b7355",
        "is_approximate": true,
        "source": "osm",
        "@id": "c9d0f30b-6676-4574-885c-d3082700e64a",
        "osm_id": 1126753568
      }
    },
    {
      "type": "Feature",
      "bbox": [
        -117.0083048,
        32.8404157,
        -117.0079816,
        32.8405768
      ],
      "geometry": {
        "type": "Polygon",
        "coordinates": [
          [
            [
              -117.008156,
              32.8405723
            ],
            [
              -117.0081855,
              32.8405622
            ],
            [
              -117.0082177,
              32.8405531
            ],
            [
              -117.0082445,
              32.8405419
            ],
            [
              -117.0082753,
              32.8405295
            ],
            [
              -117.0082901,
              32.8405193
            ],
            [
              -117.0083022,
              32.8405081
            ],
            [
              -117.0083048,
              32.8404945
            ],
            [
              -117.0083048,
              32.8404788
            ],
            [
              -117.0082995,
              32.8404562
            ],
            [
              -117.0082901,
              32.8404438
            ],
            [
              -117.008278,
              32.8404348
            ],
            [
              -117.0082619,
              32.8404213
            ],
            [
              -117.0082418,
              32.8404157
            ],
            [
              -117.008211,
              32.8404236
            ],
            [
              -117.0081882,
              32.8404247
            ],
            [
              -117.008164,
              32.8404247
            ],
            [
              -117.0081372,
              32.8404258
            ],
            [
              -117.0081198,
              32.8404247
            ],
            [
              -117.0080983,
              32.8404281
            ],
            [
              -117.0080702,
              32.8404382
            ],
            [
              -117.0080205,
              32.8404675
            ],
            [
              -117.0079937,
              32.8404912
            ],
            [
              -117.0079816,
              32.8405148
            ],
            [
              -117.0079924,
              32.8405374
            ],
            [
              -117.0080178,
              32.8405554
            ],
            [
              -117.0080567,
              32.8405689
            ],
            [
              -117.008093,
              32.8405734
            ],
            [
              -117.0081238,
              32.8405768
            ],
            [
              -117.008156,
              32.8405723
            ]
          ]
        ]
      },
      "properties": {
        "course_id": "carlton_oaks_santee",
        "course_name": "Carlton Oaks Golf Course",
        "hole_number": 11,
        "feature_type": "green",
        "name": "hole_11_green",
        "feature-color": "#2d6e2d",
        "is_approximate": true,
        "source": "osm",
        "@id": "120072a8-1306-4647-b49c-b47e27e35930",
        "osm_id": 1126753569
      }
    },
    {
      "type": "Feature",
      "bbox": [
        -117.0085122,
        32.8405069,
        -117.0083522,
        32.8406138
      ],
      "geometry": {
        "type": "Polygon",
        "coordinates": [
          [
            [
              -117.0083604,
              32.8405775
            ],
            [
              -117.0083791,
              32.8405696
            ],
            [
              -117.0083978,
              32.8405647
            ],
            [
              -117.0084083,
              32.840554
            ],
            [
              -117.0084258,
              32.8405451
            ],
            [
              -117.0084386,
              32.8405402
            ],
            [
              -117.0084433,
              32.8405294
            ],
            [
              -117.0084561,
              32.8405157
            ],
            [
              -117.0084818,
              32.8405069
            ],
            [
              -117.008504,
              32.8405088
            ],
            [
              -117.0085122,
              32.8405206
            ],
            [
              -117.0085122,
              32.8405422
            ],
            [
              -117.0084958,
              32.840551
            ],
            [
              -117.008483,
              32.840554
            ],
            [
              -117.0084643,
              32.8405579
            ],
            [
              -117.0084374,
              32.8405657
            ],
            [
              -117.0084246,
              32.8405844
            ],
            [
              -117.0084059,
              32.840604
            ],
            [
              -117.0083802,
              32.8406128
            ],
            [
              -117.0083592,
              32.8406138
            ],
            [
              -117.0083534,
              32.840601
            ],
            [
              -117.0083522,
              32.8405893
            ],
            [
              -117.0083604,
              32.8405775
            ]
          ]
        ]
      },
      "properties": {
        "course_id": "carlton_oaks_santee",
        "course_name": "Carlton Oaks Golf Course",
        "hole_number": 11,
        "feature_type": "bunker",
        "name": "hole_11_bunker_2",
        "feature-color": "#d4b483",
        "is_approximate": true,
        "source": "osm",
        "@id": "cf8ff19c-3e46-4686-8496-2ff53d9c373b",
        "osm_id": 1126753570
      }
    },
    {
      "type": "Feature",
      "bbox": [
        -117.0086499,
        32.8404264,
        -117.0085449,
        32.8405206
      ],
      "geometry": {
        "type": "Polygon",
        "coordinates": [
          [
            [
              -117.008574,
              32.8405186
            ],
            [
              -117.0085565,
              32.8405118
            ],
            [
              -117.008546,
              32.8404971
            ],
            [
              -117.0085449,
              32.8404794
            ],
            [
              -117.008546,
              32.8404578
            ],
            [
              -117.0085624,
              32.8404402
            ],
            [
              -117.0085927,
              32.8404304
            ],
            [
              -117.0086254,
              32.8404264
            ],
            [
              -117.0086394,
              32.8404353
            ],
            [
              -117.0086499,
              32.8404559
            ],
            [
              -117.0086371,
              32.8404892
            ],
            [
              -117.0086137,
              32.8405137
            ],
            [
              -117.0085916,
              32.8405206
            ],
            [
              -117.008574,
              32.8405186
            ]
          ]
        ]
      },
      "properties": {
        "course_id": "carlton_oaks_santee",
        "course_name": "Carlton Oaks Golf Course",
        "hole_number": 11,
        "feature_type": "bunker",
        "name": "hole_11_bunker_3",
        "feature-color": "#d4b483",
        "is_approximate": true,
        "source": "osm",
        "@id": "83d6c9ae-3373-4ed6-b5ea-a765fc830b21",
        "osm_id": 1126753571
      }
    },
    {
      "type": "Feature",
      "bbox": [
        -117.0085588,
        32.8401686,
        -117.0081126,
        32.8404156
      ],
      "geometry": {
        "type": "Polygon",
        "coordinates": [
          [
            [
              -117.0081502,
              32.8404156
            ],
            [
              -117.0081981,
              32.8404156
            ],
            [
              -117.0082413,
              32.8404088
            ],
            [
              -117.0082938,
              32.840398
            ],
            [
              -117.0083324,
              32.8403823
            ],
            [
              -117.0083732,
              32.8403568
            ],
            [
              -117.0084106,
              32.8403215
            ],
            [
              -117.0084351,
              32.840293
            ],
            [
              -117.008469,
              32.8402587
            ],
            [
              -117.0084958,
              32.8402302
            ],
            [
              -117.0085588,
              32.8401686
            ],
            [
              -117.0081126,
              32.8404043
            ],
            [
              -117.0081502,
              32.8404156
            ]
          ]
        ]
      },
      "properties": {
        "course_id": "carlton_oaks_santee",
        "course_name": "Carlton Oaks Golf Course",
        "hole_number": 11,
        "feature_type": "bunker",
        "name": "hole_11_bunker_4",
        "feature-color": "#d4b483",
        "is_approximate": true,
        "source": "osm",
        "@id": "c2a740d7-8955-4f42-ae38-81b3b9bf8a7d",
        "osm_id": 1126753572
      }
    },
    {
      "type": "Feature",
      "bbox": [
        -117.009487,
        32.8388972,
        -117.0078537,
        32.8407021
      ],
      "geometry": {
        "type": "Polygon",
        "coordinates": [
          [
            [
              -117.0079816,
              32.8405148
            ],
            [
              -117.0078537,
              32.8405275
            ],
            [
              -117.0079436,
              32.8406481
            ],
            [
              -117.0080113,
              32.8406834
            ],
            [
              -117.008072,
              32.8407021
            ],
            [
              -117.0081281,
              32.8406903
            ],
            [
              -117.0081946,
              32.8406707
            ],
            [
              -117.0082577,
              32.8406334
            ],
            [
              -117.0083137,
              32.840605
            ],
            [
              -117.0083487,
              32.8405795
            ],
            [
              -117.0083802,
              32.8405569
            ],
            [
              -117.0084164,
              32.8405353
            ],
            [
              -117.0084561,
              32.8405157
            ],
            [
              -117.0085122,
              32.8404814
            ],
            [
              -117.008546,
              32.8404578
            ],
            [
              -117.0085624,
              32.8404402
            ],
            [
              -117.0085927,
              32.8404304
            ],
            [
              -117.0086254,
              32.8404264
            ],
            [
              -117.0086394,
              32.8404353
            ],
            [
              -117.008748,
              32.8404088
            ],
            [
              -117.0089103,
              32.8402871
            ],
            [
              -117.0092457,
              32.8399777
            ],
            [
              -117.0092417,
              32.8399624
            ],
            [
              -117.0092498,
              32.8399385
            ],
            [
              -117.0092803,
              32.8399163
            ],
            [
              -117.0093006,
              32.8398975
            ],
            [
              -117.0093169,
              32.839877
            ],
            [
              -117.0093352,
              32.8398582
            ],
            [
              -117.0093413,
              32.839836
            ],
            [
              -117.0093453,
              32.8398172
            ],
            [
              -117.0093616,
              32.8398018
            ],
            [
              -117.0094322,
              32.8397015
            ],
            [
              -117.009431,
              32.8396672
            ],
            [
              -117.0094497,
              32.8396034
            ],
            [
              -117.0094847,
              32.8395259
            ],
            [
              -117.0094847,
              32.8394867
            ],
            [
              -117.009487,
              32.8394347
            ],
            [
              -117.0094345,
              32.8393347
            ],
            [
              -117.0094053,
              32.8392062
            ],
            [
              -117.0093539,
              32.839164
            ],
            [
              -117.0093131,
              32.8391238
            ],
            [
              -117.0092874,
              32.8390669
            ],
            [
              -117.0092722,
              32.8390276
            ],
            [
              -117.0092664,
              32.8389845
            ],
            [
              -117.0092442,
              32.8389413
            ],
            [
              -117.0092127,
              32.8388972
            ],
            [
              -117.0090632,
              32.8389237
            ],
            [
              -117.0090609,
              32.8395975
            ],
            [
              -117.0085588,
              32.8401686
            ],
            [
              -117.0083732,
              32.8403568
            ],
            [
              -117.0083324,
              32.8403823
            ],
            [
              -117.0082938,
              32.840398
            ],
            [
              -117.0082413,
              32.8404088
            ],
            [
              -117.0082619,
              32.8404213
            ],
            [
              -117.008278,
              32.8404348
            ],
            [
              -117.0082901,
              32.8404438
            ],
            [
              -117.0082995,
              32.8404562
            ],
            [
              -117.0083048,
              32.8404788
            ],
            [
              -117.0083048,
              32.8404945
            ],
            [
              -117.0083022,
              32.8405081
            ],
            [
              -117.0082901,
              32.8405193
            ],
            [
              -117.0082753,
              32.8405295
            ],
            [
              -117.0082445,
              32.8405419
            ],
            [
              -117.0082177,
              32.8405531
            ],
            [
              -117.0081855,
              32.8405622
            ],
            [
              -117.008156,
              32.8405723
            ],
            [
              -117.0081238,
              32.8405768
            ],
            [
              -117.008093,
              32.8405734
            ],
            [
              -117.0080567,
              32.8405689
            ],
            [
              -117.0080178,
              32.8405554
            ],
            [
              -117.0079924,
              32.8405374
            ],
            [
              -117.0079816,
              32.8405148
            ]
          ]
        ]
      },
      "properties": {
        "course_id": "carlton_oaks_santee",
        "course_name": "Carlton Oaks Golf Course",
        "hole_number": 11,
        "feature_type": "fairway",
        "name": "hole_11_fairway",
        "feature-color": "#4a7c3f",
        "is_approximate": true,
        "source": "osm",
        "@id": "9b9f88aa-500f-4372-a734-0532bc38e6b7",
        "osm_id": 1126753573
      }
    },
    {
      "type": "Feature",
      "bbox": [
        -117.0087964,
        32.8385151,
        -117.0085646,
        32.8387753
      ],
      "geometry": {
        "type": "Polygon",
        "coordinates": [
          [
            [
              -117.0085912,
              32.8386593
            ],
            [
              -117.0086124,
              32.838637
            ],
            [
              -117.008646,
              32.8386296
            ],
            [
              -117.0086602,
              32.8386296
            ],
            [
              -117.0086743,
              32.8386132
            ],
            [
              -117.0086796,
              32.8385895
            ],
            [
              -117.0086867,
              32.8385672
            ],
            [
              -117.0087062,
              32.8385404
            ],
            [
              -117.008738,
              32.8385166
            ],
            [
              -117.0087734,
              32.8385151
            ],
            [
              -117.0087893,
              32.8385285
            ],
            [
              -117.0087964,
              32.8385597
            ],
            [
              -117.0087734,
              32.8386073
            ],
            [
              -117.0087186,
              32.8386668
            ],
            [
              -117.0086672,
              32.8387277
            ],
            [
              -117.0086195,
              32.8387649
            ],
            [
              -117.0085876,
              32.8387753
            ],
            [
              -117.0085678,
              32.8387631
            ],
            [
              -117.0085646,
              32.8387441
            ],
            [
              -117.008577,
              32.8387277
            ],
            [
              -117.0085912,
              32.8387129
            ],
            [
              -117.0085929,
              32.8386876
            ],
            [
              -117.0085912,
              32.8386593
            ]
          ]
        ]
      },
      "properties": {
        "course_id": "carlton_oaks_santee",
        "course_name": "Carlton Oaks Golf Course",
        "hole_number": 13,
        "feature_type": "tee_box",
        "name": "hole_13_tee_box",
        "feature-color": "#8b7355",
        "is_approximate": true,
        "source": "osm",
        "@id": "3756987a-81ae-4cdd-a0fa-a100233949ac",
        "osm_id": 1126753575
      }
    },
    {
      "type": "Feature",
      "bbox": [
        -117.0085593,
        32.8388259,
        -117.0082567,
        32.8390801
      ],
      "geometry": {
        "type": "Polygon",
        "coordinates": [
          [
            [
              -117.0083841,
              32.8388957
            ],
            [
              -117.0084036,
              32.8388675
            ],
            [
              -117.0084478,
              32.8388363
            ],
            [
              -117.0084832,
              32.8388259
            ],
            [
              -117.0085168,
              32.8388333
            ],
            [
              -117.0085469,
              32.8388571
            ],
            [
              -117.0085593,
              32.8388898
            ],
            [
              -117.0085558,
              32.8389255
            ],
            [
              -117.0085292,
              32.8389612
            ],
            [
              -117.0084903,
              32.8389849
            ],
            [
              -117.0084319,
              32.8390162
            ],
            [
              -117.0083876,
              32.8390355
            ],
            [
              -117.0083434,
              32.8390712
            ],
            [
              -117.0083204,
              32.8390801
            ],
            [
              -117.0082974,
              32.8390786
            ],
            [
              -117.0082728,
              32.8390599
            ],
            [
              -117.0082585,
              32.8390444
            ],
            [
              -117.0082567,
              32.8390191
            ],
            [
              -117.0082691,
              32.8389909
            ],
            [
              -117.0083169,
              32.8389641
            ],
            [
              -117.0083593,
              32.8389314
            ],
            [
              -117.0083841,
              32.8388957
            ]
          ]
        ]
      },
      "properties": {
        "course_id": "carlton_oaks_santee",
        "course_name": "Carlton Oaks Golf Course",
        "hole_number": 13,
        "feature_type": "tee_box",
        "name": "hole_13_tee_box_2",
        "feature-color": "#8b7355",
        "is_approximate": true,
        "source": "osm",
        "@id": "c19ac571-2f46-4ac5-bc80-6408ecd7bf7c",
        "osm_id": 1126753576
      }
    },
    {
      "type": "Feature",
      "bbox": [
        -117.0079541,
        32.8394355,
        -117.0077878,
        32.8395529
      ],
      "geometry": {
        "type": "Polygon",
        "coordinates": [
          [
            [
              -117.0078072,
              32.8394919
            ],
            [
              -117.0078338,
              32.8394756
            ],
            [
              -117.0078621,
              32.8394548
            ],
            [
              -117.0078833,
              32.8394355
            ],
            [
              -117.007924,
              32.8394355
            ],
            [
              -117.0079506,
              32.8394578
            ],
            [
              -117.0079541,
              32.8394964
            ],
            [
              -117.0079329,
              32.8395172
            ],
            [
              -117.0078992,
              32.839538
            ],
            [
              -117.0078621,
              32.8395514
            ],
            [
              -117.0078231,
              32.8395529
            ],
            [
              -117.0077878,
              32.8395336
            ],
            [
              -117.0077913,
              32.8395083
            ],
            [
              -117.0078072,
              32.8394919
            ]
          ]
        ]
      },
      "properties": {
        "course_id": "carlton_oaks_santee",
        "course_name": "Carlton Oaks Golf Course",
        "hole_number": 13,
        "feature_type": "tee_box",
        "name": "hole_13_tee_box_3",
        "feature-color": "#8b7355",
        "is_approximate": true,
        "source": "osm",
        "@id": "fde86147-646b-45db-852c-f3147f80fa5e",
        "osm_id": 1126753577
      }
    },
    {
      "type": "Feature",
      "bbox": [
        -117.0075152,
        32.8393507,
        -117.007287,
        32.8395782
      ],
      "geometry": {
        "type": "Polygon",
        "coordinates": [
          [
            [
              -117.0074533,
              32.8393611
            ],
            [
              -117.007402,
              32.8394102
            ],
            [
              -117.0073737,
              32.8394548
            ],
            [
              -117.0073454,
              32.8394949
            ],
            [
              -117.00731,
              32.8395306
            ],
            [
              -117.007287,
              32.8395514
            ],
            [
              -117.0072976,
              32.8395693
            ],
            [
              -117.0073206,
              32.8395782
            ],
            [
              -117.0073648,
              32.8395707
            ],
            [
              -117.0074002,
              32.8395499
            ],
            [
              -117.0074179,
              32.8395306
            ],
            [
              -117.0074197,
              32.8395098
            ],
            [
              -117.0074091,
              32.8394786
            ],
            [
              -117.0074108,
              32.8394533
            ],
            [
              -117.0074214,
              32.839434
            ],
            [
              -117.0074445,
              32.8394176
            ],
            [
              -117.0074798,
              32.8394131
            ],
            [
              -117.0075064,
              32.8394027
            ],
            [
              -117.0075152,
              32.8393819
            ],
            [
              -117.0075011,
              32.8393537
            ],
            [
              -117.007471,
              32.8393507
            ],
            [
              -117.0074533,
              32.8393611
            ]
          ]
        ]
      },
      "properties": {
        "course_id": "carlton_oaks_santee",
        "course_name": "Carlton Oaks Golf Course",
        "hole_number": 14,
        "feature_type": "bunker",
        "name": "hole_14_bunker",
        "feature-color": "#d4b483",
        "is_approximate": true,
        "source": "osm",
        "@id": "0f8326c8-b20a-4508-8c9c-8421f1bef729",
        "osm_id": 1126753578
      }
    },
    {
      "type": "Feature",
      "bbox": [
        -117.0079511,
        32.8384802,
        -117.0078202,
        32.8385954
      ],
      "geometry": {
        "type": "Polygon",
        "coordinates": [
          [
            [
              -117.0079357,
              32.8384802
            ],
            [
              -117.0079511,
              32.8385048
            ],
            [
              -117.0079388,
              32.8385294
            ],
            [
              -117.0079142,
              32.8385488
            ],
            [
              -117.0078895,
              32.8385747
            ],
            [
              -117.007871,
              32.8385941
            ],
            [
              -117.0078479,
              32.8385954
            ],
            [
              -117.0078248,
              32.8385825
            ],
            [
              -117.0078202,
              32.8385631
            ],
            [
              -117.0078294,
              32.8385476
            ],
            [
              -117.0078525,
              32.8385281
            ],
            [
              -117.0078787,
              32.8385165
            ],
            [
              -117.007908,
              32.8384997
            ],
            [
              -117.0079188,
              32.8384841
            ],
            [
              -117.0079357,
              32.8384802
            ]
          ]
        ]
      },
      "properties": {
        "course_id": "carlton_oaks_santee",
        "course_name": "Carlton Oaks Golf Course",
        "hole_number": 14,
        "feature_type": "bunker",
        "name": "hole_14_bunker_2",
        "feature-color": "#d4b483",
        "is_approximate": true,
        "source": "osm",
        "@id": "c4e20f1a-06b7-4211-bfbe-8bb98b3ce411",
        "osm_id": 1126753579
      }
    },
    {
      "type": "Feature",
      "bbox": [
        -117.0085596,
        32.8383107,
        -117.0084718,
        32.8384013
      ],
      "geometry": {
        "type": "Polygon",
        "coordinates": [
          [
            [
              -117.0085504,
              32.8383741
            ],
            [
              -117.0085458,
              32.8383961
            ],
            [
              -117.0085273,
              32.8384013
            ],
            [
              -117.0085026,
              32.8384013
            ],
            [
              -117.0084826,
              32.8383961
            ],
            [
              -117.0084734,
              32.8383845
            ],
            [
              -117.0084718,
              32.8383689
            ],
            [
              -117.0084826,
              32.8383418
            ],
            [
              -117.0084934,
              32.8383314
            ],
            [
              -117.0084949,
              32.8383172
            ],
            [
              -117.0085088,
              32.8383107
            ],
            [
              -117.0085257,
              32.8383107
            ],
            [
              -117.0085442,
              32.8383159
            ],
            [
              -117.0085566,
              32.8383314
            ],
            [
              -117.0085596,
              32.838356
            ],
            [
              -117.0085504,
              32.8383741
            ]
          ]
        ]
      },
      "properties": {
        "course_id": "carlton_oaks_santee",
        "course_name": "Carlton Oaks Golf Course",
        "hole_number": 14,
        "feature_type": "bunker",
        "name": "hole_14_bunker_3",
        "feature-color": "#d4b483",
        "is_approximate": true,
        "source": "osm",
        "@id": "2e80343f-d71a-4060-b150-f936e6eb9ddb",
        "osm_id": 1126753580
      }
    },
    {
      "type": "Feature",
      "bbox": [
        -117.0082207,
        32.8382602,
        -117.0080359,
        32.8384686
      ],
      "geometry": {
        "type": "Polygon",
        "coordinates": [
          [
            [
              -117.0080651,
              32.8384647
            ],
            [
              -117.0080852,
              32.838444
            ],
            [
              -117.0081113,
              32.8384246
            ],
            [
              -117.0081391,
              32.8384
            ],
            [
              -117.0081622,
              32.8383819
            ],
            [
              -117.0081776,
              32.8383689
            ],
            [
              -117.0081961,
              32.8383508
            ],
            [
              -117.0082115,
              32.8383275
            ],
            [
              -117.0082176,
              32.8383042
            ],
            [
              -117.0082207,
              32.8382757
            ],
            [
              -117.0082069,
              32.8382654
            ],
            [
              -117.0081868,
              32.8382602
            ],
            [
              -117.008176,
              32.8382667
            ],
            [
              -117.0081637,
              32.8382848
            ],
            [
              -117.0081622,
              32.8383068
            ],
            [
              -117.0081545,
              32.8383301
            ],
            [
              -117.008136,
              32.8383508
            ],
            [
              -117.0081175,
              32.8383612
            ],
            [
              -117.0080867,
              32.8383715
            ],
            [
              -117.008062,
              32.8383832
            ],
            [
              -117.0080451,
              32.8384078
            ],
            [
              -117.0080359,
              32.8384298
            ],
            [
              -117.008042,
              32.8384582
            ],
            [
              -117.0080497,
              32.8384686
            ],
            [
              -117.0080651,
              32.8384647
            ]
          ]
        ]
      },
      "properties": {
        "course_id": "carlton_oaks_santee",
        "course_name": "Carlton Oaks Golf Course",
        "hole_number": 14,
        "feature_type": "bunker",
        "name": "hole_14_bunker_4",
        "feature-color": "#d4b483",
        "is_approximate": true,
        "source": "osm",
        "@id": "c2b20b0a-e560-4fab-99a0-a026b02a2cd5",
        "osm_id": 1126753581
      }
    },
    {
      "type": "Feature",
      "bbox": [
        -117.0084426,
        32.8382084,
        -117.0082099,
        32.8385061
      ],
      "geometry": {
        "type": "Polygon",
        "coordinates": [
          [
            [
              -117.0082161,
              32.8384414
            ],
            [
              -117.0082099,
              32.8384129
            ],
            [
              -117.008213,
              32.8383832
            ],
            [
              -117.0082269,
              32.8383482
            ],
            [
              -117.0082485,
              32.8383042
            ],
            [
              -117.0082639,
              32.8382654
            ],
            [
              -117.0082793,
              32.8382356
            ],
            [
              -117.008307,
              32.8382162
            ],
            [
              -117.0083409,
              32.8382084
            ],
            [
              -117.0083748,
              32.8382175
            ],
            [
              -117.0084071,
              32.8382356
            ],
            [
              -117.0084302,
              32.8382706
            ],
            [
              -117.008441,
              32.8383003
            ],
            [
              -117.0084426,
              32.8383366
            ],
            [
              -117.0084333,
              32.8383676
            ],
            [
              -117.0084256,
              32.8383974
            ],
            [
              -117.0084256,
              32.8384207
            ],
            [
              -117.0084071,
              32.8384582
            ],
            [
              -117.0083763,
              32.8384906
            ],
            [
              -117.0083193,
              32.8385061
            ],
            [
              -117.0082685,
              32.8384997
            ],
            [
              -117.0082315,
              32.8384854
            ],
            [
              -117.0082164,
              32.8384638
            ],
            [
              -117.0082161,
              32.8384414
            ]
          ]
        ]
      },
      "properties": {
        "course_id": "carlton_oaks_santee",
        "course_name": "Carlton Oaks Golf Course",
        "hole_number": 14,
        "feature_type": "green",
        "name": "hole_14_green",
        "feature-color": "#2d6e2d",
        "is_approximate": true,
        "source": "osm",
        "@id": "ed64c050-abb3-4484-9f89-839f8994d016",
        "osm_id": 1126753582
      }
    },
    {
      "type": "Feature",
      "bbox": [
        -117.0069471,
        32.8401608,
        -117.006793,
        32.8403099
      ],
      "geometry": {
        "type": "Polygon",
        "coordinates": [
          [
            [
              -117.0068,
              32.8402706
            ],
            [
              -117.0068163,
              32.8402412
            ],
            [
              -117.0068513,
              32.8402
            ],
            [
              -117.006877,
              32.8401765
            ],
            [
              -117.0069004,
              32.8401608
            ],
            [
              -117.0069307,
              32.8401608
            ],
            [
              -117.0069471,
              32.8401765
            ],
            [
              -117.0069471,
              32.840198
            ],
            [
              -117.006919,
              32.8402177
            ],
            [
              -117.006898,
              32.8402275
            ],
            [
              -117.006877,
              32.8402392
            ],
            [
              -117.0068677,
              32.8402706
            ],
            [
              -117.0068583,
              32.8402942
            ],
            [
              -117.0068373,
              32.8403099
            ],
            [
              -117.0068093,
              32.8403099
            ],
            [
              -117.006793,
              32.8402942
            ],
            [
              -117.0068,
              32.8402706
            ]
          ]
        ]
      },
      "properties": {
        "course_id": "carlton_oaks_santee",
        "course_name": "Carlton Oaks Golf Course",
        "hole_number": 13,
        "feature_type": "bunker",
        "name": "hole_13_bunker",
        "feature-color": "#d4b483",
        "is_approximate": true,
        "source": "osm",
        "@id": "64d789f2-86af-4c66-af2d-1e9194b8af6c",
        "osm_id": 1126753583
      }
    },
    {
      "type": "Feature",
      "bbox": [
        -117.0065758,
        32.8408866,
        -117.0064684,
        32.8409435
      ],
      "geometry": {
        "type": "Polygon",
        "coordinates": [
          [
            [
              -117.0065011,
              32.8408866
            ],
            [
              -117.0065314,
              32.8408925
            ],
            [
              -117.0065595,
              32.8409023
            ],
            [
              -117.0065758,
              32.8409219
            ],
            [
              -117.0065688,
              32.8409396
            ],
            [
              -117.0065244,
              32.8409435
            ],
            [
              -117.0064801,
              32.8409337
            ],
            [
              -117.0064684,
              32.8409141
            ],
            [
              -117.0064707,
              32.8408964
            ],
            [
              -117.0065011,
              32.8408866
            ]
          ]
        ]
      },
      "properties": {
        "course_id": "carlton_oaks_santee",
        "course_name": "Carlton Oaks Golf Course",
        "hole_number": 13,
        "feature_type": "bunker",
        "name": "hole_13_bunker_2",
        "feature-color": "#d4b483",
        "is_approximate": true,
        "source": "osm",
        "@id": "2d2c62d6-cee3-4c6f-a075-0cd9e7264eff",
        "osm_id": 1126753584
      }
    },
    {
      "type": "Feature",
      "bbox": [
        -117.0070475,
        32.8406355,
        -117.0067019,
        32.840816
      ],
      "geometry": {
        "type": "Polygon",
        "coordinates": [
          [
            [
              -117.0067649,
              32.8407179
            ],
            [
              -117.0067969,
              32.84071
            ],
            [
              -117.006821,
              32.8407042
            ],
            [
              -117.0068653,
              32.8406905
            ],
            [
              -117.006905,
              32.8406748
            ],
            [
              -117.0069163,
              32.8406682
            ],
            [
              -117.0069424,
              32.8406532
            ],
            [
              -117.0069751,
              32.8406375
            ],
            [
              -117.0070171,
              32.8406355
            ],
            [
              -117.0070405,
              32.8406453
            ],
            [
              -117.0070475,
              32.8406689
            ],
            [
              -117.0070335,
              32.8407022
            ],
            [
              -117.0069938,
              32.840716
            ],
            [
              -117.0069564,
              32.8407081
            ],
            [
              -117.006919,
              32.8407101
            ],
            [
              -117.0068793,
              32.8407277
            ],
            [
              -117.0068373,
              32.8407513
            ],
            [
              -117.0068233,
              32.8407748
            ],
            [
              -117.0067953,
              32.8408003
            ],
            [
              -117.0067626,
              32.840816
            ],
            [
              -117.0067299,
              32.840814
            ],
            [
              -117.0067066,
              32.8407964
            ],
            [
              -117.0067019,
              32.840765
            ],
            [
              -117.0067252,
              32.8407356
            ],
            [
              -117.0067649,
              32.8407179
            ]
          ]
        ]
      },
      "properties": {
        "course_id": "carlton_oaks_santee",
        "course_name": "Carlton Oaks Golf Course",
        "hole_number": 13,
        "feature_type": "bunker",
        "name": "hole_13_bunker_3",
        "feature-color": "#d4b483",
        "is_approximate": true,
        "source": "osm",
        "@id": "2289f2a9-bab9-4b94-9e69-b2d743a54272",
        "osm_id": 1126753585
      }
    },
    {
      "type": "Feature",
      "bbox": [
        -117.0062536,
        32.8412123,
        -117.0060201,
        32.8414065
      ],
      "geometry": {
        "type": "Polygon",
        "coordinates": [
          [
            [
              -117.0060224,
              32.8412496
            ],
            [
              -117.0060294,
              32.841228
            ],
            [
              -117.0060668,
              32.8412123
            ],
            [
              -117.0061018,
              32.8412182
            ],
            [
              -117.0061298,
              32.8412378
            ],
            [
              -117.0061392,
              32.8412613
            ],
            [
              -117.0061415,
              32.8412868
            ],
            [
              -117.0061532,
              32.8413143
            ],
            [
              -117.0061905,
              32.8413339
            ],
            [
              -117.0062255,
              32.8413457
            ],
            [
              -117.0062466,
              32.8413653
            ],
            [
              -117.0062536,
              32.8413849
            ],
            [
              -117.0062326,
              32.8414065
            ],
            [
              -117.0061975,
              32.8414026
            ],
            [
              -117.0061695,
              32.841383
            ],
            [
              -117.0061438,
              32.8413575
            ],
            [
              -117.0061158,
              32.8413261
            ],
            [
              -117.0060854,
              32.8413084
            ],
            [
              -117.0060364,
              32.8412888
            ],
            [
              -117.0060201,
              32.841277
            ],
            [
              -117.0060224,
              32.8412496
            ]
          ]
        ]
      },
      "properties": {
        "course_id": "carlton_oaks_santee",
        "course_name": "Carlton Oaks Golf Course",
        "hole_number": 18,
        "feature_type": "bunker",
        "name": "hole_18_bunker",
        "feature-color": "#d4b483",
        "is_approximate": true,
        "source": "osm",
        "@id": "aecea82f-812f-486e-b8fd-6e7a90bef868",
        "osm_id": 1126753586
      }
    },
    {
      "type": "Feature",
      "bbox": [
        -117.0057749,
        32.8412653,
        -117.0055647,
        32.8413653
      ],
      "geometry": {
        "type": "Polygon",
        "coordinates": [
          [
            [
              -117.0056091,
              32.8412986
            ],
            [
              -117.0056395,
              32.8413025
            ],
            [
              -117.0056575,
              32.8413025
            ],
            [
              -117.0056862,
              32.8412868
            ],
            [
              -117.0057329,
              32.8412653
            ],
            [
              -117.0057702,
              32.8412653
            ],
            [
              -117.0057749,
              32.8412849
            ],
            [
              -117.0057702,
              32.8413143
            ],
            [
              -117.0057445,
              32.8413535
            ],
            [
              -117.0057095,
              32.8413653
            ],
            [
              -117.0056768,
              32.8413653
            ],
            [
              -117.0056255,
              32.8413653
            ],
            [
              -117.0055974,
              32.8413653
            ],
            [
              -117.0055694,
              32.8413477
            ],
            [
              -117.0055647,
              32.841328
            ],
            [
              -117.0055834,
              32.8413065
            ],
            [
              -117.0056091,
              32.8412986
            ]
          ]
        ]
      },
      "properties": {
        "course_id": "carlton_oaks_santee",
        "course_name": "Carlton Oaks Golf Course",
        "hole_number": 13,
        "feature_type": "bunker",
        "name": "hole_13_bunker_4",
        "feature-color": "#d4b483",
        "is_approximate": true,
        "source": "osm",
        "@id": "a620c463-548f-4d37-a9b6-0a154227f5cf",
        "osm_id": 1126753587
      }
    },
    {
      "type": "Feature",
      "bbox": [
        -117.0049203,
        32.8411473,
        -117.0048245,
        32.8412633
      ],
      "geometry": {
        "type": "Polygon",
        "coordinates": [
          [
            [
              -117.0048245,
              32.841226
            ],
            [
              -117.0048292,
              32.8412535
            ],
            [
              -117.0048619,
              32.8412633
            ],
            [
              -117.0048829,
              32.8412496
            ],
            [
              -117.0048993,
              32.84123
            ],
            [
              -117.0049063,
              32.8412123
            ],
            [
              -117.0049156,
              32.8411946
            ],
            [
              -117.0049203,
              32.8411632
            ],
            [
              -117.0048826,
              32.8411473
            ],
            [
              -117.004839,
              32.8411597
            ],
            [
              -117.0048295,
              32.8411948
            ],
            [
              -117.0048245,
              32.841226
            ]
          ]
        ]
      },
      "properties": {
        "course_id": "carlton_oaks_santee",
        "course_name": "Carlton Oaks Golf Course",
        "hole_number": 13,
        "feature_type": "bunker",
        "name": "hole_13_bunker_5",
        "feature-color": "#d4b483",
        "is_approximate": true,
        "source": "osm",
        "@id": "84bad0cc-d529-4656-8896-8f2a8f82839b",
        "osm_id": 1126753588
      }
    },
    {
      "type": "Feature",
      "bbox": [
        -117.0052145,
        32.8410652,
        -117.0046494,
        32.8414477
      ],
      "geometry": {
        "type": "Polygon",
        "coordinates": [
          [
            [
              -117.0046774,
              32.8413967
            ],
            [
              -117.0047171,
              32.8414144
            ],
            [
              -117.0047732,
              32.841432
            ],
            [
              -117.0048409,
              32.8414477
            ],
            [
              -117.0049016,
              32.8414477
            ],
            [
              -117.0049553,
              32.8414242
            ],
            [
              -117.0049833,
              32.8413908
            ],
            [
              -117.0050074,
              32.8413662
            ],
            [
              -117.0050207,
              32.8413535
            ],
            [
              -117.0050487,
              32.8413339
            ],
            [
              -117.0050721,
              32.8413241
            ],
            [
              -117.0050837,
              32.8413065
            ],
            [
              -117.0051116,
              32.8412751
            ],
            [
              -117.0051118,
              32.8412398
            ],
            [
              -117.0051258,
              32.8412143
            ],
            [
              -117.0051514,
              32.8411848
            ],
            [
              -117.0051795,
              32.8411613
            ],
            [
              -117.0052005,
              32.8411358
            ],
            [
              -117.0052145,
              32.8411083
            ],
            [
              -117.0052028,
              32.8410848
            ],
            [
              -117.0051865,
              32.8410652
            ],
            [
              -117.0051374,
              32.8410652
            ],
            [
              -117.0050954,
              32.8410828
            ],
            [
              -117.0050814,
              32.8411122
            ],
            [
              -117.0050767,
              32.8411574
            ],
            [
              -117.0050767,
              32.8411907
            ],
            [
              -117.0050557,
              32.8412398
            ],
            [
              -117.0050207,
              32.8412653
            ],
            [
              -117.004967,
              32.8412672
            ],
            [
              -117.0049366,
              32.8412888
            ],
            [
              -117.004925,
              32.8413202
            ],
            [
              -117.0049211,
              32.841353
            ],
            [
              -117.0049039,
              32.841383
            ],
            [
              -117.0048642,
              32.8413947
            ],
            [
              -117.0048386,
              32.8413867
            ],
            [
              -117.0047965,
              32.8413751
            ],
            [
              -117.0047498,
              32.8413575
            ],
            [
              -117.0047148,
              32.8413437
            ],
            [
              -117.0046704,
              32.8413437
            ],
            [
              -117.0046494,
              32.8413673
            ],
            [
              -117.0046564,
              32.8413889
            ],
            [
              -117.0046774,
              32.8413967
            ]
          ]
        ]
      },
      "properties": {
        "course_id": "carlton_oaks_santee",
        "course_name": "Carlton Oaks Golf Course",
        "hole_number": 13,
        "feature_type": "bunker",
        "name": "hole_13_bunker_6",
        "feature-color": "#d4b483",
        "is_approximate": true,
        "source": "osm",
        "@id": "f6cb0742-c031-4f49-a009-fdd02880983f",
        "osm_id": 1126753589
      }
    },
    {
      "type": "Feature",
      "bbox": [
        -117.0051795,
        32.8416733,
        -117.0050954,
        32.8417263
      ],
      "geometry": {
        "type": "Polygon",
        "coordinates": [
          [
            [
              -117.0051164,
              32.8416733
            ],
            [
              -117.0051585,
              32.8416733
            ],
            [
              -117.0051795,
              32.8416851
            ],
            [
              -117.0051795,
              32.8417145
            ],
            [
              -117.0051468,
              32.8417263
            ],
            [
              -117.0051118,
              32.8417224
            ],
            [
              -117.0050954,
              32.8416969
            ],
            [
              -117.0051164,
              32.8416733
            ]
          ]
        ]
      },
      "properties": {
        "course_id": "carlton_oaks_santee",
        "course_name": "Carlton Oaks Golf Course",
        "hole_number": 18,
        "feature_type": "bunker",
        "name": "hole_18_bunker_2",
        "feature-color": "#d4b483",
        "is_approximate": true,
        "source": "osm",
        "@id": "96daa264-eb7d-4615-90b5-42041eb5e5f4",
        "osm_id": 1126753590
      }
    },
    {
      "type": "Feature",
      "bbox": [
        -117.0048082,
        32.8416831,
        -117.0046448,
        32.8418106
      ],
      "geometry": {
        "type": "Polygon",
        "coordinates": [
          [
            [
              -117.0046751,
              32.8417126
            ],
            [
              -117.0047218,
              32.8416949
            ],
            [
              -117.0047685,
              32.8416831
            ],
            [
              -117.0047965,
              32.841691
            ],
            [
              -117.0048082,
              32.8417086
            ],
            [
              -117.0047872,
              32.8417224
            ],
            [
              -117.0047685,
              32.8417381
            ],
            [
              -117.0047708,
              32.8417675
            ],
            [
              -117.0047685,
              32.841793
            ],
            [
              -117.0047288,
              32.8418106
            ],
            [
              -117.0046868,
              32.8417989
            ],
            [
              -117.0046681,
              32.8417793
            ],
            [
              -117.0046471,
              32.8417538
            ],
            [
              -117.0046448,
              32.8417263
            ],
            [
              -117.0046751,
              32.8417126
            ]
          ]
        ]
      },
      "properties": {
        "course_id": "carlton_oaks_santee",
        "course_name": "Carlton Oaks Golf Course",
        "hole_number": 18,
        "feature_type": "bunker",
        "name": "hole_18_bunker_3",
        "feature-color": "#d4b483",
        "is_approximate": true,
        "source": "osm",
        "@id": "aec30f51-23c8-4a0e-b2e3-defa39685a40",
        "osm_id": 1126753591
      }
    },
    {
      "type": "Feature",
      "bbox": [
        -117.0043365,
        32.8417224,
        -117.0042595,
        32.8418067
      ],
      "geometry": {
        "type": "Polygon",
        "coordinates": [
          [
            [
              -117.0042968,
              32.8417224
            ],
            [
              -117.0043272,
              32.8417224
            ],
            [
              -117.0043365,
              32.8417479
            ],
            [
              -117.0043272,
              32.8417832
            ],
            [
              -117.0043038,
              32.8418067
            ],
            [
              -117.0042735,
              32.8417969
            ],
            [
              -117.0042595,
              32.8417753
            ],
            [
              -117.0042595,
              32.8417498
            ],
            [
              -117.0042665,
              32.8417322
            ],
            [
              -117.0042968,
              32.8417224
            ]
          ]
        ]
      },
      "properties": {
        "course_id": "carlton_oaks_santee",
        "course_name": "Carlton Oaks Golf Course",
        "hole_number": 13,
        "feature_type": "bunker",
        "name": "hole_13_bunker_7",
        "feature-color": "#d4b483",
        "is_approximate": true,
        "source": "osm",
        "@id": "a88aa729-06fe-4997-95d2-ab65f876b897",
        "osm_id": 1126753592
      }
    },
    {
      "type": "Feature",
      "bbox": [
        -117.0049814,
        32.8406622,
        -117.0048308,
        32.8407504
      ],
      "geometry": {
        "type": "Polygon",
        "coordinates": [
          [
            [
              -117.004846,
              32.8406896
            ],
            [
              -117.0048822,
              32.840673
            ],
            [
              -117.0049184,
              32.8406651
            ],
            [
              -117.0049382,
              32.8406622
            ],
            [
              -117.0049651,
              32.8406651
            ],
            [
              -117.0049814,
              32.8406877
            ],
            [
              -117.0049709,
              32.8407063
            ],
            [
              -117.0049499,
              32.8407259
            ],
            [
              -117.0048939,
              32.8407436
            ],
            [
              -117.004853,
              32.8407504
            ],
            [
              -117.0048378,
              32.8407387
            ],
            [
              -117.0048308,
              32.840722
            ],
            [
              -117.0048331,
              32.8407043
            ],
            [
              -117.004846,
              32.8406896
            ]
          ]
        ]
      },
      "properties": {
        "course_id": "carlton_oaks_santee",
        "course_name": "Carlton Oaks Golf Course",
        "hole_number": 14,
        "feature_type": "tee_box",
        "name": "hole_14_tee_box",
        "feature-color": "#8b7355",
        "is_approximate": true,
        "source": "osm",
        "@id": "bf4f5555-2c3a-4565-bff7-2eea1c1ba210",
        "osm_id": 1126753593
      }
    },
    {
      "type": "Feature",
      "bbox": [
        -117.0052451,
        32.840467,
        -117.005083,
        32.8405967
      ],
      "geometry": {
        "type": "Polygon",
        "coordinates": [
          [
            [
              -117.0051589,
              32.8405925
            ],
            [
              -117.0052056,
              32.8405768
            ],
            [
              -117.0052383,
              32.8405523
            ],
            [
              -117.0052451,
              32.8405285
            ],
            [
              -117.0052418,
              32.8405091
            ],
            [
              -117.0052254,
              32.8404768
            ],
            [
              -117.0052021,
              32.840467
            ],
            [
              -117.0051612,
              32.8404679
            ],
            [
              -117.005132,
              32.8404925
            ],
            [
              -117.0050982,
              32.8405278
            ],
            [
              -117.005083,
              32.8405533
            ],
            [
              -117.0050912,
              32.8405837
            ],
            [
              -117.0051185,
              32.8405967
            ],
            [
              -117.0051589,
              32.8405925
            ]
          ]
        ]
      },
      "properties": {
        "course_id": "carlton_oaks_santee",
        "course_name": "Carlton Oaks Golf Course",
        "hole_number": 14,
        "feature_type": "tee_box",
        "name": "hole_14_tee_box_2",
        "feature-color": "#8b7355",
        "is_approximate": true,
        "source": "osm",
        "@id": "ec319fd0-1f3a-456d-b3ed-2956ce31ceb7",
        "osm_id": 1126753594
      }
    },
    {
      "type": "Feature",
      "bbox": [
        -117.0058267,
        32.8403973,
        -117.0055453,
        32.8405464
      ],
      "geometry": {
        "type": "Polygon",
        "coordinates": [
          [
            [
              -117.0056095,
              32.8405395
            ],
            [
              -117.005578,
              32.8405248
            ],
            [
              -117.0055605,
              32.8405111
            ],
            [
              -117.0055453,
              32.8404846
            ],
            [
              -117.00555,
              32.8404581
            ],
            [
              -117.0055745,
              32.8404356
            ],
            [
              -117.005599,
              32.8404209
            ],
            [
              -117.0056317,
              32.8404189
            ],
            [
              -117.0056551,
              32.8404258
            ],
            [
              -117.0056831,
              32.8404258
            ],
            [
              -117.0057099,
              32.8404209
            ],
            [
              -117.0057531,
              32.8404071
            ],
            [
              -117.0057812,
              32.8403973
            ],
            [
              -117.0058033,
              32.8404022
            ],
            [
              -117.0058185,
              32.840415
            ],
            [
              -117.0058267,
              32.8404375
            ],
            [
              -117.0058232,
              32.8404601
            ],
            [
              -117.0057998,
              32.8404866
            ],
            [
              -117.0057566,
              32.8405062
            ],
            [
              -117.0057064,
              32.8405278
            ],
            [
              -117.0056659,
              32.8405424
            ],
            [
              -117.0056352,
              32.8405464
            ],
            [
              -117.0056095,
              32.8405395
            ]
          ]
        ]
      },
      "properties": {
        "course_id": "carlton_oaks_santee",
        "course_name": "Carlton Oaks Golf Course",
        "hole_number": 14,
        "feature_type": "tee_box",
        "name": "hole_14_tee_box_3",
        "feature-color": "#8b6914",
        "is_approximate": true,
        "source": "osm",
        "@id": "f66f4280-3fbc-4cb0-ac51-08016630b848",
        "osm_id": 1126753595
      }
    },
    {
      "type": "Feature",
      "bbox": [
        -117.0061361,
        32.8403031,
        -117.0060135,
        32.8403895
      ],
      "geometry": {
        "type": "Polygon",
        "coordinates": [
          [
            [
              -117.0060182,
              32.8403738
            ],
            [
              -117.0060135,
              32.8403522
            ],
            [
              -117.0060275,
              32.8403287
            ],
            [
              -117.0060567,
              32.8403159
            ],
            [
              -117.0060929,
              32.8403031
            ],
            [
              -117.0061209,
              32.8403159
            ],
            [
              -117.0061361,
              32.8403385
            ],
            [
              -117.0061244,
              32.8403649
            ],
            [
              -117.0060835,
              32.8403875
            ],
            [
              -117.0060438,
              32.8403895
            ],
            [
              -117.0060182,
              32.8403738
            ]
          ]
        ]
      },
      "properties": {
        "course_id": "carlton_oaks_santee",
        "course_name": "Carlton Oaks Golf Course",
        "hole_number": 14,
        "feature_type": "tee_box",
        "name": "hole_14_tee_box_4",
        "feature-color": "#8b7355",
        "is_approximate": true,
        "source": "osm",
        "@id": "c411b906-027b-4988-982f-6d640570aff1",
        "osm_id": 1126753596
      }
    },
    {
      "type": "Feature",
      "bbox": [
        -117.0047198,
        32.8413952,
        -117.00431,
        32.8416061
      ],
      "geometry": {
        "type": "Polygon",
        "coordinates": [
          [
            [
              -117.0044221,
              32.8415992
            ],
            [
              -117.0043882,
              32.8416061
            ],
            [
              -117.0043567,
              32.8415982
            ],
            [
              -117.0043357,
              32.8415835
            ],
            [
              -117.0043182,
              32.841558
            ],
            [
              -117.0043112,
              32.8415384
            ],
            [
              -117.00431,
              32.8415158
            ],
            [
              -117.0043252,
              32.8414933
            ],
            [
              -117.0043497,
              32.8414717
            ],
            [
              -117.0043742,
              32.8414678
            ],
            [
              -117.0043964,
              32.841458
            ],
            [
              -117.0044162,
              32.8414413
            ],
            [
              -117.0044396,
              32.8414256
            ],
            [
              -117.0044735,
              32.8414089
            ],
            [
              -117.004519,
              32.8413981
            ],
            [
              -117.0045704,
              32.8413952
            ],
            [
              -117.0046171,
              32.8414011
            ],
            [
              -117.0046603,
              32.8414168
            ],
            [
              -117.0046801,
              32.8414325
            ],
            [
              -117.0047011,
              32.841455
            ],
            [
              -117.0047198,
              32.8414943
            ],
            [
              -117.0047128,
              32.8415178
            ],
            [
              -117.0046964,
              32.8415443
            ],
            [
              -117.0046673,
              32.8415678
            ],
            [
              -117.0046322,
              32.8415806
            ],
            [
              -117.004596,
              32.8415825
            ],
            [
              -117.0045412,
              32.8415825
            ],
            [
              -117.0045096,
              32.8415757
            ],
            [
              -117.0044618,
              32.8415816
            ],
            [
              -117.0044408,
              32.8415894
            ],
            [
              -117.0044221,
              32.8415992
            ]
          ]
        ]
      },
      "properties": {
        "course_id": "carlton_oaks_santee",
        "course_name": "Carlton Oaks Golf Course",
        "hole_number": 13,
        "feature_type": "green",
        "name": "hole_13_green",
        "feature-color": "#2d6e2d",
        "is_approximate": true,
        "source": "osm",
        "@id": "4eea9ad2-9910-482f-95ee-efbaa9ea0ba6",
        "osm_id": 1126753597
      }
    },
    {
      "type": "Feature",
      "bbox": [
        -117.0039431,
        32.8414521,
        -117.0038033,
        32.8416126
      ],
      "geometry": {
        "type": "Polygon",
        "coordinates": [
          [
            [
              -117.0038281,
              32.8415205
            ],
            [
              -117.0038475,
              32.8415398
            ],
            [
              -117.0038582,
              32.8415725
            ],
            [
              -117.003867,
              32.8415978
            ],
            [
              -117.0038794,
              32.8416126
            ],
            [
              -117.0039236,
              32.8416067
            ],
            [
              -117.0039378,
              32.8415963
            ],
            [
              -117.0039431,
              32.8415814
            ],
            [
              -117.0039307,
              32.8415442
            ],
            [
              -117.003913,
              32.8415071
            ],
            [
              -117.0038935,
              32.8414833
            ],
            [
              -117.003867,
              32.8414654
            ],
            [
              -117.0038334,
              32.8414521
            ],
            [
              -117.0038033,
              32.841464
            ],
            [
              -117.0038033,
              32.8414952
            ],
            [
              -117.0038281,
              32.8415205
            ]
          ]
        ]
      },
      "properties": {
        "course_id": "carlton_oaks_santee",
        "course_name": "Carlton Oaks Golf Course",
        "hole_number": 16,
        "feature_type": "bunker",
        "name": "hole_16_bunker",
        "feature-color": "#d4b483",
        "is_approximate": true,
        "source": "osm",
        "@id": "49af7f5a-cffa-4c18-9ad9-52f2f947e170",
        "osm_id": 1126753598
      }
    },
    {
      "type": "Feature",
      "bbox": [
        -117.0067245,
        32.8395706,
        -117.0063547,
        32.839862
      ],
      "geometry": {
        "type": "Polygon",
        "coordinates": [
          [
            [
              -117.0065476,
              32.839685
            ],
            [
              -117.0065759,
              32.8396553
            ],
            [
              -117.006606,
              32.8396285
            ],
            [
              -117.006636,
              32.8395958
            ],
            [
              -117.0066732,
              32.8395706
            ],
            [
              -117.0067068,
              32.839578
            ],
            [
              -117.0067245,
              32.8395914
            ],
            [
              -117.0067174,
              32.8396256
            ],
            [
              -117.0066803,
              32.8396657
            ],
            [
              -117.0066307,
              32.8397044
            ],
            [
              -117.0065759,
              32.839749
            ],
            [
              -117.0065139,
              32.8397936
            ],
            [
              -117.0064732,
              32.8398293
            ],
            [
              -117.0064272,
              32.8398575
            ],
            [
              -117.0063989,
              32.839862
            ],
            [
              -117.0063724,
              32.839856
            ],
            [
              -117.0063547,
              32.8398426
            ],
            [
              -117.0063547,
              32.8398263
            ],
            [
              -117.0063688,
              32.839807
            ],
            [
              -117.0064025,
              32.8397861
            ],
            [
              -117.0064396,
              32.8397713
            ],
            [
              -117.0064662,
              32.839752
            ],
            [
              -117.0064945,
              32.8397282
            ],
            [
              -117.0065476,
              32.839685
            ]
          ]
        ]
      },
      "properties": {
        "course_id": "carlton_oaks_santee",
        "course_name": "Carlton Oaks Golf Course",
        "hole_number": 14,
        "feature_type": "bunker",
        "name": "hole_14_bunker_5",
        "feature-color": "#d4b483",
        "is_approximate": true,
        "source": "osm",
        "@id": "b3a41ba0-d1c9-438a-9caf-86bc3c3c91b4",
        "osm_id": 1126753599
      }
    },
    {
      "type": "Feature",
      "bbox": [
        -117.0063016,
        32.839352,
        -117.0061759,
        32.8394382
      ],
      "geometry": {
        "type": "Polygon",
        "coordinates": [
          [
            [
              -117.0061901,
              32.8393565
            ],
            [
              -117.0062113,
              32.839352
            ],
            [
              -117.0062273,
              32.8393579
            ],
            [
              -117.006252,
              32.8393698
            ],
            [
              -117.0062839,
              32.8393877
            ],
            [
              -117.0063016,
              32.839407
            ],
            [
              -117.0062998,
              32.8394249
            ],
            [
              -117.0062821,
              32.8394367
            ],
            [
              -117.0062591,
              32.8394382
            ],
            [
              -117.0062343,
              32.8394338
            ],
            [
              -117.0062131,
              32.8394204
            ],
            [
              -117.0061954,
              32.839407
            ],
            [
              -117.0061813,
              32.8393877
            ],
            [
              -117.0061759,
              32.8393713
            ],
            [
              -117.0061901,
              32.8393565
            ]
          ]
        ]
      },
      "properties": {
        "course_id": "carlton_oaks_santee",
        "course_name": "Carlton Oaks Golf Course",
        "hole_number": 15,
        "feature_type": "bunker",
        "name": "hole_15_bunker",
        "feature-color": "#d4b483",
        "is_approximate": true,
        "source": "osm",
        "@id": "dc5aaf5c-b66b-469b-890a-d1884b2e6a07",
        "osm_id": 1126753600
      }
    },
    {
      "type": "Feature",
      "bbox": [
        -117.0086158,
        32.8377259,
        -117.0083613,
        32.8378596
      ],
      "geometry": {
        "type": "Polygon",
        "coordinates": [
          [
            [
              -117.0083625,
              32.8378475
            ],
            [
              -117.0083613,
              32.8378259
            ],
            [
              -117.0083777,
              32.8378063
            ],
            [
              -117.0084115,
              32.8377906
            ],
            [
              -117.0084512,
              32.8377729
            ],
            [
              -117.0084886,
              32.8377572
            ],
            [
              -117.008533,
              32.8377357
            ],
            [
              -117.0085727,
              32.8377259
            ],
            [
              -117.008603,
              32.8377317
            ],
            [
              -117.0086147,
              32.8377514
            ],
            [
              -117.0086158,
              32.8377729
            ],
            [
              -117.008603,
              32.8377926
            ],
            [
              -117.0085668,
              32.8378053
            ],
            [
              -117.0085119,
              32.837819
            ],
            [
              -117.0084431,
              32.8378396
            ],
            [
              -117.0083887,
              32.8378596
            ],
            [
              -117.0083625,
              32.8378475
            ]
          ]
        ]
      },
      "properties": {
        "course_id": "carlton_oaks_santee",
        "course_name": "Carlton Oaks Golf Course",
        "hole_number": 15,
        "feature_type": "tee_box",
        "name": "hole_15_tee_box",
        "feature-color": "#8b7355",
        "is_approximate": true,
        "source": "osm",
        "@id": "23d0fdad-9794-4320-951b-f7043ffcbac4",
        "osm_id": 1126753601
      }
    },
    {
      "type": "Feature",
      "bbox": [
        -117.0082096,
        32.8378504,
        -117.0077904,
        32.8381143
      ],
      "geometry": {
        "type": "Polygon",
        "coordinates": [
          [
            [
              -117.0081255,
              32.8378632
            ],
            [
              -117.0081488,
              32.8378544
            ],
            [
              -117.0081909,
              32.8378504
            ],
            [
              -117.0082096,
              32.8378652
            ],
            [
              -117.0082049,
              32.8379005
            ],
            [
              -117.0081792,
              32.8379338
            ],
            [
              -117.0081418,
              32.8379583
            ],
            [
              -117.0081021,
              32.8379691
            ],
            [
              -117.0080671,
              32.8379946
            ],
            [
              -117.0080146,
              32.8380309
            ],
            [
              -117.0079807,
              32.8380672
            ],
            [
              -117.007941,
              32.8380976
            ],
            [
              -117.0079048,
              32.8381114
            ],
            [
              -117.0078651,
              32.8381143
            ],
            [
              -117.0078325,
              32.8381074
            ],
            [
              -117.0078033,
              32.8380947
            ],
            [
              -117.0077904,
              32.8380751
            ],
            [
              -117.0077986,
              32.8380437
            ],
            [
              -117.0078348,
              32.8380211
            ],
            [
              -117.0079224,
              32.8379789
            ],
            [
              -117.0080543,
              32.8379034
            ],
            [
              -117.0081021,
              32.8378759
            ],
            [
              -117.0081255,
              32.8378632
            ]
          ]
        ]
      },
      "properties": {
        "course_id": "carlton_oaks_santee",
        "course_name": "Carlton Oaks Golf Course",
        "hole_number": 15,
        "feature_type": "tee_box",
        "name": "hole_15_tee_box_2",
        "feature-color": "#8b7355",
        "is_approximate": true,
        "source": "osm",
        "@id": "47730043-4737-4edb-91d8-d7b924561d3b",
        "osm_id": 1126753602
      }
    },
    {
      "type": "Feature",
      "bbox": [
        -117.0052426,
        32.8400944,
        -117.004973,
        32.8402213
      ],
      "geometry": {
        "type": "Polygon",
        "coordinates": [
          [
            [
              -117.0049776,
              32.8401786
            ],
            [
              -117.00499,
              32.8401656
            ],
            [
              -117.0050223,
              32.8401643
            ],
            [
              -117.0050516,
              32.8401734
            ],
            [
              -117.0050824,
              32.8401695
            ],
            [
              -117.0051286,
              32.8401527
            ],
            [
              -117.0051594,
              32.8401372
            ],
            [
              -117.0051825,
              32.840119
            ],
            [
              -117.0052072,
              32.8400996
            ],
            [
              -117.0052287,
              32.8400944
            ],
            [
              -117.0052426,
              32.8401074
            ],
            [
              -117.005238,
              32.8401307
            ],
            [
              -117.005218,
              32.8401436
            ],
            [
              -117.005181,
              32.8401579
            ],
            [
              -117.0051548,
              32.8401773
            ],
            [
              -117.0051255,
              32.840198
            ],
            [
              -117.005087,
              32.8402187
            ],
            [
              -117.00505,
              32.8402213
            ],
            [
              -117.0050084,
              32.8402187
            ],
            [
              -117.00499,
              32.8402083
            ],
            [
              -117.004973,
              32.8401954
            ],
            [
              -117.0049776,
              32.8401786
            ]
          ]
        ]
      },
      "properties": {
        "course_id": "carlton_oaks_santee",
        "course_name": "Carlton Oaks Golf Course",
        "hole_number": 15,
        "feature_type": "bunker",
        "name": "hole_15_bunker_2",
        "feature-color": "#d4b483",
        "is_approximate": true,
        "source": "osm",
        "@id": "f7edf8d6-a9c6-479c-9349-65a8203d0986",
        "osm_id": 1126753603
      }
    },
    {
      "type": "Feature",
      "bbox": [
        -117.0048421,
        32.8400258,
        -117.0046865,
        32.8401462
      ],
      "geometry": {
        "type": "Polygon",
        "coordinates": [
          [
            [
              -117.0047558,
              32.840044
            ],
            [
              -117.0047727,
              32.840031
            ],
            [
              -117.0048036,
              32.8400258
            ],
            [
              -117.0048313,
              32.8400284
            ],
            [
              -117.0048405,
              32.840044
            ],
            [
              -117.0048421,
              32.8400737
            ],
            [
              -117.004822,
              32.8401009
            ],
            [
              -117.0047912,
              32.840119
            ],
            [
              -117.0047543,
              32.8401255
            ],
            [
              -117.0047342,
              32.8401385
            ],
            [
              -117.0047188,
              32.8401462
            ],
            [
              -117.0046911,
              32.8401359
            ],
            [
              -117.0046865,
              32.8401113
            ],
            [
              -117.004688,
              32.840088
            ],
            [
              -117.0047127,
              32.8400634
            ],
            [
              -117.0047389,
              32.840053
            ],
            [
              -117.0047558,
              32.840044
            ]
          ]
        ]
      },
      "properties": {
        "course_id": "carlton_oaks_santee",
        "course_name": "Carlton Oaks Golf Course",
        "hole_number": 15,
        "feature_type": "bunker",
        "name": "hole_15_bunker_3",
        "feature-color": "#d4b483",
        "is_approximate": true,
        "source": "osm",
        "@id": "c10c0ed4-c418-4c89-86f5-299b7b271697",
        "osm_id": 1126753604
      }
    },
    {
      "type": "Feature",
      "bbox": [
        -117.0044723,
        32.8400246,
        -117.0044061,
        32.8400944
      ],
      "geometry": {
        "type": "Polygon",
        "coordinates": [
          [
            [
              -117.0044061,
              32.840075
            ],
            [
              -117.0044138,
              32.8400556
            ],
            [
              -117.0044246,
              32.8400362
            ],
            [
              -117.0044385,
              32.8400246
            ],
            [
              -117.0044569,
              32.8400246
            ],
            [
              -117.0044646,
              32.8400323
            ],
            [
              -117.0044662,
              32.8400543
            ],
            [
              -117.0044723,
              32.8400724
            ],
            [
              -117.0044569,
              32.8400906
            ],
            [
              -117.0044292,
              32.8400944
            ],
            [
              -117.0044107,
              32.8400919
            ],
            [
              -117.0044061,
              32.840075
            ]
          ]
        ]
      },
      "properties": {
        "course_id": "carlton_oaks_santee",
        "course_name": "Carlton Oaks Golf Course",
        "hole_number": 15,
        "feature_type": "bunker",
        "name": "hole_15_bunker_4",
        "feature-color": "#d4b483",
        "is_approximate": true,
        "source": "osm",
        "@id": "2206390a-c6fd-4671-805a-416b68b3be3b",
        "osm_id": 1126753605
      }
    },
    {
      "type": "Feature",
      "bbox": [
        -117.0044277,
        32.8401773,
        -117.0040687,
        32.8403727
      ],
      "geometry": {
        "type": "Polygon",
        "coordinates": [
          [
            [
              -117.0041226,
              32.8403624
            ],
            [
              -117.0041026,
              32.8403727
            ],
            [
              -117.0040764,
              32.8403701
            ],
            [
              -117.0040687,
              32.8403598
            ],
            [
              -117.0040687,
              32.840343
            ],
            [
              -117.004078,
              32.8403339
            ],
            [
              -117.004098,
              32.8403184
            ],
            [
              -117.0041057,
              32.8403015
            ],
            [
              -117.0041134,
              32.8402795
            ],
            [
              -117.0041134,
              32.8402588
            ],
            [
              -117.0041103,
              32.8402329
            ],
            [
              -117.0041119,
              32.8402096
            ],
            [
              -117.0041303,
              32.8401902
            ],
            [
              -117.0041627,
              32.8401773
            ],
            [
              -117.0042105,
              32.8401786
            ],
            [
              -117.0042521,
              32.8402019
            ],
            [
              -117.004289,
              32.84022
            ],
            [
              -117.0043198,
              32.8402368
            ],
            [
              -117.0043522,
              32.8402524
            ],
            [
              -117.0043768,
              32.8402575
            ],
            [
              -117.0043969,
              32.8402679
            ],
            [
              -117.0044123,
              32.8402847
            ],
            [
              -117.0044277,
              32.8403028
            ],
            [
              -117.0044261,
              32.8403313
            ],
            [
              -117.0044092,
              32.8403391
            ],
            [
              -117.0043768,
              32.8403339
            ],
            [
              -117.0043522,
              32.8403248
            ],
            [
              -117.0043291,
              32.8403158
            ],
            [
              -117.0043044,
              32.8403015
            ],
            [
              -117.004289,
              32.8402899
            ],
            [
              -117.0042613,
              32.8402731
            ],
            [
              -117.0042397,
              32.840264
            ],
            [
              -117.0042074,
              32.8402679
            ],
            [
              -117.0041781,
              32.8402782
            ],
            [
              -117.0041581,
              32.8402938
            ],
            [
              -117.004135,
              32.8403093
            ],
            [
              -117.0041242,
              32.8403235
            ],
            [
              -117.0041211,
              32.840343
            ],
            [
              -117.0041226,
              32.8403624
            ]
          ]
        ]
      },
      "properties": {
        "course_id": "carlton_oaks_santee",
        "course_name": "Carlton Oaks Golf Course",
        "hole_number": 15,
        "feature_type": "bunker",
        "name": "hole_15_bunker_5",
        "feature-color": "#d4b483",
        "is_approximate": true,
        "source": "osm",
        "@id": "259212b6-6d80-4838-a0f6-0f4cb3dcb828",
        "osm_id": 1126753606
      }
    },
    {
      "type": "Feature",
      "bbox": [
        -117.0035614,
        32.8404264,
        -117.0034274,
        32.8406858
      ],
      "geometry": {
        "type": "Polygon",
        "coordinates": [
          [
            [
              -117.0034889,
              32.8406858
            ],
            [
              -117.0035092,
              32.8406829
            ],
            [
              -117.0035411,
              32.8406762
            ],
            [
              -117.0035508,
              32.8406591
            ],
            [
              -117.0035614,
              32.8406316
            ],
            [
              -117.0035588,
              32.8406063
            ],
            [
              -117.0035393,
              32.8405498
            ],
            [
              -117.0035225,
              32.8404896
            ],
            [
              -117.0035083,
              32.8404539
            ],
            [
              -117.0034889,
              32.8404353
            ],
            [
              -117.0034632,
              32.8404264
            ],
            [
              -117.0034411,
              32.840442
            ],
            [
              -117.0034331,
              32.840468
            ],
            [
              -117.0034274,
              32.8405066
            ],
            [
              -117.003442,
              32.8406346
            ],
            [
              -117.0034543,
              32.8406769
            ],
            [
              -117.0034694,
              32.8406814
            ],
            [
              -117.0034889,
              32.8406858
            ]
          ]
        ]
      },
      "properties": {
        "course_id": "carlton_oaks_santee",
        "course_name": "Carlton Oaks Golf Course",
        "hole_number": 16,
        "feature_type": "tee_box",
        "name": "hole_16_tee_box",
        "feature-color": "#8b7355",
        "is_approximate": true,
        "source": "osm",
        "@id": "eb3c5b84-034b-47a4-9c8c-566e5ac467e9",
        "osm_id": 1126753607
      }
    },
    {
      "type": "Feature",
      "bbox": [
        -117.0034907,
        32.8407842,
        -117.0033444,
        32.8409977
      ],
      "geometry": {
        "type": "Polygon",
        "coordinates": [
          [
            [
              -117.0033647,
              32.8408047
            ],
            [
              -117.0033911,
              32.8407884
            ],
            [
              -117.0034155,
              32.8407842
            ],
            [
              -117.003448,
              32.8408047
            ],
            [
              -117.0034704,
              32.8408286
            ],
            [
              -117.0034704,
              32.840855
            ],
            [
              -117.0034796,
              32.8408858
            ],
            [
              -117.0034857,
              32.8409234
            ],
            [
              -117.0034907,
              32.840955
            ],
            [
              -117.0034724,
              32.8409883
            ],
            [
              -117.0034389,
              32.8409977
            ],
            [
              -117.0034155,
              32.8409891
            ],
            [
              -117.0034003,
              32.8409746
            ],
            [
              -117.0033911,
              32.8409498
            ],
            [
              -117.0033759,
              32.8409293
            ],
            [
              -117.0033657,
              32.840914
            ],
            [
              -117.0033505,
              32.8408892
            ],
            [
              -117.0033444,
              32.8408661
            ],
            [
              -117.0033464,
              32.8408414
            ],
            [
              -117.0033505,
              32.84082
            ],
            [
              -117.0033647,
              32.8408047
            ]
          ]
        ]
      },
      "properties": {
        "course_id": "carlton_oaks_santee",
        "course_name": "Carlton Oaks Golf Course",
        "hole_number": 16,
        "feature_type": "tee_box",
        "name": "hole_16_tee_box_2",
        "feature-color": "#8b7355",
        "is_approximate": true,
        "source": "osm",
        "@id": "84be6efd-ac0c-40aa-9762-8105c2af08e1",
        "osm_id": 1126753608
      }
    },
    {
      "type": "Feature",
      "bbox": [
        -117.0033545,
        32.8411104,
        -117.0032773,
        32.8411941
      ],
      "geometry": {
        "type": "Polygon",
        "coordinates": [
          [
            [
              -117.0033139,
              32.8411104
            ],
            [
              -117.0033362,
              32.8411189
            ],
            [
              -117.0033464,
              32.8411334
            ],
            [
              -117.0033545,
              32.8411599
            ],
            [
              -117.0033352,
              32.8411906
            ],
            [
              -117.0033058,
              32.8411941
            ],
            [
              -117.0032854,
              32.8411821
            ],
            [
              -117.0032773,
              32.8411608
            ],
            [
              -117.0032783,
              32.8411343
            ],
            [
              -117.0032905,
              32.8411189
            ],
            [
              -117.0033139,
              32.8411104
            ]
          ]
        ]
      },
      "properties": {
        "course_id": "carlton_oaks_santee",
        "course_name": "Carlton Oaks Golf Course",
        "hole_number": 16,
        "feature_type": "tee_box",
        "name": "hole_16_tee_box_3",
        "feature-color": "#8b7355",
        "is_approximate": true,
        "source": "osm",
        "@id": "dd0c6d0c-ac66-4a09-a3f7-cd46c1bf0ffa",
        "osm_id": 1126753609
      }
    },
    {
      "type": "Feature",
      "bbox": [
        -117.0038587,
        32.842334,
        -117.0036493,
        32.8427183
      ],
      "geometry": {
        "type": "Polygon",
        "coordinates": [
          [
            [
              -117.0037814,
              32.8427072
            ],
            [
              -117.0037499,
              32.8426918
            ],
            [
              -117.0037164,
              32.8426679
            ],
            [
              -117.003692,
              32.8426466
            ],
            [
              -117.0036757,
              32.8426269
            ],
            [
              -117.0036635,
              32.8425979
            ],
            [
              -117.0036544,
              32.8425714
            ],
            [
              -117.0036493,
              32.842545
            ],
            [
              -117.0036605,
              32.842527
            ],
            [
              -117.0036727,
              32.84251
            ],
            [
              -117.0036899,
              32.8424758
            ],
            [
              -117.0037133,
              32.8424451
            ],
            [
              -117.0037245,
              32.8424186
            ],
            [
              -117.0037397,
              32.8423861
            ],
            [
              -117.003755,
              32.8423588
            ],
            [
              -117.0037713,
              32.8423409
            ],
            [
              -117.0037885,
              32.842334
            ],
            [
              -117.0038058,
              32.8423392
            ],
            [
              -117.0038221,
              32.8423537
            ],
            [
              -117.0038296,
              32.842374
            ],
            [
              -117.0038292,
              32.8424006
            ],
            [
              -117.0038302,
              32.8424357
            ],
            [
              -117.0038353,
              32.8424741
            ],
            [
              -117.0038383,
              32.8425245
            ],
            [
              -117.0038404,
              32.8425612
            ],
            [
              -117.0038393,
              32.8425885
            ],
            [
              -117.0038424,
              32.8426227
            ],
            [
              -117.0038465,
              32.8426628
            ],
            [
              -117.0038546,
              32.8426978
            ],
            [
              -117.0038587,
              32.8427098
            ],
            [
              -117.0038404,
              32.8427166
            ],
            [
              -117.0038139,
              32.8427183
            ],
            [
              -117.0037916,
              32.8427132
            ],
            [
              -117.0037814,
              32.8427072
            ]
          ]
        ]
      },
      "properties": {
        "course_id": "carlton_oaks_santee",
        "course_name": "Carlton Oaks Golf Course",
        "hole_number": 16,
        "feature_type": "bunker",
        "name": "hole_16_bunker_2",
        "feature-color": "#d4b483",
        "is_approximate": true,
        "source": "osm",
        "@id": "9ecacb4e-8612-4b6c-aa02-f2ae84ebdd47",
        "osm_id": 1126753610
      }
    },
    {
      "type": "Feature",
      "bbox": [
        -117.0042825,
        32.8425766,
        -117.0041168,
        32.8427286
      ],
      "geometry": {
        "type": "Polygon",
        "coordinates": [
          [
            [
              -117.0041758,
              32.842691
            ],
            [
              -117.0041707,
              32.8426773
            ],
            [
              -117.0041687,
              32.8426577
            ],
            [
              -117.0041737,
              32.842644
            ],
            [
              -117.0041849,
              32.8426329
            ],
            [
              -117.0042022,
              32.8426286
            ],
            [
              -117.0042205,
              32.8426346
            ],
            [
              -117.0042378,
              32.8426449
            ],
            [
              -117.004253,
              32.8426457
            ],
            [
              -117.0042733,
              32.8426389
            ],
            [
              -117.0042825,
              32.8426235
            ],
            [
              -117.0042805,
              32.8425996
            ],
            [
              -117.0042672,
              32.8425817
            ],
            [
              -117.0042489,
              32.8425766
            ],
            [
              -117.0042215,
              32.8425791
            ],
            [
              -117.0041951,
              32.8425894
            ],
            [
              -117.0041717,
              32.8425953
            ],
            [
              -117.0041524,
              32.8426013
            ],
            [
              -117.0041351,
              32.8426124
            ],
            [
              -117.004127,
              32.8426261
            ],
            [
              -117.0041209,
              32.8426483
            ],
            [
              -117.0041199,
              32.8426688
            ],
            [
              -117.0041168,
              32.8426901
            ],
            [
              -117.0041229,
              32.8427089
            ],
            [
              -117.00413,
              32.84272
            ],
            [
              -117.0041432,
              32.8427286
            ],
            [
              -117.0041626,
              32.842726
            ],
            [
              -117.0041737,
              32.8427157
            ],
            [
              -117.0041798,
              32.8427046
            ],
            [
              -117.0041758,
              32.842691
            ]
          ]
        ]
      },
      "properties": {
        "course_id": "carlton_oaks_santee",
        "course_name": "Carlton Oaks Golf Course",
        "hole_number": 16,
        "feature_type": "bunker",
        "name": "hole_16_bunker_3",
        "feature-color": "#d4b483",
        "is_approximate": true,
        "source": "osm",
        "@id": "b0c5d052-c043-4ea2-8446-7566e3d5daae",
        "osm_id": 1126753611
      }
    },
    {
      "type": "Feature",
      "bbox": [
        -117.0038881,
        32.8431162,
        -117.0038089,
        32.8432204
      ],
      "geometry": {
        "type": "Polygon",
        "coordinates": [
          [
            [
              -117.0038211,
              32.8432178
            ],
            [
              -117.0038363,
              32.8432204
            ],
            [
              -117.0038576,
              32.8432093
            ],
            [
              -117.0038709,
              32.8431905
            ],
            [
              -117.003882,
              32.84317
            ],
            [
              -117.0038881,
              32.8431521
            ],
            [
              -117.003879,
              32.8431359
            ],
            [
              -117.0038648,
              32.8431282
            ],
            [
              -117.0038485,
              32.8431239
            ],
            [
              -117.0038363,
              32.8431171
            ],
            [
              -117.0038241,
              32.8431162
            ],
            [
              -117.0038211,
              32.8431265
            ],
            [
              -117.0038282,
              32.843135
            ],
            [
              -117.0038322,
              32.8431436
            ],
            [
              -117.0038272,
              32.8431623
            ],
            [
              -117.003816,
              32.8431777
            ],
            [
              -117.0038089,
              32.8431914
            ],
            [
              -117.0038099,
              32.8432085
            ],
            [
              -117.0038211,
              32.8432178
            ]
          ]
        ]
      },
      "properties": {
        "course_id": "carlton_oaks_santee",
        "course_name": "Carlton Oaks Golf Course",
        "hole_number": 16,
        "feature_type": "bunker",
        "name": "hole_16_bunker_4",
        "feature-color": "#d4b483",
        "is_approximate": true,
        "source": "osm",
        "@id": "104fe897-5fb9-4938-a69b-167ab015e58a",
        "osm_id": 1126753612
      }
    },
    {
      "type": "Feature",
      "bbox": [
        -117.0041717,
        32.8429676,
        -117.0040619,
        32.8430505
      ],
      "geometry": {
        "type": "Polygon",
        "coordinates": [
          [
            [
              -117.0040792,
              32.8430505
            ],
            [
              -117.0041097,
              32.8430488
            ],
            [
              -117.0041361,
              32.8430394
            ],
            [
              -117.0041605,
              32.8430266
            ],
            [
              -117.0041717,
              32.8430129
            ],
            [
              -117.0041717,
              32.842995
            ],
            [
              -117.0041636,
              32.8429805
            ],
            [
              -117.0041422,
              32.8429702
            ],
            [
              -117.0041138,
              32.8429676
            ],
            [
              -117.0040924,
              32.8429805
            ],
            [
              -117.0040772,
              32.8429967
            ],
            [
              -117.004068,
              32.8430172
            ],
            [
              -117.0040619,
              32.8430411
            ],
            [
              -117.004067,
              32.8430505
            ],
            [
              -117.0040792,
              32.8430505
            ]
          ]
        ]
      },
      "properties": {
        "course_id": "carlton_oaks_santee",
        "course_name": "Carlton Oaks Golf Course",
        "hole_number": 16,
        "feature_type": "bunker",
        "name": "hole_16_bunker_5",
        "feature-color": "#d4b483",
        "is_approximate": true,
        "source": "osm",
        "@id": "b7b02b55-1a76-40f9-8e36-fa531a0dab9f",
        "osm_id": 1126753613
      }
    },
    {
      "type": "Feature",
      "bbox": [
        -117.004064,
        32.8431803,
        -117.0038556,
        32.8433929
      ],
      "geometry": {
        "type": "Polygon",
        "coordinates": [
          [
            [
              -117.0038973,
              32.8432144
            ],
            [
              -117.0039115,
              32.8432008
            ],
            [
              -117.0039461,
              32.8431828
            ],
            [
              -117.0039837,
              32.8431803
            ],
            [
              -117.0040121,
              32.8431914
            ],
            [
              -117.0040497,
              32.8432204
            ],
            [
              -117.004064,
              32.8432597
            ],
            [
              -117.0040579,
              32.843299
            ],
            [
              -117.0040457,
              32.8433331
            ],
            [
              -117.0040203,
              32.8433562
            ],
            [
              -117.0039979,
              32.8433733
            ],
            [
              -117.0039684,
              32.8433861
            ],
            [
              -117.003944,
              32.8433929
            ],
            [
              -117.0039268,
              32.8433912
            ],
            [
              -117.0038993,
              32.8433809
            ],
            [
              -117.003881,
              32.8433664
            ],
            [
              -117.0038678,
              32.8433459
            ],
            [
              -117.0038607,
              32.8433229
            ],
            [
              -117.0038556,
              32.8432921
            ],
            [
              -117.0038627,
              32.8432614
            ],
            [
              -117.003878,
              32.8432324
            ],
            [
              -117.0038973,
              32.8432144
            ]
          ]
        ]
      },
      "properties": {
        "course_id": "carlton_oaks_santee",
        "course_name": "Carlton Oaks Golf Course",
        "hole_number": 16,
        "feature_type": "green",
        "name": "hole_16_green",
        "feature-color": "#2d6e2d",
        "is_approximate": true,
        "source": "osm",
        "@id": "0e3459aa-914f-434a-901f-be01f68fe588",
        "osm_id": 1126753614
      }
    },
    {
      "type": "Feature",
      "bbox": [
        -117.0040771,
        32.8433679,
        -117.0037817,
        32.8434974
      ],
      "geometry": {
        "type": "Polygon",
        "coordinates": [
          [
            [
              -117.0037817,
              32.8434062
            ],
            [
              -117.0037829,
              32.8434288
            ],
            [
              -117.0037922,
              32.8434592
            ],
            [
              -117.0038016,
              32.8434768
            ],
            [
              -117.0038226,
              32.8434886
            ],
            [
              -117.0038459,
              32.8434925
            ],
            [
              -117.0038798,
              32.8434866
            ],
            [
              -117.0039078,
              32.8434788
            ],
            [
              -117.0039382,
              32.8434758
            ],
            [
              -117.0039662,
              32.8434827
            ],
            [
              -117.004,
              32.8434915
            ],
            [
              -117.0040339,
              32.8434964
            ],
            [
              -117.0040549,
              32.8434974
            ],
            [
              -117.0040631,
              32.8434886
            ],
            [
              -117.0040712,
              32.843469
            ],
            [
              -117.0040771,
              32.8434543
            ],
            [
              -117.0040771,
              32.8434425
            ],
            [
              -117.0040666,
              32.8434248
            ],
            [
              -117.0040502,
              32.843417
            ],
            [
              -117.004028,
              32.8434131
            ],
            [
              -117.0040082,
              32.843415
            ],
            [
              -117.0039907,
              32.8434239
            ],
            [
              -117.0039732,
              32.8434297
            ],
            [
              -117.0039475,
              32.8434337
            ],
            [
              -117.0039288,
              32.8434356
            ],
            [
              -117.0039101,
              32.8434239
            ],
            [
              -117.003902,
              32.8434199
            ],
            [
              -117.0038821,
              32.843419
            ],
            [
              -117.0038669,
              32.843418
            ],
            [
              -117.0038518,
              32.8434111
            ],
            [
              -117.0038436,
              32.8433974
            ],
            [
              -117.0038377,
              32.8433866
            ],
            [
              -117.0038307,
              32.8433768
            ],
            [
              -117.0038156,
              32.8433679
            ],
            [
              -117.0038004,
              32.8433679
            ],
            [
              -117.0037875,
              32.8433797
            ],
            [
              -117.0037817,
              32.8433925
            ],
            [
              -117.0037817,
              32.8434062
            ]
          ]
        ]
      },
      "properties": {
        "course_id": "carlton_oaks_santee",
        "course_name": "Carlton Oaks Golf Course",
        "hole_number": 16,
        "feature_type": "bunker",
        "name": "hole_16_bunker_6",
        "feature-color": "#d4b483",
        "is_approximate": true,
        "source": "osm",
        "@id": "775dcca6-4432-4194-9aed-d4d3a86fd896",
        "osm_id": 1126753615
      }
    },
    {
      "type": "Feature",
      "bbox": [
        -117.0046605,
        32.843292,
        -117.0044571,
        32.8436401
      ],
      "geometry": {
        "type": "Polygon",
        "coordinates": [
          [
            [
              -117.004585,
              32.8436401
            ],
            [
              -117.0046158,
              32.8436388
            ],
            [
              -117.0046405,
              32.8436194
            ],
            [
              -117.0046605,
              32.8435909
            ],
            [
              -117.0046559,
              32.8435469
            ],
            [
              -117.0046466,
              32.8435107
            ],
            [
              -117.0046328,
              32.8434809
            ],
            [
              -117.0046189,
              32.8434589
            ],
            [
              -117.0046112,
              32.8434369
            ],
            [
              -117.0046096,
              32.8434059
            ],
            [
              -117.0046112,
              32.8433839
            ],
            [
              -117.0046066,
              32.843358
            ],
            [
              -117.0045902,
              32.8433282
            ],
            [
              -117.0045696,
              32.8433062
            ],
            [
              -117.0045311,
              32.843292
            ],
            [
              -117.0044956,
              32.8432971
            ],
            [
              -117.004471,
              32.8433088
            ],
            [
              -117.0044571,
              32.8433373
            ],
            [
              -117.0044571,
              32.8433774
            ],
            [
              -117.0044633,
              32.8434033
            ],
            [
              -117.0044741,
              32.8434292
            ],
            [
              -117.0044864,
              32.8434576
            ],
            [
              -117.0044987,
              32.843477
            ],
            [
              -117.004508,
              32.8435094
            ],
            [
              -117.004508,
              32.8435301
            ],
            [
              -117.004508,
              32.8435586
            ],
            [
              -117.0045141,
              32.8435884
            ],
            [
              -117.0045295,
              32.8436155
            ],
            [
              -117.0045557,
              32.8436362
            ],
            [
              -117.004585,
              32.8436401
            ]
          ]
        ]
      },
      "properties": {
        "course_id": "carlton_oaks_santee",
        "course_name": "Carlton Oaks Golf Course",
        "hole_number": 17,
        "feature_type": "tee_box",
        "name": "hole_17_tee_box",
        "feature-color": "#8b7355",
        "is_approximate": true,
        "source": "osm",
        "@id": "b8672618-c775-4502-aebb-7eea455b0245",
        "osm_id": 1126753616
      }
    },
    {
      "type": "Feature",
      "bbox": [
        -117.0047806,
        32.8422656,
        -117.0044941,
        32.842505
      ],
      "geometry": {
        "type": "Polygon",
        "coordinates": [
          [
            [
              -117.0046004,
              32.8425037
            ],
            [
              -117.0046435,
              32.8424947
            ],
            [
              -117.004682,
              32.8424766
            ],
            [
              -117.0047067,
              32.8424559
            ],
            [
              -117.0047452,
              32.8424248
            ],
            [
              -117.0047699,
              32.842395
            ],
            [
              -117.0047791,
              32.8423678
            ],
            [
              -117.0047806,
              32.8423432
            ],
            [
              -117.0047591,
              32.8423031
            ],
            [
              -117.0047298,
              32.8422798
            ],
            [
              -117.0046913,
              32.8422656
            ],
            [
              -117.0046543,
              32.8422669
            ],
            [
              -117.0046081,
              32.8422772
            ],
            [
              -117.0045727,
              32.8423005
            ],
            [
              -117.0045465,
              32.8423187
            ],
            [
              -117.0045126,
              32.8423484
            ],
            [
              -117.0045003,
              32.8423821
            ],
            [
              -117.0044941,
              32.8424131
            ],
            [
              -117.0044987,
              32.8424584
            ],
            [
              -117.0045234,
              32.8424869
            ],
            [
              -117.004548,
              32.8425012
            ],
            [
              -117.0045742,
              32.842505
            ],
            [
              -117.0046004,
              32.8425037
            ]
          ]
        ]
      },
      "properties": {
        "course_id": "carlton_oaks_santee",
        "course_name": "Carlton Oaks Golf Course",
        "hole_number": 17,
        "feature_type": "green",
        "name": "hole_17_green",
        "feature-color": "#2d6e2d",
        "is_approximate": true,
        "source": "osm",
        "@id": "6faf32dd-ac1c-4808-b82b-bc41a62b0001",
        "osm_id": 1126753617
      }
    },
    {
      "type": "Feature",
      "bbox": [
        -117.0049116,
        32.8421608,
        -117.0045388,
        32.8429089
      ],
      "geometry": {
        "type": "Polygon",
        "coordinates": [
          [
            [
              -117.004548,
              32.8428959
            ],
            [
              -117.0045403,
              32.842883
            ],
            [
              -117.0045388,
              32.8428623
            ],
            [
              -117.0045465,
              32.8428415
            ],
            [
              -117.0045588,
              32.842826
            ],
            [
              -117.0045696,
              32.8428092
            ],
            [
              -117.0045804,
              32.8427872
            ],
            [
              -117.0045881,
              32.8427587
            ],
            [
              -117.0045865,
              32.8427367
            ],
            [
              -117.0045865,
              32.8427108
            ],
            [
              -117.0045958,
              32.8426746
            ],
            [
              -117.0046081,
              32.8426461
            ],
            [
              -117.0046197,
              32.8426163
            ],
            [
              -117.0046312,
              32.8425853
            ],
            [
              -117.0046466,
              32.8425503
            ],
            [
              -117.0046605,
              32.8425296
            ],
            [
              -117.004699,
              32.8425128
            ],
            [
              -117.0047375,
              32.8424947
            ],
            [
              -117.0047483,
              32.8424817
            ],
            [
              -117.0047806,
              32.8424727
            ],
            [
              -117.0048037,
              32.8424507
            ],
            [
              -117.0048269,
              32.8424222
            ],
            [
              -117.0048392,
              32.8423873
            ],
            [
              -117.0048392,
              32.8423549
            ],
            [
              -117.0048315,
              32.8423355
            ],
            [
              -117.0048192,
              32.8423031
            ],
            [
              -117.0048115,
              32.8422721
            ],
            [
              -117.0047868,
              32.8422462
            ],
            [
              -117.0047637,
              32.8422319
            ],
            [
              -117.0047313,
              32.8422255
            ],
            [
              -117.0047067,
              32.8422203
            ],
            [
              -117.0046713,
              32.8422164
            ],
            [
              -117.0046435,
              32.8422009
            ],
            [
              -117.004642,
              32.8421815
            ],
            [
              -117.0046605,
              32.842162
            ],
            [
              -117.0047036,
              32.8421608
            ],
            [
              -117.0047375,
              32.8421685
            ],
            [
              -117.004793,
              32.8421789
            ],
            [
              -117.0048176,
              32.8421983
            ],
            [
              -117.00485,
              32.8422281
            ],
            [
              -117.00487,
              32.8422539
            ],
            [
              -117.0048854,
              32.8422824
            ],
            [
              -117.004907,
              32.8423342
            ],
            [
              -117.0049116,
              32.8423601
            ],
            [
              -117.0049039,
              32.8423963
            ],
            [
              -117.0048592,
              32.8424662
            ],
            [
              -117.0048623,
              32.8424882
            ],
            [
              -117.0048638,
              32.8425206
            ],
            [
              -117.0048577,
              32.8425568
            ],
            [
              -117.0048299,
              32.8425827
            ],
            [
              -117.0047914,
              32.8425982
            ],
            [
              -117.0047606,
              32.842606
            ],
            [
              -117.0047129,
              32.8426254
            ],
            [
              -117.0046867,
              32.8426539
            ],
            [
              -117.0046713,
              32.8426785
            ],
            [
              -117.0046543,
              32.8427186
            ],
            [
              -117.0046559,
              32.8427535
            ],
            [
              -117.0046559,
              32.8427859
            ],
            [
              -117.0046497,
              32.8428157
            ],
            [
              -117.004642,
              32.8428493
            ],
            [
              -117.0046266,
              32.8428791
            ],
            [
              -117.004608,
              32.8428984
            ],
            [
              -117.0045835,
              32.8429089
            ],
            [
              -117.0045557,
              32.8429089
            ],
            [
              -117.004548,
              32.8428959
            ]
          ]
        ]
      },
      "properties": {
        "course_id": "carlton_oaks_santee",
        "course_name": "Carlton Oaks Golf Course",
        "hole_number": 17,
        "feature_type": "bunker",
        "name": "hole_17_bunker",
        "feature-color": "#d4b483",
        "is_approximate": true,
        "source": "osm",
        "@id": "8ba7dd73-218d-4f21-9cea-f6c2e9eebea9",
        "osm_id": 1126753618
      }
    },
    {
      "type": "Feature",
      "bbox": [
        -117.0045259,
        32.8421868,
        -117.0043896,
        32.8425659
      ],
      "geometry": {
        "type": "Polygon",
        "coordinates": [
          [
            [
              -117.0044392,
              32.8425659
            ],
            [
              -117.0044613,
              32.8425644
            ],
            [
              -117.0044728,
              32.8425525
            ],
            [
              -117.0044737,
              32.842531
            ],
            [
              -117.0044666,
              32.8425124
            ],
            [
              -117.0044586,
              32.8424968
            ],
            [
              -117.0044516,
              32.8424789
            ],
            [
              -117.0044436,
              32.8424596
            ],
            [
              -117.0044401,
              32.8424418
            ],
            [
              -117.0044401,
              32.8424262
            ],
            [
              -117.0044445,
              32.8424054
            ],
            [
              -117.0044507,
              32.8423845
            ],
            [
              -117.0044507,
              32.842363
            ],
            [
              -117.0044489,
              32.8423503
            ],
            [
              -117.0044498,
              32.842328
            ],
            [
              -117.0044631,
              32.8423132
            ],
            [
              -117.0044852,
              32.8422953
            ],
            [
              -117.0045011,
              32.8422805
            ],
            [
              -117.0045197,
              32.8422626
            ],
            [
              -117.0045259,
              32.8422359
            ],
            [
              -117.0045206,
              32.842215
            ],
            [
              -117.0045064,
              32.8421972
            ],
            [
              -117.0044896,
              32.8421875
            ],
            [
              -117.0044719,
              32.8421868
            ],
            [
              -117.004448,
              32.842189
            ],
            [
              -117.0044277,
              32.8421994
            ],
            [
              -117.0044109,
              32.8422143
            ],
            [
              -117.0043967,
              32.8422448
            ],
            [
              -117.0043914,
              32.8422723
            ],
            [
              -117.0043896,
              32.8422998
            ],
            [
              -117.0043897,
              32.8423468
            ],
            [
              -117.004394,
              32.8423734
            ],
            [
              -117.0043923,
              32.8424016
            ],
            [
              -117.0043958,
              32.8424351
            ],
            [
              -117.0043932,
              32.8424633
            ],
            [
              -117.0043958,
              32.8425012
            ],
            [
              -117.0044029,
              32.8425258
            ],
            [
              -117.0044144,
              32.8425473
            ],
            [
              -117.0044241,
              32.8425585
            ],
            [
              -117.0044392,
              32.8425659
            ]
          ]
        ]
      },
      "properties": {
        "course_id": "carlton_oaks_santee",
        "course_name": "Carlton Oaks Golf Course",
        "hole_number": 17,
        "feature_type": "bunker",
        "name": "hole_17_bunker_2",
        "feature-color": "#d4b483",
        "is_approximate": true,
        "source": "osm",
        "@id": "5afcd357-0acb-4c03-8d76-30fcc73dd64a",
        "osm_id": 1126753619
      }
    },
    {
      "type": "Feature",
      "bbox": [
        -117.0048882,
        32.8419141,
        -117.0046459,
        32.8420257
      ],
      "geometry": {
        "type": "Polygon",
        "coordinates": [
          [
            [
              -117.0047857,
              32.8419372
            ],
            [
              -117.0048043,
              32.8419275
            ],
            [
              -117.0048317,
              32.8419141
            ],
            [
              -117.0048512,
              32.8419171
            ],
            [
              -117.0048733,
              32.841929
            ],
            [
              -117.0048804,
              32.8419439
            ],
            [
              -117.0048882,
              32.8419605
            ],
            [
              -117.0048866,
              32.8419788
            ],
            [
              -117.0048636,
              32.8419967
            ],
            [
              -117.0048238,
              32.8420078
            ],
            [
              -117.0047795,
              32.8420152
            ],
            [
              -117.0047388,
              32.8420219
            ],
            [
              -117.0047052,
              32.8420257
            ],
            [
              -117.0046672,
              32.8420242
            ],
            [
              -117.0046495,
              32.8420152
            ],
            [
              -117.0046459,
              32.8420004
            ],
            [
              -117.0046495,
              32.8419855
            ],
            [
              -117.0046663,
              32.8419796
            ],
            [
              -117.0046928,
              32.8419773
            ],
            [
              -117.0047158,
              32.8419758
            ],
            [
              -117.0047406,
              32.8419684
            ],
            [
              -117.0047663,
              32.8419528
            ],
            [
              -117.0047857,
              32.8419372
            ]
          ]
        ]
      },
      "properties": {
        "course_id": "carlton_oaks_santee",
        "course_name": "Carlton Oaks Golf Course",
        "hole_number": 18,
        "feature_type": "tee_box",
        "name": "hole_18_tee_box",
        "feature-color": "#8b7355",
        "is_approximate": true,
        "source": "osm",
        "@id": "04a3cfc1-0a99-4c35-88cd-a3b4c6776280",
        "osm_id": 1126753620
      }
    },
    {
      "type": "Feature",
      "bbox": [
        -117.0052317,
        32.8418004,
        -117.0048946,
        32.8419223
      ],
      "geometry": {
        "type": "Polygon",
        "coordinates": [
          [
            [
              -117.0049255,
              32.8418472
            ],
            [
              -117.0049636,
              32.8418398
            ],
            [
              -117.0050167,
              32.8418294
            ],
            [
              -117.0050556,
              32.8418212
            ],
            [
              -117.0050857,
              32.8418071
            ],
            [
              -117.0051352,
              32.8418012
            ],
            [
              -117.0051812,
              32.8418004
            ],
            [
              -117.0052149,
              32.8418086
            ],
            [
              -117.0052308,
              32.8418272
            ],
            [
              -117.0052317,
              32.8418406
            ],
            [
              -117.0052131,
              32.8418547
            ],
            [
              -117.0051777,
              32.8418584
            ],
            [
              -117.0051335,
              32.8418591
            ],
            [
              -117.0051007,
              32.8418599
            ],
            [
              -117.0050556,
              32.8418695
            ],
            [
              -117.005014,
              32.8418911
            ],
            [
              -117.0049844,
              32.8419127
            ],
            [
              -117.0049406,
              32.8419223
            ],
            [
              -117.0049123,
              32.8419104
            ],
            [
              -117.0049008,
              32.8418971
            ],
            [
              -117.0048946,
              32.8418814
            ],
            [
              -117.0048963,
              32.8418643
            ],
            [
              -117.004907,
              32.8418532
            ],
            [
              -117.0049255,
              32.8418472
            ]
          ]
        ]
      },
      "properties": {
        "course_id": "carlton_oaks_santee",
        "course_name": "Carlton Oaks Golf Course",
        "hole_number": 18,
        "feature_type": "tee_box",
        "name": "hole_18_tee_box_2",
        "feature-color": "#8b7355",
        "is_approximate": true,
        "source": "osm",
        "@id": "1bb5cde1-f182-40f7-8546-ce3f22ba919e",
        "osm_id": 1126753621
      }
    },
    {
      "type": "Feature",
      "bbox": [
        -117.0055847,
        32.8416629,
        -117.005298,
        32.8417878
      ],
      "geometry": {
        "type": "Polygon",
        "coordinates": [
          [
            [
              -117.005337,
              32.8417878
            ],
            [
              -117.0053193,
              32.8417796
            ],
            [
              -117.0053042,
              32.8417625
            ],
            [
              -117.005298,
              32.8417439
            ],
            [
              -117.0053025,
              32.8417194
            ],
            [
              -117.0053166,
              32.8417023
            ],
            [
              -117.0053591,
              32.8416889
            ],
            [
              -117.0054113,
              32.8416785
            ],
            [
              -117.0054688,
              32.8416681
            ],
            [
              -117.0055219,
              32.8416629
            ],
            [
              -117.0055502,
              32.8416666
            ],
            [
              -117.0055723,
              32.8416755
            ],
            [
              -117.0055821,
              32.8416882
            ],
            [
              -117.0055847,
              32.841706
            ],
            [
              -117.0055785,
              32.8417276
            ],
            [
              -117.0055537,
              32.8417454
            ],
            [
              -117.0055237,
              32.8417513
            ],
            [
              -117.0054927,
              32.8417513
            ],
            [
              -117.0054715,
              32.8417476
            ],
            [
              -117.0054467,
              32.8417469
            ],
            [
              -117.0054077,
              32.8417595
            ],
            [
              -117.0053785,
              32.8417729
            ],
            [
              -117.0053538,
              32.8417841
            ],
            [
              -117.005337,
              32.8417878
            ]
          ]
        ]
      },
      "properties": {
        "course_id": "carlton_oaks_santee",
        "course_name": "Carlton Oaks Golf Course",
        "hole_number": 18,
        "feature_type": "tee_box",
        "name": "hole_18_tee_box_3",
        "feature-color": "#8b7355",
        "is_approximate": true,
        "source": "osm",
        "@id": "07494432-9098-4341-a686-b20b066a9c3f",
        "osm_id": 1126753622
      }
    },
    {
      "type": "Feature",
      "bbox": [
        -117.0067217,
        32.8415238,
        -117.0062314,
        32.8416465
      ],
      "geometry": {
        "type": "Polygon",
        "coordinates": [
          [
            [
              -117.0062314,
              32.8416121
            ],
            [
              -117.006236,
              32.8415964
            ],
            [
              -117.0062535,
              32.8415876
            ],
            [
              -117.0063061,
              32.8415788
            ],
            [
              -117.0063586,
              32.841568
            ],
            [
              -117.0063785,
              32.8415611
            ],
            [
              -117.0063971,
              32.8415523
            ],
            [
              -117.006431,
              32.8415474
            ],
            [
              -117.0064777,
              32.8415454
            ],
            [
              -117.0065092,
              32.8415376
            ],
            [
              -117.0065571,
              32.8415268
            ],
            [
              -117.0065979,
              32.8415238
            ],
            [
              -117.0066213,
              32.8415238
            ],
            [
              -117.0066703,
              32.8415307
            ],
            [
              -117.006696,
              32.8415376
            ],
            [
              -117.006717,
              32.8415503
            ],
            [
              -117.0067217,
              32.8415719
            ],
            [
              -117.0067124,
              32.8415905
            ],
            [
              -117.0066949,
              32.8416013
            ],
            [
              -117.0066633,
              32.8416072
            ],
            [
              -117.0066248,
              32.841621
            ],
            [
              -117.0065933,
              32.8416366
            ],
            [
              -117.0065512,
              32.8416455
            ],
            [
              -117.0065139,
              32.8416465
            ],
            [
              -117.0064719,
              32.8416386
            ],
            [
              -117.0064357,
              32.8416317
            ],
            [
              -117.0063983,
              32.8416268
            ],
            [
              -117.0063621,
              32.8416249
            ],
            [
              -117.0063306,
              32.8416278
            ],
            [
              -117.0063131,
              32.8416366
            ],
            [
              -117.0062851,
              32.8416435
            ],
            [
              -117.0062547,
              32.8416455
            ],
            [
              -117.0062325,
              32.8416347
            ],
            [
              -117.0062314,
              32.8416121
            ]
          ]
        ]
      },
      "properties": {
        "course_id": "carlton_oaks_santee",
        "course_name": "Carlton Oaks Golf Course",
        "hole_number": 18,
        "feature_type": "bunker",
        "name": "hole_18_bunker_4",
        "feature-color": "#d4b483",
        "is_approximate": true,
        "source": "osm",
        "@id": "30dbfb31-1bb3-4e73-be59-682e977cdde5",
        "osm_id": 1126753623
      }
    },
    {
      "type": "Feature",
      "bbox": [
        -117.0078608,
        32.8409509,
        -117.0075538,
        32.8411644
      ],
      "geometry": {
        "type": "Polygon",
        "coordinates": [
          [
            [
              -117.0078516,
              32.841155
            ],
            [
              -117.0078608,
              32.8411396
            ],
            [
              -117.0078598,
              32.8411294
            ],
            [
              -117.0078404,
              32.8411217
            ],
            [
              -117.0078069,
              32.8411063
            ],
            [
              -117.0077591,
              32.8410756
            ],
            [
              -117.0077236,
              32.8410534
            ],
            [
              -117.0077053,
              32.8410346
            ],
            [
              -117.007689,
              32.8410038
            ],
            [
              -117.0076778,
              32.8409825
            ],
            [
              -117.0076636,
              32.8409628
            ],
            [
              -117.0076433,
              32.8409517
            ],
            [
              -117.0076189,
              32.8409509
            ],
            [
              -117.0076046,
              32.8409611
            ],
            [
              -117.0075792,
              32.8409842
            ],
            [
              -117.0075609,
              32.8410072
            ],
            [
              -117.0075538,
              32.8410277
            ],
            [
              -117.007567,
              32.8410431
            ],
            [
              -117.0076026,
              32.8410516
            ],
            [
              -117.0076311,
              32.8410619
            ],
            [
              -117.0076605,
              32.8410738
            ],
            [
              -117.0076992,
              32.8410943
            ],
            [
              -117.0077266,
              32.8411131
            ],
            [
              -117.0077632,
              32.841137
            ],
            [
              -117.0077906,
              32.8411541
            ],
            [
              -117.007816,
              32.8411627
            ],
            [
              -117.0078343,
              32.8411644
            ],
            [
              -117.0078516,
              32.841155
            ]
          ]
        ]
      },
      "properties": {
        "course_id": "carlton_oaks_santee",
        "course_name": "Carlton Oaks Golf Course",
        "hole_number": 18,
        "feature_type": "bunker",
        "name": "hole_18_bunker_5",
        "feature-color": "#d4b483",
        "is_approximate": true,
        "source": "osm",
        "@id": "8c6e2b99-3500-411d-98d8-c7b24404f2e3",
        "osm_id": 1126753624
      }
    },
    {
      "type": "Feature",
      "bbox": [
        -117.0072855,
        32.8410465,
        -117.0070151,
        32.8411319
      ],
      "geometry": {
        "type": "Polygon",
        "coordinates": [
          [
            [
              -117.0070192,
              32.841085
            ],
            [
              -117.0070365,
              32.8410747
            ],
            [
              -117.0070568,
              32.8410662
            ],
            [
              -117.0070731,
              32.8410576
            ],
            [
              -117.0071036,
              32.8410516
            ],
            [
              -117.0071341,
              32.8410465
            ],
            [
              -117.0071768,
              32.8410491
            ],
            [
              -117.0071991,
              32.8410534
            ],
            [
              -117.0072194,
              32.8410559
            ],
            [
              -117.0072377,
              32.8410687
            ],
            [
              -117.0072611,
              32.8410824
            ],
            [
              -117.0072713,
              32.8410909
            ],
            [
              -117.0072845,
              32.8411029
            ],
            [
              -117.0072855,
              32.8411183
            ],
            [
              -117.0072753,
              32.8411294
            ],
            [
              -117.0072581,
              32.8411319
            ],
            [
              -117.0072367,
              32.8411242
            ],
            [
              -117.0072194,
              32.8411131
            ],
            [
              -117.007194,
              32.841102
            ],
            [
              -117.0071737,
              32.8410969
            ],
            [
              -117.0071402,
              32.8410961
            ],
            [
              -117.0071137,
              32.8411003
            ],
            [
              -117.0070873,
              32.8411046
            ],
            [
              -117.007066,
              32.8411097
            ],
            [
              -117.0070395,
              32.8411114
            ],
            [
              -117.0070243,
              32.8411089
            ],
            [
              -117.0070151,
              32.8410986
            ],
            [
              -117.0070192,
              32.841085
            ]
          ]
        ]
      },
      "properties": {
        "course_id": "carlton_oaks_santee",
        "course_name": "Carlton Oaks Golf Course",
        "hole_number": 18,
        "feature_type": "bunker",
        "name": "hole_18_bunker_6",
        "feature-color": "#d4b483",
        "is_approximate": true,
        "source": "osm",
        "@id": "4da04ae2-32d3-4845-a613-9b6ef2113a4e",
        "osm_id": 1126753625
      }
    },
    {
      "type": "Feature",
      "bbox": [
        -117.0090771,
        32.8412501,
        -117.0086787,
        32.8415346
      ],
      "geometry": {
        "type": "Polygon",
        "coordinates": [
          [
            [
              -117.008943,
              32.8414953
            ],
            [
              -117.0088922,
              32.8415261
            ],
            [
              -117.0088454,
              32.8415346
            ],
            [
              -117.0087987,
              32.8415295
            ],
            [
              -117.0087539,
              32.8415141
            ],
            [
              -117.0087113,
              32.841509
            ],
            [
              -117.0086889,
              32.8414851
            ],
            [
              -117.0086787,
              32.8414595
            ],
            [
              -117.0086808,
              32.8414356
            ],
            [
              -117.0087011,
              32.8414065
            ],
            [
              -117.0087276,
              32.8413874
            ],
            [
              -117.0087458,
              32.8413775
            ],
            [
              -117.0087783,
              32.8413775
            ],
            [
              -117.0088007,
              32.841369
            ],
            [
              -117.008821,
              32.8413519
            ],
            [
              -117.0088231,
              32.8413365
            ],
            [
              -117.0088231,
              32.841316
            ],
            [
              -117.0088292,
              32.8413006
            ],
            [
              -117.0088441,
              32.8412796
            ],
            [
              -117.0088981,
              32.8412621
            ],
            [
              -117.0089388,
              32.8412501
            ],
            [
              -117.0089835,
              32.8412501
            ],
            [
              -117.0090365,
              32.8412733
            ],
            [
              -117.009065,
              32.8412955
            ],
            [
              -117.009069,
              32.8413314
            ],
            [
              -117.0090771,
              32.841369
            ],
            [
              -117.0090629,
              32.8414065
            ],
            [
              -117.0090449,
              32.8414165
            ],
            [
              -117.0090182,
              32.8414321
            ],
            [
              -117.0089775,
              32.8414612
            ],
            [
              -117.008943,
              32.8414953
            ]
          ]
        ]
      },
      "properties": {
        "course_id": "carlton_oaks_santee",
        "course_name": "Carlton Oaks Golf Course",
        "hole_number": 18,
        "feature_type": "green",
        "name": "hole_18_green",
        "feature-color": "#2d6e2d",
        "is_approximate": true,
        "source": "osm",
        "@id": "637c2602-43b1-444f-be91-8b1bdade78a4",
        "osm_id": 1126753627
      }
    },
    {
      "type": "Feature",
      "bbox": [
        -117.0085751,
        32.8417054,
        -117.0084226,
        32.8417703
      ],
      "geometry": {
        "type": "Polygon",
        "coordinates": [
          [
            [
              -117.0084368,
              32.8417532
            ],
            [
              -117.0084226,
              32.8417447
            ],
            [
              -117.0084348,
              32.8417276
            ],
            [
              -117.0084633,
              32.8417259
            ],
            [
              -117.0084856,
              32.8417191
            ],
            [
              -117.008508,
              32.8417088
            ],
            [
              -117.0085344,
              32.8417054
            ],
            [
              -117.0085669,
              32.8417139
            ],
            [
              -117.0085751,
              32.8417344
            ],
            [
              -117.0085527,
              32.8417618
            ],
            [
              -117.0085263,
              32.8417703
            ],
            [
              -117.0084877,
              32.8417703
            ],
            [
              -117.0084572,
              32.8417652
            ],
            [
              -117.0084368,
              32.8417532
            ]
          ]
        ]
      },
      "properties": {
        "course_id": "carlton_oaks_santee",
        "course_name": "Carlton Oaks Golf Course",
        "hole_number": 18,
        "feature_type": "bunker",
        "name": "hole_18_bunker_7",
        "feature-color": "#d4b483",
        "is_approximate": true,
        "source": "osm",
        "@id": "75f37ae1-f2b4-4ef5-be7d-62fa0d6d85f8",
        "osm_id": 1126753628
      }
    },
    {
      "type": "Feature",
      "bbox": [
        -117.0092194,
        32.841368,
        -117.0091022,
        32.84155
      ],
      "geometry": {
        "type": "Polygon",
        "coordinates": [
          [
            [
              -117.0091137,
              32.8414953
            ],
            [
              -117.0091198,
              32.8415227
            ],
            [
              -117.0091259,
              32.8415415
            ],
            [
              -117.0091483,
              32.84155
            ],
            [
              -117.0091768,
              32.8415432
            ],
            [
              -117.0092032,
              32.8415244
            ],
            [
              -117.0092194,
              32.8415073
            ],
            [
              -117.0092194,
              32.8414748
            ],
            [
              -117.0092011,
              32.8414373
            ],
            [
              -117.0091727,
              32.8414048
            ],
            [
              -117.0091524,
              32.8413792
            ],
            [
              -117.0091331,
              32.841368
            ],
            [
              -117.0091113,
              32.841372
            ],
            [
              -117.0091022,
              32.8413894
            ],
            [
              -117.0091022,
              32.8414321
            ],
            [
              -117.0091038,
              32.8414617
            ],
            [
              -117.0091137,
              32.8414953
            ]
          ]
        ]
      },
      "properties": {
        "course_id": "carlton_oaks_santee",
        "course_name": "Carlton Oaks Golf Course",
        "hole_number": 18,
        "feature_type": "bunker",
        "name": "hole_18_bunker_8",
        "feature-color": "#d4b483",
        "is_approximate": true,
        "source": "osm",
        "@id": "460c1fd1-c857-4646-a182-93cfc0191d57",
        "osm_id": 1126753629
      }
    },
    {
      "type": "Feature",
      "bbox": [
        -117.0090206,
        32.8415507,
        -117.0088249,
        32.8416685
      ],
      "geometry": {
        "type": "Polygon",
        "coordinates": [
          [
            [
              -117.0088295,
              32.8416336
            ],
            [
              -117.0088403,
              32.841653
            ],
            [
              -117.0088542,
              32.8416633
            ],
            [
              -117.0088773,
              32.8416672
            ],
            [
              -117.0089004,
              32.8416685
            ],
            [
              -117.0089312,
              32.8416633
            ],
            [
              -117.0089651,
              32.8416543
            ],
            [
              -117.0089959,
              32.8416413
            ],
            [
              -117.0090159,
              32.8416297
            ],
            [
              -117.0090206,
              32.8416154
            ],
            [
              -117.0090159,
              32.8415934
            ],
            [
              -117.0090113,
              32.8415727
            ],
            [
              -117.0090036,
              32.8415572
            ],
            [
              -117.0089913,
              32.8415507
            ],
            [
              -117.0089697,
              32.841552
            ],
            [
              -117.008942,
              32.8415663
            ],
            [
              -117.0089158,
              32.8415844
            ],
            [
              -117.0088942,
              32.8415921
            ],
            [
              -117.0088573,
              32.8416025
            ],
            [
              -117.0088311,
              32.8416103
            ],
            [
              -117.0088249,
              32.8416219
            ],
            [
              -117.0088295,
              32.8416336
            ]
          ]
        ]
      },
      "properties": {
        "course_id": "carlton_oaks_santee",
        "course_name": "Carlton Oaks Golf Course",
        "hole_number": 18,
        "feature_type": "bunker",
        "name": "hole_18_bunker_9",
        "feature-color": "#d4b483",
        "is_approximate": true,
        "source": "osm",
        "@id": "8ae7cbda-1f54-4121-a949-8bb3a2f51b24",
        "osm_id": 1126757216
      }
    },
    {
      "type": "Feature",
      "bbox": [
        -117.0088231,
        32.8412966,
        -117.0087068,
        32.8413775
      ],
      "geometry": {
        "type": "Polygon",
        "coordinates": [
          [
            [
              -117.0087458,
              32.8413775
            ],
            [
              -117.0087783,
              32.8413775
            ],
            [
              -117.0088007,
              32.841369
            ],
            [
              -117.008821,
              32.8413519
            ],
            [
              -117.0088231,
              32.8413365
            ],
            [
              -117.0088231,
              32.841316
            ],
            [
              -117.0088142,
              32.8412966
            ],
            [
              -117.0087996,
              32.8413049
            ],
            [
              -117.0087879,
              32.8413152
            ],
            [
              -117.0087774,
              32.841326
            ],
            [
              -117.0087535,
              32.8413437
            ],
            [
              -117.0087406,
              32.8413535
            ],
            [
              -117.0087214,
              32.8413594
            ],
            [
              -117.0087068,
              32.8413662
            ],
            [
              -117.0087123,
              32.8413678
            ],
            [
              -117.0087458,
              32.8413775
            ]
          ]
        ]
      },
      "properties": {
        "course_id": "carlton_oaks_santee",
        "course_name": "Carlton Oaks Golf Course",
        "hole_number": 18,
        "feature_type": "bunker",
        "name": "hole_18_bunker_10",
        "feature-color": "#d4b483",
        "is_approximate": true,
        "source": "osm",
        "@id": "71053679-2ad2-49f7-92f3-f4b9215963f1",
        "osm_id": 1126757217
      }
    },
    {
      "type": "Feature",
      "bbox": [
        -117.0090605,
        32.8413678,
        -117.0082686,
        32.8416971
      ],
      "geometry": {
        "type": "Polygon",
        "coordinates": [
          [
            [
              -117.0084429,
              32.8416919
            ],
            [
              -117.0084779,
              32.8416841
            ],
            [
              -117.0085153,
              32.8416723
            ],
            [
              -117.0085736,
              32.8416723
            ],
            [
              -117.0086297,
              32.8416723
            ],
            [
              -117.008681,
              32.8416586
            ],
            [
              -117.0087488,
              32.8416311
            ],
            [
              -117.0087838,
              32.8416252
            ],
            [
              -117.0088249,
              32.8416219
            ],
            [
              -117.0088311,
              32.8416103
            ],
            [
              -117.0088573,
              32.8416025
            ],
            [
              -117.0088942,
              32.8415921
            ],
            [
              -117.0089158,
              32.8415844
            ],
            [
              -117.008942,
              32.8415663
            ],
            [
              -117.0089697,
              32.841552
            ],
            [
              -117.0089913,
              32.8415507
            ],
            [
              -117.0090057,
              32.841532
            ],
            [
              -117.0090163,
              32.8415142
            ],
            [
              -117.0090313,
              32.8415008
            ],
            [
              -117.0090499,
              32.8414755
            ],
            [
              -117.0090605,
              32.8414525
            ],
            [
              -117.0090605,
              32.8414302
            ],
            [
              -117.0090449,
              32.8414165
            ],
            [
              -117.0090182,
              32.8414321
            ],
            [
              -117.0089775,
              32.8414612
            ],
            [
              -117.008943,
              32.8414953
            ],
            [
              -117.0088922,
              32.8415261
            ],
            [
              -117.0088454,
              32.8415346
            ],
            [
              -117.0087987,
              32.8415295
            ],
            [
              -117.0087539,
              32.8415141
            ],
            [
              -117.0087113,
              32.841509
            ],
            [
              -117.0086889,
              32.8414851
            ],
            [
              -117.0086787,
              32.8414595
            ],
            [
              -117.0086808,
              32.8414356
            ],
            [
              -117.0087011,
              32.8414065
            ],
            [
              -117.0087276,
              32.8413874
            ],
            [
              -117.0087458,
              32.8413775
            ],
            [
              -117.0087123,
              32.8413678
            ],
            [
              -117.0086288,
              32.8413854
            ],
            [
              -117.0085677,
              32.8414049
            ],
            [
              -117.0085093,
              32.8414161
            ],
            [
              -117.0084668,
              32.8414347
            ],
            [
              -117.0084323,
              32.8414592
            ],
            [
              -117.0084076,
              32.841483
            ],
            [
              -117.0083845,
              32.8415157
            ],
            [
              -117.0083403,
              32.8415469
            ],
            [
              -117.0082908,
              32.8415759
            ],
            [
              -117.0082739,
              32.8416049
            ],
            [
              -117.0082686,
              32.8416324
            ],
            [
              -117.0082766,
              32.8416569
            ],
            [
              -117.0082952,
              32.8416807
            ],
            [
              -117.008335,
              32.8416956
            ],
            [
              -117.0083784,
              32.8416971
            ],
            [
              -117.0084129,
              32.8416963
            ],
            [
              -117.0084429,
              32.8416919
            ]
          ]
        ]
      },
      "properties": {
        "course_id": "carlton_oaks_santee",
        "course_name": "Carlton Oaks Golf Course",
        "hole_number": 18,
        "feature_type": "fairway",
        "name": "hole_18_fairway",
        "feature-color": "#4a7c3f",
        "is_approximate": true,
        "source": "osm",
        "@id": "e742bfc5-573f-4857-85ab-2443cf1ba06d",
        "osm_id": 1126757218
      }
    },
    {
      "type": "Feature",
      "bbox": [
        -117.0082313,
        32.8411119,
        -117.006175,
        32.841604
      ],
      "geometry": {
        "type": "Polygon",
        "coordinates": [
          [
            [
              -117.0062582,
              32.8415683
            ],
            [
              -117.0063113,
              32.8415609
            ],
            [
              -117.0063643,
              32.8415445
            ],
            [
              -117.006421,
              32.8415326
            ],
            [
              -117.0064758,
              32.8415252
            ],
            [
              -117.0065325,
              32.8415133
            ],
            [
              -117.0065997,
              32.8415074
            ],
            [
              -117.0066822,
              32.8415155
            ],
            [
              -117.0067997,
              32.8415237
            ],
            [
              -117.0068935,
              32.8415401
            ],
            [
              -117.0070085,
              32.8415237
            ],
            [
              -117.0071023,
              32.8415297
            ],
            [
              -117.007212,
              32.8415401
            ],
            [
              -117.0073465,
              32.8415505
            ],
            [
              -117.0074456,
              32.8415683
            ],
            [
              -117.0075464,
              32.841601
            ],
            [
              -117.0076066,
              32.841604
            ],
            [
              -117.0076597,
              32.841601
            ],
            [
              -117.0077181,
              32.8415966
            ],
            [
              -117.0078172,
              32.841546
            ],
            [
              -117.0079357,
              32.8415401
            ],
            [
              -117.0080048,
              32.8415163
            ],
            [
              -117.0080596,
              32.841488
            ],
            [
              -117.0081428,
              32.8414434
            ],
            [
              -117.0081959,
              32.8414048
            ],
            [
              -117.0082277,
              32.8413572
            ],
            [
              -117.0082313,
              32.84132
            ],
            [
              -117.0081994,
              32.841271
            ],
            [
              -117.0081729,
              32.8412264
            ],
            [
              -117.0080986,
              32.8412011
            ],
            [
              -117.0080313,
              32.8412026
            ],
            [
              -117.0079322,
              32.8412011
            ],
            [
              -117.0078597,
              32.8411981
            ],
            [
              -117.0077836,
              32.8412011
            ],
            [
              -117.0076915,
              32.8411996
            ],
            [
              -117.0076261,
              32.8411907
            ],
            [
              -117.0075464,
              32.8411832
            ],
            [
              -117.0074155,
              32.8411773
            ],
            [
              -117.007304,
              32.8411669
            ],
            [
              -117.0072403,
              32.8411565
            ],
            [
              -117.0071996,
              32.8411342
            ],
            [
              -117.0071536,
              32.8411163
            ],
            [
              -117.0071111,
              32.8411119
            ],
            [
              -117.0070616,
              32.8411282
            ],
            [
              -117.0069713,
              32.8411357
            ],
            [
              -117.0069023,
              32.8411416
            ],
            [
              -117.0067767,
              32.8411609
            ],
            [
              -117.006697,
              32.8411713
            ],
            [
              -117.0066174,
              32.8411966
            ],
            [
              -117.0065325,
              32.8412041
            ],
            [
              -117.0064617,
              32.8412204
            ],
            [
              -117.0063767,
              32.8412472
            ],
            [
              -117.0062918,
              32.8412858
            ],
            [
              -117.0062493,
              32.8413334
            ],
            [
              -117.0062466,
              32.8413653
            ],
            [
              -117.0062536,
              32.8413849
            ],
            [
              -117.0062326,
              32.8414065
            ],
            [
              -117.0061975,
              32.8414026
            ],
            [
              -117.0061768,
              32.841439
            ],
            [
              -117.006175,
              32.8414865
            ],
            [
              -117.0061838,
              32.8415282
            ],
            [
              -117.0062139,
              32.8415609
            ],
            [
              -117.0062582,
              32.8415683
            ]
          ]
        ]
      },
      "properties": {
        "course_id": "carlton_oaks_santee",
        "course_name": "Carlton Oaks Golf Course",
        "hole_number": 18,
        "feature_type": "fairway",
        "name": "hole_18_fairway_2",
        "feature-color": "#4a7c3f",
        "is_approximate": true,
        "source": "osm",
        "@id": "f621d346-17cc-4b87-8a72-bc774f47c6db",
        "osm_id": 1126757219
      }
    },
    {
      "type": "Feature",
      "bbox": [
        -117.0075022,
        32.8415936,
        -117.0069465,
        32.8417631
      ],
      "geometry": {
        "type": "Polygon",
        "coordinates": [
          [
            [
              -117.0070686,
              32.8416263
            ],
            [
              -117.0071182,
              32.8416189
            ],
            [
              -117.0071801,
              32.841604
            ],
            [
              -117.0072261,
              32.8415936
            ],
            [
              -117.0072721,
              32.8415936
            ],
            [
              -117.007327,
              32.8415981
            ],
            [
              -117.0073766,
              32.8415995
            ],
            [
              -117.0074279,
              32.8416159
            ],
            [
              -117.0074721,
              32.8416367
            ],
            [
              -117.0075022,
              32.8416664
            ],
            [
              -117.0074898,
              32.8417006
            ],
            [
              -117.0074473,
              32.8417378
            ],
            [
              -117.0073766,
              32.8417556
            ],
            [
              -117.0072898,
              32.8417631
            ],
            [
              -117.0071978,
              32.8417542
            ],
            [
              -117.007127,
              32.8417348
            ],
            [
              -117.0070563,
              32.8417066
            ],
            [
              -117.0070049,
              32.8416843
            ],
            [
              -117.0069713,
              32.841665
            ],
            [
              -117.0069465,
              32.8416427
            ],
            [
              -117.0069465,
              32.8416248
            ],
            [
              -117.0069607,
              32.8416129
            ],
            [
              -117.0070191,
              32.8416189
            ],
            [
              -117.0070686,
              32.8416263
            ]
          ]
        ]
      },
      "properties": {
        "course_id": "carlton_oaks_santee",
        "course_name": "Carlton Oaks Golf Course",
        "hole_number": 18,
        "feature_type": "fairway",
        "name": "hole_18_fairway_3",
        "feature-color": "#4a7c3f",
        "is_approximate": true,
        "source": "osm",
        "@id": "8158f3fa-fe76-459e-8faf-80ae0fab9a34",
        "osm_id": 1126757220
      }
    },
    {
      "type": "Feature",
      "bbox": [
        -117.0077412,
        32.8396972,
        -117.0060399,
        32.8409388
      ],
      "geometry": {
        "type": "Polygon",
        "coordinates": [
          [
            [
              -117.0069525,
              32.8406348
            ],
            [
              -117.0070156,
              32.8406143
            ],
            [
              -117.0071111,
              32.8405853
            ],
            [
              -117.0071782,
              32.8405511
            ],
            [
              -117.0072188,
              32.8405016
            ],
            [
              -117.0072697,
              32.8404282
            ],
            [
              -117.0073103,
              32.8403633
            ],
            [
              -117.007353,
              32.8403103
            ],
            [
              -117.0074119,
              32.8402642
            ],
            [
              -117.0074404,
              32.8401942
            ],
            [
              -117.007479,
              32.8401361
            ],
            [
              -117.0075502,
              32.8400832
            ],
            [
              -117.007599,
              32.8400388
            ],
            [
              -117.0076355,
              32.839979
            ],
            [
              -117.0076904,
              32.8398817
            ],
            [
              -117.0077189,
              32.8398099
            ],
            [
              -117.0077412,
              32.8397689
            ],
            [
              -117.0077108,
              32.8397365
            ],
            [
              -117.0076051,
              32.8396972
            ],
            [
              -117.0074648,
              32.8397365
            ],
            [
              -117.0073652,
              32.8398253
            ],
            [
              -117.0072737,
              32.8399244
            ],
            [
              -117.0071822,
              32.8399927
            ],
            [
              -117.0070725,
              32.8400746
            ],
            [
              -117.0070156,
              32.8401225
            ],
            [
              -117.0069932,
              32.8401925
            ],
            [
              -117.0069464,
              32.8402625
            ],
            [
              -117.0068956,
              32.8403342
            ],
            [
              -117.0068204,
              32.8403718
            ],
            [
              -117.0067066,
              32.8404026
            ],
            [
              -117.0066131,
              32.8404333
            ],
            [
              -117.0065135,
              32.8404726
            ],
            [
              -117.0062574,
              32.8405768
            ],
            [
              -117.0061354,
              32.8406639
            ],
            [
              -117.0060764,
              32.8407083
            ],
            [
              -117.0060399,
              32.8407373
            ],
            [
              -117.006052,
              32.8407766
            ],
            [
              -117.0060927,
              32.8408124
            ],
            [
              -117.0061313,
              32.8408449
            ],
            [
              -117.0061903,
              32.8408978
            ],
            [
              -117.006235,
              32.8409235
            ],
            [
              -117.0062878,
              32.8409388
            ],
            [
              -117.0063346,
              32.8409337
            ],
            [
              -117.0063651,
              32.8409183
            ],
            [
              -117.0064098,
              32.8408791
            ],
            [
              -117.0064586,
              32.8408586
            ],
            [
              -117.0065196,
              32.8408398
            ],
            [
              -117.0065928,
              32.8408159
            ],
            [
              -117.0066619,
              32.8407937
            ],
            [
              -117.0066761,
              32.8407868
            ],
            [
              -117.0066822,
              32.8407595
            ],
            [
              -117.0066985,
              32.8407356
            ],
            [
              -117.0067452,
              32.84071
            ],
            [
              -117.0067969,
              32.84071
            ],
            [
              -117.0068653,
              32.8406905
            ],
            [
              -117.0069163,
              32.8406682
            ],
            [
              -117.0069525,
              32.8406348
            ]
          ]
        ]
      },
      "properties": {
        "course_id": "carlton_oaks_santee",
        "course_name": "Carlton Oaks Golf Course",
        "hole_number": 13,
        "feature_type": "fairway",
        "name": "hole_13_fairway",
        "feature-color": "#4a7c3f",
        "is_approximate": true,
        "source": "osm",
        "@id": "84fb89fb-f09a-427e-b2e9-9731a9212655",
        "osm_id": 1126757221
      }
    },
    {
      "type": "Feature",
      "bbox": [
        -117.0061577,
        32.8407783,
        -117.0041796,
        32.8417499
      ],
      "geometry": {
        "type": "Polygon",
        "coordinates": [
          [
            [
              -117.0059331,
              32.8411515
            ],
            [
              -117.0061334,
              32.8409952
            ],
            [
              -117.0061577,
              32.840973
            ],
            [
              -117.0061557,
              32.840944
            ],
            [
              -117.0061374,
              32.8409149
            ],
            [
              -117.0061029,
              32.8408893
            ],
            [
              -117.0060703,
              32.8408688
            ],
            [
              -117.0060419,
              32.8408398
            ],
            [
              -117.0060053,
              32.8408073
            ],
            [
              -117.0059728,
              32.8407817
            ],
            [
              -117.0059362,
              32.8407783
            ],
            [
              -117.0058569,
              32.8408039
            ],
            [
              -117.0057837,
              32.8408415
            ],
            [
              -117.0057268,
              32.8408808
            ],
            [
              -117.0056414,
              32.840932
            ],
            [
              -117.0055093,
              32.841084
            ],
            [
              -117.0054624,
              32.8411315
            ],
            [
              -117.0051317,
              32.8412666
            ],
            [
              -117.0050756,
              32.841332
            ],
            [
              -117.0050074,
              32.8413662
            ],
            [
              -117.0049971,
              32.8413899
            ],
            [
              -117.0049846,
              32.8414063
            ],
            [
              -117.0049629,
              32.8414282
            ],
            [
              -117.0049365,
              32.8414389
            ],
            [
              -117.004902,
              32.8414524
            ],
            [
              -117.0048695,
              32.8414549
            ],
            [
              -117.0048243,
              32.8414563
            ],
            [
              -117.0047592,
              32.8414409
            ],
            [
              -117.0046982,
              32.8414204
            ],
            [
              -117.0046779,
              32.8414102
            ],
            [
              -117.0046603,
              32.8414168
            ],
            [
              -117.0046801,
              32.8414325
            ],
            [
              -117.0047011,
              32.841455
            ],
            [
              -117.0047198,
              32.8414943
            ],
            [
              -117.0047191,
              32.8415277
            ],
            [
              -117.0046964,
              32.8415443
            ],
            [
              -117.0046673,
              32.8415678
            ],
            [
              -117.0046322,
              32.8415806
            ],
            [
              -117.004596,
              32.8415825
            ],
            [
              -117.0045412,
              32.8415825
            ],
            [
              -117.0045096,
              32.8415757
            ],
            [
              -117.0044618,
              32.8415816
            ],
            [
              -117.0044221,
              32.8415992
            ],
            [
              -117.0043882,
              32.8416061
            ],
            [
              -117.0043567,
              32.8415982
            ],
            [
              -117.0043357,
              32.8415835
            ],
            [
              -117.0043182,
              32.841558
            ],
            [
              -117.0043112,
              32.8415384
            ],
            [
              -117.00431,
              32.8415158
            ],
            [
              -117.0043252,
              32.8414933
            ],
            [
              -117.0043497,
              32.8414717
            ],
            [
              -117.0043742,
              32.8414678
            ],
            [
              -117.0043964,
              32.841458
            ],
            [
              -117.0044162,
              32.8414413
            ],
            [
              -117.0044396,
              32.8414256
            ],
            [
              -117.0044735,
              32.8414089
            ],
            [
              -117.004519,
              32.8413981
            ],
            [
              -117.0045704,
              32.8413952
            ],
            [
              -117.0046171,
              32.8414011
            ],
            [
              -117.0046441,
              32.8413425
            ],
            [
              -117.004639,
              32.841311
            ],
            [
              -117.0046146,
              32.841287
            ],
            [
              -117.0045699,
              32.8412811
            ],
            [
              -117.0044642,
              32.8412956
            ],
            [
              -117.0043748,
              32.8413203
            ],
            [
              -117.0042833,
              32.8413707
            ],
            [
              -117.0042213,
              32.8414151
            ],
            [
              -117.0041959,
              32.8414544
            ],
            [
              -117.0041796,
              32.8415039
            ],
            [
              -117.0041827,
              32.841556
            ],
            [
              -117.0042071,
              32.8415996
            ],
            [
              -117.0042396,
              32.841644
            ],
            [
              -117.0042884,
              32.8416747
            ],
            [
              -117.0043341,
              32.8417123
            ],
            [
              -117.0043656,
              32.8417345
            ],
            [
              -117.0044215,
              32.8417456
            ],
            [
              -117.0044713,
              32.841749
            ],
            [
              -117.00451,
              32.8417499
            ],
            [
              -117.0045852,
              32.8417336
            ],
            [
              -117.0046448,
              32.8417263
            ],
            [
              -117.0046751,
              32.8417126
            ],
            [
              -117.0047218,
              32.8416949
            ],
            [
              -117.0047685,
              32.8416831
            ],
            [
              -117.0047965,
              32.841691
            ],
            [
              -117.0048082,
              32.8417086
            ],
            [
              -117.0048667,
              32.8417268
            ],
            [
              -117.0049216,
              32.8417345
            ],
            [
              -117.0049775,
              32.8417345
            ],
            [
              -117.0050324,
              32.8417251
            ],
            [
              -117.0050954,
              32.8416969
            ],
            [
              -117.0051164,
              32.8416733
            ],
            [
              -117.0051585,
              32.8416733
            ],
            [
              -117.0051795,
              32.8416851
            ],
            [
              -117.0051795,
              32.8417145
            ],
            [
              -117.0052194,
              32.8417157
            ],
            [
              -117.0052793,
              32.8416944
            ],
            [
              -117.0054399,
              32.8415945
            ],
            [
              -117.0055233,
              32.8414826
            ],
            [
              -117.0055974,
              32.8413653
            ],
            [
              -117.0055694,
              32.8413477
            ],
            [
              -117.0055647,
              32.841328
            ],
            [
              -117.0055834,
              32.8413065
            ],
            [
              -117.0056091,
              32.8412986
            ],
            [
              -117.0056395,
              32.8413025
            ],
            [
              -117.0056575,
              32.8413025
            ],
            [
              -117.0056862,
              32.8412868
            ],
            [
              -117.0057329,
              32.8412653
            ],
            [
              -117.0057702,
              32.8412653
            ],
            [
              -117.0059331,
              32.8411515
            ]
          ]
        ]
      },
      "properties": {
        "course_id": "carlton_oaks_santee",
        "course_name": "Carlton Oaks Golf Course",
        "hole_number": 13,
        "feature_type": "fairway",
        "name": "hole_13_fairway_2",
        "feature-color": "#4a7c3f",
        "is_approximate": true,
        "source": "osm",
        "@id": "cf8eb823-5aeb-42e4-9c8c-e1662d08c0af",
        "osm_id": 1126757222
      }
    },
    {
      "type": "Feature",
      "bbox": [
        -117.007293,
        32.838296,
        -117.0040322,
        32.8406228
      ],
      "geometry": {
        "type": "Polygon",
        "coordinates": [
          [
            [
              -117.0065742,
              32.8390577
            ],
            [
              -117.0066225,
              32.8390194
            ],
            [
              -117.0067458,
              32.8389315
            ],
            [
              -117.0069604,
              32.838794
            ],
            [
              -117.0070436,
              32.8387332
            ],
            [
              -117.0071616,
              32.8386769
            ],
            [
              -117.0072769,
              32.8385078
            ],
            [
              -117.007285,
              32.838456
            ],
            [
              -117.007285,
              32.8383884
            ],
            [
              -117.007293,
              32.838323
            ],
            [
              -117.0072447,
              32.838296
            ],
            [
              -117.0070114,
              32.8383343
            ],
            [
              -117.0068451,
              32.8384267
            ],
            [
              -117.006652,
              32.8385642
            ],
            [
              -117.006432,
              32.8387174
            ],
            [
              -117.0063623,
              32.8387873
            ],
            [
              -117.0063301,
              32.8388639
            ],
            [
              -117.0062845,
              32.8389293
            ],
            [
              -117.0061879,
              32.8390149
            ],
            [
              -117.0060753,
              32.8391141
            ],
            [
              -117.0059921,
              32.8391862
            ],
            [
              -117.005917,
              32.8392628
            ],
            [
              -117.0058285,
              32.8393101
            ],
            [
              -117.0057481,
              32.8393552
            ],
            [
              -117.0056354,
              32.8394408
            ],
            [
              -117.0055201,
              32.8395242
            ],
            [
              -117.0052572,
              32.8396977
            ],
            [
              -117.0051794,
              32.8397586
            ],
            [
              -117.0051097,
              32.8398555
            ],
            [
              -117.0050681,
              32.839921
            ],
            [
              -117.0049738,
              32.8399791
            ],
            [
              -117.0049488,
              32.8400403
            ],
            [
              -117.0048421,
              32.8400737
            ],
            [
              -117.004822,
              32.8401009
            ],
            [
              -117.0047912,
              32.840119
            ],
            [
              -117.0047543,
              32.8401255
            ],
            [
              -117.0047443,
              32.8401417
            ],
            [
              -117.0047188,
              32.8401462
            ],
            [
              -117.0046911,
              32.8401359
            ],
            [
              -117.0046558,
              32.8401338
            ],
            [
              -117.0045914,
              32.8401406
            ],
            [
              -117.0045324,
              32.8401608
            ],
            [
              -117.0044707,
              32.8402025
            ],
            [
              -117.0044492,
              32.8402375
            ],
            [
              -117.0044277,
              32.8403028
            ],
            [
              -117.0044261,
              32.8403313
            ],
            [
              -117.0044092,
              32.8403391
            ],
            [
              -117.0043768,
              32.8403339
            ],
            [
              -117.0043291,
              32.8403158
            ],
            [
              -117.0043044,
              32.8403015
            ],
            [
              -117.004289,
              32.8402899
            ],
            [
              -117.0042613,
              32.8402731
            ],
            [
              -117.0042397,
              32.840264
            ],
            [
              -117.0042074,
              32.8402679
            ],
            [
              -117.0041781,
              32.8402782
            ],
            [
              -117.0041581,
              32.8402938
            ],
            [
              -117.004135,
              32.8403093
            ],
            [
              -117.0041242,
              32.8403235
            ],
            [
              -117.0041211,
              32.840343
            ],
            [
              -117.0041341,
              32.8403715
            ],
            [
              -117.0041609,
              32.8403411
            ],
            [
              -117.0041985,
              32.8403208
            ],
            [
              -117.0042561,
              32.8403175
            ],
            [
              -117.0042896,
              32.8403265
            ],
            [
              -117.0043285,
              32.8403468
            ],
            [
              -117.0043544,
              32.8403606
            ],
            [
              -117.0043728,
              32.8403851
            ],
            [
              -117.0043822,
              32.8404054
            ],
            [
              -117.0043862,
              32.8404324
            ],
            [
              -117.0043741,
              32.8404594
            ],
            [
              -117.0043473,
              32.8404955
            ],
            [
              -117.0043192,
              32.8405113
            ],
            [
              -117.0042668,
              32.8405113
            ],
            [
              -117.0042159,
              32.8404977
            ],
            [
              -117.0041716,
              32.8404854
            ],
            [
              -117.0041515,
              32.8404617
            ],
            [
              -117.0041435,
              32.8404358
            ],
            [
              -117.0041341,
              32.8404155
            ],
            [
              -117.0041126,
              32.8404008
            ],
            [
              -117.004071,
              32.8404087
            ],
            [
              -117.0040389,
              32.8404459
            ],
            [
              -117.0040322,
              32.8404989
            ],
            [
              -117.0040684,
              32.840553
            ],
            [
              -117.0041193,
              32.8405834
            ],
            [
              -117.0041891,
              32.8406082
            ],
            [
              -117.0042481,
              32.8406228
            ],
            [
              -117.0043071,
              32.8406217
            ],
            [
              -117.004354,
              32.8406093
            ],
            [
              -117.0043943,
              32.8405924
            ],
            [
              -117.0044479,
              32.8405777
            ],
            [
              -117.0044774,
              32.8405665
            ],
            [
              -117.0045243,
              32.8405406
            ],
            [
              -117.0045713,
              32.8405034
            ],
            [
              -117.0045968,
              32.8404707
            ],
            [
              -117.0046263,
              32.8404324
            ],
            [
              -117.0046491,
              32.8403997
            ],
            [
              -117.0046705,
              32.8403828
            ],
            [
              -117.0047201,
              32.8403625
            ],
            [
              -117.0047711,
              32.8403423
            ],
            [
              -117.0048046,
              32.8403231
            ],
            [
              -117.0048905,
              32.8402577
            ],
            [
              -117.004973,
              32.8401954
            ],
            [
              -117.0049776,
              32.8401786
            ],
            [
              -117.00499,
              32.8401656
            ],
            [
              -117.0050223,
              32.8401643
            ],
            [
              -117.0050516,
              32.8401734
            ],
            [
              -117.0050824,
              32.8401695
            ],
            [
              -117.0051286,
              32.8401527
            ],
            [
              -117.0051594,
              32.8401372
            ],
            [
              -117.0051825,
              32.840119
            ],
            [
              -117.0052072,
              32.8400996
            ],
            [
              -117.0052287,
              32.8400944
            ],
            [
              -117.0052426,
              32.8401074
            ],
            [
              -117.0052834,
              32.8401022
            ],
            [
              -117.0053786,
              32.8400594
            ],
            [
              -117.0054685,
              32.8400155
            ],
            [
              -117.005557,
              32.839949
            ],
            [
              -117.0056361,
              32.8398791
            ],
            [
              -117.0057005,
              32.8398115
            ],
            [
              -117.0057407,
              32.8397496
            ],
            [
              -117.0057742,
              32.8396876
            ],
            [
              -117.005844,
              32.8396279
            ],
            [
              -117.0059432,
              32.8395422
            ],
            [
              -117.0060411,
              32.8394769
            ],
            [
              -117.0061759,
              32.8393713
            ],
            [
              -117.0061901,
              32.8393565
            ],
            [
              -117.0062113,
              32.839352
            ],
            [
              -117.0062839,
              32.8393045
            ],
            [
              -117.0063804,
              32.8392279
            ],
            [
              -117.0064622,
              32.8391535
            ],
            [
              -117.0065742,
              32.8390577
            ]
          ]
        ]
      },
      "properties": {
        "course_id": "carlton_oaks_santee",
        "course_name": "Carlton Oaks Golf Course",
        "hole_number": 15,
        "feature_type": "fairway",
        "name": "hole_15_fairway",
        "feature-color": "#4a7c3f",
        "is_approximate": true,
        "source": "osm",
        "@id": "7117a352-d19f-44d5-806a-6d54fed56c34",
        "osm_id": 1126757224
      }
    },
    {
      "type": "Feature",
      "bbox": [
        -117.0044868,
        32.8404414,
        -117.0044238,
        32.8405011
      ],
      "geometry": {
        "type": "Polygon",
        "coordinates": [
          [
            [
              -117.0044573,
              32.8404414
            ],
            [
              -117.0044774,
              32.8404504
            ],
            [
              -117.0044868,
              32.8404685
            ],
            [
              -117.0044814,
              32.8404899
            ],
            [
              -117.0044613,
              32.8405011
            ],
            [
              -117.0044439,
              32.8404932
            ],
            [
              -117.0044278,
              32.8404775
            ],
            [
              -117.0044238,
              32.8404628
            ],
            [
              -117.0044331,
              32.8404459
            ],
            [
              -117.0044573,
              32.8404414
            ]
          ]
        ]
      },
      "properties": {
        "course_id": "carlton_oaks_santee",
        "course_name": "Carlton Oaks Golf Course",
        "hole_number": 15,
        "feature_type": "bunker",
        "name": "hole_15_bunker_6",
        "feature-color": "#d4b483",
        "is_approximate": true,
        "source": "osm",
        "@id": "805fcd9a-595b-4c5d-a805-6dd6d78828da",
        "osm_id": 1126757225
      }
    },
    {
      "type": "Feature",
      "bbox": [
        -117.0043862,
        32.8403175,
        -117.0041341,
        32.8405113
      ],
      "geometry": {
        "type": "Polygon",
        "coordinates": [
          [
            [
              -117.0041341,
              32.8404155
            ],
            [
              -117.0041341,
              32.8403715
            ],
            [
              -117.0041609,
              32.8403411
            ],
            [
              -117.0041985,
              32.8403208
            ],
            [
              -117.0042561,
              32.8403175
            ],
            [
              -117.0042896,
              32.8403265
            ],
            [
              -117.0043285,
              32.8403468
            ],
            [
              -117.0043544,
              32.8403606
            ],
            [
              -117.0043728,
              32.8403851
            ],
            [
              -117.0043822,
              32.8404054
            ],
            [
              -117.0043862,
              32.8404324
            ],
            [
              -117.0043741,
              32.8404594
            ],
            [
              -117.0043473,
              32.8404955
            ],
            [
              -117.0043192,
              32.8405113
            ],
            [
              -117.0042668,
              32.8405113
            ],
            [
              -117.0042159,
              32.8404977
            ],
            [
              -117.0041716,
              32.8404854
            ],
            [
              -117.0041515,
              32.8404617
            ],
            [
              -117.0041435,
              32.8404358
            ],
            [
              -117.0041341,
              32.8404155
            ]
          ]
        ]
      },
      "properties": {
        "course_id": "carlton_oaks_santee",
        "course_name": "Carlton Oaks Golf Course",
        "hole_number": 15,
        "feature_type": "green",
        "name": "hole_15_green",
        "feature-color": "#2d6e2d",
        "is_approximate": true,
        "source": "osm",
        "@id": "f76a4bdf-17cb-444c-aab3-0ee858539d56",
        "osm_id": 1126757226
      }
    },
    {
      "type": "Feature",
      "bbox": [
        -117.0062989,
        32.839851,
        -117.0053114,
        32.8404962
      ],
      "geometry": {
        "type": "Polygon",
        "coordinates": [
          [
            [
              -117.0053592,
              32.8404933
            ],
            [
              -117.0054477,
              32.8404546
            ],
            [
              -117.0055114,
              32.8404234
            ],
            [
              -117.005568,
              32.8403892
            ],
            [
              -117.0056406,
              32.8403684
            ],
            [
              -117.0057273,
              32.8403461
            ],
            [
              -117.0058158,
              32.8403015
            ],
            [
              -117.0058458,
              32.8402762
            ],
            [
              -117.0058635,
              32.8402256
            ],
            [
              -117.0058777,
              32.8401706
            ],
            [
              -117.0059325,
              32.8400948
            ],
            [
              -117.0060688,
              32.840019
            ],
            [
              -117.0061661,
              32.8399877
            ],
            [
              -117.0062228,
              32.839961
            ],
            [
              -117.0062776,
              32.8399312
            ],
            [
              -117.0062989,
              32.8399089
            ],
            [
              -117.0062989,
              32.8398881
            ],
            [
              -117.0062829,
              32.8398614
            ],
            [
              -117.0062493,
              32.839851
            ],
            [
              -117.0062015,
              32.8398688
            ],
            [
              -117.0061679,
              32.8398971
            ],
            [
              -117.0060953,
              32.8399387
            ],
            [
              -117.0060334,
              32.8399729
            ],
            [
              -117.0058812,
              32.8400264
            ],
            [
              -117.0058476,
              32.8400249
            ],
            [
              -117.0058334,
              32.8400353
            ],
            [
              -117.0057892,
              32.8400755
            ],
            [
              -117.0057609,
              32.8401186
            ],
            [
              -117.0057379,
              32.8401587
            ],
            [
              -117.0057184,
              32.840181
            ],
            [
              -117.0056618,
              32.8402123
            ],
            [
              -117.0056193,
              32.8402286
            ],
            [
              -117.0055609,
              32.8402464
            ],
            [
              -117.0055131,
              32.8402688
            ],
            [
              -117.0054512,
              32.8402896
            ],
            [
              -117.0054141,
              32.8403208
            ],
            [
              -117.0053981,
              32.8403565
            ],
            [
              -117.0053787,
              32.8403877
            ],
            [
              -117.0053521,
              32.840407
            ],
            [
              -117.0053185,
              32.8404397
            ],
            [
              -117.0053114,
              32.8404724
            ],
            [
              -117.0053273,
              32.8404962
            ],
            [
              -117.0053592,
              32.8404933
            ]
          ]
        ]
      },
      "properties": {
        "course_id": "carlton_oaks_santee",
        "course_name": "Carlton Oaks Golf Course",
        "hole_number": 14,
        "feature_type": "bunker",
        "name": "hole_14_bunker_6",
        "feature-color": "#d4b483",
        "is_approximate": true,
        "source": "osm",
        "@id": "c131c183-51a3-46f0-8dc7-4db7d875093f",
        "osm_id": 1126757227
      }
    },
    {
      "type": "Feature",
      "bbox": [
        -117.0042381,
        32.8413355,
        -117.0033862,
        32.8431695
      ],
      "geometry": {
        "type": "Polygon",
        "coordinates": [
          [
            [
              -117.0038033,
              32.8414952
            ],
            [
              -117.0037714,
              32.8414701
            ],
            [
              -117.0037606,
              32.84143
            ],
            [
              -117.0037529,
              32.8413821
            ],
            [
              -117.0037056,
              32.8413437
            ],
            [
              -117.0036512,
              32.8413355
            ],
            [
              -117.0035896,
              32.8413445
            ],
            [
              -117.0035095,
              32.8413769
            ],
            [
              -117.0034571,
              32.8414093
            ],
            [
              -117.0034078,
              32.8414455
            ],
            [
              -117.0033909,
              32.8414908
            ],
            [
              -117.0033862,
              32.8415581
            ],
            [
              -117.0034047,
              32.8416228
            ],
            [
              -117.0034371,
              32.841672
            ],
            [
              -117.0035264,
              32.8417768
            ],
            [
              -117.0035403,
              32.8418364
            ],
            [
              -117.0035572,
              32.8418843
            ],
            [
              -117.0035634,
              32.8419373
            ],
            [
              -117.0035942,
              32.8419775
            ],
            [
              -117.0036281,
              32.8420422
            ],
            [
              -117.0036728,
              32.8421237
            ],
            [
              -117.0037575,
              32.8422441
            ],
            [
              -117.0037929,
              32.8423204
            ],
            [
              -117.0037885,
              32.842334
            ],
            [
              -117.0038058,
              32.8423392
            ],
            [
              -117.0038221,
              32.8423537
            ],
            [
              -117.0038296,
              32.842374
            ],
            [
              -117.0038292,
              32.8424006
            ],
            [
              -117.0038302,
              32.8424357
            ],
            [
              -117.0038353,
              32.8424741
            ],
            [
              -117.0038383,
              32.8425245
            ],
            [
              -117.0038404,
              32.8425612
            ],
            [
              -117.0038393,
              32.8425885
            ],
            [
              -117.0038424,
              32.8426227
            ],
            [
              -117.0038465,
              32.8426628
            ],
            [
              -117.0038546,
              32.8426978
            ],
            [
              -117.0038587,
              32.8427098
            ],
            [
              -117.0038854,
              32.8427385
            ],
            [
              -117.00391,
              32.8427631
            ],
            [
              -117.0039177,
              32.8428006
            ],
            [
              -117.0039116,
              32.8428744
            ],
            [
              -117.0038915,
              32.8429029
            ],
            [
              -117.00387,
              32.8429249
            ],
            [
              -117.0038592,
              32.8429689
            ],
            [
              -117.00387,
              32.8430362
            ],
            [
              -117.0038669,
              32.8430931
            ],
            [
              -117.0038761,
              32.8431151
            ],
            [
              -117.0038977,
              32.8431449
            ],
            [
              -117.0039239,
              32.8431604
            ],
            [
              -117.0039516,
              32.8431695
            ],
            [
              -117.0039917,
              32.8431695
            ],
            [
              -117.0040163,
              32.8431617
            ],
            [
              -117.0040333,
              32.8431449
            ],
            [
              -117.0040471,
              32.8431061
            ],
            [
              -117.0040533,
              32.8430789
            ],
            [
              -117.004067,
              32.8430505
            ],
            [
              -117.0040619,
              32.8430411
            ],
            [
              -117.004068,
              32.8430172
            ],
            [
              -117.0040772,
              32.8429967
            ],
            [
              -117.0040924,
              32.8429805
            ],
            [
              -117.0041138,
              32.8429676
            ],
            [
              -117.0041442,
              32.8429404
            ],
            [
              -117.0041473,
              32.8429068
            ],
            [
              -117.0041519,
              32.8428472
            ],
            [
              -117.0041519,
              32.8427993
            ],
            [
              -117.0041519,
              32.842767
            ],
            [
              -117.0041426,
              32.8427566
            ],
            [
              -117.0041272,
              32.8427424
            ],
            [
              -117.0041134,
              32.8427243
            ],
            [
              -117.0041057,
              32.8427023
            ],
            [
              -117.004101,
              32.8426712
            ],
            [
              -117.0041041,
              32.8426414
            ],
            [
              -117.0041134,
              32.842613
            ],
            [
              -117.0041318,
              32.8425871
            ],
            [
              -117.0041442,
              32.8425741
            ],
            [
              -117.004175,
              32.8425702
            ],
            [
              -117.0041996,
              32.8425418
            ],
            [
              -117.0042243,
              32.8424835
            ],
            [
              -117.0042166,
              32.8424007
            ],
            [
              -117.0042001,
              32.8423544
            ],
            [
              -117.0041919,
              32.8423204
            ],
            [
              -117.0041919,
              32.8422907
            ],
            [
              -117.0042012,
              32.8422661
            ],
            [
              -117.0042104,
              32.842248
            ],
            [
              -117.0042381,
              32.8421975
            ],
            [
              -117.0042304,
              32.8421522
            ],
            [
              -117.0042243,
              32.8421159
            ],
            [
              -117.0041935,
              32.8420862
            ],
            [
              -117.0041457,
              32.8420396
            ],
            [
              -117.0040903,
              32.8419697
            ],
            [
              -117.0040579,
              32.8419231
            ],
            [
              -117.004024,
              32.8418726
            ],
            [
              -117.0039963,
              32.8418325
            ],
            [
              -117.003967,
              32.8417755
            ],
            [
              -117.0039331,
              32.841716
            ],
            [
              -117.0038992,
              32.8416629
            ],
            [
              -117.0038869,
              32.8416215
            ],
            [
              -117.0038033,
              32.8414952
            ]
          ]
        ]
      },
      "properties": {
        "course_id": "carlton_oaks_santee",
        "course_name": "Carlton Oaks Golf Course",
        "hole_number": 16,
        "feature_type": "fairway",
        "name": "hole_16_fairway",
        "feature-color": "#4a7c3f",
        "is_approximate": true,
        "source": "osm",
        "@id": "b06bc69a-bc18-465d-9dea-10432482f260",
        "osm_id": 1126757228
      }
    },
    {
      "type": "Feature",
      "bbox": [
        -117.0046435,
        32.8424584,
        -117.0044397,
        32.8428342
      ],
      "geometry": {
        "type": "Polygon",
        "coordinates": [
          [
            [
              -117.0044397,
              32.8428325
            ],
            [
              -117.0044722,
              32.8428342
            ],
            [
              -117.0045108,
              32.8428308
            ],
            [
              -117.0045454,
              32.8428137
            ],
            [
              -117.0045596,
              32.8427847
            ],
            [
              -117.0045657,
              32.8427591
            ],
            [
              -117.0045677,
              32.8427352
            ],
            [
              -117.0045698,
              32.8427027
            ],
            [
              -117.0045718,
              32.8426857
            ],
            [
              -117.004584,
              32.84266
            ],
            [
              -117.0045921,
              32.8426361
            ],
            [
              -117.0046002,
              32.8426088
            ],
            [
              -117.0046205,
              32.8425817
            ],
            [
              -117.0046328,
              32.8425422
            ],
            [
              -117.0046389,
              32.8425217
            ],
            [
              -117.0046435,
              32.8424947
            ],
            [
              -117.0046004,
              32.8425037
            ],
            [
              -117.0045742,
              32.842505
            ],
            [
              -117.004548,
              32.8425012
            ],
            [
              -117.0045234,
              32.8424869
            ],
            [
              -117.0044987,
              32.8424584
            ],
            [
              -117.0044803,
              32.842467
            ],
            [
              -117.0044762,
              32.8424875
            ],
            [
              -117.0044856,
              32.8425164
            ],
            [
              -117.0044728,
              32.8425525
            ],
            [
              -117.0044638,
              32.8426051
            ],
            [
              -117.0044397,
              32.8428325
            ]
          ]
        ]
      },
      "properties": {
        "course_id": "carlton_oaks_santee",
        "course_name": "Carlton Oaks Golf Course",
        "hole_number": 17,
        "feature_type": "fairway",
        "name": "hole_17_fairway",
        "feature-color": "#4a7c3f",
        "is_approximate": true,
        "source": "osm",
        "@id": "c5505af0-16f0-4b4c-9c5c-355e204d248f",
        "osm_id": 1126757229
      }
    },
    {
      "type": "Feature",
      "bbox": [
        -117.0162035,
        32.837622,
        -117.0126991,
        32.8388961
      ],
      "geometry": {
        "type": "Polygon",
        "coordinates": [
          [
            [
              -117.0127438,
              32.8388961
            ],
            [
              -117.0126991,
              32.8388551
            ],
            [
              -117.0126991,
              32.8388141
            ],
            [
              -117.0127398,
              32.8387629
            ],
            [
              -117.0127926,
              32.8387185
            ],
            [
              -117.0128414,
              32.8386502
            ],
            [
              -117.0128821,
              32.8386058
            ],
            [
              -117.0129634,
              32.8385477
            ],
            [
              -117.0130325,
              32.8384828
            ],
            [
              -117.0130813,
              32.8384418
            ],
            [
              -117.013126,
              32.8384077
            ],
            [
              -117.0132195,
              32.8384077
            ],
            [
              -117.0133008,
              32.838435
            ],
            [
              -117.0134187,
              32.8384213
            ],
            [
              -117.0134878,
              32.8384008
            ],
            [
              -117.0135569,
              32.8383769
            ],
            [
              -117.0136667,
              32.8383359
            ],
            [
              -117.0137602,
              32.8382779
            ],
            [
              -117.0138334,
              32.8382676
            ],
            [
              -117.013931,
              32.8382676
            ],
            [
              -117.0140001,
              32.8382676
            ],
            [
              -117.014061,
              32.8382403
            ],
            [
              -117.0141098,
              32.8382369
            ],
            [
              -117.0142074,
              32.8382266
            ],
            [
              -117.0142765,
              32.838213
            ],
            [
              -117.0143944,
              32.8381856
            ],
            [
              -117.0145204,
              32.8381105
            ],
            [
              -117.0145814,
              32.8380422
            ],
            [
              -117.0145977,
              32.8380114
            ],
            [
              -117.0146546,
              32.8379739
            ],
            [
              -117.0147847,
              32.8379158
            ],
            [
              -117.0148538,
              32.8378645
            ],
            [
              -117.0149636,
              32.837827
            ],
            [
              -117.0151506,
              32.8377894
            ],
            [
              -117.0152238,
              32.837786
            ],
            [
              -117.0153091,
              32.8377894
            ],
            [
              -117.0153701,
              32.8378065
            ],
            [
              -117.0154636,
              32.8377996
            ],
            [
              -117.01561,
              32.8377484
            ],
            [
              -117.0156425,
              32.8377142
            ],
            [
              -117.0156913,
              32.8377006
            ],
            [
              -117.0157889,
              32.8376681
            ],
            [
              -117.0159027,
              32.8376408
            ],
            [
              -117.0159576,
              32.837622
            ],
            [
              -117.0160104,
              32.8376289
            ],
            [
              -117.0160735,
              32.8376459
            ],
            [
              -117.0161243,
              32.8376716
            ],
            [
              -117.0161731,
              32.8376972
            ],
            [
              -117.0162035,
              32.8377245
            ],
            [
              -117.0161385,
              32.8377382
            ],
            [
              -117.0161183,
              32.8377388
            ],
            [
              -117.0160851,
              32.8377218
            ],
            [
              -117.0160782,
              32.8377181
            ],
            [
              -117.0160413,
              32.8377116
            ],
            [
              -117.0159858,
              32.8377206
            ],
            [
              -117.0159457,
              32.8377388
            ],
            [
              -117.0159057,
              32.8377647
            ],
            [
              -117.0158995,
              32.8377944
            ],
            [
              -117.0158949,
              32.8378151
            ],
            [
              -117.0159011,
              32.8378371
            ],
            [
              -117.0159303,
              32.8378501
            ],
            [
              -117.0159484,
              32.8378536
            ],
            [
              -117.0159704,
              32.8378578
            ],
            [
              -117.0160043,
              32.8378682
            ],
            [
              -117.0160366,
              32.8378773
            ],
            [
              -117.0160736,
              32.8378824
            ],
            [
              -117.0161121,
              32.8378734
            ],
            [
              -117.016146,
              32.8378488
            ],
            [
              -117.0162024,
              32.8379096
            ],
            [
              -117.0161785,
              32.837923
            ],
            [
              -117.0160971,
              32.8379564
            ],
            [
              -117.0160396,
              32.8379646
            ],
            [
              -117.0160259,
              32.8379601
            ],
            [
              -117.0160243,
              32.8379446
            ],
            [
              -117.016012,
              32.8379316
            ],
            [
              -117.0159981,
              32.8379135
            ],
            [
              -117.0159843,
              32.8379006
            ],
            [
              -117.0159658,
              32.8378902
            ],
            [
              -117.0159473,
              32.8378837
            ],
            [
              -117.0159226,
              32.8378915
            ],
            [
              -117.0159103,
              32.8379006
            ],
            [
              -117.0159088,
              32.8379213
            ],
            [
              -117.0158271,
              32.8379497
            ],
            [
              -117.015821,
              32.8379265
            ],
            [
              -117.0158071,
              32.8379083
            ],
            [
              -117.015784,
              32.837898
            ],
            [
              -117.0157532,
              32.8378993
            ],
            [
              -117.0157157,
              32.8378983
            ],
            [
              -117.0156594,
              32.837913
            ],
            [
              -117.015587,
              32.837958
            ],
            [
              -117.0155239,
              32.8379918
            ],
            [
              -117.0154743,
              32.8380234
            ],
            [
              -117.0153389,
              32.8380842
            ],
            [
              -117.015257,
              32.8381214
            ],
            [
              -117.0151726,
              32.8381586
            ],
            [
              -117.0151068,
              32.8381676
            ],
            [
              -117.0150356,
              32.8381929
            ],
            [
              -117.0150267,
              32.8382197
            ],
            [
              -117.0150055,
              32.8382271
            ],
            [
              -117.0149701,
              32.8382271
            ],
            [
              -117.0149276,
              32.8382405
            ],
            [
              -117.0148905,
              32.8382613
            ],
            [
              -117.0148586,
              32.838291
            ],
            [
              -117.0148303,
              32.8383193
            ],
            [
              -117.0147754,
              32.8383446
            ],
            [
              -117.0146746,
              32.8383817
            ],
            [
              -117.0145949,
              32.8383951
            ],
            [
              -117.0145436,
              32.8383951
            ],
            [
              -117.0145224,
              32.8383683
            ],
            [
              -117.0144817,
              32.8383341
            ],
            [
              -117.0144445,
              32.8383118
            ],
            [
              -117.0143932,
              32.8383044
            ],
            [
              -117.014333,
              32.8383193
            ],
            [
              -117.0142888,
              32.838352
            ],
            [
              -117.0142782,
              32.8383951
            ],
            [
              -117.0142835,
              32.8384308
            ],
            [
              -117.0142941,
              32.8384739
            ],
            [
              -117.0142906,
              32.8385155
            ],
            [
              -117.0142605,
              32.8385408
            ],
            [
              -117.0141968,
              32.8385653
            ],
            [
              -117.0141189,
              32.8385601
            ],
            [
              -117.0140393,
              32.8385557
            ],
            [
              -117.0139579,
              32.8385854
            ],
            [
              -117.0138906,
              32.8386181
            ],
            [
              -117.0137933,
              32.8386464
            ],
            [
              -117.0135208,
              32.8387267
            ],
            [
              -117.0134642,
              32.8387519
            ],
            [
              -117.0133899,
              32.8387951
            ],
            [
              -117.0133315,
              32.8388144
            ],
            [
              -117.0132518,
              32.8388337
            ],
            [
              -117.0131881,
              32.8388412
            ],
            [
              -117.0131403,
              32.8388441
            ],
            [
              -117.0131049,
              32.8388397
            ],
            [
              -117.0130482,
              32.8388412
            ],
            [
              -117.0129882,
              32.8388575
            ],
            [
              -117.0129545,
              32.8388635
            ],
            [
              -117.0128643,
              32.8388813
            ],
            [
              -117.0127438,
              32.8388961
            ]
          ]
        ]
      },
      "properties": {
        "course_id": "carlton_oaks_santee",
        "course_name": "Carlton Oaks Golf Course",
        "hole_number": 3,
        "feature_type": "fairway",
        "name": "hole_3_fairway",
        "feature-color": "#4a7c3f",
        "is_approximate": true,
        "source": "osm",
        "@id": "a05a5b4d-4d41-49e9-ac40-d7ad0469486b",
        "osm_id": 1126952512
      }
    },
    {
      "type": "Feature",
      "bbox": [
        -117.01007200437539,
        32.841024908142884,
        -117.01007200437539,
        32.841024908142884
      ],
      "geometry": {
        "type": "Point",
        "coordinates": [
          -117.01007200437539,
          32.841024908142884
        ]
      },
      "properties": {
        "course_id": "carlton_oaks_santee",
        "course_name": "Carlton Oaks Golf Course",
        "hole_number": 1,
        "feature_type": "tee_center",
        "name": "hole_1_tee_center",
        "feature-color": "#c8a055",
        "is_approximate": true,
        "source": "derived",
        "@id": "738241c8-3ed3-4526-aa77-8b8fa2a5f448"
      }
    },
    {
      "type": "Feature",
      "bbox": [
        -117.01131893985477,
        32.83799381005786,
        -117.01131893985477,
        32.83799381005786
      ],
      "geometry": {
        "type": "Point",
        "coordinates": [
          -117.01131893985477,
          32.83799381005786
        ]
      },
      "properties": {
        "course_id": "carlton_oaks_santee",
        "course_name": "Carlton Oaks Golf Course",
        "hole_number": 1,
        "feature_type": "green_center",
        "name": "hole_1_green_center",
        "feature-color": "#5aae5a",
        "is_approximate": true,
        "source": "derived",
        "@id": "11ba4549-6bfb-422d-abda-b319c1ccb4a0"
      }
    },
    {
      "type": "Feature",
      "bbox": [
        -117.0112687325125,
        32.8380997055175,
        -117.0112687325125,
        32.8380997055175
      ],
      "geometry": {
        "type": "Point",
        "coordinates": [
          -117.0112687325125,
          32.8380997055175
        ]
      },
      "properties": {
        "course_id": "carlton_oaks_santee",
        "course_name": "Carlton Oaks Golf Course",
        "hole_number": 1,
        "feature_type": "green_front",
        "name": "hole_1_green_front",
        "feature-color": "#5aae5a",
        "is_approximate": true,
        "source": "derived",
        "@id": "13c6f3e9-dc07-4d7b-b771-aeab275f7de0"
      }
    },
    {
      "type": "Feature",
      "bbox": [
        -117.01136634482008,
        32.83789382526752,
        -117.01136634482008,
        32.83789382526752
      ],
      "geometry": {
        "type": "Point",
        "coordinates": [
          -117.01136634482008,
          32.83789382526752
        ]
      },
      "properties": {
        "course_id": "carlton_oaks_santee",
        "course_name": "Carlton Oaks Golf Course",
        "hole_number": 1,
        "feature_type": "green_back",
        "name": "hole_1_green_back",
        "feature-color": "#5aae5a",
        "is_approximate": true,
        "source": "derived",
        "@id": "6727864b-ba5c-4194-9548-f7f25d7dd946"
      }
    },
    {
      "type": "Feature",
      "bbox": [
        -117.01203466422827,
        32.838029260678375,
        -117.01203466422827,
        32.838029260678375
      ],
      "geometry": {
        "type": "Point",
        "coordinates": [
          -117.01203466422827,
          32.838029260678375
        ]
      },
      "properties": {
        "course_id": "carlton_oaks_santee",
        "course_name": "Carlton Oaks Golf Course",
        "hole_number": 2,
        "feature_type": "tee_center",
        "name": "hole_2_tee_center",
        "feature-color": "#c8a055",
        "is_approximate": true,
        "source": "derived",
        "@id": "204e2f56-0f0f-4946-af7f-cf8e97dc7cef"
      }
    },
    {
      "type": "Feature",
      "bbox": [
        -117.0115723844846,
        32.83922937643868,
        -117.0115723844846,
        32.83922937643868
      ],
      "geometry": {
        "type": "Point",
        "coordinates": [
          -117.0115723844846,
          32.83922937643868
        ]
      },
      "properties": {
        "course_id": "carlton_oaks_santee",
        "course_name": "Carlton Oaks Golf Course",
        "hole_number": 2,
        "feature_type": "green_center",
        "name": "hole_2_green_center",
        "feature-color": "#5aae5a",
        "is_approximate": true,
        "source": "derived",
        "@id": "aa4ce40d-90f4-44ce-9144-0631962a1d81"
      }
    },
    {
      "type": "Feature",
      "bbox": [
        -117.01163534886004,
        32.83906591580615,
        -117.01163534886004,
        32.83906591580615
      ],
      "geometry": {
        "type": "Point",
        "coordinates": [
          -117.01163534886004,
          32.83906591580615
        ]
      },
      "properties": {
        "course_id": "carlton_oaks_santee",
        "course_name": "Carlton Oaks Golf Course",
        "hole_number": 2,
        "feature_type": "green_front",
        "name": "hole_2_green_front",
        "feature-color": "#5aae5a",
        "is_approximate": true,
        "source": "derived",
        "@id": "93fb57a4-e0d5-4b0e-b28e-61e2636437b9"
      }
    },
    {
      "type": "Feature",
      "bbox": [
        -117.01151590455085,
        32.839376002933925,
        -117.01151590455085,
        32.839376002933925
      ],
      "geometry": {
        "type": "Point",
        "coordinates": [
          -117.01151590455085,
          32.839376002933925
        ]
      },
      "properties": {
        "course_id": "carlton_oaks_santee",
        "course_name": "Carlton Oaks Golf Course",
        "hole_number": 2,
        "feature_type": "green_back",
        "name": "hole_2_green_back",
        "feature-color": "#5aae5a",
        "is_approximate": true,
        "source": "derived",
        "@id": "357c95cf-0b8a-4e67-8597-d9a41b4b355d"
      }
    },
    {
      "type": "Feature",
      "bbox": [
        -117.01161138559031,
        32.839577404881155,
        -117.01161138559031,
        32.839577404881155
      ],
      "geometry": {
        "type": "Point",
        "coordinates": [
          -117.01161138559031,
          32.839577404881155
        ]
      },
      "properties": {
        "course_id": "carlton_oaks_santee",
        "course_name": "Carlton Oaks Golf Course",
        "hole_number": 3,
        "feature_type": "tee_center",
        "name": "hole_3_tee_center",
        "feature-color": "#c8a055",
        "is_approximate": true,
        "source": "derived",
        "@id": "5636c824-cb7e-4212-8047-f670c761c7a5"
      }
    },
    {
      "type": "Feature",
      "bbox": [
        -117.01603049380692,
        32.83779789063448,
        -117.01603049380692,
        32.83779789063448
      ],
      "geometry": {
        "type": "Point",
        "coordinates": [
          -117.01603049380692,
          32.83779789063448
        ]
      },
      "properties": {
        "course_id": "carlton_oaks_santee",
        "course_name": "Carlton Oaks Golf Course",
        "hole_number": 3,
        "feature_type": "green_center",
        "name": "hole_3_green_center",
        "feature-color": "#5aae5a",
        "is_approximate": true,
        "source": "derived",
        "@id": "02c10949-0417-446f-8de3-f1474d34dc9f"
      }
    },
    {
      "type": "Feature",
      "bbox": [
        -117.01590044242731,
        32.837834766677574,
        -117.01590044242731,
        32.837834766677574
      ],
      "geometry": {
        "type": "Point",
        "coordinates": [
          -117.01590044242731,
          32.837834766677574
        ]
      },
      "properties": {
        "course_id": "carlton_oaks_santee",
        "course_name": "Carlton Oaks Golf Course",
        "hole_number": 3,
        "feature_type": "green_front",
        "name": "hole_3_green_front",
        "feature-color": "#5aae5a",
        "is_approximate": true,
        "source": "derived",
        "@id": "e92ff58f-f31e-4e70-80c7-3f00fb2d4d2f"
      }
    },
    {
      "type": "Feature",
      "bbox": [
        -117.01614368880543,
        32.83776579421493,
        -117.01614368880543,
        32.83776579421493
      ],
      "geometry": {
        "type": "Point",
        "coordinates": [
          -117.01614368880543,
          32.83776579421493
        ]
      },
      "properties": {
        "course_id": "carlton_oaks_santee",
        "course_name": "Carlton Oaks Golf Course",
        "hole_number": 3,
        "feature_type": "green_back",
        "name": "hole_3_green_back",
        "feature-color": "#5aae5a",
        "is_approximate": true,
        "source": "derived",
        "@id": "e2f06206-330c-4e45-ba64-4cfdfc7f17fc"
      }
    },
    {
      "type": "Feature",
      "bbox": [
        -117.01646734391969,
        32.83761935597305,
        -117.01646734391969,
        32.83761935597305
      ],
      "geometry": {
        "type": "Point",
        "coordinates": [
          -117.01646734391969,
          32.83761935597305
        ]
      },
      "properties": {
        "course_id": "carlton_oaks_santee",
        "course_name": "Carlton Oaks Golf Course",
        "hole_number": 4,
        "feature_type": "tee_center",
        "name": "hole_4_tee_center",
        "feature-color": "#c8a055",
        "is_approximate": true,
        "source": "derived",
        "@id": "cf09b8f1-2053-4616-94da-57c255c94cde"
      }
    },
    {
      "type": "Feature",
      "bbox": [
        -117.02083671877934,
        32.83829989605303,
        -117.02083671877934,
        32.83829989605303
      ],
      "geometry": {
        "type": "Point",
        "coordinates": [
          -117.02083671877934,
          32.83829989605303
        ]
      },
      "properties": {
        "course_id": "carlton_oaks_santee",
        "course_name": "Carlton Oaks Golf Course",
        "hole_number": 4,
        "feature_type": "green_center",
        "name": "hole_4_green_center",
        "feature-color": "#5aae5a",
        "is_approximate": true,
        "source": "derived",
        "@id": "c2c6ae6c-b467-4629-b7a4-a65e9566bda1"
      }
    },
    {
      "type": "Feature",
      "bbox": [
        -117.0206918892747,
        32.8382456098292,
        -117.0206918892747,
        32.8382456098292
      ],
      "geometry": {
        "type": "Point",
        "coordinates": [
          -117.0206918892747,
          32.8382456098292
        ]
      },
      "properties": {
        "course_id": "carlton_oaks_santee",
        "course_name": "Carlton Oaks Golf Course",
        "hole_number": 4,
        "feature_type": "green_front",
        "name": "hole_4_green_front",
        "feature-color": "#5aae5a",
        "is_approximate": true,
        "source": "derived",
        "@id": "3e5ab079-02a6-454e-96fc-52596a19dca6"
      }
    },
    {
      "type": "Feature",
      "bbox": [
        -117.02096118467969,
        32.83834654941792,
        -117.02096118467969,
        32.83834654941792
      ],
      "geometry": {
        "type": "Point",
        "coordinates": [
          -117.02096118467969,
          32.83834654941792
        ]
      },
      "properties": {
        "course_id": "carlton_oaks_santee",
        "course_name": "Carlton Oaks Golf Course",
        "hole_number": 4,
        "feature_type": "green_back",
        "name": "hole_4_green_back",
        "feature-color": "#5aae5a",
        "is_approximate": true,
        "source": "derived",
        "@id": "9c4d0437-cb11-421a-8e5e-104b0efd8aa9"
      }
    },
    {
      "type": "Feature",
      "bbox": [
        -117.02170396027587,
        32.838532596391836,
        -117.02170396027587,
        32.838532596391836
      ],
      "geometry": {
        "type": "Point",
        "coordinates": [
          -117.02170396027587,
          32.838532596391836
        ]
      },
      "properties": {
        "course_id": "carlton_oaks_santee",
        "course_name": "Carlton Oaks Golf Course",
        "hole_number": 5,
        "feature_type": "tee_center",
        "name": "hole_5_tee_center",
        "feature-color": "#c8a055",
        "is_approximate": true,
        "source": "derived",
        "@id": "0736a7e9-dabc-48ef-963e-c76a20b0039d"
      }
    },
    {
      "type": "Feature",
      "bbox": [
        -117.02293601888978,
        32.84043901421844,
        -117.02293601888978,
        32.84043901421844
      ],
      "geometry": {
        "type": "Point",
        "coordinates": [
          -117.02293601888978,
          32.84043901421844
        ]
      },
      "properties": {
        "course_id": "carlton_oaks_santee",
        "course_name": "Carlton Oaks Golf Course",
        "hole_number": 5,
        "feature_type": "green_center",
        "name": "hole_5_green_center",
        "feature-color": "#5aae5a",
        "is_approximate": true,
        "source": "derived",
        "@id": "2d3057fa-9e0e-4eab-b5de-d0084a0601aa"
      }
    },
    {
      "type": "Feature",
      "bbox": [
        -117.02283508145524,
        32.840356822823544,
        -117.02283508145524,
        32.840356822823544
      ],
      "geometry": {
        "type": "Point",
        "coordinates": [
          -117.02283508145524,
          32.840356822823544
        ]
      },
      "properties": {
        "course_id": "carlton_oaks_santee",
        "course_name": "Carlton Oaks Golf Course",
        "hole_number": 5,
        "feature_type": "green_front",
        "name": "hole_5_green_front",
        "feature-color": "#5aae5a",
        "is_approximate": true,
        "source": "derived",
        "@id": "fa7b34d8-090b-4bc3-8d5a-b6dcc794ec53"
      }
    },
    {
      "type": "Feature",
      "bbox": [
        -117.0230386835176,
        32.84052261203332,
        -117.0230386835176,
        32.84052261203332
      ],
      "geometry": {
        "type": "Point",
        "coordinates": [
          -117.0230386835176,
          32.84052261203332
        ]
      },
      "properties": {
        "course_id": "carlton_oaks_santee",
        "course_name": "Carlton Oaks Golf Course",
        "hole_number": 5,
        "feature_type": "green_back",
        "name": "hole_5_green_back",
        "feature-color": "#5aae5a",
        "is_approximate": true,
        "source": "derived",
        "@id": "84ac659f-d90f-4708-a100-51c264411969"
      }
    },
    {
      "type": "Feature",
      "bbox": [
        -117.0228381722425,
        32.841413511092355,
        -117.0228381722425,
        32.841413511092355
      ],
      "geometry": {
        "type": "Point",
        "coordinates": [
          -117.0228381722425,
          32.841413511092355
        ]
      },
      "properties": {
        "course_id": "carlton_oaks_santee",
        "course_name": "Carlton Oaks Golf Course",
        "hole_number": 6,
        "feature_type": "tee_center",
        "name": "hole_6_tee_center",
        "feature-color": "#c8a055",
        "is_approximate": true,
        "source": "derived",
        "@id": "dec734c9-87ea-470b-ba03-3badb0eedbb6"
      }
    },
    {
      "type": "Feature",
      "bbox": [
        -117.02031182366275,
        32.83902876310703,
        -117.02031182366275,
        32.83902876310703
      ],
      "geometry": {
        "type": "Point",
        "coordinates": [
          -117.02031182366275,
          32.83902876310703
        ]
      },
      "properties": {
        "course_id": "carlton_oaks_santee",
        "course_name": "Carlton Oaks Golf Course",
        "hole_number": 6,
        "feature_type": "green_center",
        "name": "hole_6_green_center",
        "feature-color": "#5aae5a",
        "is_approximate": true,
        "source": "derived",
        "@id": "98a5bf8d-48f4-44a4-8eef-2bae2c4d013f"
      }
    },
    {
      "type": "Feature",
      "bbox": [
        -117.02043162026516,
        32.83910770464551,
        -117.02043162026516,
        32.83910770464551
      ],
      "geometry": {
        "type": "Point",
        "coordinates": [
          -117.02043162026516,
          32.83910770464551
        ]
      },
      "properties": {
        "course_id": "carlton_oaks_santee",
        "course_name": "Carlton Oaks Golf Course",
        "hole_number": 6,
        "feature_type": "green_front",
        "name": "hole_6_green_front",
        "feature-color": "#5aae5a",
        "is_approximate": true,
        "source": "derived",
        "@id": "d3a33eed-22c2-48ef-9709-b21bc1608925"
      }
    },
    {
      "type": "Feature",
      "bbox": [
        -117.02019584152457,
        32.83895233515966,
        -117.02019584152457,
        32.83895233515966
      ],
      "geometry": {
        "type": "Point",
        "coordinates": [
          -117.02019584152457,
          32.83895233515966
        ]
      },
      "properties": {
        "course_id": "carlton_oaks_santee",
        "course_name": "Carlton Oaks Golf Course",
        "hole_number": 6,
        "feature_type": "green_back",
        "name": "hole_6_green_back",
        "feature-color": "#5aae5a",
        "is_approximate": true,
        "source": "derived",
        "@id": "8b71eec5-7b54-4343-9e28-ee526d772071"
      }
    },
    {
      "type": "Feature",
      "bbox": [
        -117.02070331804875,
        32.83865904500012,
        -117.02070331804875,
        32.83865904500012
      ],
      "geometry": {
        "type": "Point",
        "coordinates": [
          -117.02070331804875,
          32.83865904500012
        ]
      },
      "properties": {
        "course_id": "carlton_oaks_santee",
        "course_name": "Carlton Oaks Golf Course",
        "hole_number": 7,
        "feature_type": "tee_center",
        "name": "hole_7_tee_center",
        "feature-color": "#c8a055",
        "is_approximate": true,
        "source": "derived",
        "@id": "105af21e-41f4-4c6d-a85f-4f562c9ae434"
      }
    },
    {
      "type": "Feature",
      "bbox": [
        -117.01880269517518,
        32.83835227340957,
        -117.01880269517518,
        32.83835227340957
      ],
      "geometry": {
        "type": "Point",
        "coordinates": [
          -117.01880269517518,
          32.83835227340957
        ]
      },
      "properties": {
        "course_id": "carlton_oaks_santee",
        "course_name": "Carlton Oaks Golf Course",
        "hole_number": 7,
        "feature_type": "green_center",
        "name": "hole_7_green_center",
        "feature-color": "#5aae5a",
        "is_approximate": true,
        "source": "derived",
        "@id": "f91d2123-cdfc-46b2-ab42-78ae00854dd7"
      }
    },
    {
      "type": "Feature",
      "bbox": [
        -117.01894327227751,
        32.83842597958019,
        -117.01894327227751,
        32.83842597958019
      ],
      "geometry": {
        "type": "Point",
        "coordinates": [
          -117.01894327227751,
          32.83842597958019
        ]
      },
      "properties": {
        "course_id": "carlton_oaks_santee",
        "course_name": "Carlton Oaks Golf Course",
        "hole_number": 7,
        "feature_type": "green_front",
        "name": "hole_7_green_front",
        "feature-color": "#5aae5a",
        "is_approximate": true,
        "source": "derived",
        "@id": "eef4a405-3d30-415c-8cea-48dc7a424010"
      }
    },
    {
      "type": "Feature",
      "bbox": [
        -117.01867573924835,
        32.838285708975896,
        -117.01867573924835,
        32.838285708975896
      ],
      "geometry": {
        "type": "Point",
        "coordinates": [
          -117.01867573924835,
          32.838285708975896
        ]
      },
      "properties": {
        "course_id": "carlton_oaks_santee",
        "course_name": "Carlton Oaks Golf Course",
        "hole_number": 7,
        "feature_type": "green_back",
        "name": "hole_7_green_back",
        "feature-color": "#5aae5a",
        "is_approximate": true,
        "source": "derived",
        "@id": "45f12eed-b57b-4f9e-9599-9cd19d477a08"
      }
    },
    {
      "type": "Feature",
      "bbox": [
        -117.01757779794235,
        32.83827345191689,
        -117.01757779794235,
        32.83827345191689
      ],
      "geometry": {
        "type": "Point",
        "coordinates": [
          -117.01757779794235,
          32.83827345191689
        ]
      },
      "properties": {
        "course_id": "carlton_oaks_santee",
        "course_name": "Carlton Oaks Golf Course",
        "hole_number": 8,
        "feature_type": "tee_center",
        "name": "hole_8_tee_center",
        "feature-color": "#c8a055",
        "is_approximate": true,
        "source": "derived",
        "@id": "75c22084-ce32-4a94-bc6d-31df255518cc"
      }
    },
    {
      "type": "Feature",
      "bbox": [
        -117.01439798061178,
        32.83883228575231,
        -117.01439798061178,
        32.83883228575231
      ],
      "geometry": {
        "type": "Point",
        "coordinates": [
          -117.01439798061178,
          32.83883228575231
        ]
      },
      "properties": {
        "course_id": "carlton_oaks_santee",
        "course_name": "Carlton Oaks Golf Course",
        "hole_number": 8,
        "feature_type": "green_center",
        "name": "hole_8_green_center",
        "feature-color": "#5aae5a",
        "is_approximate": true,
        "source": "derived",
        "@id": "c6ae0b71-2bb5-448c-9c11-16fbe1fe1c97"
      }
    },
    {
      "type": "Feature",
      "bbox": [
        -117.01456769155178,
        32.8388144645527,
        -117.01456769155178,
        32.8388144645527
      ],
      "geometry": {
        "type": "Point",
        "coordinates": [
          -117.01456769155178,
          32.8388144645527
        ]
      },
      "properties": {
        "course_id": "carlton_oaks_santee",
        "course_name": "Carlton Oaks Golf Course",
        "hole_number": 8,
        "feature_type": "green_front",
        "name": "hole_8_green_front",
        "feature-color": "#5aae5a",
        "is_approximate": true,
        "source": "derived",
        "@id": "473553e2-5486-485c-84c4-2326732e0e67"
      }
    },
    {
      "type": "Feature",
      "bbox": [
        -117.01424283939227,
        32.83884857699813,
        -117.01424283939227,
        32.83884857699813
      ],
      "geometry": {
        "type": "Point",
        "coordinates": [
          -117.01424283939227,
          32.83884857699813
        ]
      },
      "properties": {
        "course_id": "carlton_oaks_santee",
        "course_name": "Carlton Oaks Golf Course",
        "hole_number": 8,
        "feature_type": "green_back",
        "name": "hole_8_green_back",
        "feature-color": "#5aae5a",
        "is_approximate": true,
        "source": "derived",
        "@id": "096d3eee-ee83-4012-b8cc-e68fb50da7b5"
      }
    },
    {
      "type": "Feature",
      "bbox": [
        -117.01497262495785,
        32.8392679446768,
        -117.01497262495785,
        32.8392679446768
      ],
      "geometry": {
        "type": "Point",
        "coordinates": [
          -117.01497262495785,
          32.8392679446768
        ]
      },
      "properties": {
        "course_id": "carlton_oaks_santee",
        "course_name": "Carlton Oaks Golf Course",
        "hole_number": 9,
        "feature_type": "tee_center",
        "name": "hole_9_tee_center",
        "feature-color": "#c8a055",
        "is_approximate": true,
        "source": "derived",
        "@id": "adc2d97c-69b9-449b-bd29-aee303fa1f5a"
      }
    },
    {
      "type": "Feature",
      "bbox": [
        -117.01059778714973,
        32.84098039830072,
        -117.01059778714973,
        32.84098039830072
      ],
      "geometry": {
        "type": "Point",
        "coordinates": [
          -117.01059778714973,
          32.84098039830072
        ]
      },
      "properties": {
        "course_id": "carlton_oaks_santee",
        "course_name": "Carlton Oaks Golf Course",
        "hole_number": 9,
        "feature_type": "green_center",
        "name": "hole_9_green_center",
        "feature-color": "#5aae5a",
        "is_approximate": true,
        "source": "derived",
        "@id": "fd9dbf41-eb1d-4f9f-8b41-f032af529edd"
      }
    },
    {
      "type": "Feature",
      "bbox": [
        -117.01070330824662,
        32.84090874983893,
        -117.01070330824662,
        32.84090874983893
      ],
      "geometry": {
        "type": "Point",
        "coordinates": [
          -117.01070330824662,
          32.84090874983893
        ]
      },
      "properties": {
        "course_id": "carlton_oaks_santee",
        "course_name": "Carlton Oaks Golf Course",
        "hole_number": 9,
        "feature_type": "green_front",
        "name": "hole_9_green_front",
        "feature-color": "#5aae5a",
        "is_approximate": true,
        "source": "derived",
        "@id": "6d77a543-536b-4948-bb95-1f4d7da47b4e"
      }
    },
    {
      "type": "Feature",
      "bbox": [
        -117.01049859210029,
        32.84104775139807,
        -117.01049859210029,
        32.84104775139807
      ],
      "geometry": {
        "type": "Point",
        "coordinates": [
          -117.01049859210029,
          32.84104775139807
        ]
      },
      "properties": {
        "course_id": "carlton_oaks_santee",
        "course_name": "Carlton Oaks Golf Course",
        "hole_number": 9,
        "feature_type": "green_back",
        "name": "hole_9_green_back",
        "feature-color": "#5aae5a",
        "is_approximate": true,
        "source": "derived",
        "@id": "a083173d-0c4b-448f-bcdd-7640855282cf"
      }
    },
    {
      "type": "Feature",
      "bbox": [
        -117.00941843456353,
        32.84144692799681,
        -117.00941843456353,
        32.84144692799681
      ],
      "geometry": {
        "type": "Point",
        "coordinates": [
          -117.00941843456353,
          32.84144692799681
        ]
      },
      "properties": {
        "course_id": "carlton_oaks_santee",
        "course_name": "Carlton Oaks Golf Course",
        "hole_number": 10,
        "feature_type": "tee_center",
        "name": "hole_10_tee_center",
        "feature-color": "#c8a055",
        "is_approximate": true,
        "source": "derived",
        "@id": "b9ed07ac-6c6d-4f06-bae2-a93c7febb93e"
      }
    },
    {
      "type": "Feature",
      "bbox": [
        -117.00956460587922,
        32.83799781544609,
        -117.00956460587922,
        32.83799781544609
      ],
      "geometry": {
        "type": "Point",
        "coordinates": [
          -117.00956460587922,
          32.83799781544609
        ]
      },
      "properties": {
        "course_id": "carlton_oaks_santee",
        "course_name": "Carlton Oaks Golf Course",
        "hole_number": 10,
        "feature_type": "green_center",
        "name": "hole_10_green_center",
        "feature-color": "#5aae5a",
        "is_approximate": true,
        "source": "derived",
        "@id": "ce784697-ad78-469c-8dea-1dedcf147045"
      }
    },
    {
      "type": "Feature",
      "bbox": [
        -117.00959644259243,
        32.83809797076157,
        -117.00959644259243,
        32.83809797076157
      ],
      "geometry": {
        "type": "Point",
        "coordinates": [
          -117.00959644259243,
          32.83809797076157
        ]
      },
      "properties": {
        "course_id": "carlton_oaks_santee",
        "course_name": "Carlton Oaks Golf Course",
        "hole_number": 10,
        "feature_type": "green_front",
        "name": "hole_10_green_front",
        "feature-color": "#5aae5a",
        "is_approximate": true,
        "source": "derived",
        "@id": "5b09b0c0-6bd4-4193-aab3-0fdc04e9feca"
      }
    },
    {
      "type": "Feature",
      "bbox": [
        -117.00953386887919,
        32.8379011197252,
        -117.00953386887919,
        32.8379011197252
      ],
      "geometry": {
        "type": "Point",
        "coordinates": [
          -117.00953386887919,
          32.8379011197252
        ]
      },
      "properties": {
        "course_id": "carlton_oaks_santee",
        "course_name": "Carlton Oaks Golf Course",
        "hole_number": 10,
        "feature_type": "green_back",
        "name": "hole_10_green_back",
        "feature-color": "#5aae5a",
        "is_approximate": true,
        "source": "derived",
        "@id": "c0c95dd5-a6ab-44fe-a1a8-8fb763a8f3aa"
      }
    },
    {
      "type": "Feature",
      "bbox": [
        -117.00478042043382,
        32.84197834854559,
        -117.00478042043382,
        32.84197834854559
      ],
      "geometry": {
        "type": "Point",
        "coordinates": [
          -117.00478042043382,
          32.84197834854559
        ]
      },
      "properties": {
        "course_id": "carlton_oaks_santee",
        "course_name": "Carlton Oaks Golf Course",
        "hole_number": 18,
        "feature_type": "tee_center",
        "name": "hole_18_tee_center",
        "feature-color": "#c8a055",
        "is_approximate": true,
        "source": "derived",
        "@id": "56ceb7e0-df85-4c85-909b-a3127efee80f"
      }
    },
    {
      "type": "Feature",
      "bbox": [
        -117.00888864971974,
        32.84139651774347,
        -117.00888864971974,
        32.84139651774347
      ],
      "geometry": {
        "type": "Point",
        "coordinates": [
          -117.00888864971974,
          32.84139651774347
        ]
      },
      "properties": {
        "course_id": "carlton_oaks_santee",
        "course_name": "Carlton Oaks Golf Course",
        "hole_number": 18,
        "feature_type": "green_center",
        "name": "hole_18_green_center",
        "feature-color": "#5aae5a",
        "is_approximate": true,
        "source": "derived",
        "@id": "5f31dcf2-3757-4e9a-bbcd-ce68cf538a05"
      }
    },
    {
      "type": "Feature",
      "bbox": [
        -117.00869282062966,
        32.84141836845697,
        -117.00869282062966,
        32.84141836845697
      ],
      "geometry": {
        "type": "Point",
        "coordinates": [
          -117.00869282062966,
          32.84141836845697
        ]
      },
      "properties": {
        "course_id": "carlton_oaks_santee",
        "course_name": "Carlton Oaks Golf Course",
        "hole_number": 18,
        "feature_type": "green_front",
        "name": "hole_18_green_front",
        "feature-color": "#5aae5a",
        "is_approximate": true,
        "source": "derived",
        "@id": "fda3a2d5-5a35-4ca9-a22e-7cc029b95bc6"
      }
    },
    {
      "type": "Feature",
      "bbox": [
        -117.00907453389378,
        32.841375776688956,
        -117.00907453389378,
        32.841375776688956
      ],
      "geometry": {
        "type": "Point",
        "coordinates": [
          -117.00907453389378,
          32.841375776688956
        ]
      },
      "properties": {
        "course_id": "carlton_oaks_santee",
        "course_name": "Carlton Oaks Golf Course",
        "hole_number": 18,
        "feature_type": "green_back",
        "name": "hole_18_green_back",
        "feature-color": "#5aae5a",
        "is_approximate": true,
        "source": "derived",
        "@id": "3194581c-1cbe-4b09-9365-0e9355230e56"
      }
    },
    {
      "type": "Feature",
      "bbox": [
        -117.00911220704018,
        32.83808127088093,
        -117.00911220704018,
        32.83808127088093
      ],
      "geometry": {
        "type": "Point",
        "coordinates": [
          -117.00911220704018,
          32.83808127088093
        ]
      },
      "properties": {
        "course_id": "carlton_oaks_santee",
        "course_name": "Carlton Oaks Golf Course",
        "hole_number": 11,
        "feature_type": "tee_center",
        "name": "hole_11_tee_center",
        "feature-color": "#c8a055",
        "is_approximate": true,
        "source": "derived",
        "@id": "889c170b-9a35-4a35-9e82-500644f448a0"
      }
    },
    {
      "type": "Feature",
      "bbox": [
        -117.00814802702612,
        32.84049639611963,
        -117.00814802702612,
        32.84049639611963
      ],
      "geometry": {
        "type": "Point",
        "coordinates": [
          -117.00814802702612,
          32.84049639611963
        ]
      },
      "properties": {
        "course_id": "carlton_oaks_santee",
        "course_name": "Carlton Oaks Golf Course",
        "hole_number": 11,
        "feature_type": "green_center",
        "name": "hole_11_green_center",
        "feature-color": "#5aae5a",
        "is_approximate": true,
        "source": "derived",
        "@id": "2e58a93f-4edb-45b1-9852-df824b90aedc"
      }
    },
    {
      "type": "Feature",
      "bbox": [
        -117.00824575179631,
        32.84041680099798,
        -117.00824575179631,
        32.84041680099798
      ],
      "geometry": {
        "type": "Point",
        "coordinates": [
          -117.00824575179631,
          32.84041680099798
        ]
      },
      "properties": {
        "course_id": "carlton_oaks_santee",
        "course_name": "Carlton Oaks Golf Course",
        "hole_number": 11,
        "feature_type": "green_front",
        "name": "hole_11_green_front",
        "feature-color": "#5aae5a",
        "is_approximate": true,
        "source": "derived",
        "@id": "8215422f-9e5c-4b7b-b4e0-72a256d2f9d4"
      }
    },
    {
      "type": "Feature",
      "bbox": [
        -117.00805870372024,
        32.84056914839507,
        -117.00805870372024,
        32.84056914839507
      ],
      "geometry": {
        "type": "Point",
        "coordinates": [
          -117.00805870372024,
          32.84056914839507
        ]
      },
      "properties": {
        "course_id": "carlton_oaks_santee",
        "course_name": "Carlton Oaks Golf Course",
        "hole_number": 11,
        "feature_type": "green_back",
        "name": "hole_11_green_back",
        "feature-color": "#5aae5a",
        "is_approximate": true,
        "source": "derived",
        "@id": "bd48dcda-be21-486f-888a-bdefd37e8b82"
      }
    },
    {
      "type": "Feature",
      "bbox": [
        -117.0075613826946,
        32.84076728861321,
        -117.0075613826946,
        32.84076728861321
      ],
      "geometry": {
        "type": "Point",
        "coordinates": [
          -117.0075613826946,
          32.84076728861321
        ]
      },
      "properties": {
        "course_id": "carlton_oaks_santee",
        "course_name": "Carlton Oaks Golf Course",
        "hole_number": 12,
        "feature_type": "tee_center",
        "name": "hole_12_tee_center",
        "feature-color": "#c8a055",
        "is_approximate": true,
        "source": "derived",
        "@id": "1493a1f0-587d-4c00-8484-f28fc45f6c30"
      }
    },
    {
      "type": "Feature",
      "bbox": [
        -117.00848884050104,
        32.83964056843982,
        -117.00848884050104,
        32.83964056843982
      ],
      "geometry": {
        "type": "Point",
        "coordinates": [
          -117.00848884050104,
          32.83964056843982
        ]
      },
      "properties": {
        "course_id": "carlton_oaks_santee",
        "course_name": "Carlton Oaks Golf Course",
        "hole_number": 12,
        "feature_type": "green_center",
        "name": "hole_12_green_center",
        "feature-color": "#5aae5a",
        "is_approximate": true,
        "source": "derived",
        "@id": "b06bc2e1-469c-4e5a-be60-aa92d64fd11c"
      }
    },
    {
      "type": "Feature",
      "bbox": [
        -117.00839225245616,
        32.83975255592465,
        -117.00839225245616,
        32.83975255592465
      ],
      "geometry": {
        "type": "Point",
        "coordinates": [
          -117.00839225245616,
          32.83975255592465
        ]
      },
      "properties": {
        "course_id": "carlton_oaks_santee",
        "course_name": "Carlton Oaks Golf Course",
        "hole_number": 12,
        "feature_type": "green_front",
        "name": "hole_12_green_front",
        "feature-color": "#5aae5a",
        "is_approximate": true,
        "source": "derived",
        "@id": "cb2138b7-7d8e-4186-9f6b-4f80adc58610"
      }
    },
    {
      "type": "Feature",
      "bbox": [
        -117.00859430533714,
        32.83951828889947,
        -117.00859430533714,
        32.83951828889947
      ],
      "geometry": {
        "type": "Point",
        "coordinates": [
          -117.00859430533714,
          32.83951828889947
        ]
      },
      "properties": {
        "course_id": "carlton_oaks_santee",
        "course_name": "Carlton Oaks Golf Course",
        "hole_number": 12,
        "feature_type": "green_back",
        "name": "hole_12_green_back",
        "feature-color": "#5aae5a",
        "is_approximate": true,
        "source": "derived",
        "@id": "1f51aa8b-e8d1-4222-a226-c08011017128"
      }
    },
    {
      "type": "Feature",
      "bbox": [
        -117.00868275331146,
        32.83864208536328,
        -117.00868275331146,
        32.83864208536328
      ],
      "geometry": {
        "type": "Point",
        "coordinates": [
          -117.00868275331146,
          32.83864208536328
        ]
      },
      "properties": {
        "course_id": "carlton_oaks_santee",
        "course_name": "Carlton Oaks Golf Course",
        "hole_number": 13,
        "feature_type": "tee_center",
        "name": "hole_13_tee_center",
        "feature-color": "#c8a055",
        "is_approximate": true,
        "source": "derived",
        "@id": "02d3a51d-fc23-43a0-8712-503543e3c656"
      }
    },
    {
      "type": "Feature",
      "bbox": [
        -117.00451863852817,
        32.841501926660015,
        -117.00451863852817,
        32.841501926660015
      ],
      "geometry": {
        "type": "Point",
        "coordinates": [
          -117.00451863852817,
          32.841501926660015
        ]
      },
      "properties": {
        "course_id": "carlton_oaks_santee",
        "course_name": "Carlton Oaks Golf Course",
        "hole_number": 13,
        "feature_type": "green_center",
        "name": "hole_13_green_center",
        "feature-color": "#5aae5a",
        "is_approximate": true,
        "source": "derived",
        "@id": "c7e2b3b3-cbc1-4542-9dc4-34ebbdf62acd"
      }
    },
    {
      "type": "Feature",
      "bbox": [
        -117.00468240213989,
        32.84143496657846,
        -117.00468240213989,
        32.84143496657846
      ],
      "geometry": {
        "type": "Point",
        "coordinates": [
          -117.00468240213989,
          32.84143496657846
        ]
      },
      "properties": {
        "course_id": "carlton_oaks_santee",
        "course_name": "Carlton Oaks Golf Course",
        "hole_number": 13,
        "feature_type": "green_front",
        "name": "hole_13_green_front",
        "feature-color": "#5aae5a",
        "is_approximate": true,
        "source": "derived",
        "@id": "6831e076-c60f-4199-941a-3b7086d240d9"
      }
    },
    {
      "type": "Feature",
      "bbox": [
        -117.00433207037636,
        32.841578211119845,
        -117.00433207037636,
        32.841578211119845
      ],
      "geometry": {
        "type": "Point",
        "coordinates": [
          -117.00433207037636,
          32.841578211119845
        ]
      },
      "properties": {
        "course_id": "carlton_oaks_santee",
        "course_name": "Carlton Oaks Golf Course",
        "hole_number": 13,
        "feature_type": "green_back",
        "name": "hole_13_green_back",
        "feature-color": "#5aae5a",
        "is_approximate": true,
        "source": "derived",
        "@id": "fb7438f8-aea3-42a9-b65f-d7cb244eae6a"
      }
    },
    {
      "type": "Feature",
      "bbox": [
        -117.00490330289541,
        32.84070460062795,
        -117.00490330289541,
        32.84070460062795
      ],
      "geometry": {
        "type": "Point",
        "coordinates": [
          -117.00490330289541,
          32.84070460062795
        ]
      },
      "properties": {
        "course_id": "carlton_oaks_santee",
        "course_name": "Carlton Oaks Golf Course",
        "hole_number": 14,
        "feature_type": "tee_center",
        "name": "hole_14_tee_center",
        "feature-color": "#c8a055",
        "is_approximate": true,
        "source": "derived",
        "@id": "7fa7605d-74d8-428e-b78b-7e4c03fcd448"
      }
    },
    {
      "type": "Feature",
      "bbox": [
        -117.00832842398282,
        32.83836339118017,
        -117.00832842398282,
        32.83836339118017
      ],
      "geometry": {
        "type": "Point",
        "coordinates": [
          -117.00832842398282,
          32.83836339118017
        ]
      },
      "properties": {
        "course_id": "carlton_oaks_santee",
        "course_name": "Carlton Oaks Golf Course",
        "hole_number": 14,
        "feature_type": "green_center",
        "name": "hole_14_green_center",
        "feature-color": "#5aae5a",
        "is_approximate": true,
        "source": "derived",
        "@id": "40707fc9-53fb-430b-9fac-b67555f7e9ed"
      }
    },
    {
      "type": "Feature",
      "bbox": [
        -117.00821618129235,
        32.83844746982948,
        -117.00821618129235,
        32.83844746982948
      ],
      "geometry": {
        "type": "Point",
        "coordinates": [
          -117.00821618129235,
          32.83844746982948
        ]
      },
      "properties": {
        "course_id": "carlton_oaks_santee",
        "course_name": "Carlton Oaks Golf Course",
        "hole_number": 14,
        "feature_type": "green_front",
        "name": "hole_14_green_front",
        "feature-color": "#5aae5a",
        "is_approximate": true,
        "source": "derived",
        "@id": "5ca28bb7-2b4b-4e4e-802d-6a6cce4f63a3"
      }
    },
    {
      "type": "Feature",
      "bbox": [
        -117.0084349306438,
        32.83828360927044,
        -117.0084349306438,
        32.83828360927044
      ],
      "geometry": {
        "type": "Point",
        "coordinates": [
          -117.0084349306438,
          32.83828360927044
        ]
      },
      "properties": {
        "course_id": "carlton_oaks_santee",
        "course_name": "Carlton Oaks Golf Course",
        "hole_number": 14,
        "feature_type": "green_back",
        "name": "hole_14_green_back",
        "feature-color": "#5aae5a",
        "is_approximate": true,
        "source": "derived",
        "@id": "ddbd7046-0cee-4b85-a69b-93bb3f946894"
      }
    },
    {
      "type": "Feature",
      "bbox": [
        -117.00348858936748,
        32.840565763153094,
        -117.00348858936748,
        32.840565763153094
      ],
      "geometry": {
        "type": "Point",
        "coordinates": [
          -117.00348858936748,
          32.840565763153094
        ]
      },
      "properties": {
        "course_id": "carlton_oaks_santee",
        "course_name": "Carlton Oaks Golf Course",
        "hole_number": 16,
        "feature_type": "tee_center",
        "name": "hole_16_tee_center",
        "feature-color": "#c8a055",
        "is_approximate": true,
        "source": "derived",
        "@id": "c332de50-2663-4038-931b-b2355ed7e1c6"
      }
    },
    {
      "type": "Feature",
      "bbox": [
        -117.0039587732548,
        32.84328582734496,
        -117.0039587732548,
        32.84328582734496
      ],
      "geometry": {
        "type": "Point",
        "coordinates": [
          -117.0039587732548,
          32.84328582734496
        ]
      },
      "properties": {
        "course_id": "carlton_oaks_santee",
        "course_name": "Carlton Oaks Golf Course",
        "hole_number": 16,
        "feature_type": "green_center",
        "name": "hole_16_green_center",
        "feature-color": "#5aae5a",
        "is_approximate": true,
        "source": "derived",
        "@id": "fa2eee07-4c53-4018-95d1-edfd4158ccda"
      }
    },
    {
      "type": "Feature",
      "bbox": [
        -117.00395027381542,
        32.84318252248568,
        -117.00395027381542,
        32.84318252248568
      ],
      "geometry": {
        "type": "Point",
        "coordinates": [
          -117.00395027381542,
          32.84318252248568
        ]
      },
      "properties": {
        "course_id": "carlton_oaks_santee",
        "course_name": "Carlton Oaks Golf Course",
        "hole_number": 16,
        "feature_type": "green_front",
        "name": "hole_16_green_front",
        "feature-color": "#5aae5a",
        "is_approximate": true,
        "source": "derived",
        "@id": "5d4ad624-1a44-47af-99a3-2dffde041d35"
      }
    },
    {
      "type": "Feature",
      "bbox": [
        -117.00396705407948,
        32.8433864750926,
        -117.00396705407948,
        32.8433864750926
      ],
      "geometry": {
        "type": "Point",
        "coordinates": [
          -117.00396705407948,
          32.8433864750926
        ]
      },
      "properties": {
        "course_id": "carlton_oaks_santee",
        "course_name": "Carlton Oaks Golf Course",
        "hole_number": 16,
        "feature_type": "green_back",
        "name": "hole_16_green_back",
        "feature-color": "#5aae5a",
        "is_approximate": true,
        "source": "derived",
        "@id": "5a580a46-7767-436d-80b5-ead7e88733b4"
      }
    },
    {
      "type": "Feature",
      "bbox": [
        -117.00849501319149,
        32.8377910529846,
        -117.00849501319149,
        32.8377910529846
      ],
      "geometry": {
        "type": "Point",
        "coordinates": [
          -117.00849501319149,
          32.8377910529846
        ]
      },
      "properties": {
        "course_id": "carlton_oaks_santee",
        "course_name": "Carlton Oaks Golf Course",
        "hole_number": 15,
        "feature_type": "tee_center",
        "name": "hole_15_tee_center",
        "feature-color": "#c8a055",
        "is_approximate": true,
        "source": "derived",
        "@id": "20c0591a-4ec7-47c2-8c64-46ec85943161"
      }
    },
    {
      "type": "Feature",
      "bbox": [
        -117.00425748315568,
        32.84041524973174,
        -117.00425748315568,
        32.84041524973174
      ],
      "geometry": {
        "type": "Point",
        "coordinates": [
          -117.00425748315568,
          32.84041524973174
        ]
      },
      "properties": {
        "course_id": "carlton_oaks_santee",
        "course_name": "Carlton Oaks Golf Course",
        "hole_number": 15,
        "feature_type": "green_center",
        "name": "hole_15_green_center",
        "feature-color": "#5aae5a",
        "is_approximate": true,
        "source": "derived",
        "@id": "bcf4c30f-bc51-4f9e-915b-686cbdb578c4"
      }
    },
    {
      "type": "Feature",
      "bbox": [
        -117.00434953905805,
        32.840358010000045,
        -117.00434953905805,
        32.840358010000045
      ],
      "geometry": {
        "type": "Point",
        "coordinates": [
          -117.00434953905805,
          32.840358010000045
        ]
      },
      "properties": {
        "course_id": "carlton_oaks_santee",
        "course_name": "Carlton Oaks Golf Course",
        "hole_number": 15,
        "feature_type": "green_front",
        "name": "hole_15_green_front",
        "feature-color": "#5aae5a",
        "is_approximate": true,
        "source": "derived",
        "@id": "a5daeea1-f283-4e42-801b-5d168f28e4ac"
      }
    },
    {
      "type": "Feature",
      "bbox": [
        -117.00416229980002,
        32.84047443409254,
        -117.00416229980002,
        32.84047443409254
      ],
      "geometry": {
        "type": "Point",
        "coordinates": [
          -117.00416229980002,
          32.84047443409254
        ]
      },
      "properties": {
        "course_id": "carlton_oaks_santee",
        "course_name": "Carlton Oaks Golf Course",
        "hole_number": 15,
        "feature_type": "green_back",
        "name": "hole_15_green_back",
        "feature-color": "#5aae5a",
        "is_approximate": true,
        "source": "derived",
        "@id": "68892dbf-1009-491c-9138-be0bcc8b50c0"
      }
    },
    {
      "type": "Feature",
      "bbox": [
        -117.00455771106795,
        32.843466479953285,
        -117.00455771106795,
        32.843466479953285
      ],
      "geometry": {
        "type": "Point",
        "coordinates": [
          -117.00455771106795,
          32.843466479953285
        ]
      },
      "properties": {
        "course_id": "carlton_oaks_santee",
        "course_name": "Carlton Oaks Golf Course",
        "hole_number": 17,
        "feature_type": "tee_center",
        "name": "hole_17_tee_center",
        "feature-color": "#c8a055",
        "is_approximate": true,
        "source": "derived",
        "@id": "4994dfbc-f805-46ba-abe9-723c9062eff3"
      }
    },
    {
      "type": "Feature",
      "bbox": [
        -117.004633377311,
        32.84238474538864,
        -117.004633377311,
        32.84238474538864
      ],
      "geometry": {
        "type": "Point",
        "coordinates": [
          -117.004633377311,
          32.84238474538864
        ]
      },
      "properties": {
        "course_id": "carlton_oaks_santee",
        "course_name": "Carlton Oaks Golf Course",
        "hole_number": 17,
        "feature_type": "green_center",
        "name": "hole_17_green_center",
        "feature-color": "#5aae5a",
        "is_approximate": true,
        "source": "derived",
        "@id": "44254ad7-15a1-41c6-a5f3-6b71aa3d28c6"
      }
    },
    {
      "type": "Feature",
      "bbox": [
        -117.00458416315274,
        32.842504505645095,
        -117.00458416315274,
        32.842504505645095
      ],
      "geometry": {
        "type": "Point",
        "coordinates": [
          -117.00458416315274,
          32.842504505645095
        ]
      },
      "properties": {
        "course_id": "carlton_oaks_santee",
        "course_name": "Carlton Oaks Golf Course",
        "hole_number": 17,
        "feature_type": "green_front",
        "name": "hole_17_green_front",
        "feature-color": "#5aae5a",
        "is_approximate": true,
        "source": "derived",
        "@id": "39510158-d480-4ee3-9343-8b92c132d51d"
      }
    },
    {
      "type": "Feature",
      "bbox": [
        -117.00468220751519,
        32.84226591946568,
        -117.00468220751519,
        32.84226591946568
      ],
      "geometry": {
        "type": "Point",
        "coordinates": [
          -117.00468220751519,
          32.84226591946568
        ]
      },
      "properties": {
        "course_id": "carlton_oaks_santee",
        "course_name": "Carlton Oaks Golf Course",
        "hole_number": 17,
        "feature_type": "green_back",
        "name": "hole_17_green_back",
        "feature-color": "#5aae5a",
        "is_approximate": true,
        "source": "derived",
        "@id": "53f358fd-4f44-42f4-b038-a35b4ef5ef7d"
      }
    },
    {
      "type": "Feature",
      "bbox": [
        -117.01206527983244,
        32.84010122338833,
        -117.01072192722677,
        32.84102081605927
      ],
      "geometry": {
        "coordinates": [
          [
            [
              -117.01072192722677,
              32.840887691599036
            ],
            [
              -117.01081191425956,
              32.84081407589292
            ],
            [
              -117.01088058857427,
              32.84073648089351
            ],
            [
              -117.01098478408588,
              32.84063898964358
            ],
            [
              -117.01106056263984,
              32.84053552942554
            ],
            [
              -117.01124764094499,
              32.840404214358685
            ],
            [
              -117.01141026074987,
              32.84029401264449
            ],
            [
              -117.0114886264642,
              32.8401981582313
            ],
            [
              -117.01157215205535,
              32.84014090850525
            ],
            [
              -117.01188343634293,
              32.84010122338833
            ],
            [
              -117.01206527983244,
              32.8401104568466
            ],
            [
              -117.01201651780684,
              32.84024116809776
            ],
            [
              -117.01194685777051,
              32.84031920457397
            ],
            [
              -117.01178896168713,
              32.84043040643256
            ],
            [
              -117.01157554129105,
              32.84052104783666
            ],
            [
              -117.0114594705656,
              32.84060463695303
            ],
            [
              -117.01131600432852,
              32.84071888000547
            ],
            [
              -117.01121493300212,
              32.84076858823535
            ],
            [
              -117.01102978651555,
              32.84088374041133
            ],
            [
              -117.01091437051096,
              32.84095843719881
            ],
            [
              -117.01078336752238,
              32.84102081605927
            ],
            [
              -117.01078059310883,
              32.84092554240705
            ],
            [
              -117.01072192722677,
              32.840887691599036
            ]
          ]
        ],
        "type": "Polygon"
      },
      "properties": {
        "course_id": "",
        "course_name": "",
        "hole_number": 9,
        "feature_type": "fairway",
        "name": "hole_9_fairway_3",
        "feature-color": "#4a7c3f",
        "is_approximate": false,
        "source": "user_draw",
        "@id": "8519bdc3-8e5a-41bb-bef4-d77504c94351"
      }
    },
    {
      "type": "Feature",
      "bbox": [
        -117.00840661317598,
        32.838499931358996,
        -117.00585793526669,
        32.840297852486714
      ],
      "geometry": {
        "coordinates": [
          [
            [
              -117.00813086520131,
              32.838518911867325
            ],
            [
              -117.0079431742793,
              32.83859447561852
            ],
            [
              -117.00771247085439,
              32.838712749188446
            ],
            [
              -117.00737228105814,
              32.83904128605401
            ],
            [
              -117.00703209126192,
              32.83940924590081
            ],
            [
              -117.00689132307028,
              32.839606366619094
            ],
            [
              -117.00658241509439,
              32.83981005756891
            ],
            [
              -117.00631260939397,
              32.83995789748185
            ],
            [
              -117.00597056096802,
              32.84014014156388
            ],
            [
              -117.00585793526669,
              32.84029084311756
            ],
            [
              -117.00601644551327,
              32.840297852486714
            ],
            [
              -117.00619581237098,
              32.84027331969412
            ],
            [
              -117.00644192038504,
              32.84017869314809
            ],
            [
              -117.00679648277827,
              32.83994738338873
            ],
            [
              -117.00699670624738,
              32.83982822358058
            ],
            [
              -117.00709264665976,
              32.8397300918533
            ],
            [
              -117.00726367087285,
              32.83955836107023
            ],
            [
              -117.007476408309,
              32.83933756386122
            ],
            [
              -117.00756400607679,
              32.8391588228602
            ],
            [
              -117.007814285413,
              32.83907120459219
            ],
            [
              -117.0080562221049,
              32.83889246305483
            ],
            [
              -117.00822307499584,
              32.838724235397976
            ],
            [
              -117.00840661317598,
              32.83859105494278
            ],
            [
              -117.008331529375,
              32.83851044562269
            ],
            [
              -117.00821890367367,
              32.838499931358996
            ],
            [
              -117.00813086520131,
              32.838518911867325
            ]
          ]
        ],
        "type": "Polygon"
      },
      "properties": {
        "course_id": "",
        "course_name": "",
        "hole_number": 14,
        "feature_type": "fairway",
        "name": "hole_14_fairway",
        "feature-color": "#4a7c3f",
        "is_approximate": false,
        "source": "user_draw",
        "@id": "46070b62-477e-440f-b689-23334603f62e"
      }
    },
    {
      "type": "Feature",
      "bbox": [
        -117.0096055,
        32.8405243,
        -117.0078129,
        32.8417308
      ],
      "geometry": {
        "type": "Polygon",
        "coordinates": [
          [
            [
              -117.0088981,
              32.8412621
            ],
            [
              -117.0089388,
              32.8412501
            ],
            [
              -117.0089835,
              32.8412501
            ],
            [
              -117.0090628,
              32.8412603
            ],
            [
              -117.009136,
              32.8412826
            ],
            [
              -117.0092071,
              32.8412979
            ],
            [
              -117.0092803,
              32.8413065
            ],
            [
              -117.0093677,
              32.8412945
            ],
            [
              -117.0094388,
              32.8412706
            ],
            [
              -117.0095059,
              32.8412467
            ],
            [
              -117.009575,
              32.8411869
            ],
            [
              -117.0096055,
              32.8411579
            ],
            [
              -117.0096035,
              32.841122
            ],
            [
              -117.009571,
              32.8410998
            ],
            [
              -117.0095445,
              32.8410793
            ],
            [
              -117.0095384,
              32.8410503
            ],
            [
              -117.0095286,
              32.841023
            ],
            [
              -117.0095367,
              32.8409903
            ],
            [
              -117.0095222,
              32.8409649
            ],
            [
              -117.009508,
              32.8409239
            ],
            [
              -117.0094937,
              32.8408932
            ],
            [
              -117.0094836,
              32.8408402
            ],
            [
              -117.0094836,
              32.840789
            ],
            [
              -117.0094673,
              32.8407497
            ],
            [
              -117.009447,
              32.8406916
            ],
            [
              -117.0094571,
              32.8406609
            ],
            [
              -117.009447,
              32.8406387
            ],
            [
              -117.0094144,
              32.840625
            ],
            [
              -117.009388,
              32.8406199
            ],
            [
              -117.0093596,
              32.8406045
            ],
            [
              -117.0093331,
              32.8405789
            ],
            [
              -117.0093108,
              32.8405448
            ],
            [
              -117.0092844,
              32.840526
            ],
            [
              -117.0092539,
              32.8405243
            ],
            [
              -117.0091949,
              32.8405413
            ],
            [
              -117.0091258,
              32.8405772
            ],
            [
              -117.0090587,
              32.8406045
            ],
            [
              -117.0089977,
              32.8406182
            ],
            [
              -117.0089266,
              32.8406438
            ],
            [
              -117.0088514,
              32.8406694
            ],
            [
              -117.0087518,
              32.8406933
            ],
            [
              -117.008644,
              32.8407258
            ],
            [
              -117.0085221,
              32.8407736
            ],
            [
              -117.0084367,
              32.8408505
            ],
            [
              -117.0083574,
              32.8408846
            ],
            [
              -117.0083147,
              32.8409512
            ],
            [
              -117.0083066,
              32.841081
            ],
            [
              -117.0083269,
              32.8411425
            ],
            [
              -117.0083249,
              32.8412467
            ],
            [
              -117.0083229,
              32.8413252
            ],
            [
              -117.0082781,
              32.8413782
            ],
            [
              -117.0082151,
              32.8414328
            ],
            [
              -117.0081643,
              32.841467
            ],
            [
              -117.0080932,
              32.8415165
            ],
            [
              -117.0079956,
              32.8415609
            ],
            [
              -117.0079509,
              32.8415917
            ],
            [
              -117.0078129,
              32.8416682
            ],
            [
              -117.0078396,
              32.8416975
            ],
            [
              -117.0078931,
              32.8417308
            ],
            [
              -117.0080383,
              32.841648
            ],
            [
              -117.0081176,
              32.8416156
            ],
            [
              -117.0081989,
              32.8416019
            ],
            [
              -117.0082436,
              32.8415763
            ],
            [
              -117.008268,
              32.8415456
            ],
            [
              -117.0083066,
              32.8415251
            ],
            [
              -117.0083554,
              32.8414824
            ],
            [
              -117.0084286,
              32.8414431
            ],
            [
              -117.0084692,
              32.8414123
            ],
            [
              -117.0085749,
              32.841356
            ],
            [
              -117.0086908,
              32.8413235
            ],
            [
              -117.0087375,
              32.8412979
            ],
            [
              -117.0088087,
              32.8412911
            ],
            [
              -117.0088441,
              32.8412796
            ],
            [
              -117.0088981,
              32.8412621
            ]
          ]
        ]
      },
      "properties": {
        "course_id": "carlton_oaks_santee",
        "course_name": "Carlton Oaks Golf Course",
        "hole_number": 18,
        "feature_type": "water",
        "name": "hole_18_water",
        "feature-color": "#2255cc",
        "is_approximate": true,
        "source": "osm",
        "@id": "a1963358-be71-4cab-abac-532af19a742f",
        "osm_id": 1126753554,
        "hazard_group": "1126753554"
      }
    },
    {
      "type": "Feature",
      "bbox": [
        -117.0096055,
        32.8405243,
        -117.0078129,
        32.8417308
      ],
      "geometry": {
        "type": "Polygon",
        "coordinates": [
          [
            [
              -117.0088981,
              32.8412621
            ],
            [
              -117.0089388,
              32.8412501
            ],
            [
              -117.0089835,
              32.8412501
            ],
            [
              -117.0090628,
              32.8412603
            ],
            [
              -117.009136,
              32.8412826
            ],
            [
              -117.0092071,
              32.8412979
            ],
            [
              -117.0092803,
              32.8413065
            ],
            [
              -117.0093677,
              32.8412945
            ],
            [
              -117.0094388,
              32.8412706
            ],
            [
              -117.0095059,
              32.8412467
            ],
            [
              -117.009575,
              32.8411869
            ],
            [
              -117.0096055,
              32.8411579
            ],
            [
              -117.0096035,
              32.841122
            ],
            [
              -117.009571,
              32.8410998
            ],
            [
              -117.0095445,
              32.8410793
            ],
            [
              -117.0095384,
              32.8410503
            ],
            [
              -117.0095286,
              32.841023
            ],
            [
              -117.0095367,
              32.8409903
            ],
            [
              -117.0095222,
              32.8409649
            ],
            [
              -117.009508,
              32.8409239
            ],
            [
              -117.0094937,
              32.8408932
            ],
            [
              -117.0094836,
              32.8408402
            ],
            [
              -117.0094836,
              32.840789
            ],
            [
              -117.0094673,
              32.8407497
            ],
            [
              -117.009447,
              32.8406916
            ],
            [
              -117.0094571,
              32.8406609
            ],
            [
              -117.009447,
              32.8406387
            ],
            [
              -117.0094144,
              32.840625
            ],
            [
              -117.009388,
              32.8406199
            ],
            [
              -117.0093596,
              32.8406045
            ],
            [
              -117.0093331,
              32.8405789
            ],
            [
              -117.0093108,
              32.8405448
            ],
            [
              -117.0092844,
              32.840526
            ],
            [
              -117.0092539,
              32.8405243
            ],
            [
              -117.0091949,
              32.8405413
            ],
            [
              -117.0091258,
              32.8405772
            ],
            [
              -117.0090587,
              32.8406045
            ],
            [
              -117.0089977,
              32.8406182
            ],
            [
              -117.0089266,
              32.8406438
            ],
            [
              -117.0088514,
              32.8406694
            ],
            [
              -117.0087518,
              32.8406933
            ],
            [
              -117.008644,
              32.8407258
            ],
            [
              -117.0085221,
              32.8407736
            ],
            [
              -117.0084367,
              32.8408505
            ],
            [
              -117.0083574,
              32.8408846
            ],
            [
              -117.0083147,
              32.8409512
            ],
            [
              -117.0083066,
              32.841081
            ],
            [
              -117.0083269,
              32.8411425
            ],
            [
              -117.0083249,
              32.8412467
            ],
            [
              -117.0083229,
              32.8413252
            ],
            [
              -117.0082781,
              32.8413782
            ],
            [
              -117.0082151,
              32.8414328
            ],
            [
              -117.0081643,
              32.841467
            ],
            [
              -117.0080932,
              32.8415165
            ],
            [
              -117.0079956,
              32.8415609
            ],
            [
              -117.0079509,
              32.8415917
            ],
            [
              -117.0078129,
              32.8416682
            ],
            [
              -117.0078396,
              32.8416975
            ],
            [
              -117.0078931,
              32.8417308
            ],
            [
              -117.0080383,
              32.841648
            ],
            [
              -117.0081176,
              32.8416156
            ],
            [
              -117.0081989,
              32.8416019
            ],
            [
              -117.0082436,
              32.8415763
            ],
            [
              -117.008268,
              32.8415456
            ],
            [
              -117.0083066,
              32.8415251
            ],
            [
              -117.0083554,
              32.8414824
            ],
            [
              -117.0084286,
              32.8414431
            ],
            [
              -117.0084692,
              32.8414123
            ],
            [
              -117.0085749,
              32.841356
            ],
            [
              -117.0086908,
              32.8413235
            ],
            [
              -117.0087375,
              32.8412979
            ],
            [
              -117.0088087,
              32.8412911
            ],
            [
              -117.0088441,
              32.8412796
            ],
            [
              -117.0088981,
              32.8412621
            ]
          ]
        ]
      },
      "properties": {
        "course_id": "carlton_oaks_santee",
        "course_name": "Carlton Oaks Golf Course",
        "hole_number": 10,
        "feature_type": "water",
        "name": "hole_10_water",
        "feature-color": "#2255cc",
        "is_approximate": true,
        "source": "osm",
        "@id": "762a7306-a222-460a-8e5e-070ee815a081",
        "osm_id": 1126753554,
        "hazard_group": "1126753554"
      }
    },
    {
      "type": "Feature",
      "bbox": [
        -117.0096055,
        32.8405243,
        -117.0078129,
        32.8417308
      ],
      "geometry": {
        "type": "Polygon",
        "coordinates": [
          [
            [
              -117.0088981,
              32.8412621
            ],
            [
              -117.0089388,
              32.8412501
            ],
            [
              -117.0089835,
              32.8412501
            ],
            [
              -117.0090628,
              32.8412603
            ],
            [
              -117.009136,
              32.8412826
            ],
            [
              -117.0092071,
              32.8412979
            ],
            [
              -117.0092803,
              32.8413065
            ],
            [
              -117.0093677,
              32.8412945
            ],
            [
              -117.0094388,
              32.8412706
            ],
            [
              -117.0095059,
              32.8412467
            ],
            [
              -117.009575,
              32.8411869
            ],
            [
              -117.0096055,
              32.8411579
            ],
            [
              -117.0096035,
              32.841122
            ],
            [
              -117.009571,
              32.8410998
            ],
            [
              -117.0095445,
              32.8410793
            ],
            [
              -117.0095384,
              32.8410503
            ],
            [
              -117.0095286,
              32.841023
            ],
            [
              -117.0095367,
              32.8409903
            ],
            [
              -117.0095222,
              32.8409649
            ],
            [
              -117.009508,
              32.8409239
            ],
            [
              -117.0094937,
              32.8408932
            ],
            [
              -117.0094836,
              32.8408402
            ],
            [
              -117.0094836,
              32.840789
            ],
            [
              -117.0094673,
              32.8407497
            ],
            [
              -117.009447,
              32.8406916
            ],
            [
              -117.0094571,
              32.8406609
            ],
            [
              -117.009447,
              32.8406387
            ],
            [
              -117.0094144,
              32.840625
            ],
            [
              -117.009388,
              32.8406199
            ],
            [
              -117.0093596,
              32.8406045
            ],
            [
              -117.0093331,
              32.8405789
            ],
            [
              -117.0093108,
              32.8405448
            ],
            [
              -117.0092844,
              32.840526
            ],
            [
              -117.0092539,
              32.8405243
            ],
            [
              -117.0091949,
              32.8405413
            ],
            [
              -117.0091258,
              32.8405772
            ],
            [
              -117.0090587,
              32.8406045
            ],
            [
              -117.0089977,
              32.8406182
            ],
            [
              -117.0089266,
              32.8406438
            ],
            [
              -117.0088514,
              32.8406694
            ],
            [
              -117.0087518,
              32.8406933
            ],
            [
              -117.008644,
              32.8407258
            ],
            [
              -117.0085221,
              32.8407736
            ],
            [
              -117.0084367,
              32.8408505
            ],
            [
              -117.0083574,
              32.8408846
            ],
            [
              -117.0083147,
              32.8409512
            ],
            [
              -117.0083066,
              32.841081
            ],
            [
              -117.0083269,
              32.8411425
            ],
            [
              -117.0083249,
              32.8412467
            ],
            [
              -117.0083229,
              32.8413252
            ],
            [
              -117.0082781,
              32.8413782
            ],
            [
              -117.0082151,
              32.8414328
            ],
            [
              -117.0081643,
              32.841467
            ],
            [
              -117.0080932,
              32.8415165
            ],
            [
              -117.0079956,
              32.8415609
            ],
            [
              -117.0079509,
              32.8415917
            ],
            [
              -117.0078129,
              32.8416682
            ],
            [
              -117.0078396,
              32.8416975
            ],
            [
              -117.0078931,
              32.8417308
            ],
            [
              -117.0080383,
              32.841648
            ],
            [
              -117.0081176,
              32.8416156
            ],
            [
              -117.0081989,
              32.8416019
            ],
            [
              -117.0082436,
              32.8415763
            ],
            [
              -117.008268,
              32.8415456
            ],
            [
              -117.0083066,
              32.8415251
            ],
            [
              -117.0083554,
              32.8414824
            ],
            [
              -117.0084286,
              32.8414431
            ],
            [
              -117.0084692,
              32.8414123
            ],
            [
              -117.0085749,
              32.841356
            ],
            [
              -117.0086908,
              32.8413235
            ],
            [
              -117.0087375,
              32.8412979
            ],
            [
              -117.0088087,
              32.8412911
            ],
            [
              -117.0088441,
              32.8412796
            ],
            [
              -117.0088981,
              32.8412621
            ]
          ]
        ]
      },
      "properties": {
        "course_id": "carlton_oaks_santee",
        "course_name": "Carlton Oaks Golf Course",
        "hole_number": 11,
        "feature_type": "water",
        "name": "hole_11_water",
        "feature-color": "#2255cc",
        "is_approximate": true,
        "source": "osm",
        "@id": "38111c9c-cfc9-4dc2-b3ed-655a39204269",
        "osm_id": 1126753554,
        "hazard_group": "1126753554"
      }
    },
    {
      "type": "Feature",
      "bbox": [
        -117.0090632,
        32.8386479,
        -117.0077837,
        32.8405156
      ],
      "geometry": {
        "type": "Polygon",
        "coordinates": [
          [
            [
              -117.0090492,
              32.8387441
            ],
            [
              -117.0090632,
              32.8394602
            ],
            [
              -117.0090632,
              32.8395661
            ],
            [
              -117.0090609,
              32.8395975
            ],
            [
              -117.0090422,
              32.839623
            ],
            [
              -117.0089932,
              32.8396779
            ],
            [
              -117.0085588,
              32.8401686
            ],
            [
              -117.0081126,
              32.8404043
            ],
            [
              -117.0079354,
              32.840498
            ],
            [
              -117.0078864,
              32.8405097
            ],
            [
              -117.007849,
              32.8405156
            ],
            [
              -117.0078233,
              32.8405039
            ],
            [
              -117.0077883,
              32.8404725
            ],
            [
              -117.0077837,
              32.840443
            ],
            [
              -117.0077907,
              32.8404058
            ],
            [
              -117.0078187,
              32.8403606
            ],
            [
              -117.0080685,
              32.8400232
            ],
            [
              -117.008204,
              32.8398839
            ],
            [
              -117.0082413,
              32.8398525
            ],
            [
              -117.0082903,
              32.8398211
            ],
            [
              -117.0083441,
              32.8397937
            ],
            [
              -117.0084188,
              32.8397741
            ],
            [
              -117.0084771,
              32.8397505
            ],
            [
              -117.0085682,
              32.8397113
            ],
            [
              -117.0086313,
              32.8396701
            ],
            [
              -117.0086826,
              32.8396328
            ],
            [
              -117.008713,
              32.8395916
            ],
            [
              -117.0087457,
              32.8395092
            ],
            [
              -117.0087457,
              32.8394405
            ],
            [
              -117.0087387,
              32.8393699
            ],
            [
              -117.0087293,
              32.8393307
            ],
            [
              -117.008727,
              32.8393032
            ],
            [
              -117.008734,
              32.8392483
            ],
            [
              -117.008769,
              32.8392051
            ],
            [
              -117.0088087,
              32.83916
            ],
            [
              -117.0088344,
              32.8391227
            ],
            [
              -117.0088624,
              32.8390462
            ],
            [
              -117.0089115,
              32.8389599
            ],
            [
              -117.0089115,
              32.8389206
            ],
            [
              -117.0089068,
              32.8388814
            ],
            [
              -117.0088858,
              32.8388363
            ],
            [
              -117.0088718,
              32.8387892
            ],
            [
              -117.0088718,
              32.8387441
            ],
            [
              -117.0088834,
              32.8387009
            ],
            [
              -117.0089185,
              32.8386617
            ],
            [
              -117.0089628,
              32.8386479
            ],
            [
              -117.0090095,
              32.8386597
            ],
            [
              -117.0090399,
              32.8386852
            ],
            [
              -117.0090516,
              32.8387088
            ],
            [
              -117.0090492,
              32.8387441
            ]
          ]
        ]
      },
      "properties": {
        "course_id": "carlton_oaks_santee",
        "course_name": "Carlton Oaks Golf Course",
        "hole_number": 11,
        "feature_type": "water",
        "name": "hole_11_water_2",
        "feature-color": "#2255cc",
        "is_approximate": true,
        "source": "osm",
        "@id": "4a84f668-ee6e-482b-970b-6debc3d1ccdf",
        "osm_id": 1126753564,
        "hazard_group": "1126753564"
      }
    },
    {
      "type": "Feature",
      "bbox": [
        -117.0090632,
        32.8386479,
        -117.0077837,
        32.8405156
      ],
      "geometry": {
        "type": "Polygon",
        "coordinates": [
          [
            [
              -117.0090492,
              32.8387441
            ],
            [
              -117.0090632,
              32.8394602
            ],
            [
              -117.0090632,
              32.8395661
            ],
            [
              -117.0090609,
              32.8395975
            ],
            [
              -117.0090422,
              32.839623
            ],
            [
              -117.0089932,
              32.8396779
            ],
            [
              -117.0085588,
              32.8401686
            ],
            [
              -117.0081126,
              32.8404043
            ],
            [
              -117.0079354,
              32.840498
            ],
            [
              -117.0078864,
              32.8405097
            ],
            [
              -117.007849,
              32.8405156
            ],
            [
              -117.0078233,
              32.8405039
            ],
            [
              -117.0077883,
              32.8404725
            ],
            [
              -117.0077837,
              32.840443
            ],
            [
              -117.0077907,
              32.8404058
            ],
            [
              -117.0078187,
              32.8403606
            ],
            [
              -117.0080685,
              32.8400232
            ],
            [
              -117.008204,
              32.8398839
            ],
            [
              -117.0082413,
              32.8398525
            ],
            [
              -117.0082903,
              32.8398211
            ],
            [
              -117.0083441,
              32.8397937
            ],
            [
              -117.0084188,
              32.8397741
            ],
            [
              -117.0084771,
              32.8397505
            ],
            [
              -117.0085682,
              32.8397113
            ],
            [
              -117.0086313,
              32.8396701
            ],
            [
              -117.0086826,
              32.8396328
            ],
            [
              -117.008713,
              32.8395916
            ],
            [
              -117.0087457,
              32.8395092
            ],
            [
              -117.0087457,
              32.8394405
            ],
            [
              -117.0087387,
              32.8393699
            ],
            [
              -117.0087293,
              32.8393307
            ],
            [
              -117.008727,
              32.8393032
            ],
            [
              -117.008734,
              32.8392483
            ],
            [
              -117.008769,
              32.8392051
            ],
            [
              -117.0088087,
              32.83916
            ],
            [
              -117.0088344,
              32.8391227
            ],
            [
              -117.0088624,
              32.8390462
            ],
            [
              -117.0089115,
              32.8389599
            ],
            [
              -117.0089115,
              32.8389206
            ],
            [
              -117.0089068,
              32.8388814
            ],
            [
              -117.0088858,
              32.8388363
            ],
            [
              -117.0088718,
              32.8387892
            ],
            [
              -117.0088718,
              32.8387441
            ],
            [
              -117.0088834,
              32.8387009
            ],
            [
              -117.0089185,
              32.8386617
            ],
            [
              -117.0089628,
              32.8386479
            ],
            [
              -117.0090095,
              32.8386597
            ],
            [
              -117.0090399,
              32.8386852
            ],
            [
              -117.0090516,
              32.8387088
            ],
            [
              -117.0090492,
              32.8387441
            ]
          ]
        ]
      },
      "properties": {
        "course_id": "carlton_oaks_santee",
        "course_name": "Carlton Oaks Golf Course",
        "hole_number": 12,
        "feature_type": "water",
        "name": "hole_12_water",
        "feature-color": "#2255cc",
        "is_approximate": true,
        "source": "osm",
        "@id": "26b00335-ee0f-437b-9d73-66095bc6a5d7",
        "osm_id": 1126753564,
        "hazard_group": "1126753564"
      }
    },
    {
      "type": "Feature",
      "bbox": [
        -117.0078476,
        32.8417147,
        -117.0065444,
        32.8421716
      ],
      "geometry": {
        "type": "Polygon",
        "coordinates": [
          [
            [
              -117.0076014,
              32.8419172
            ],
            [
              -117.0076888,
              32.8418728
            ],
            [
              -117.0077254,
              32.8418164
            ],
            [
              -117.0078476,
              32.8417546
            ],
            [
              -117.0077987,
              32.8417261
            ],
            [
              -117.0077526,
              32.8417147
            ],
            [
              -117.0075851,
              32.8417874
            ],
            [
              -117.0073697,
              32.8419103
            ],
            [
              -117.0072579,
              32.8419547
            ],
            [
              -117.0071908,
              32.8419735
            ],
            [
              -117.0071704,
              32.8419718
            ],
            [
              -117.0071054,
              32.8419411
            ],
            [
              -117.0070383,
              32.8419069
            ],
            [
              -117.0069814,
              32.8418762
            ],
            [
              -117.0069428,
              32.8418386
            ],
            [
              -117.006833,
              32.8418028
            ],
            [
              -117.0067476,
              32.8418335
            ],
            [
              -117.0065627,
              32.8418813
            ],
            [
              -117.0065444,
              32.8419411
            ],
            [
              -117.0065586,
              32.842006
            ],
            [
              -117.0066135,
              32.8420572
            ],
            [
              -117.0066968,
              32.8421221
            ],
            [
              -117.0067863,
              32.8421529
            ],
            [
              -117.006833,
              32.8421716
            ],
            [
              -117.0068938,
              32.8421633
            ],
            [
              -117.0069763,
              32.8421462
            ],
            [
              -117.0070424,
              32.8420999
            ],
            [
              -117.0071664,
              32.8420914
            ],
            [
              -117.0072558,
              32.8420709
            ],
            [
              -117.0073676,
              32.8420504
            ],
            [
              -117.0075282,
              32.8419582
            ],
            [
              -117.0076014,
              32.8419172
            ]
          ]
        ]
      },
      "properties": {
        "course_id": "carlton_oaks_santee",
        "course_name": "Carlton Oaks Golf Course",
        "hole_number": 18,
        "feature_type": "water",
        "name": "hole_18_water_2",
        "feature-color": "#2255cc",
        "is_approximate": true,
        "source": "osm",
        "@id": "92b15fad-467b-439d-b7f3-9886820eddfe",
        "osm_id": 1126753626,
        "hazard_group": "1126753626"
      }
    },
    {
      "type": "Feature",
      "bbox": [
        -117.02108591474394,
        32.83880838407468,
        -117.01973896975593,
        32.839842182411786
      ],
      "geometry": {
        "coordinates": [
          [
            [
              -117.02108591474394,
              32.83980302360321
            ],
            [
              -117.02092278991847,
              32.839611145191796
            ],
            [
              -117.02077830793002,
              32.839411434567666
            ],
            [
              -117.02058255813935,
              32.839219555309825
            ],
            [
              -117.02041943331386,
              32.83916864849803
            ],
            [
              -117.020219022814,
              32.839176480317434
            ],
            [
              -117.0201351300465,
              32.839160816678486
            ],
            [
              -117.02008386224423,
              32.8390511711296
            ],
            [
              -117.02010716579079,
              32.83895718912241
            ],
            [
              -117.02013979075568,
              32.83886712293925
            ],
            [
              -117.02005589798819,
              32.83880838407468
            ],
            [
              -117.01987879103487,
              32.83881230000007
            ],
            [
              -117.0197902375582,
              32.838914114002705
            ],
            [
              -117.01973896975593,
              32.839015927888525
            ],
            [
              -117.01987413032568,
              32.83919605986149
            ],
            [
              -117.02003259444163,
              32.83931353703875
            ],
            [
              -117.02026096919758,
              32.83945842534297
            ],
            [
              -117.02039146905815,
              32.839423182263545
            ],
            [
              -117.02050798679053,
              32.83943101406051
            ],
            [
              -117.02058721884852,
              32.839548490926205
            ],
            [
              -117.02081559360442,
              32.83974036947359
            ],
            [
              -117.02092745062764,
              32.83983043477082
            ],
            [
              -117.02101134339514,
              32.839842182411786
            ],
            [
              -117.02108591474394,
              32.83980302360321
            ]
          ]
        ],
        "type": "Polygon"
      },
      "properties": {
        "course_id": "",
        "course_name": "",
        "hole_number": 6,
        "feature_type": "water",
        "name": "hole_6_water",
        "feature-color": "#2255cc",
        "is_approximate": false,
        "source": "user_draw",
        "@id": "e9a38751-ef22-45bf-b83f-fb6c5afa4e54"
      }
    },
    {
      "type": "Feature",
      "bbox": [
        -117.0207777072167,
        32.83792760550956,
        -117.018542003806,
        32.83853784618687
      ],
      "geometry": {
        "coordinates": [
          [
            [
              -117.02074552070862,
              32.83853784618687
            ],
            [
              -117.0207777072167,
              32.83846798463638
            ],
            [
              -117.02057117712238,
              32.83841615183722
            ],
            [
              -117.02041560899949,
              32.83834178298564
            ],
            [
              -117.0202117611145,
              32.83828093569734
            ],
            [
              -117.01996499788527,
              32.83823135639453
            ],
            [
              -117.01963508617612,
              32.83819304509619
            ],
            [
              -117.01929444563123,
              32.83817726985097
            ],
            [
              -117.01896721613143,
              32.838093886364746
            ],
            [
              -117.01877267378117,
              32.83802225720571
            ],
            [
              -117.01866270321148,
              32.837972677758486
            ],
            [
              -117.01856614368685,
              32.83792760550956
            ],
            [
              -117.018542003806,
              32.838049300528866
            ],
            [
              -117.01872171180975,
              32.838094372716014
            ],
            [
              -117.01883972901553,
              32.83813268406779
            ],
            [
              -117.01905243857225,
              32.838188068641315
            ],
            [
              -117.01925360424829,
              32.83825342320276
            ],
            [
              -117.01950304968685,
              32.83827595924737
            ],
            [
              -117.01970153315398,
              32.838282720059766
            ],
            [
              -117.0199751184734,
              32.83829849528627
            ],
            [
              -117.02032648785445,
              32.83840666819279
            ],
            [
              -117.02074552070862,
              32.83853784618687
            ]
          ]
        ],
        "type": "Polygon"
      },
      "properties": {
        "course_id": "",
        "course_name": "",
        "hole_number": 7,
        "feature_type": "water",
        "name": "hole_7_water",
        "feature-color": "#2255cc",
        "is_approximate": false,
        "source": "user_draw",
        "@id": "a061961d-db8e-4fa0-b968-deae5f6cdbbd"
      }
    },
    {
      "type": "Feature",
      "bbox": [
        -117.01773230243762,
        32.837707539543786,
        -117.01432581022047,
        32.83931433932564
      ],
      "geometry": {
        "coordinates": [
          [
            [
              -117.01773230243762,
              32.83799553160786
            ],
            [
              -117.01769033150752,
              32.83783978091401
            ],
            [
              -117.01736155922057,
              32.837763374812695
            ],
            [
              -117.01678795650736,
              32.837707539543786
            ],
            [
              -117.01621085621674,
              32.837916186948746
            ],
            [
              -117.01584361057712,
              32.83810720174914
            ],
            [
              -117.0153224715268,
              32.83833054160941
            ],
            [
              -117.01482596380575,
              32.83867077349474
            ],
            [
              -117.01473852436763,
              32.838814768081164
            ],
            [
              -117.01458812853436,
              32.838967578407406
            ],
            [
              -117.01439576177097,
              32.83914389768799
            ],
            [
              -117.01432581022047,
              32.8392056093529
            ],
            [
              -117.01439576177097,
              32.83931433932564
            ],
            [
              -117.01459512368922,
              32.83922911854772
            ],
            [
              -117.01476650498805,
              32.83908218598012
            ],
            [
              -117.0147630074101,
              32.8389381918266
            ],
            [
              -117.01486443715844,
              32.83880889075586
            ],
            [
              -117.01506379907715,
              32.8386766508292
            ],
            [
              -117.01534360527864,
              32.838570858746564
            ],
            [
              -117.01553946961945,
              32.838559104063236
            ],
            [
              -117.01582289696864,
              32.83843709767055
            ],
            [
              -117.01596280006913,
              32.838334243980555
            ],
            [
              -117.0161516692551,
              32.83828428643116
            ],
            [
              -117.0163615239066,
              32.83829604115091
            ],
            [
              -117.0165678810146,
              32.83828428641448
            ],
            [
              -117.01692463392196,
              32.838196125964274
            ],
            [
              -117.01728138682881,
              32.83819024859797
            ],
            [
              -117.01754020756525,
              32.83807563987462
            ],
            [
              -117.01773230243762,
              32.83799553160786
            ]
          ]
        ],
        "type": "Polygon"
      },
      "properties": {
        "course_id": "",
        "course_name": "",
        "hole_number": 8,
        "feature_type": "water",
        "name": "hole_8_water",
        "feature-color": "#2255cc",
        "is_approximate": false,
        "source": "user_draw",
        "@id": "b5cf38c5-3ad6-4bd5-a174-98d0700eff28"
      }
    },
    {
      "type": "Feature",
      "bbox": [
        -117.01471773000705,
        32.83902403428783,
        -117.01040743287865,
        32.84041772259761
      ],
      "geometry": {
        "coordinates": [
          [
            [
              -117.01471773000705,
              32.83903168788339
            ],
            [
              -117.01454009900674,
              32.83902403428783
            ],
            [
              -117.01423949269753,
              32.839261295434824
            ],
            [
              -117.01369293577184,
              32.83947559528015
            ],
            [
              -117.01333767376968,
              32.83956743791387
            ],
            [
              -117.01295561552436,
              32.83974127525926
            ],
            [
              -117.01258503812379,
              32.839891326058506
            ],
            [
              -117.01226139887501,
              32.840027285062604
            ],
            [
              -117.01192494388854,
              32.84001198055408
            ],
            [
              -117.01162904514703,
              32.84003140325527
            ],
            [
              -117.01132532213961,
              32.84008536268354
            ],
            [
              -117.01105056221675,
              32.84012926613349
            ],
            [
              -117.01058634855929,
              32.84026333756397
            ],
            [
              -117.01040743287865,
              32.84034865564216
            ],
            [
              -117.01042677511421,
              32.84041772259761
            ],
            [
              -117.01081845538818,
              32.84026740033133
            ],
            [
              -117.01128750460477,
              32.84017395663231
            ],
            [
              -117.0118629361182,
              32.84010082671179
            ],
            [
              -117.01218691856715,
              32.84008863838626
            ],
            [
              -117.01248188766225,
              32.84006019895227
            ],
            [
              -117.01277525212348,
              32.83995141976152
            ],
            [
              -117.0131814390742,
              32.83974421764549
            ],
            [
              -117.01358279046578,
              32.83961827102456
            ],
            [
              -117.01407118191828,
              32.83946388460056
            ],
            [
              -117.01445802663311,
              32.83926074415943
            ],
            [
              -117.01471773000705,
              32.83903168788339
            ]
          ]
        ],
        "type": "Polygon"
      },
      "properties": {
        "course_id": "",
        "course_name": "",
        "hole_number": 9,
        "feature_type": "water",
        "name": "hole_9_water",
        "feature-color": "#2255cc",
        "is_approximate": false,
        "source": "user_draw",
        "@id": "a4c4ff49-cc69-4ac5-a15c-0fb1fe05ead8"
      }
    },
    {
      "type": "Feature",
      "bbox": [
        -117.01023478155132,
        32.840421423650724,
        -117.00943816630817,
        32.840842622306
      ],
      "geometry": {
        "coordinates": [
          [
            [
              -117.0095617790184,
              32.84080223348066
            ],
            [
              -117.00995321926689,
              32.84062336846071
            ],
            [
              -117.01023478155132,
              32.84051951118731
            ],
            [
              -117.01019357731474,
              32.840421423650724
            ],
            [
              -117.0095205747818,
              32.84067529705224
            ],
            [
              -117.00943816630817,
              32.84068683673473
            ],
            [
              -117.00947937054475,
              32.840842622306
            ],
            [
              -117.0095617790184,
              32.84080223348066
            ]
          ]
        ],
        "type": "Polygon"
      },
      "properties": {
        "course_id": "",
        "course_name": "",
        "hole_number": 10,
        "feature_type": "water",
        "name": "hole_10_water_2",
        "feature-color": "#2255cc",
        "is_approximate": false,
        "source": "user_draw",
        "@id": "8f721e91-92b4-4842-bf57-4f2d288ff5b6"
      }
    }
  ]
}