{"type":"FeatureCollection","features":[{"type":"Feature","bbox":[-121.0504869,39.0294163,-121.0503636,39.0295348],"geometry":{"type":"Polygon","coordinates":[[[-121.0504699,39.0294426],[-121.0504869,39.0294762],[-121.0504869,39.0295025],[-121.0504669,39.029524],[-121.0504468,39.0295348],[-121.050416,39.0295348],[-121.0503914,39.029524],[-121.050379,39.0294989],[-121.0503683,39.0294809],[-121.0503636,39.0294642],[-121.0503667,39.0294438],[-121.0503914,39.0294235],[-121.0504129,39.0294163],[-121.0504437,39.0294175],[-121.0504699,39.0294426]]]},"properties":{"course_id":"darkhorse_golf_club","course_name":"DarkHorse Golf Club","hole_number":9,"feature_type":"tee_box","name":"unassigned_tee_box","feature-color":"#8b7355","is_approximate":true,"source":"osm","@id":"398742c1-d102-4e62-a50b-a21ccd6a3c67","osm_id":693431749,"needs_hole_assignment":true}},{"type":"Feature","bbox":[-121.0503374,39.0291135,-121.0501033,39.029317],"geometry":{"type":"Polygon","coordinates":[[[-121.0503174,39.0292189],[-121.0503328,39.0292512],[-121.0503374,39.0292727],[-121.0503128,39.0293002],[-121.0502681,39.029317],[-121.0502312,39.0293086],[-121.0501957,39.0292954],[-121.0501618,39.0292631],[-121.0501372,39.0292368],[-121.0501172,39.0292081],[-121.0501033,39.0291842],[-121.0501064,39.0291638],[-121.050148,39.0291471],[-121.0501926,39.0291267],[-121.0502312,39.0291135],[-121.050245,39.0291171],[-121.0502774,39.0291626],[-121.0503174,39.0292189]]]},"properties":{"course_id":"darkhorse_golf_club","course_name":"DarkHorse Golf Club","hole_number":9,"feature_type":"tee_box","name":"unassigned_tee_box_2","feature-color":"#8b7355","is_approximate":true,"source":"osm","@id":"fc53cde8-71c1-4dfd-92d9-86322c69e16e","osm_id":693431750,"needs_hole_assignment":true}},{"type":"Feature","bbox":[-121.0502265,39.0289723,-121.0499831,39.0291411],"geometry":{"type":"Polygon","coordinates":[[[-121.0502265,39.0290812],[-121.0501926,39.029104],[-121.050131,39.0291291],[-121.0500848,39.0291411],[-121.0500447,39.0291303],[-121.0500278,39.0291052],[-121.0500016,39.0290705],[-121.0499831,39.0290429],[-121.0499862,39.0290274],[-121.0500186,39.0290082],[-121.0500694,39.0289843],[-121.0501079,39.0289723],[-121.0501464,39.0289735],[-121.0501788,39.0290046],[-121.0502065,39.0290382],[-121.0502265,39.0290812]]]},"properties":{"course_id":"darkhorse_golf_club","course_name":"DarkHorse Golf Club","hole_number":9,"feature_type":"tee_box","name":"unassigned_tee_box_3","feature-color":"#8b7355","is_approximate":true,"source":"osm","@id":"7f68142f-74b3-4f18-ac52-f8f30f393811","osm_id":693431751,"needs_hole_assignment":true}},{"type":"Feature","bbox":[-121.0497659,39.0287414,-121.0496519,39.0288539],"geometry":{"type":"Polygon","coordinates":[[[-121.0496519,39.0287653],[-121.0496642,39.0288096],[-121.0496873,39.0288443],[-121.0497212,39.0288539],[-121.0497567,39.0288443],[-121.0497659,39.0288251],[-121.0497582,39.0287928],[-121.0497428,39.0287665],[-121.0497212,39.028745],[-121.0496843,39.0287414],[-121.0496596,39.0287509],[-121.0496519,39.0287653]]]},"properties":{"course_id":"darkhorse_golf_club","course_name":"DarkHorse Golf Club","hole_number":9,"feature_type":"tee_box","name":"unassigned_tee_box_4","feature-color":"#8b7355","is_approximate":true,"source":"osm","@id":"7a0d04ae-88c5-4022-809a-040e5b5904be","osm_id":693431752,"needs_hole_assignment":true}},{"type":"Feature","bbox":[-121.0514969,39.027306,-121.0512909,39.0275678],"geometry":{"type":"Polygon","coordinates":[[[-121.0514169,39.0273202],[-121.0514359,39.0273345],[-121.0514599,39.0273532],[-121.0514779,39.027374],[-121.0514829,39.0273886],[-121.0514789,39.0274084],[-121.0514629,39.0274272],[-121.0514379,39.0274386],[-121.0514299,39.0274584],[-121.0514339,39.0274741],[-121.0514509,39.0274782],[-121.0514709,39.0274772],[-121.0514889,39.0274824],[-121.0514969,39.0274949],[-121.0514939,39.0275126],[-121.0514829,39.0275241],[-121.0514719,39.0275387],[-121.0514679,39.0275532],[-121.0514479,39.0275647],[-121.0514239,39.0275678],[-121.0513949,39.0275647],[-121.0513749,39.0275501],[-121.0513649,39.0275334],[-121.0513639,39.0275178],[-121.0513749,39.0275084],[-121.0513799,39.0274949],[-121.0513709,39.0274782],[-121.0513599,39.0274668],[-121.0513619,39.0274553],[-121.0513839,39.0274376],[-121.0513889,39.0274209],[-121.0513809,39.0274063],[-121.0513619,39.0274084],[-121.0513479,39.0274199],[-121.0513299,39.027423],[-121.0513059,39.0274162],[-121.0512929,39.027403],[-121.0512909,39.0273886],[-121.0512979,39.0273782],[-121.0513099,39.0273699],[-121.0513169,39.0273584],[-121.0513159,39.0273417],[-121.0513269,39.0273289],[-121.0513379,39.0273199],[-121.0513539,39.0273093],[-121.0513789,39.027306],[-121.0513989,39.0273118],[-121.0514169,39.0273202]]]},"properties":{"course_id":"darkhorse_golf_club","course_name":"DarkHorse Golf Club","hole_number":2,"feature_type":"bunker","name":"unassigned_bunker","feature-color":"#d4b483","is_approximate":true,"source":"osm","@id":"01e82064-34f1-4432-956c-878adeaf9fb6","osm_id":693431758,"needs_hole_assignment":true}},{"type":"Feature","bbox":[-121.0515073,39.0268845,-121.0513633,39.0270148],"geometry":{"type":"Polygon","coordinates":[[[-121.0514223,39.0269439],[-121.0514013,39.0269387],[-121.0513743,39.0269262],[-121.0513633,39.0269075],[-121.0513693,39.026897],[-121.0513863,39.0268877],[-121.0514053,39.0268845],[-121.0514333,39.0268929],[-121.0514583,39.0269022],[-121.0514853,39.0269165],[-121.0514963,39.0269325],[-121.0515073,39.0269481],[-121.0515033,39.0269648],[-121.0514923,39.0269752],[-121.0514803,39.0269825],[-121.0514813,39.0269939],[-121.0514763,39.0270085],[-121.0514603,39.0270137],[-121.0514383,39.0270148],[-121.0514213,39.0270075],[-121.0514053,39.0269918],[-121.0513903,39.0269814],[-121.0513873,39.0269689],[-121.0514033,39.0269627],[-121.0514213,39.0269554],[-121.0514223,39.0269439]]]},"properties":{"course_id":"darkhorse_golf_club","course_name":"DarkHorse Golf Club","hole_number":2,"feature_type":"bunker","name":"unassigned_bunker_2","feature-color":"#d4b483","is_approximate":true,"source":"osm","@id":"ef11f9b9-3b9e-4678-a4b5-6d16d7d1bde4","osm_id":693431759,"needs_hole_assignment":true}},{"type":"Feature","bbox":[-121.0514322,39.0266436,-121.0512889,39.0267717],"geometry":{"type":"Polygon","coordinates":[[[-121.0513179,39.0267175],[-121.0513052,39.026704],[-121.0512936,39.0266915],[-121.0512889,39.026678],[-121.0512959,39.0266655],[-121.0513099,39.0266478],[-121.0513249,39.0266436],[-121.0513409,39.0266436],[-121.0513689,39.0266509],[-121.0513869,39.0266613],[-121.0514079,39.0266718],[-121.0514149,39.0266863],[-121.0514159,39.026703],[-121.0514159,39.0267186],[-121.0514239,39.0267322],[-121.0514318,39.0267379],[-121.0514322,39.0267468],[-121.0514232,39.026754],[-121.0514068,39.0267603],[-121.0513895,39.0267681],[-121.0513728,39.0267717],[-121.0513572,39.0267707],[-121.0513449,39.0267676],[-121.0513346,39.0267624],[-121.0513259,39.0267384],[-121.0513179,39.0267175]]]},"properties":{"course_id":"darkhorse_golf_club","course_name":"DarkHorse Golf Club","hole_number":2,"feature_type":"bunker","name":"unassigned_bunker_3","feature-color":"#d4b483","is_approximate":true,"source":"osm","@id":"b5865b51-b134-4614-9511-3b8668ea94ad","osm_id":693431760,"needs_hole_assignment":true}},{"type":"Feature","bbox":[-121.0543473,39.0247781,-121.0539511,39.0251869],"geometry":{"type":"Polygon","coordinates":[[[-121.0540813,39.0251137],[-121.0540893,39.0251404],[-121.0540703,39.0251656],[-121.054054,39.0251803],[-121.054023,39.0251869],[-121.0539931,39.0251847],[-121.0539727,39.02518],[-121.0539611,39.0251674],[-121.0539511,39.0251489],[-121.0539533,39.0251319],[-121.0539683,39.0251226],[-121.0539874,39.0251093],[-121.0539933,39.0250884],[-121.0539993,39.0250661],[-121.0540163,39.0250543],[-121.0540353,39.0250483],[-121.0540533,39.0250424],[-121.0540643,39.0250305],[-121.0540813,39.025029],[-121.0540983,39.0250275],[-121.0541143,39.0250171],[-121.0541163,39.0250008],[-121.0541103,39.024983],[-121.0540933,39.0249667],[-121.0540913,39.0249533],[-121.0541023,39.024934],[-121.0541183,39.0249191],[-121.0541163,39.0249058],[-121.0541373,39.0248924],[-121.0541633,39.0248835],[-121.0541843,39.0248731],[-121.0542003,39.0248761],[-121.0542173,39.0248701],[-121.0542263,39.0248553],[-121.0542423,39.0248508],[-121.0542553,39.0248434],[-121.0542553,39.0248285],[-121.0542533,39.0248137],[-121.0542613,39.0247959],[-121.0542803,39.0247795],[-121.0543053,39.0247781],[-121.0543243,39.0247855],[-121.0543413,39.0247988],[-121.0543473,39.0248137],[-121.0543323,39.0248285],[-121.0543223,39.0248404],[-121.0543373,39.0248479],[-121.0543473,39.0248597],[-121.0543413,39.0248761],[-121.0543223,39.0248894],[-121.0543033,39.0249013],[-121.0542843,39.0249013],[-121.0542703,39.0248924],[-121.0542553,39.0248909],[-121.0542423,39.0248998],[-121.0542443,39.0249132],[-121.0542383,39.0249236],[-121.0542233,39.0249295],[-121.0542043,39.024931],[-121.0541793,39.024934],[-121.0541633,39.0249488],[-121.0541583,39.0249667],[-121.0541483,39.0249815],[-121.0541443,39.0249949],[-121.0541603,39.0250023],[-121.0541793,39.0250023],[-121.0541943,39.0249904],[-121.0541963,39.0249775],[-121.0542173,39.0249756],[-121.0542383,39.024986],[-121.0542473,39.0249964],[-121.0542553,39.0250097],[-121.0542513,39.0250231],[-121.0542403,39.0250379],[-121.0542253,39.0250513],[-121.0542053,39.0250587],[-121.0541863,39.0250647],[-121.0541693,39.0250751],[-121.0541483,39.025081],[-121.0541273,39.0250795],[-121.0541123,39.0250632],[-121.0540913,39.0250647],[-121.0540753,39.0250765],[-121.0540603,39.0250855],[-121.0540683,39.0250988],[-121.0540813,39.0251137]]]},"properties":{"course_id":"darkhorse_golf_club","course_name":"DarkHorse Golf Club","hole_number":3,"feature_type":"bunker","name":"hole_3_bunker","feature-color":"#d4b483","is_approximate":true,"source":"osm","@id":"4ed30f55-88e6-4f78-a14b-bbbbb2afd341","osm_id":704013127}},{"type":"Feature","bbox":[-121.0545956,39.0248741,-121.0542176,39.0252141],"geometry":{"type":"Polygon","coordinates":[[[-121.0544517,39.0248776],[-121.0545026,39.0249067],[-121.0545486,39.0249364],[-121.0545866,39.0249661],[-121.0545956,39.0249884],[-121.0545916,39.0250181],[-121.0545771,39.0250369],[-121.0545488,39.0250693],[-121.0545076,39.0250998],[-121.0544586,39.0251354],[-121.0544166,39.0251711],[-121.0543836,39.0251994],[-121.0543566,39.0252112],[-121.0543186,39.0252141],[-121.0542806,39.0252126],[-121.0542496,39.0251963],[-121.0542286,39.0251681],[-121.0542176,39.0251414],[-121.0542246,39.0251072],[-121.0542346,39.025082],[-121.0542516,39.0250567],[-121.0542806,39.025024],[-121.0542936,39.0249973],[-121.0543076,39.0249617],[-121.0543166,39.0249409],[-121.0543356,39.0249156],[-121.0543546,39.0248963],[-121.0543896,39.0248815],[-121.0544146,39.0248741],[-121.0544517,39.0248776]]]},"properties":{"course_id":"darkhorse_golf_club","course_name":"DarkHorse Golf Club","hole_number":3,"feature_type":"green","name":"hole_3_green","feature-color":"#2d6e2d","is_approximate":true,"source":"osm","@id":"75f400b0-b3ea-4383-b9a4-988edd35890f","osm_id":704013128}},{"type":"Feature","bbox":[-121.0554197,39.0266328,-121.0545643,39.0277564],"geometry":{"type":"Polygon","coordinates":[[[-121.0552454,39.0268538],[-121.0552454,39.0269098],[-121.0552534,39.0269549],[-121.0552755,39.0270156],[-121.0552915,39.0270934],[-121.0553015,39.0271619],[-121.0553175,39.0272102],[-121.0553095,39.0272537],[-121.0553316,39.0273004],[-121.0553696,39.0273409],[-121.0553977,39.0273954],[-121.0554137,39.0274701],[-121.0554197,39.0275105],[-121.0554097,39.0275541],[-121.0553816,39.0276163],[-121.0553456,39.0276739],[-121.0553075,39.0277097],[-121.0552815,39.0277331],[-121.0552434,39.0277533],[-121.0552114,39.0277564],[-121.0551533,39.0277502],[-121.0550952,39.0277408],[-121.0550451,39.0277253],[-121.054987,39.0277222],[-121.0549189,39.0277097],[-121.0548367,39.027691],[-121.0547906,39.0276786],[-121.0547406,39.027649],[-121.0547125,39.0276226],[-121.0546905,39.0275977],[-121.0546564,39.0276008],[-121.0546364,39.0276163],[-121.0546284,39.0276412],[-121.0546244,39.0276677],[-121.0546304,39.0276864],[-121.0546324,39.0277004],[-121.0545803,39.0276957],[-121.0545643,39.0276786],[-121.0545683,39.0276475],[-121.0545703,39.0276241],[-121.0545843,39.0275992],[-121.0546003,39.0275774],[-121.0546244,39.0275572],[-121.0546504,39.0275416],[-121.0546905,39.0275214],[-121.0547466,39.0274981],[-121.0547906,39.0274747],[-121.0548247,39.0274436],[-121.0548327,39.0274156],[-121.0548307,39.0273673],[-121.0548287,39.0273378],[-121.0548267,39.027316],[-121.0548287,39.0272786],[-121.0548207,39.0272226],[-121.0548047,39.0271806],[-121.0547706,39.0271557],[-121.0547386,39.0271199],[-121.0547065,39.0270608],[-121.0546865,39.0270141],[-121.0546765,39.0269565],[-121.0546704,39.0268989],[-121.0546845,39.0268662],[-121.0547145,39.0268258],[-121.0547506,39.0267853],[-121.0547906,39.026751],[-121.0548548,39.0267153],[-121.0549068,39.0266872],[-121.0549489,39.0266732],[-121.054997,39.0266701],[-121.0550131,39.0266625],[-121.0550331,39.026653],[-121.0550511,39.0266328],[-121.0550891,39.0266406],[-121.055099,39.0266554],[-121.0551252,39.026695],[-121.0551693,39.0267495],[-121.0552234,39.0267993],[-121.0552454,39.0268538]]]},"properties":{"course_id":"darkhorse_golf_club","course_name":"DarkHorse Golf Club","hole_number":7,"feature_type":"water","name":"hole_7_water","feature-color":"#2255cc","is_approximate":true,"source":"osm","@id":"7bc534d2-d71a-4fc9-b399-69bcaee4e0a8","osm_id":704018454}},{"type":"Feature","bbox":[-121.0546531,39.0229137,-121.0544671,39.023101],"geometry":{"type":"Polygon","coordinates":[[[-121.0544701,39.0230845],[-121.0544681,39.0230715],[-121.0544731,39.0230577],[-121.0544731,39.0230446],[-121.0544681,39.0230368],[-121.0544671,39.0230256],[-121.0544741,39.0230195],[-121.0544871,39.0230212],[-121.0545061,39.0230212],[-121.0545211,39.023016],[-121.0545341,39.0230082],[-121.0545341,39.0229987],[-121.0545211,39.0229961],[-121.0545011,39.0229935],[-121.0544851,39.0229883],[-121.0544731,39.0229796],[-121.0544681,39.0229657],[-121.0544711,39.0229527],[-121.0544821,39.0229415],[-121.0544961,39.0229371],[-121.0545121,39.022938],[-121.0545351,39.0229484],[-121.0545471,39.022951],[-121.0545571,39.0229423],[-121.0545631,39.0229293],[-121.0545731,39.022918],[-121.0545921,39.0229146],[-121.0546081,39.0229137],[-121.0546261,39.0229198],[-121.0546451,39.0229302],[-121.0546531,39.0229423],[-121.0546491,39.0229571],[-121.0546441,39.0229701],[-121.0546491,39.0229787],[-121.0546461,39.0229874],[-121.0546341,39.0230022],[-121.0546281,39.023016],[-121.0546211,39.0230282],[-121.0546071,39.0230386],[-121.0545911,39.0230498],[-121.0545751,39.0230594],[-121.0545671,39.0230672],[-121.0545581,39.0230837],[-121.0545501,39.0230932],[-121.0545341,39.0230975],[-121.0545151,39.0231001],[-121.0544981,39.023101],[-121.0544811,39.0230958],[-121.0544701,39.0230845]]]},"properties":{"course_id":"darkhorse_golf_club","course_name":"DarkHorse Golf Club","hole_number":4,"feature_type":"bunker","name":"hole_4_bunker","feature-color":"#d4b483","is_approximate":true,"source":"osm","@id":"ee61e0f3-c336-4404-9b2b-68abdc8eac7b","osm_id":705264323}},{"type":"Feature","bbox":[-121.0547014,39.0215599,-121.0544984,39.0217169],"geometry":{"type":"Polygon","coordinates":[[[-121.0545487,39.0217132],[-121.0545254,39.0216974],[-121.0545024,39.0216796],[-121.0544984,39.0216701],[-121.0545054,39.0216597],[-121.0545184,39.021651],[-121.0545284,39.0216458],[-121.0545404,39.0216492],[-121.0545594,39.0216544],[-121.0545744,39.0216614],[-121.0545884,39.0216675],[-121.0545994,39.0216657],[-121.0546034,39.021657],[-121.0546004,39.0216466],[-121.0545914,39.0216215],[-121.0545814,39.0216007],[-121.0545744,39.0215833],[-121.0545794,39.0215695],[-121.0545924,39.0215634],[-121.0546034,39.021566],[-121.0546124,39.0215712],[-121.0546224,39.0215747],[-121.0546344,39.0215747],[-121.0546434,39.021566],[-121.0546514,39.0215599],[-121.0546684,39.0215617],[-121.0546854,39.0215703],[-121.0546954,39.0215773],[-121.0547014,39.0215911],[-121.0547014,39.0216076],[-121.0546964,39.0216284],[-121.0546884,39.0216458],[-121.0546814,39.0216588],[-121.0546694,39.0216701],[-121.0546574,39.0216787],[-121.0546534,39.0216891],[-121.0546504,39.0217004],[-121.0546404,39.0217047],[-121.054624,39.0217086],[-121.0546064,39.021712],[-121.054591,39.0217148],[-121.0545754,39.0217169],[-121.0545487,39.0217132]]]},"properties":{"course_id":"darkhorse_golf_club","course_name":"DarkHorse Golf Club","hole_number":4,"feature_type":"bunker","name":"hole_4_bunker_2","feature-color":"#d4b483","is_approximate":true,"source":"osm","@id":"0305356b-8bdd-46d1-a772-360e1932f32c","osm_id":705264324}},{"type":"Feature","bbox":[-121.0548528,39.0206741,-121.0546838,39.0208363],"geometry":{"type":"Polygon","coordinates":[[[-121.0547668,39.0207318],[-121.0547548,39.0207233],[-121.0547458,39.0207095],[-121.0547474,39.0206986],[-121.0547481,39.0206862],[-121.054755,39.0206762],[-121.054766,39.0206742],[-121.0547783,39.0206741],[-121.054791,39.0206783],[-121.0548038,39.0206858],[-121.0548148,39.0206901],[-121.0548248,39.0206962],[-121.0548278,39.0207066],[-121.0548319,39.0207179],[-121.0548398,39.0207318],[-121.0548398,39.020743],[-121.0548398,39.0207543],[-121.0548418,39.0207673],[-121.0548478,39.0207751],[-121.0548528,39.0207847],[-121.0548508,39.0207951],[-121.0548398,39.0208107],[-121.0548228,39.0208237],[-121.0548028,39.0208332],[-121.0547838,39.0208345],[-121.0547661,39.0208363],[-121.0547494,39.020835],[-121.0547348,39.0208318],[-121.0547177,39.0208305],[-121.054704,39.0208265],[-121.0546904,39.0208206],[-121.0546842,39.020815],[-121.0546838,39.0208053],[-121.0546847,39.0207966],[-121.0546909,39.0207853],[-121.0546948,39.0207795],[-121.0547088,39.0207734],[-121.0547208,39.0207734],[-121.0547316,39.0207727],[-121.0547428,39.0207735],[-121.0547518,39.0207795],[-121.0547538,39.0207864],[-121.0547542,39.0207978],[-121.0547697,39.0208013],[-121.0547798,39.0207951],[-121.0547828,39.0207838],[-121.0547814,39.0207743],[-121.0547848,39.0207491],[-121.0547818,39.0207378],[-121.0547668,39.0207318]]]},"properties":{"course_id":"darkhorse_golf_club","course_name":"DarkHorse Golf Club","hole_number":4,"feature_type":"bunker","name":"hole_4_bunker_3","feature-color":"#d4b483","is_approximate":true,"source":"osm","@id":"aac0e648-997d-4a36-adf0-3c24f33afb03","osm_id":705264325}},{"type":"Feature","bbox":[-121.0548309,39.0208769,-121.0546194,39.0209838],"geometry":{"type":"Polygon","coordinates":[[[-121.0546779,39.0209055],[-121.0546859,39.0209141],[-121.0546969,39.0209219],[-121.0547029,39.0209297],[-121.0547025,39.020939],[-121.0547137,39.0209448],[-121.0547283,39.0209374],[-121.0547329,39.0209297],[-121.0547439,39.0209306],[-121.0547621,39.020927],[-121.0547645,39.0209133],[-121.0547536,39.0209014],[-121.0547514,39.0208869],[-121.0547609,39.0208795],[-121.0547779,39.0208769],[-121.0547969,39.0208777],[-121.0548139,39.0208855],[-121.0548259,39.0209003],[-121.0548309,39.0209159],[-121.0548239,39.0209376],[-121.0548088,39.0209529],[-121.0547986,39.0209612],[-121.054789,39.0209661],[-121.0547732,39.0209669],[-121.054762,39.0209689],[-121.054745,39.0209747],[-121.0547218,39.0209776],[-121.0546983,39.0209822],[-121.0546802,39.0209838],[-121.0546657,39.0209812],[-121.0546577,39.0209749],[-121.0546539,39.0209636],[-121.0546449,39.0209558],[-121.0546346,39.0209489],[-121.0546259,39.0209384],[-121.0546204,39.020929],[-121.0546194,39.0209167],[-121.0546209,39.0209089],[-121.0546299,39.0209029],[-121.0546479,39.0208959],[-121.0546649,39.0208994],[-121.0546779,39.0209055]]]},"properties":{"course_id":"darkhorse_golf_club","course_name":"DarkHorse Golf Club","hole_number":4,"feature_type":"bunker","name":"hole_4_bunker_4","feature-color":"#d4b483","is_approximate":true,"source":"osm","@id":"caab0b56-a938-4044-b187-e02eab365377","osm_id":705264326}},{"type":"Feature","bbox":[-121.0553538,39.0230306,-121.0546645,39.0242257],"geometry":{"type":"Polygon","coordinates":[[[-121.0552416,39.0236791],[-121.0552163,39.0236717],[-121.055191,39.0236619],[-121.0551673,39.0236644],[-121.0551483,39.0237037],[-121.0551246,39.0237553],[-121.0550977,39.0238007],[-121.055074,39.0238498],[-121.0550629,39.0239174],[-121.0550487,39.0239837],[-121.0550281,39.0240525],[-121.0550076,39.0240967],[-121.0549728,39.024152],[-121.0549349,39.0241888],[-121.0549032,39.0242122],[-121.0548748,39.024222],[-121.0548273,39.0242257],[-121.0547847,39.0242122],[-121.054742,39.0241778],[-121.0547135,39.0241446],[-121.0546851,39.0241016],[-121.054674,39.0240636],[-121.0546645,39.0240022],[-121.0546692,39.0239444],[-121.054674,39.0238916],[-121.0546882,39.0238584],[-121.0546914,39.0238241],[-121.0546977,39.0238019],[-121.0547214,39.0237688],[-121.0547768,39.0237197],[-121.0548353,39.0236717],[-121.0548748,39.0236484],[-121.054889,39.0236251],[-121.0548843,39.0235649],[-121.0548732,39.0234691],[-121.0548716,39.0233978],[-121.0548843,39.0233303],[-121.0549032,39.0232652],[-121.054927,39.0232136],[-121.0549522,39.0231804],[-121.0549712,39.0231485],[-121.0549981,39.0231092],[-121.0549981,39.0230748],[-121.0549934,39.0230478],[-121.0550803,39.0230306],[-121.055093,39.0230699],[-121.0551183,39.0231006],[-121.0551356,39.0231227],[-121.0551752,39.0231436],[-121.0552258,39.0231804],[-121.0552716,39.0232075],[-121.0553111,39.0232394],[-121.0553349,39.0232996],[-121.0553538,39.0233696],[-121.0553475,39.0234064],[-121.0553301,39.0234617],[-121.0553143,39.0234973],[-121.0552843,39.0235379],[-121.055259,39.0235661],[-121.0552305,39.0235981],[-121.0552036,39.0236116],[-121.0551878,39.0236226],[-121.0552669,39.0236558],[-121.0552416,39.0236791]]]},"properties":{"course_id":"darkhorse_golf_club","course_name":"DarkHorse Golf Club","hole_number":4,"feature_type":"water","name":"hole_4_water","feature-color":"#2255cc","is_approximate":true,"source":"osm","@id":"a3442d98-2fe7-445b-959d-474b645fd999","osm_id":705268459}},{"type":"Feature","bbox":[-121.0561575,39.0206296,-121.0551645,39.021424],"geometry":{"type":"Polygon","coordinates":[[[-121.0553649,39.021424],[-121.0553981,39.0213975],[-121.0554498,39.0213626],[-121.0555329,39.0213399],[-121.0556115,39.021305],[-121.0556655,39.0212684],[-121.0557126,39.0212213],[-121.0557306,39.0211706],[-121.0557373,39.0211061],[-121.0557396,39.0210589],[-121.0557396,39.0210275],[-121.0557958,39.0209839],[-121.0558811,39.0209385],[-121.0559306,39.0209053],[-121.0560429,39.0208547],[-121.0561125,39.0208059],[-121.0561575,39.0207622],[-121.0561305,39.0207483],[-121.0560586,39.0208128],[-121.0560249,39.0208373],[-121.0559193,39.0208896],[-121.0558699,39.0209141],[-121.0557913,39.020956],[-121.0557171,39.0210118],[-121.0556789,39.0210537],[-121.0556565,39.021127],[-121.0556407,39.0211951],[-121.0556048,39.02123],[-121.0555486,39.021244],[-121.0555037,39.021223],[-121.0554812,39.0211986],[-121.0554723,39.0211584],[-121.055479,39.0211165],[-121.055488,39.0210747],[-121.0554947,39.0210275],[-121.0554925,39.0209821],[-121.0554812,39.0209211],[-121.0554633,39.0208757],[-121.055452,39.020839],[-121.05547,39.0207919],[-121.0554678,39.0207273],[-121.0554453,39.0206819],[-121.0554161,39.0206505],[-121.0553644,39.0206505],[-121.0553083,39.0206645],[-121.0552633,39.0206558],[-121.0552296,39.0206296],[-121.0552094,39.0206296],[-121.0551735,39.0206523],[-121.055178,39.0206924],[-121.055178,39.0207518],[-121.0551735,39.0207849],[-121.0551645,39.0208251],[-121.0552004,39.0208704],[-121.0552341,39.0209664],[-121.0552431,39.0210432],[-121.0552521,39.0210956],[-121.0552566,39.0211619],[-121.0552543,39.0212841],[-121.0552454,39.0213644],[-121.0552479,39.0214141],[-121.0553649,39.021424]]]},"properties":{"course_id":"darkhorse_golf_club","course_name":"DarkHorse Golf Club","hole_number":5,"feature_type":"water","name":"hole_5_water","feature-color":"#2255cc","is_approximate":true,"source":"osm","@id":"8079511f-2436-4784-a8b7-978f55bf050b","osm_id":705268461}},{"type":"Feature","bbox":[-121.0572448,39.0236316,-121.0547938,39.0250086],"geometry":{"type":"Polygon","coordinates":[[[-121.0564383,39.0243594],[-121.0563596,39.0243768],[-121.056272,39.0244327],[-121.0561687,39.0244868],[-121.0560968,39.0245234],[-121.0560249,39.0245322],[-121.0559418,39.0245932],[-121.0558654,39.0246282],[-121.0557643,39.0246508],[-121.0557104,39.0246875],[-121.055652,39.0247521],[-121.055607,39.0248742],[-121.0555689,39.0249248],[-121.0555172,39.0249755],[-121.0554318,39.0250086],[-121.0553824,39.0250016],[-121.0553038,39.0249737],[-121.0552543,39.0249179],[-121.0552049,39.0248934],[-121.0551038,39.0248428],[-121.0550432,39.0248236],[-121.0549488,39.0248166],[-121.0548522,39.0247905],[-121.0548163,39.0247503],[-121.0547938,39.0246962],[-121.0548028,39.0246508],[-121.0548747,39.0245601],[-121.0549106,39.0244938],[-121.0549174,39.0244397],[-121.0549308,39.0243821],[-121.0549488,39.0243123],[-121.0550005,39.0242547],[-121.0550769,39.0241848],[-121.0551195,39.0240784],[-121.0551308,39.0240435],[-121.0551398,39.0239649],[-121.0551555,39.0238689],[-121.0551735,39.0238009],[-121.0552094,39.0237642],[-121.0552633,39.0237415],[-121.055297,39.0237223],[-121.0552416,39.0236791],[-121.0552669,39.0236558],[-121.0553128,39.0236857],[-121.055342,39.0236839],[-121.0554116,39.0236892],[-121.0554678,39.0237468],[-121.055506,39.0238166],[-121.0555284,39.0238934],[-121.0555509,39.0239911],[-121.0555891,39.0241133],[-121.0556138,39.0242075],[-121.0556363,39.0242913],[-121.0556587,39.0243437],[-121.0557081,39.0243768],[-121.0557598,39.0243943],[-121.0558317,39.0244048],[-121.0558991,39.024403],[-121.0559935,39.0243856],[-121.0560743,39.0243594],[-121.056117,39.0243384],[-121.0561507,39.024314],[-121.0562001,39.0242459],[-121.0562428,39.0242128],[-121.0562855,39.0241831],[-121.0563237,39.0241552],[-121.0563933,39.024129],[-121.0564203,39.0241133],[-121.0564428,39.0240871],[-121.0564495,39.0240505],[-121.056454,39.0240138],[-121.0564989,39.0239929],[-121.0565259,39.0239649],[-121.0565439,39.02393],[-121.0565573,39.0238899],[-121.0565618,39.023848],[-121.0565663,39.0238166],[-121.0566,39.0237799],[-121.0566292,39.0237188],[-121.0566629,39.023663],[-121.0567124,39.0236316],[-121.0567797,39.0236351],[-121.0568539,39.023649],[-121.0569258,39.0236647],[-121.0569864,39.023677],[-121.0570314,39.0236979],[-121.0570538,39.0237346],[-121.0570583,39.0237939],[-121.0570988,39.0238759],[-121.0571325,39.0239143],[-121.0571639,39.0239335],[-121.0571976,39.0239457],[-121.0572291,39.0239545],[-121.0572448,39.0239754],[-121.0572111,39.0240121],[-121.0571774,39.0240435],[-121.0571212,39.0240766],[-121.0570875,39.0240976],[-121.0570381,39.024129],[-121.0569752,39.0241517],[-121.0569078,39.0241552],[-121.0568516,39.0241464],[-121.0567663,39.0241587],[-121.0566719,39.0242023],[-121.0565843,39.0242564],[-121.0565394,39.0242948],[-121.0564383,39.0243594]]]},"properties":{"course_id":"darkhorse_golf_club","course_name":"DarkHorse Golf Club","hole_number":5,"feature_type":"water","name":"hole_5_water_2","feature-color":"#2255cc","is_approximate":true,"source":"osm","@id":"9c0a141e-6a19-416a-ad95-381b9f02d5b6","osm_id":705268462}},{"type":"Feature","bbox":[-121.0573818,39.0235234,-121.0571639,39.0239754],"geometry":{"type":"Polygon","coordinates":[[[-121.0572448,39.0239754],[-121.0572583,39.0239422],[-121.0572695,39.0239213],[-121.0573054,39.0238951],[-121.0573369,39.0238689],[-121.0573504,39.0238236],[-121.0573369,39.0237922],[-121.0573369,39.0237607],[-121.0573571,39.0237293],[-121.0573526,39.0237066],[-121.0573459,39.023677],[-121.0573549,39.0236595],[-121.0573751,39.0236333],[-121.0573818,39.0236054],[-121.0573661,39.0235775],[-121.0573346,39.02356],[-121.0573009,39.0235408],[-121.0572717,39.0235304],[-121.0572448,39.0235234],[-121.057238,39.0235443],[-121.0572897,39.0235653],[-121.0573324,39.0235845],[-121.0573459,39.0236002],[-121.0573436,39.0236211],[-121.0573279,39.0236351],[-121.0572965,39.0236508],[-121.0572717,39.02367],[-121.0572762,39.0236874],[-121.0572942,39.0237049],[-121.0573077,39.0237188],[-121.0573054,39.0237433],[-121.0572965,39.023766],[-121.0573009,39.0237869],[-121.0573032,39.0238061],[-121.0573099,39.0238323],[-121.0572875,39.023855],[-121.0572695,39.0238742],[-121.0572628,39.0239039],[-121.0572448,39.0239161],[-121.0572156,39.023923],[-121.0571639,39.0239335],[-121.0571976,39.0239457],[-121.0572291,39.0239545],[-121.0572448,39.0239754]]]},"properties":{"course_id":"darkhorse_golf_club","course_name":"DarkHorse Golf Club","hole_number":6,"feature_type":"water","name":"hole_6_water","feature-color":"#2255cc","is_approximate":true,"source":"osm","@id":"692730b5-80d4-4b9e-b9f0-364ca639838f","osm_id":705268463}},{"type":"Feature","bbox":[-121.055133,39.0204219,-121.0548008,39.0207971],"geometry":{"type":"Polygon","coordinates":[[[-121.0551061,39.0207971],[-121.055133,39.0207308],[-121.0551285,39.0206418],[-121.0551285,39.020579],[-121.055124,39.0205161],[-121.0551061,39.0204847],[-121.0550611,39.0204515],[-121.0550072,39.0204323],[-121.0549398,39.0204219],[-121.0548702,39.0204376],[-121.0548297,39.0204673],[-121.0548008,39.0204944],[-121.0548012,39.020538],[-121.0548042,39.0205839],[-121.0548192,39.0206098],[-121.0548439,39.0206312],[-121.0549217,39.020652],[-121.0549616,39.0206739],[-121.0550274,39.0207326],[-121.0551061,39.0207971]]]},"properties":{"course_id":"darkhorse_golf_club","course_name":"DarkHorse Golf Club","hole_number":5,"feature_type":"water","name":"hole_5_water_3","feature-color":"#2255cc","is_approximate":true,"source":"osm","@id":"18d0788d-bde9-4256-ac6e-1c48b90acd76","osm_id":705273920}},{"type":"Feature","bbox":[-121.0560254,39.0224948,-121.0558784,39.0226584],"geometry":{"type":"Polygon","coordinates":[[[-121.0559894,39.0226077],[-121.0560074,39.022618],[-121.0560154,39.0226284],[-121.0560114,39.0226397],[-121.0559974,39.0226501],[-121.0559854,39.0226584],[-121.0559694,39.0226563],[-121.0559504,39.0226439],[-121.0559424,39.0226304],[-121.0559314,39.0226284],[-121.0559174,39.0226284],[-121.0559034,39.0226253],[-121.0558974,39.0226108],[-121.0558914,39.0225973],[-121.0558824,39.0225849],[-121.0558784,39.0225683],[-121.0558824,39.0225528],[-121.0558904,39.0225435],[-121.0559064,39.0225393],[-121.0559234,39.0225362],[-121.0559394,39.0225341],[-121.0559514,39.0225259],[-121.0559584,39.0225103],[-121.0559674,39.022501],[-121.0559824,39.0224958],[-121.0559984,39.0224948],[-121.0560134,39.0225],[-121.0560224,39.0225124],[-121.0560224,39.0225279],[-121.0560234,39.0225466],[-121.0560254,39.0225611],[-121.0560194,39.0225714],[-121.0560024,39.0225776],[-121.0559894,39.0225859],[-121.0559854,39.0225952],[-121.0559894,39.0226077]]]},"properties":{"course_id":"darkhorse_golf_club","course_name":"DarkHorse Golf Club","hole_number":5,"feature_type":"bunker","name":"hole_5_bunker","feature-color":"#d4b483","is_approximate":true,"source":"osm","@id":"2b168bd5-20dd-419f-8397-1c25cdf48748","osm_id":705273922}},{"type":"Feature","bbox":[-121.0561238,39.022358,-121.0559868,39.0224916],"geometry":{"type":"Polygon","coordinates":[[[-121.0561168,39.022475],[-121.0561048,39.0224885],[-121.0560848,39.0224916],[-121.0560668,39.0224874],[-121.0560468,39.0224792],[-121.0560318,39.0224781],[-121.0560108,39.022474],[-121.0559888,39.0224585],[-121.0559868,39.0224398],[-121.0559908,39.0224201],[-121.0559908,39.0223963],[-121.0559948,39.0223756],[-121.0559998,39.0223632],[-121.0560168,39.022358],[-121.0560438,39.0223591],[-121.0560568,39.0223642],[-121.0560688,39.0223694],[-121.0560728,39.0223818],[-121.0560708,39.0223943],[-121.0560668,39.0224036],[-121.0560688,39.022416],[-121.0560788,39.0224253],[-121.0560968,39.0224284],[-121.0561158,39.0224398],[-121.0561238,39.0224553],[-121.0561168,39.022475]]]},"properties":{"course_id":"darkhorse_golf_club","course_name":"DarkHorse Golf Club","hole_number":5,"feature_type":"bunker","name":"hole_5_bunker_2","feature-color":"#d4b483","is_approximate":true,"source":"osm","@id":"1c1f41ad-05f9-4efd-8b2f-f98b62be36d8","osm_id":705273923}},{"type":"Feature","bbox":[-121.0554954,39.0221676,-121.0552144,39.0226894],"geometry":{"type":"Polygon","coordinates":[[[-121.0553164,39.0226159],[-121.0553254,39.0226242],[-121.0553404,39.0226221],[-121.0553504,39.0226138],[-121.0553664,39.0226076],[-121.0553814,39.0226128],[-121.0553864,39.0226262],[-121.0553884,39.0226387],[-121.0553864,39.0226511],[-121.0553774,39.0226573],[-121.0553624,39.0226635],[-121.0553464,39.0226676],[-121.0553344,39.0226718],[-121.0553224,39.0226801],[-121.0553124,39.0226873],[-121.0552944,39.0226894],[-121.0552744,39.0226852],[-121.0552604,39.0226697],[-121.0552384,39.0226552],[-121.0552204,39.0226438],[-121.0552144,39.0226293],[-121.0552184,39.0226055],[-121.0552304,39.0225921],[-121.0552414,39.0225796],[-121.0552494,39.0225662],[-121.0552584,39.0225486],[-121.0552684,39.022533],[-121.0552604,39.0225123],[-121.0552584,39.0224916],[-121.0552744,39.0224761],[-121.0552854,39.0224637],[-121.0552854,39.0224523],[-121.0552744,39.0224347],[-121.0552684,39.0224098],[-121.0552694,39.022385],[-121.0552854,39.0223633],[-121.0553044,39.0223488],[-121.0553144,39.0223394],[-121.0553254,39.0223105],[-121.0553294,39.0222856],[-121.0553254,39.0222659],[-121.0553254,39.0222432],[-121.0553374,39.0222328],[-121.0553534,39.0222204],[-121.0553654,39.0221986],[-121.0553724,39.022181],[-121.0553924,39.0221686],[-121.0554214,39.0221676],[-121.0554414,39.0221748],[-121.0554524,39.0221883],[-121.0554524,39.0222017],[-121.0554534,39.0222142],[-121.0554534,39.0222276],[-121.0554524,39.0222442],[-121.0554624,39.0222566],[-121.0554614,39.022267],[-121.0554534,39.0222794],[-121.0554294,39.0222897],[-121.0554094,39.0223053],[-121.0554054,39.0223167],[-121.0554054,39.0223301],[-121.0554134,39.0223374],[-121.0554284,39.0223353],[-121.0554404,39.0223249],[-121.0554494,39.0223177],[-121.0554664,39.0223146],[-121.0554794,39.0223239],[-121.0554914,39.0223363],[-121.0554954,39.0223488],[-121.0554894,39.0223622],[-121.0554744,39.0223746],[-121.0554584,39.022385],[-121.0554524,39.0224005],[-121.0554454,39.0224181],[-121.0554334,39.0224306],[-121.0554184,39.0224326],[-121.0554024,39.0224409],[-121.0553884,39.0224595],[-121.0553804,39.0224865],[-121.0553804,39.022502],[-121.0553964,39.0225123],[-121.0554084,39.0225217],[-121.0554094,39.0225351],[-121.0554014,39.0225486],[-121.0553854,39.0225558],[-121.0553724,39.0225589],[-121.0553524,39.0225589],[-121.0553344,39.0225641],[-121.0553214,39.0225745],[-121.0553204,39.0225921],[-121.0553164,39.0226159]]]},"properties":{"course_id":"darkhorse_golf_club","course_name":"DarkHorse Golf Club","hole_number":5,"feature_type":"bunker","name":"hole_5_bunker_3","feature-color":"#d4b483","is_approximate":true,"source":"osm","@id":"7f60780e-b51b-4017-8f98-7754f287aa72","osm_id":705273924}},{"type":"Feature","bbox":[-121.0560939,39.0237825,-121.0558839,39.0239191],"geometry":{"type":"Polygon","coordinates":[[[-121.0560609,39.0239109],[-121.0560479,39.0239171],[-121.0560339,39.0239191],[-121.0560159,39.023914],[-121.0559999,39.0239036],[-121.0559979,39.0238881],[-121.0559999,39.0238715],[-121.0560009,39.0238529],[-121.0559919,39.0238425],[-121.0559769,39.0238384],[-121.0559579,39.0238353],[-121.0559439,39.0238332],[-121.0559359,39.0238425],[-121.0559409,39.0238529],[-121.0559559,39.0238622],[-121.0559683,39.0238754],[-121.0559599,39.0238922],[-121.0559399,39.0238984],[-121.0559209,39.0238984],[-121.0558979,39.0238829],[-121.0558839,39.0238643],[-121.0558899,39.0238456],[-121.0558959,39.0238322],[-121.0558969,39.0238187],[-121.055895,39.0238053],[-121.0559089,39.023798],[-121.0559289,39.0237928],[-121.0559439,39.0237908],[-121.0559609,39.0237866],[-121.0559779,39.0237825],[-121.0560009,39.0237845],[-121.0560179,39.0237877],[-121.0560339,39.0237959],[-121.0560459,39.0238073],[-121.0560519,39.0238187],[-121.0560489,39.023828],[-121.0560459,39.0238373],[-121.0560569,39.0238415],[-121.0560719,39.0238467],[-121.0560849,39.023856],[-121.0560929,39.0238674],[-121.0560939,39.0238808],[-121.0560919,39.0238943],[-121.0560799,39.0239046],[-121.0560609,39.0239109]]]},"properties":{"course_id":"darkhorse_golf_club","course_name":"DarkHorse Golf Club","hole_number":5,"feature_type":"bunker","name":"hole_5_bunker_4","feature-color":"#d4b483","is_approximate":true,"source":"osm","@id":"ddb05f77-3036-46ca-88b2-23cdb78cde43","osm_id":705273925}},{"type":"Feature","bbox":[-121.0562814,39.0238856,-121.0560981,39.0240875],"geometry":{"type":"Polygon","coordinates":[[[-121.0562194,39.0240699],[-121.0562014,39.0240772],[-121.0561814,39.0240803],[-121.0561674,39.0240854],[-121.0561474,39.0240875],[-121.0561264,39.0240823],[-121.0561082,39.0240658],[-121.0560981,39.0240501],[-121.0561024,39.0240275],[-121.0561174,39.0240202],[-121.0561344,39.0240254],[-121.0561424,39.0240337],[-121.0561544,39.0240399],[-121.0561674,39.0240409],[-121.0561814,39.0240337],[-121.0561814,39.0240244],[-121.0561754,39.024015],[-121.0561864,39.0240057],[-121.0561854,39.0239954],[-121.0561744,39.023985],[-121.0561584,39.0239767],[-121.0561424,39.0239633],[-121.0561354,39.0239467],[-121.0561414,39.023927],[-121.0561624,39.0239094],[-121.0561864,39.023897],[-121.0562014,39.0238887],[-121.0562184,39.0238856],[-121.0562344,39.023896],[-121.0562384,39.0239125],[-121.0562464,39.023926],[-121.0562504,39.0239364],[-121.0562554,39.0239477],[-121.0562554,39.023956],[-121.0562504,39.0239664],[-121.0562414,39.0239767],[-121.0562424,39.0239861],[-121.0562514,39.0239974],[-121.0562704,39.0240078],[-121.0562794,39.0240192],[-121.0562814,39.0240316],[-121.0562674,39.024044],[-121.0562494,39.0240482],[-121.0562344,39.0240471],[-121.0562274,39.0240575],[-121.0562194,39.0240699]]]},"properties":{"course_id":"darkhorse_golf_club","course_name":"DarkHorse Golf Club","hole_number":5,"feature_type":"bunker","name":"hole_5_bunker_5","feature-color":"#d4b483","is_approximate":true,"source":"osm","@id":"9b988eae-7842-4630-8ed1-be00fd9e10db","osm_id":705273926}},{"type":"Feature","bbox":[-121.0576784,39.0237247,-121.0574625,39.0238993],"geometry":{"type":"Polygon","coordinates":[[[-121.0575634,39.0238835],[-121.0575542,39.0238918],[-121.0575428,39.0238993],[-121.0575235,39.0238965],[-121.0575085,39.0238882],[-121.0574875,39.0238826],[-121.0574708,39.023878],[-121.0574632,39.0238644],[-121.0574625,39.023852],[-121.0574655,39.0238417],[-121.0574745,39.0238303],[-121.0574895,39.023823],[-121.0574995,39.0238189],[-121.0575135,39.0238241],[-121.0575224,39.0238337],[-121.0575333,39.0238351],[-121.0575437,39.0238282],[-121.0575473,39.0238207],[-121.0575474,39.023811],[-121.0575415,39.0238075],[-121.0575295,39.0238003],[-121.0575265,39.0237878],[-121.0575372,39.0237757],[-121.057553,39.0237681],[-121.0575682,39.0237637],[-121.0575865,39.0237692],[-121.0575975,39.0237744],[-121.0576077,39.023771],[-121.0576179,39.023763],[-121.057622,39.0237474],[-121.0576222,39.0237374],[-121.0576288,39.0237281],[-121.0576455,39.0237247],[-121.0576635,39.0237257],[-121.057673,39.0237302],[-121.0576784,39.0237378],[-121.057678,39.0237492],[-121.0576737,39.023762],[-121.0576684,39.0237748],[-121.0576608,39.0237868],[-121.0576466,39.0237962],[-121.0576348,39.0238051],[-121.0576237,39.0238207],[-121.0576096,39.0238334],[-121.0575906,39.0238411],[-121.0575757,39.0238593],[-121.0575682,39.023872],[-121.0575634,39.0238835]]]},"properties":{"course_id":"darkhorse_golf_club","course_name":"DarkHorse Golf Club","hole_number":6,"feature_type":"bunker","name":"hole_6_bunker","feature-color":"#d4b483","is_approximate":true,"source":"osm","@id":"b10cbf06-7cec-49d4-92f6-8bfcaafa1245","osm_id":705273931}},{"type":"Feature","bbox":[-121.057534,39.0234663,-121.057377,39.0235709],"geometry":{"type":"Polygon","coordinates":[[[-121.057465,39.0234715],[-121.057477,39.0234766],[-121.057493,39.0234756],[-121.057509,39.0234725],[-121.057526,39.0234777],[-121.057534,39.0234901],[-121.057534,39.0235025],[-121.057529,39.0235118],[-121.057518,39.0235181],[-121.057504,39.0235191],[-121.057486,39.0235149],[-121.0574659,39.0235142],[-121.0574483,39.0235233],[-121.05745,39.0235398],[-121.05745,39.0235512],[-121.057444,39.0235615],[-121.05743,39.0235646],[-121.057417,39.0235677],[-121.057405,39.0235709],[-121.057392,39.0235677],[-121.0573857,39.0235541],[-121.057381,39.0235429],[-121.057377,39.0235315],[-121.057386,39.0235222],[-121.057402,39.0235139],[-121.057408,39.0235015],[-121.057413,39.023488],[-121.057421,39.0234756],[-121.057438,39.0234684],[-121.057452,39.0234663],[-121.057465,39.0234715]]]},"properties":{"course_id":"darkhorse_golf_club","course_name":"DarkHorse Golf Club","hole_number":6,"feature_type":"bunker","name":"hole_6_bunker_2","feature-color":"#d4b483","is_approximate":true,"source":"osm","@id":"a4807fa9-ac55-490a-a306-2feceaa526bb","osm_id":705273932}},{"type":"Feature","bbox":[-121.0577818,39.0234352,-121.0576127,39.0236179],"geometry":{"type":"Polygon","coordinates":[[[-121.0576317,39.0234518],[-121.0576497,39.0234414],[-121.0576727,39.0234352],[-121.0576957,39.0234425],[-121.0577117,39.023457],[-121.0577237,39.0234704],[-121.0577287,39.023486],[-121.0577287,39.0234973],[-121.0577326,39.0235118],[-121.0577407,39.0235222],[-121.0577517,39.0235398],[-121.0577607,39.0235553],[-121.0577777,39.0235667],[-121.0577818,39.0235782],[-121.0577746,39.0235908],[-121.0577616,39.0236013],[-121.0577456,39.02361],[-121.0577268,39.0236179],[-121.0577093,39.0236144],[-121.0576956,39.0236013],[-121.0576977,39.0235853],[-121.0576863,39.0235616],[-121.0576752,39.0235438],[-121.0576594,39.0235286],[-121.0576527,39.0235201],[-121.0576317,39.0235118],[-121.0576137,39.0234994],[-121.0576127,39.0234839],[-121.0576167,39.0234642],[-121.0576317,39.0234518]]]},"properties":{"course_id":"darkhorse_golf_club","course_name":"DarkHorse Golf Club","hole_number":6,"feature_type":"bunker","name":"hole_6_bunker_3","feature-color":"#d4b483","is_approximate":true,"source":"osm","@id":"f895c0db-2613-43d0-9732-2eee8c712a9a","osm_id":705273933}},{"type":"Feature","bbox":[-121.0581325,39.0240565,-121.0579895,39.0241508],"geometry":{"type":"Polygon","coordinates":[[[-121.058125,39.0240799],[-121.0581306,39.0240946],[-121.0581325,39.0241158],[-121.0581212,39.0241274],[-121.0580958,39.0241384],[-121.0580657,39.0241486],[-121.0580393,39.0241508],[-121.0580243,39.0241421],[-121.0580083,39.0241311],[-121.057998,39.0241179],[-121.0579895,39.0241077],[-121.0579923,39.0240975],[-121.0580055,39.0240836],[-121.0580299,39.0240682],[-121.0580572,39.0240587],[-121.0580798,39.0240565],[-121.0581043,39.0240639],[-121.058125,39.0240799]]]},"properties":{"course_id":"darkhorse_golf_club","course_name":"DarkHorse Golf Club","hole_number":7,"feature_type":"tee_box","name":"hole_7_tee_box","feature-color":"#8b7355","is_approximate":true,"source":"osm","@id":"b191f1c9-76ff-4037-bebb-b20b0f1747cd","osm_id":705276638}},{"type":"Feature","bbox":[-121.0580186,39.0242444,-121.0578747,39.0243562],"geometry":{"type":"Polygon","coordinates":[[[-121.05795,39.0242466],[-121.0579716,39.0242444],[-121.0579885,39.0242532],[-121.0580074,39.0242795],[-121.0580177,39.0242956],[-121.0580186,39.0243138],[-121.0580036,39.024327],[-121.0579716,39.0243453],[-121.05795,39.0243548],[-121.0579387,39.0243562],[-121.0579236,39.024346],[-121.0579029,39.024327],[-121.0578794,39.0243036],[-121.0578747,39.0242934],[-121.0578973,39.0242707],[-121.0579217,39.0242539],[-121.05795,39.0242466]]]},"properties":{"course_id":"darkhorse_golf_club","course_name":"DarkHorse Golf Club","hole_number":7,"feature_type":"tee_box","name":"hole_7_tee_box_2","feature-color":"#8b7355","is_approximate":true,"source":"osm","@id":"19a58f4a-ac45-43d5-8097-90c881a6df4c","osm_id":705276639}},{"type":"Feature","bbox":[-121.0578794,39.0243116,-121.0576941,39.024441],"geometry":{"type":"Polygon","coordinates":[[[-121.0578794,39.0243701],[-121.0578587,39.0243453],[-121.0578277,39.024316],[-121.057791,39.0243116],[-121.0577524,39.0243255],[-121.0577129,39.0243482],[-121.0576941,39.0243694],[-121.0577054,39.0244059],[-121.0577242,39.0244257],[-121.0577496,39.024441],[-121.0577787,39.0244403],[-121.057839,39.0244074],[-121.0578653,39.0243898],[-121.0578794,39.0243701]]]},"properties":{"course_id":"darkhorse_golf_club","course_name":"DarkHorse Golf Club","hole_number":7,"feature_type":"tee_box","name":"hole_7_tee_box_3","feature-color":"#8b7355","is_approximate":true,"source":"osm","@id":"0b23d582-a44e-4338-9c7c-152685a896de","osm_id":705276640}},{"type":"Feature","bbox":[-121.0576254,39.0244439,-121.0574504,39.0245813],"geometry":{"type":"Polygon","coordinates":[[[-121.0576037,39.0244651],[-121.0576179,39.024479],[-121.0576254,39.0244973],[-121.0576235,39.0245156],[-121.0576037,39.0245382],[-121.0575868,39.0245536],[-121.0575633,39.0245711],[-121.0575304,39.0245806],[-121.0575106,39.0245813],[-121.0574833,39.0245682],[-121.0574664,39.024555],[-121.0574513,39.0245353],[-121.0574504,39.0245199],[-121.0574673,39.0244951],[-121.0575031,39.024468],[-121.0575266,39.0244512],[-121.0575529,39.0244439],[-121.0575859,39.0244498],[-121.0576037,39.0244651]]]},"properties":{"course_id":"darkhorse_golf_club","course_name":"DarkHorse Golf Club","hole_number":7,"feature_type":"tee_box","name":"hole_7_tee_box_4","feature-color":"#8b7355","is_approximate":true,"source":"osm","@id":"7c968fdf-1773-49eb-acd7-ab15c3bf52ae","osm_id":705276641}},{"type":"Feature","bbox":[-121.055435,39.0253661,-121.0552458,39.0255105],"geometry":{"type":"Polygon","coordinates":[[[-121.0553746,39.0254992],[-121.0553622,39.025507],[-121.0553455,39.0255105],[-121.0553287,39.0255061],[-121.0553096,39.0254974],[-121.0553085,39.0254861],[-121.0553107,39.0254739],[-121.0553163,39.0254661],[-121.0553264,39.0254644],[-121.0553387,39.0254679],[-121.0553466,39.0254635],[-121.0553455,39.0254531],[-121.0553387,39.0254479],[-121.0553298,39.0254435],[-121.0553197,39.0254426],[-121.055313,39.0254505],[-121.0553018,39.0254557],[-121.0552861,39.0254566],[-121.0552704,39.0254566],[-121.055257,39.0254531],[-121.0552458,39.0254435],[-121.0552458,39.0254305],[-121.0552514,39.0254183],[-121.0552626,39.0254096],[-121.0552738,39.0254035],[-121.0552839,39.0254009],[-121.0552939,39.0254026],[-121.0553029,39.0254052],[-121.055313,39.0254052],[-121.0553231,39.0254017],[-121.0553354,39.0253922],[-121.0553421,39.0253852],[-121.0553499,39.0253826],[-121.0553611,39.025387],[-121.0553656,39.0253948],[-121.0553757,39.0253922],[-121.0553802,39.0253844],[-121.0553824,39.0253739],[-121.0553902,39.0253661],[-121.0554059,39.0253661],[-121.0554194,39.0253739],[-121.0554317,39.0253852],[-121.055435,39.0254017],[-121.0554328,39.0254183],[-121.0554305,39.0254322],[-121.0554261,39.025447],[-121.055416,39.0254557],[-121.0554003,39.0254626],[-121.0553846,39.0254774],[-121.0553802,39.0254905],[-121.0553746,39.0254992]]]},"properties":{"course_id":"darkhorse_golf_club","course_name":"DarkHorse Golf Club","hole_number":4,"feature_type":"bunker","name":"hole_4_bunker_5","feature-color":"#d4b483","is_approximate":true,"source":"osm","@id":"0a53a4f0-bceb-4e6c-acc0-244eb554b832","osm_id":705276642}},{"type":"Feature","bbox":[-121.0547958,39.0263073,-121.0546283,39.0264849],"geometry":{"type":"Polygon","coordinates":[[[-121.0547676,39.026398],[-121.0547817,39.0264155],[-121.0547939,39.0264301],[-121.0547958,39.0264426],[-121.0547854,39.0264535],[-121.0547751,39.026463],[-121.0547657,39.026463],[-121.0547497,39.0264623],[-121.0547374,39.0264652],[-121.0547299,39.0264747],[-121.0547205,39.0264813],[-121.0547083,39.0264849],[-121.0546932,39.0264835],[-121.0546763,39.0264776],[-121.0546641,39.0264667],[-121.0546603,39.0264557],[-121.0546622,39.0264433],[-121.0546641,39.0264345],[-121.0546735,39.0264272],[-121.0546876,39.0264235],[-121.0547017,39.0264228],[-121.054713,39.026425],[-121.0547233,39.0264265],[-121.054728,39.0264214],[-121.0547215,39.0264148],[-121.0547158,39.0264031],[-121.0547102,39.0263987],[-121.0546998,39.026398],[-121.0546876,39.0263994],[-121.0546763,39.0264031],[-121.0546641,39.0264045],[-121.0546565,39.0264016],[-121.0546471,39.0263943],[-121.0546387,39.0263863],[-121.0546321,39.0263797],[-121.0546283,39.0263724],[-121.0546292,39.0263658],[-121.0546368,39.0263622],[-121.0546462,39.0263636],[-121.0546556,39.0263673],[-121.0546622,39.0263651],[-121.0546669,39.02636],[-121.0546641,39.0263512],[-121.0546575,39.0263453],[-121.0546481,39.0263351],[-121.0546481,39.0263241],[-121.0546518,39.0263161],[-121.0546631,39.0263117],[-121.0546735,39.0263095],[-121.0546876,39.0263073],[-121.0547026,39.0263073],[-121.0547158,39.0263125],[-121.0547252,39.0263271],[-121.054728,39.0263351],[-121.0547374,39.0263402],[-121.054745,39.0263461],[-121.0547487,39.0263585],[-121.0547487,39.026368],[-121.0547487,39.0263775],[-121.0547516,39.0263877],[-121.0547676,39.026398]]]},"properties":{"course_id":"darkhorse_golf_club","course_name":"DarkHorse Golf Club","hole_number":7,"feature_type":"bunker","name":"hole_7_bunker","feature-color":"#d4b483","is_approximate":true,"source":"osm","@id":"7faa5f6d-b489-4cdf-9ba2-3badf279adcc","osm_id":705276643}},{"type":"Feature","bbox":[-121.0544354,39.0268153,-121.0543282,39.0269849],"geometry":{"type":"Polygon","coordinates":[[[-121.0544176,39.026892],[-121.0544289,39.026903],[-121.0544326,39.0269184],[-121.0544354,39.0269352],[-121.0544298,39.0269476],[-121.0544223,39.0269534],[-121.054411,39.0269578],[-121.0544006,39.0269593],[-121.0543893,39.0269622],[-121.0543846,39.0269703],[-121.0543799,39.0269776],[-121.0543705,39.0269834],[-121.0543583,39.0269849],[-121.0543442,39.0269819],[-121.0543329,39.0269746],[-121.0543291,39.0269622],[-121.0543357,39.026952],[-121.0543489,39.0269439],[-121.0543536,39.0269366],[-121.0543479,39.0269301],[-121.0543376,39.0269206],[-121.0543282,39.0269074],[-121.054331,39.0268964],[-121.0543376,39.0268884],[-121.0543489,39.0268825],[-121.0543611,39.0268767],[-121.0543686,39.0268701],[-121.0543658,39.0268592],[-121.0543574,39.0268482],[-121.0543564,39.0268343],[-121.0543658,39.0268255],[-121.0543762,39.0268175],[-121.0543903,39.0268153],[-121.0544053,39.0268204],[-121.0544185,39.0268299],[-121.054427,39.0268438],[-121.054426,39.0268584],[-121.0544185,39.0268687],[-121.0544129,39.0268774],[-121.0544176,39.026892]]]},"properties":{"course_id":"darkhorse_golf_club","course_name":"DarkHorse Golf Club","hole_number":7,"feature_type":"bunker","name":"hole_7_bunker_2","feature-color":"#d4b483","is_approximate":true,"source":"osm","@id":"66a683dd-a0cf-427d-913c-b156d32ac384","osm_id":705276644}},{"type":"Feature","bbox":[-121.0545399,39.0269841,-121.0543865,39.0271215],"geometry":{"type":"Polygon","coordinates":[[[-121.0545107,39.026998],[-121.0545182,39.0270119],[-121.0545201,39.0270236],[-121.0545276,39.0270338],[-121.054537,39.0270426],[-121.0545399,39.0270572],[-121.0545323,39.0270638],[-121.0545248,39.0270748],[-121.0545173,39.0270828],[-121.0545022,39.0270857],[-121.0544881,39.0270916],[-121.054474,39.0270967],[-121.0544674,39.0271077],[-121.0544608,39.0271157],[-121.0544505,39.0271201],[-121.0544336,39.0271215],[-121.0544176,39.027115],[-121.0544044,39.0271062],[-121.0543931,39.0270974],[-121.0543865,39.0270879],[-121.0543865,39.0270755],[-121.0543893,39.0270667],[-121.0543987,39.0270609],[-121.0544119,39.0270594],[-121.0544213,39.0270645],[-121.0544298,39.0270631],[-121.0544401,39.027058],[-121.0544496,39.0270506],[-121.0544533,39.0270433],[-121.0544496,39.0270324],[-121.0544401,39.0270243],[-121.0544336,39.0270148],[-121.0544317,39.0270046],[-121.0544401,39.0269973],[-121.0544524,39.0269922],[-121.0544665,39.0269863],[-121.0544862,39.0269841],[-121.0545013,39.0269885],[-121.0545107,39.026998]]]},"properties":{"course_id":"darkhorse_golf_club","course_name":"DarkHorse Golf Club","hole_number":7,"feature_type":"bunker","name":"hole_7_bunker_3","feature-color":"#d4b483","is_approximate":true,"source":"osm","@id":"dd9209e4-5d6a-488c-951c-1bd9389f7ae6","osm_id":705276645}},{"type":"Feature","bbox":[-121.054617,39.0273342,-121.0545013,39.0274789],"geometry":{"type":"Polygon","coordinates":[[[-121.0545634,39.0273364],[-121.0545888,39.0273452],[-121.054602,39.0273532],[-121.0546104,39.027362],[-121.0546123,39.0273744],[-121.0546086,39.0273883],[-121.0546048,39.0273993],[-121.0546029,39.0274132],[-121.0546029,39.0274219],[-121.0546104,39.0274307],[-121.0546133,39.0274402],[-121.054617,39.0274541],[-121.0546114,39.0274658],[-121.054601,39.0274731],[-121.0545897,39.0274767],[-121.0545728,39.0274789],[-121.0545587,39.0274767],[-121.0545418,39.0274694],[-121.0545314,39.0274607],[-121.0545258,39.0274468],[-121.0545248,39.0274351],[-121.0545173,39.0274219],[-121.054506,39.027411],[-121.0545041,39.0273934],[-121.0545013,39.0273781],[-121.0545022,39.0273627],[-121.0545069,39.027354],[-121.0545201,39.027343],[-121.0545342,39.0273364],[-121.0545465,39.0273342],[-121.0545634,39.0273364]]]},"properties":{"course_id":"darkhorse_golf_club","course_name":"DarkHorse Golf Club","hole_number":7,"feature_type":"bunker","name":"hole_7_bunker_4","feature-color":"#d4b483","is_approximate":true,"source":"osm","@id":"78994729-0af6-4b7e-a32a-295d602e0a71","osm_id":705276646}},{"type":"Feature","bbox":[-121.0548089,39.0271508,-121.0545897,39.027487],"geometry":{"type":"Polygon","coordinates":[[[-121.0547948,39.0272407],[-121.0547967,39.0272684],[-121.0547977,39.0272904],[-121.0547977,39.0273123],[-121.0548014,39.0273379],[-121.0548061,39.0273642],[-121.0548089,39.0273912],[-121.0548061,39.0274124],[-121.0547958,39.0274336],[-121.0547864,39.0274497],[-121.0547666,39.0274694],[-121.054744,39.0274804],[-121.0547252,39.0274855],[-121.054713,39.027487],[-121.0546979,39.0274863],[-121.0546735,39.0274841],[-121.0546575,39.0274804],[-121.0546462,39.0274753],[-121.0546349,39.0274687],[-121.0546292,39.0274563],[-121.0546274,39.02743],[-121.0546292,39.0273964],[-121.0546292,39.0273664],[-121.0546227,39.027335],[-121.0546123,39.0272816],[-121.054601,39.0272326],[-121.0545907,39.027199],[-121.0545897,39.0271807],[-121.0545991,39.0271647],[-121.0546245,39.0271537],[-121.0546481,39.0271508],[-121.0546641,39.0271508],[-121.0546998,39.0271566],[-121.054728,39.027169],[-121.0547563,39.0271851],[-121.0547751,39.0271997],[-121.0547892,39.0272195],[-121.0547948,39.0272407]]]},"properties":{"course_id":"darkhorse_golf_club","course_name":"DarkHorse Golf Club","hole_number":7,"feature_type":"green","name":"hole_7_green","feature-color":"#2d6e2d","is_approximate":true,"source":"osm","@id":"bb4ccc8c-01f7-4450-90a1-8f83873ae04e","osm_id":705276647}},{"type":"Feature","bbox":[-121.0539887,39.0272716,-121.053859,39.027368],"geometry":{"type":"Polygon","coordinates":[[[-121.0538638,39.0273391],[-121.053882,39.0273508],[-121.0539009,39.0273625],[-121.0539231,39.027368],[-121.0539515,39.0273637],[-121.0539816,39.0273446],[-121.0539887,39.0273182],[-121.0539831,39.0272955],[-121.0539697,39.0272802],[-121.0539499,39.0272722],[-121.0539223,39.0272716],[-121.0538986,39.0272783],[-121.0538812,39.0272906],[-121.0538661,39.0273035],[-121.053859,39.0273213],[-121.0538638,39.0273391]]]},"properties":{"course_id":"darkhorse_golf_club","course_name":"DarkHorse Golf Club","hole_number":8,"feature_type":"tee_box","name":"unassigned_tee_box_5","feature-color":"#8b7355","is_approximate":true,"source":"osm","@id":"d37566ff-3436-4daf-a5c4-284d330f190a","osm_id":705279221,"needs_hole_assignment":true}},{"type":"Feature","bbox":[-121.0534132,39.0275141,-121.0532503,39.0276308],"geometry":{"type":"Polygon","coordinates":[[[-121.0533412,39.0275141],[-121.053365,39.027516],[-121.053391,39.0275233],[-121.0534069,39.0275313],[-121.0534132,39.0275455],[-121.0534029,39.0275627],[-121.0533776,39.0275884],[-121.0533571,39.0276093],[-121.0533357,39.0276265],[-121.0533128,39.0276308],[-121.053293,39.027629],[-121.0532709,39.0276167],[-121.0532567,39.0276044],[-121.0532503,39.027586],[-121.0532677,39.0275608],[-121.0532914,39.0275375],[-121.0533144,39.0275221],[-121.0533412,39.0275141]]]},"properties":{"course_id":"darkhorse_golf_club","course_name":"DarkHorse Golf Club","hole_number":8,"feature_type":"tee_box","name":"unassigned_tee_box_6","feature-color":"#8b7355","is_approximate":true,"source":"osm","@id":"20a999bc-15a0-4ed5-98bf-ab7774ba93ca","osm_id":705279222,"needs_hole_assignment":true}},{"type":"Feature","bbox":[-121.0528794,39.0278809,-121.0527215,39.028007],"geometry":{"type":"Polygon","coordinates":[[[-121.0528794,39.0279165],[-121.0528783,39.0279478],[-121.0528727,39.027987],[-121.0528481,39.0280044],[-121.0528167,39.028007],[-121.0527809,39.0280018],[-121.0527518,39.0279957],[-121.0527282,39.0279818],[-121.0527215,39.0279478],[-121.0527361,39.0279235],[-121.0527495,39.0279026],[-121.0527753,39.0278869],[-121.0528077,39.0278809],[-121.0528436,39.0278852],[-121.0528704,39.0278948],[-121.0528794,39.0279165]]]},"properties":{"course_id":"darkhorse_golf_club","course_name":"DarkHorse Golf Club","hole_number":8,"feature_type":"tee_box","name":"unassigned_tee_box_7","feature-color":"#8b7355","is_approximate":true,"source":"osm","@id":"60258c5e-a70f-40a5-9f2f-a2a6096909f8","osm_id":705279223,"needs_hole_assignment":true}},{"type":"Feature","bbox":[-121.0532679,39.0276477,-121.0531134,39.0277434],"geometry":{"type":"Polygon","coordinates":[[[-121.0532131,39.0276486],[-121.0532456,39.0276547],[-121.0532657,39.0276695],[-121.0532679,39.0276878],[-121.0532523,39.0277121],[-121.0532355,39.027733],[-121.0532086,39.0277434],[-121.0531761,39.0277426],[-121.0531448,39.0277347],[-121.0531213,39.0277217],[-121.0531134,39.0277069],[-121.0531235,39.0276904],[-121.0531448,39.0276712],[-121.0531627,39.0276573],[-121.0531851,39.0276477],[-121.0532131,39.0276486]]]},"properties":{"course_id":"darkhorse_golf_club","course_name":"DarkHorse Golf Club","hole_number":8,"feature_type":"tee_box","name":"unassigned_tee_box_8","feature-color":"#8b7355","is_approximate":true,"source":"osm","@id":"e7ee2a59-c500-458e-90fa-60d09f0fae1b","osm_id":705279224,"needs_hole_assignment":true}},{"type":"Feature","bbox":[-121.0520799,39.0285906,-121.0518336,39.0288333],"geometry":{"type":"Polygon","coordinates":[[[-121.0520519,39.028602],[-121.052071,39.0286072],[-121.0520799,39.0286202],[-121.0520732,39.0286368],[-121.0520642,39.0286541],[-121.0520497,39.0286681],[-121.0520441,39.0286898],[-121.0520295,39.0287168],[-121.0520183,39.0287359],[-121.0520083,39.0287585],[-121.0520004,39.0287707],[-121.0519825,39.0287811],[-121.0519523,39.0287968],[-121.0519243,39.0288125],[-121.0518985,39.028829],[-121.0518649,39.0288333],[-121.0518414,39.0288264],[-121.0518336,39.0288081],[-121.0518347,39.0287898],[-121.0518369,39.0287751],[-121.0518414,39.0287585],[-121.0518605,39.028742],[-121.0518817,39.0287333],[-121.0519041,39.0287229],[-121.0519344,39.0287133],[-121.0519545,39.0287055],[-121.0519657,39.0286959],[-121.0519657,39.0286837],[-121.05195,39.0286681],[-121.0519366,39.028655],[-121.0519344,39.0286402],[-121.0519377,39.028622],[-121.0519556,39.0286063],[-121.0519825,39.0285959],[-121.0520094,39.0285906],[-121.0520295,39.0285941],[-121.0520519,39.028602]]]},"properties":{"course_id":"darkhorse_golf_club","course_name":"DarkHorse Golf Club","hole_number":8,"feature_type":"bunker","name":"unassigned_bunker_4","feature-color":"#d4b483","is_approximate":true,"source":"osm","@id":"a43b3304-6daa-4f4a-9c2b-738676af0d12","osm_id":705279225,"needs_hole_assignment":true}},{"type":"Feature","bbox":[-121.0515738,39.0289134,-121.0512323,39.0291282],"geometry":{"type":"Polygon","coordinates":[[[-121.0514797,39.0289212],[-121.0515089,39.0289395],[-121.051529,39.0289673],[-121.0515481,39.0289864],[-121.0515626,39.0290169],[-121.0515738,39.0290473],[-121.0515637,39.0290804],[-121.0515425,39.0291065],[-121.0514943,39.0291212],[-121.0514529,39.0291282],[-121.0513947,39.0291247],[-121.0513443,39.0291212],[-121.0512972,39.0291073],[-121.0512659,39.0290917],[-121.051248,39.0290595],[-121.0512424,39.0290273],[-121.0512323,39.0289916],[-121.0512368,39.0289734],[-121.0512816,39.0289473],[-121.0513263,39.0289255],[-121.0513678,39.0289168],[-121.0514204,39.0289134],[-121.0514797,39.0289212]]]},"properties":{"course_id":"darkhorse_golf_club","course_name":"DarkHorse Golf Club","hole_number":8,"feature_type":"water","name":"unassigned_water","feature-color":"#2255cc","is_approximate":true,"source":"osm","@id":"7e66ba85-8545-4f36-9d3f-fa2de0f10cd6","osm_id":705279226,"needs_hole_assignment":true}},{"type":"Feature","bbox":[-121.0511483,39.0298302,-121.0510083,39.030032],"geometry":{"type":"Polygon","coordinates":[[[-121.0511315,39.0298919],[-121.0511427,39.0299058],[-121.0511382,39.029918],[-121.051127,39.0299284],[-121.0511102,39.0299319],[-121.0510912,39.0299319],[-121.0510811,39.0299398],[-121.0510755,39.0299467],[-121.0510789,39.0299537],[-121.0510946,39.0299502],[-121.051108,39.0299458],[-121.0511192,39.0299537],[-121.0511248,39.0299685],[-121.0511248,39.029985],[-121.0511203,39.0300033],[-121.0511136,39.0300215],[-121.0511002,39.030032],[-121.0510811,39.030032],[-121.0510643,39.0300206],[-121.0510509,39.0300111],[-121.0510352,39.0299998],[-121.0510251,39.0299867],[-121.0510162,39.0299676],[-121.0510095,39.0299519],[-121.0510083,39.0299371],[-121.0510184,39.0299293],[-121.0510274,39.0299171],[-121.0510341,39.0299084],[-121.051052,39.0299041],[-121.0510711,39.0298997],[-121.0510778,39.0298902],[-121.0510666,39.0298823],[-121.0510487,39.0298763],[-121.0510475,39.0298641],[-121.0510554,39.0298519],[-121.0510711,39.029838],[-121.0510934,39.0298302],[-121.0511147,39.0298302],[-121.0511338,39.0298371],[-121.051145,39.029851],[-121.0511483,39.0298667],[-121.0511416,39.0298797],[-121.0511315,39.0298919]]]},"properties":{"course_id":"darkhorse_golf_club","course_name":"DarkHorse Golf Club","hole_number":8,"feature_type":"bunker","name":"unassigned_bunker_5","feature-color":"#d4b483","is_approximate":true,"source":"osm","@id":"998e0a93-412a-40de-a7a4-10872a505aa2","osm_id":705279228,"needs_hole_assignment":true}},{"type":"Feature","bbox":[-121.0507945,39.0300363,-121.0505739,39.0301581],"geometry":{"type":"Polygon","coordinates":[[[-121.0507374,39.0300389],[-121.050753,39.0300502],[-121.0507631,39.0300615],[-121.0507788,39.0300676],[-121.0507911,39.0300728],[-121.0507934,39.0300868],[-121.0507934,39.0300998],[-121.0507945,39.0301102],[-121.0507833,39.0301128],[-121.0507721,39.0301215],[-121.0507732,39.0301329],[-121.0507687,39.0301459],[-121.0507575,39.0301537],[-121.0507407,39.0301563],[-121.0507239,39.0301581],[-121.0507071,39.0301555],[-121.0506982,39.0301503],[-121.0506847,39.0301389],[-121.0506713,39.0301372],[-121.0506556,39.0301398],[-121.0506332,39.0301433],[-121.0506086,39.0301407],[-121.0505929,39.0301355],[-121.0505806,39.0301268],[-121.050575,39.0301172],[-121.0505761,39.030105],[-121.0505739,39.0300937],[-121.0505806,39.0300798],[-121.0505862,39.030072],[-121.0505996,39.030065],[-121.0506176,39.0300641],[-121.0506288,39.0300694],[-121.0506444,39.0300711],[-121.0506568,39.0300711],[-121.0506679,39.0300728],[-121.050678,39.0300815],[-121.0506915,39.0300902],[-121.0507015,39.0300972],[-121.050715,39.0300972],[-121.0507228,39.0300928],[-121.0507161,39.0300841],[-121.0507038,39.0300754],[-121.0506926,39.0300702],[-121.0506836,39.0300624],[-121.0506825,39.030052],[-121.0506903,39.0300441],[-121.0507038,39.0300372],[-121.0507217,39.0300363],[-121.0507374,39.0300389]]]},"properties":{"course_id":"darkhorse_golf_club","course_name":"DarkHorse Golf Club","hole_number":8,"feature_type":"bunker","name":"unassigned_bunker_6","feature-color":"#d4b483","is_approximate":true,"source":"osm","@id":"e276db54-019f-4daa-b5f9-959132f902d2","osm_id":705279229,"needs_hole_assignment":true}},{"type":"Feature","bbox":[-121.050827,39.0298458,-121.05036,39.0300641],"geometry":{"type":"Polygon","coordinates":[[[-121.050771,39.0298606],[-121.0507945,39.0298815],[-121.0508169,39.0299006],[-121.050827,39.0299276],[-121.0508258,39.0299598],[-121.0508113,39.0299859],[-121.0508001,39.0300015],[-121.0507687,39.0300093],[-121.0507195,39.0300189],[-121.0506735,39.0300276],[-121.0506288,39.0300363],[-121.0505974,39.0300441],[-121.0505672,39.0300581],[-121.0505257,39.0300641],[-121.0504955,39.0300546],[-121.0504731,39.0300354],[-121.0504496,39.0300102],[-121.0504283,39.0299902],[-121.0504026,39.029978],[-121.0503824,39.0299676],[-121.0503656,39.0299528],[-121.05036,39.0299371],[-121.0503623,39.029925],[-121.0503746,39.0299137],[-121.050397,39.0299041],[-121.0504171,39.0299006],[-121.0504406,39.0298971],[-121.0504742,39.0298971],[-121.0504989,39.0298963],[-121.050528,39.0298919],[-121.0505649,39.0298823],[-121.0505862,39.0298684],[-121.0506075,39.029858],[-121.050631,39.0298493],[-121.0506724,39.0298458],[-121.0507172,39.0298458],[-121.0507441,39.0298502],[-121.050771,39.0298606]]]},"properties":{"course_id":"darkhorse_golf_club","course_name":"DarkHorse Golf Club","hole_number":8,"feature_type":"green","name":"unassigned_green","feature-color":"#2d6e2d","is_approximate":true,"source":"osm","@id":"f9892df1-0435-427b-8a08-58d46694eb7e","osm_id":705279230,"needs_hole_assignment":true}},{"type":"Feature","bbox":[-121.0488451,39.0272479,-121.0486804,39.0273992],"geometry":{"type":"Polygon","coordinates":[[[-121.0488225,39.0272516],[-121.0488338,39.0272574],[-121.0488432,39.0272662],[-121.0488451,39.0272823],[-121.0488423,39.0272998],[-121.0488338,39.0273152],[-121.0488206,39.0273283],[-121.0488159,39.0273408],[-121.0488178,39.027351],[-121.0488206,39.0273619],[-121.048815,39.0273714],[-121.0487999,39.0273773],[-121.0487802,39.0273868],[-121.0487632,39.027397],[-121.0487538,39.0273992],[-121.0487388,39.0273985],[-121.0487247,39.0273978],[-121.0487153,39.0273934],[-121.0487134,39.0273824],[-121.0487106,39.0273729],[-121.0487021,39.0273649],[-121.0486899,39.0273605],[-121.0486804,39.0273546],[-121.0486814,39.0273459],[-121.0486852,39.0273356],[-121.0486889,39.0273247],[-121.0486955,39.0273159],[-121.0487058,39.0273108],[-121.0487171,39.0273108],[-121.0487247,39.0273174],[-121.0487313,39.0273225],[-121.0487416,39.0273247],[-121.048752,39.0273247],[-121.048767,39.0273225],[-121.0487792,39.0273144],[-121.0487839,39.0273042],[-121.048783,39.0272954],[-121.0487698,39.0272911],[-121.0487595,39.0272918],[-121.0487444,39.0272881],[-121.048736,39.0272786],[-121.0487397,39.0272669],[-121.0487482,39.0272567],[-121.0487585,39.0272516],[-121.0487764,39.0272487],[-121.0488028,39.0272479],[-121.0488225,39.0272516]]]},"properties":{"course_id":"darkhorse_golf_club","course_name":"DarkHorse Golf Club","hole_number":9,"feature_type":"bunker","name":"unassigned_bunker_7","feature-color":"#d4b483","is_approximate":true,"source":"osm","@id":"a16ef653-fe99-405c-bf80-aa5a38555eb5","osm_id":705280659,"needs_hole_assignment":true}},{"type":"Feature","bbox":[-121.0489044,39.0266866,-121.0488075,39.0267882],"geometry":{"type":"Polygon","coordinates":[[[-121.0488818,39.0267378],[-121.0488921,39.0267458],[-121.0489006,39.0267546],[-121.0489006,39.0267699],[-121.0488931,39.0267794],[-121.048878,39.0267867],[-121.0488583,39.0267882],[-121.0488423,39.0267846],[-121.0488272,39.0267751],[-121.048814,39.0267655],[-121.0488131,39.0267553],[-121.0488112,39.0267444],[-121.0488084,39.0267327],[-121.0488075,39.026721],[-121.048815,39.0267129],[-121.0488253,39.0267056],[-121.0488366,39.0267027],[-121.0488507,39.0266976],[-121.0488696,39.0266888],[-121.0488855,39.0266866],[-121.048895,39.0266903],[-121.0489006,39.0266983],[-121.0489044,39.0267085],[-121.0488987,39.0267202],[-121.0488912,39.0267275],[-121.0488818,39.0267378]]]},"properties":{"course_id":"darkhorse_golf_club","course_name":"DarkHorse Golf Club","hole_number":9,"feature_type":"bunker","name":"unassigned_bunker_8","feature-color":"#d4b483","is_approximate":true,"source":"osm","@id":"c4125a5c-2017-41f0-9bf6-086be28c3a54","osm_id":705280660,"needs_hole_assignment":true}},{"type":"Feature","bbox":[-121.0491876,39.0263351,-121.0489862,39.0266581],"geometry":{"type":"Polygon","coordinates":[[[-121.0491452,39.0265119],[-121.0491593,39.0265032],[-121.0491697,39.0264929],[-121.0491791,39.0264703],[-121.0491838,39.0264447],[-121.0491876,39.0264235],[-121.0491847,39.026414],[-121.0491725,39.0264045],[-121.049164,39.0263935],[-121.0491631,39.0263804],[-121.0491574,39.0263701],[-121.0491471,39.0263658],[-121.0491339,39.0263628],[-121.0491189,39.0263592],[-121.0491104,39.0263489],[-121.0491029,39.0263387],[-121.0490888,39.0263351],[-121.0490718,39.0263373],[-121.0490558,39.0263446],[-121.0490455,39.0263541],[-121.0490351,39.0263709],[-121.0490276,39.0263811],[-121.049021,39.026395],[-121.0490191,39.026406],[-121.0490276,39.0264118],[-121.049037,39.0264155],[-121.0490521,39.0264169],[-121.0490643,39.0264147],[-121.0490747,39.0264096],[-121.0490841,39.0264045],[-121.0490982,39.0264045],[-121.0491066,39.0264096],[-121.0491076,39.0264191],[-121.0491019,39.0264235],[-121.0490906,39.0264271],[-121.0490935,39.0264337],[-121.0491057,39.0264381],[-121.0491189,39.0264388],[-121.0491311,39.0264425],[-121.0491358,39.0264513],[-121.0491358,39.0264637],[-121.0491302,39.0264681],[-121.0491189,39.0264659],[-121.0491095,39.026463],[-121.0490963,39.0264571],[-121.0490878,39.026452],[-121.0490784,39.0264462],[-121.0490662,39.0264396],[-121.0490558,39.0264388],[-121.0490361,39.0264418],[-121.0490182,39.0264447],[-121.0490088,39.0264542],[-121.0489975,39.0264673],[-121.0489928,39.0264849],[-121.0489975,39.026498],[-121.0490013,39.0265039],[-121.0490107,39.0265105],[-121.049021,39.026509],[-121.0490323,39.0265068],[-121.0490417,39.0265097],[-121.0490521,39.0265134],[-121.0490624,39.0265119],[-121.0490699,39.0265163],[-121.0490699,39.0265251],[-121.0490765,39.0265339],[-121.0490812,39.0265397],[-121.0490841,39.0265485],[-121.0490812,39.0265558],[-121.0490737,39.0265594],[-121.0490634,39.0265558],[-121.0490587,39.0265507],[-121.0490549,39.0265419],[-121.0490521,39.0265324],[-121.0490436,39.0265287],[-121.0490286,39.026528],[-121.0490135,39.0265287],[-121.0489956,39.0265346],[-121.0489881,39.026547],[-121.0489862,39.0265558],[-121.0489881,39.026566],[-121.0489975,39.0265755],[-121.0490032,39.0265814],[-121.0490069,39.0265916],[-121.0490013,39.0265996],[-121.0489984,39.0266091],[-121.049005,39.0266208],[-121.0490116,39.0266289],[-121.0490238,39.0266347],[-121.0490342,39.0266362],[-121.0490493,39.0266398],[-121.0490596,39.0266435],[-121.0490728,39.0266471],[-121.0490775,39.026653],[-121.049085,39.0266581],[-121.0490972,39.0266566],[-121.0491057,39.0266457],[-121.0491151,39.026634],[-121.0491208,39.0266238],[-121.0491236,39.0266121],[-121.0491236,39.0266018],[-121.0491198,39.0265945],[-121.0491151,39.0265879],[-121.0491179,39.0265799],[-121.0491283,39.0265719],[-121.0491396,39.0265667],[-121.0491499,39.0265558],[-121.0491546,39.026547],[-121.0491527,39.0265368],[-121.0491433,39.026528],[-121.0491452,39.0265119]]]},"properties":{"course_id":"darkhorse_golf_club","course_name":"DarkHorse Golf Club","hole_number":9,"feature_type":"bunker","name":"unassigned_bunker_9","feature-color":"#d4b483","is_approximate":true,"source":"osm","@id":"da4851e5-2412-4bd4-bfbd-edcc2f5ade62","osm_id":705280661,"needs_hole_assignment":true}},{"type":"Feature","bbox":[-121.049006,39.0262474,-121.0486936,39.0265821],"geometry":{"type":"Polygon","coordinates":[[[-121.0488978,39.0262576],[-121.0489222,39.0262685],[-121.0489495,39.0262839],[-121.0489806,39.0263095],[-121.0489956,39.0263277],[-121.049006,39.0263526],[-121.0490013,39.026376],[-121.0489909,39.0263935],[-121.0489749,39.026414],[-121.0489674,39.026444],[-121.0489589,39.0264644],[-121.0489589,39.0264761],[-121.0489495,39.026501],[-121.0489401,39.0265163],[-121.0489204,39.0265309],[-121.048894,39.0265448],[-121.0488667,39.0265602],[-121.048831,39.0265741],[-121.0488018,39.0265799],[-121.0487811,39.0265821],[-121.048752,39.026577],[-121.0487303,39.0265675],[-121.0487124,39.0265529],[-121.0486993,39.0265324],[-121.0486936,39.0265112],[-121.0486936,39.0264915],[-121.0486974,39.0264739],[-121.0487096,39.0264593],[-121.0487313,39.0264323],[-121.048751,39.0264081],[-121.0487595,39.0263935],[-121.0487623,39.0263709],[-121.048767,39.0263307],[-121.0487689,39.0262971],[-121.0487745,39.0262751],[-121.0487924,39.0262605],[-121.0488112,39.0262517],[-121.0488376,39.0262474],[-121.0488743,39.026251],[-121.0488978,39.0262576]]]},"properties":{"course_id":"darkhorse_golf_club","course_name":"DarkHorse Golf Club","hole_number":9,"feature_type":"green","name":"unassigned_green_2","feature-color":"#2d6e2d","is_approximate":true,"source":"osm","@id":"7598623a-9e53-4226-a37a-e31b4a8f52e9","osm_id":705280662,"needs_hole_assignment":true}},{"type":"Feature","bbox":[-121.0477787,39.0268421,-121.0475595,39.026951],"geometry":{"type":"Polygon","coordinates":[[[-121.0477731,39.026845],[-121.0477787,39.0268582],[-121.0477759,39.0268764],[-121.0477637,39.0268911],[-121.0477279,39.0269057],[-121.047679,39.0269225],[-121.0476292,39.0269415],[-121.0475943,39.026951],[-121.0475765,39.0269488],[-121.0475661,39.02694],[-121.0475595,39.0269283],[-121.0475605,39.0269108],[-121.0475859,39.0268998],[-121.0476658,39.0268691],[-121.0477091,39.0268501],[-121.0477383,39.0268436],[-121.047758,39.0268421],[-121.0477731,39.026845]]]},"properties":{"course_id":"darkhorse_golf_club","course_name":"DarkHorse Golf Club","hole_number":10,"feature_type":"tee_box","name":"unassigned_tee_box_11","feature-color":"#8b7355","is_approximate":true,"source":"osm","@id":"5a1988f5-7b07-4254-86f8-24a72ad8600a","osm_id":705282520,"needs_hole_assignment":true}},{"type":"Feature","bbox":[-121.0476781,39.0267558,-121.0474814,39.0268611],"geometry":{"type":"Polygon","coordinates":[[[-121.0476781,39.0267763],[-121.0476743,39.0267939],[-121.0476536,39.0268099],[-121.0476226,39.0268238],[-121.0475802,39.0268428],[-121.0475398,39.0268589],[-121.047521,39.0268611],[-121.0474965,39.0268538],[-121.0474814,39.0268355],[-121.0474824,39.026815],[-121.0475181,39.0267968],[-121.0475624,39.0267785],[-121.0476085,39.0267639],[-121.0476451,39.0267558],[-121.047663,39.026758],[-121.0476781,39.0267763]]]},"properties":{"course_id":"darkhorse_golf_club","course_name":"DarkHorse Golf Club","hole_number":10,"feature_type":"tee_box","name":"unassigned_tee_box_12","feature-color":"#8b7355","is_approximate":true,"source":"osm","@id":"1c9c7edd-6715-46f7-9044-b64d97160635","osm_id":705282521,"needs_hole_assignment":true}},{"type":"Feature","bbox":[-121.0479396,39.0270899,-121.0477477,39.0271922],"geometry":{"type":"Polygon","coordinates":[[[-121.0477496,39.0271622],[-121.0477665,39.0271812],[-121.047791,39.0271922],[-121.0478248,39.02719],[-121.0478813,39.0271776],[-121.0479114,39.0271673],[-121.0479349,39.0271505],[-121.0479396,39.0271286],[-121.0479293,39.0271074],[-121.0479105,39.0270899],[-121.0478766,39.0270921],[-121.0478258,39.0271103],[-121.0477919,39.0271242],[-121.0477637,39.0271359],[-121.0477477,39.0271476],[-121.0477496,39.0271622]]]},"properties":{"course_id":"darkhorse_golf_club","course_name":"DarkHorse Golf Club","hole_number":10,"feature_type":"tee_box","name":"unassigned_tee_box_13","feature-color":"#8b7355","is_approximate":true,"source":"osm","@id":"8a15935b-3ca6-45fd-968f-983bdaffa5c7","osm_id":705282522,"needs_hole_assignment":true}},{"type":"Feature","bbox":[-121.0481664,39.0278829,-121.0480281,39.02801],"geometry":{"type":"Polygon","coordinates":[[[-121.0480431,39.0279516],[-121.0480591,39.0279713],[-121.048077,39.027994],[-121.0480977,39.0280064],[-121.0481156,39.02801],[-121.0481466,39.0280086],[-121.0481588,39.0279998],[-121.0481664,39.0279852],[-121.0481645,39.0279618],[-121.0481513,39.0279362],[-121.048125,39.0279077],[-121.0481061,39.0278894],[-121.048077,39.0278829],[-121.048045,39.0278938],[-121.0480281,39.0279099],[-121.0480309,39.0279333],[-121.0480431,39.0279516]]]},"properties":{"course_id":"darkhorse_golf_club","course_name":"DarkHorse Golf Club","hole_number":10,"feature_type":"tee_box","name":"unassigned_tee_box_14","feature-color":"#8b7355","is_approximate":true,"source":"osm","@id":"2872933b-e745-4abb-b7a2-c8b1612cd6b9","osm_id":705282523,"needs_hole_assignment":true}},{"type":"Feature","bbox":[-121.0491656,39.028506,-121.0489484,39.0286958],"geometry":{"type":"Polygon","coordinates":[[[-121.0490467,39.028527],[-121.0490594,39.0285368],[-121.049053,39.0285492],[-121.0490546,39.0285627],[-121.0490689,39.0285652],[-121.0490768,39.0285566],[-121.0490879,39.0285504],[-121.049107,39.0285467],[-121.0491228,39.0285479],[-121.0491403,39.0285541],[-121.049153,39.0285664],[-121.049153,39.0285812],[-121.0491593,39.0285935],[-121.0491577,39.0286058],[-121.0491466,39.0286108],[-121.0491276,39.0286108],[-121.0491244,39.0286243],[-121.0491308,39.0286366],[-121.0491466,39.0286403],[-121.0491625,39.0286428],[-121.0491656,39.0286564],[-121.0491561,39.0286724],[-121.0491403,39.0286872],[-121.0491212,39.0286958],[-121.0491006,39.0286958],[-121.0490768,39.0286896],[-121.049061,39.0286798],[-121.0490467,39.028665],[-121.0490403,39.0286551],[-121.0490483,39.028644],[-121.049053,39.0286305],[-121.0490356,39.0286182],[-121.0490166,39.0286021],[-121.0489912,39.028596],[-121.0489722,39.0285911],[-121.0489531,39.028575],[-121.0489484,39.0285566],[-121.0489515,39.0285332],[-121.0489563,39.0285196],[-121.0489753,39.0285122],[-121.0489975,39.028506],[-121.0490213,39.0285085],[-121.049034,39.0285171],[-121.0490467,39.028527]]]},"properties":{"course_id":"darkhorse_golf_club","course_name":"DarkHorse Golf Club","hole_number":10,"feature_type":"bunker","name":"unassigned_bunker_10","feature-color":"#d4b483","is_approximate":true,"source":"osm","@id":"c0ba7754-bc3f-45f8-a78f-b8828f53ac82","osm_id":705282524,"needs_hole_assignment":true}},{"type":"Feature","bbox":[-121.0491276,39.0283878,-121.0489103,39.0285073],"geometry":{"type":"Polygon","coordinates":[[[-121.0490277,39.0284321],[-121.0490419,39.028437],[-121.0490515,39.0284444],[-121.0490657,39.0284444],[-121.0490895,39.028442],[-121.0491054,39.0284457],[-121.0491197,39.0284568],[-121.0491276,39.028474],[-121.0491276,39.0284888],[-121.0491197,39.0285011],[-121.0491038,39.0285073],[-121.0490848,39.0285048],[-121.0490721,39.0285011],[-121.049061,39.0284925],[-121.0490483,39.0284888],[-121.0490261,39.0284937],[-121.0490134,39.0284925],[-121.0489896,39.0284925],[-121.048969,39.028495],[-121.0489531,39.02849],[-121.0489404,39.028474],[-121.0489341,39.0284592],[-121.0489166,39.0284444],[-121.0489103,39.0284309],[-121.0489119,39.0284186],[-121.048923,39.0284099],[-121.0489309,39.0284013],[-121.0489468,39.0283939],[-121.0489595,39.0283878],[-121.0489753,39.0283878],[-121.0489959,39.0283902],[-121.0490102,39.0284013],[-121.0490166,39.0284136],[-121.0490277,39.0284321]]]},"properties":{"course_id":"darkhorse_golf_club","course_name":"DarkHorse Golf Club","hole_number":10,"feature_type":"bunker","name":"unassigned_bunker_11","feature-color":"#d4b483","is_approximate":true,"source":"osm","@id":"c96997c3-74ad-41d4-b336-0a7a0c6d2206","osm_id":705282525,"needs_hole_assignment":true}},{"type":"Feature","bbox":[-121.0490515,39.0282806,-121.0488358,39.0283828],"geometry":{"type":"Polygon","coordinates":[[[-121.0488643,39.0283644],[-121.04885,39.0283471],[-121.0488389,39.0283274],[-121.0488358,39.0283151],[-121.0488453,39.0283089],[-121.0488611,39.0283101],[-121.0488691,39.0283028],[-121.0488786,39.0282917],[-121.0488865,39.0282806],[-121.0489055,39.0282843],[-121.0489214,39.0282966],[-121.0489341,39.0283028],[-121.048942,39.0283114],[-121.0489595,39.0283114],[-121.0489753,39.0283163],[-121.0489959,39.0283175],[-121.0490181,39.02832],[-121.0490403,39.0283311],[-121.0490515,39.0283471],[-121.0490483,39.0283644],[-121.0490435,39.0283754],[-121.0490245,39.0283779],[-121.0490055,39.028373],[-121.048988,39.0283693],[-121.0489642,39.028373],[-121.048942,39.0283791],[-121.0489198,39.0283828],[-121.0488928,39.0283828],[-121.0488738,39.0283767],[-121.0488643,39.0283644]]]},"properties":{"course_id":"darkhorse_golf_club","course_name":"DarkHorse Golf Club","hole_number":10,"feature_type":"bunker","name":"unassigned_bunker_12","feature-color":"#d4b483","is_approximate":true,"source":"osm","@id":"b084a2a5-adc1-4fb2-8e30-59faf3e06706","osm_id":705282526,"needs_hole_assignment":true}},{"type":"Feature","bbox":[-121.0489975,39.0288978,-121.0488024,39.0290026],"geometry":{"type":"Polygon","coordinates":[[[-121.0489309,39.0290013],[-121.0489135,39.0289927],[-121.0489055,39.0289767],[-121.0488992,39.0289656],[-121.0488881,39.028957],[-121.0488817,39.0289434],[-121.0488675,39.0289459],[-121.0488643,39.0289582],[-121.0488722,39.0289681],[-121.0488691,39.0289779],[-121.0488564,39.0289816],[-121.0488437,39.0289816],[-121.0488294,39.0289718],[-121.0488167,39.0289508],[-121.048804,39.0289385],[-121.0488024,39.028925],[-121.0488167,39.0289176],[-121.0488326,39.0289052],[-121.04886,39.0289003],[-121.0488913,39.0288978],[-121.0489119,39.0289052],[-121.0489277,39.0289102],[-121.0489547,39.0289114],[-121.0489785,39.0289237],[-121.0489928,39.0289373],[-121.0489975,39.0289533],[-121.0489896,39.0289718],[-121.0489769,39.0289878],[-121.0489531,39.0290026],[-121.0489309,39.0290013]]]},"properties":{"course_id":"darkhorse_golf_club","course_name":"DarkHorse Golf Club","hole_number":10,"feature_type":"bunker","name":"unassigned_bunker_13","feature-color":"#d4b483","is_approximate":true,"source":"osm","@id":"5004cf0c-ea08-4b60-8ee5-42a27699fc0e","osm_id":705282527,"needs_hole_assignment":true}},{"type":"Feature","bbox":[-121.0499507,39.029249,-121.0496034,39.0294831],"geometry":{"type":"Polygon","coordinates":[[[-121.0497858,39.0293303],[-121.0497779,39.029318],[-121.0497763,39.0293007],[-121.0497572,39.0293007],[-121.049762,39.0293205],[-121.049762,39.029334],[-121.0497652,39.0293488],[-121.0497668,39.0293623],[-121.0497604,39.0293734],[-121.0497477,39.0293771],[-121.0497319,39.0293759],[-121.049716,39.0293697],[-121.0497017,39.0293611],[-121.0497033,39.0293488],[-121.0497081,39.0293389],[-121.0497065,39.0293278],[-121.0496954,39.0293217],[-121.0496875,39.0293315],[-121.0496843,39.0293463],[-121.0496764,39.0293574],[-121.0496621,39.0293599],[-121.049643,39.0293537],[-121.0496256,39.0293463],[-121.0496097,39.029334],[-121.0496066,39.0293044],[-121.0496034,39.029286],[-121.0496066,39.0292712],[-121.0496193,39.0292576],[-121.0496367,39.0292502],[-121.0496541,39.029249],[-121.04967,39.0292539],[-121.0496748,39.029265],[-121.0496859,39.0292749],[-121.049697,39.0292786],[-121.0497112,39.0292712],[-121.0497255,39.029265],[-121.049743,39.029265],[-121.0497604,39.0292761],[-121.0497731,39.0292847],[-121.0497842,39.029281],[-121.0498001,39.0292749],[-121.0498143,39.0292798],[-121.0498239,39.0292909],[-121.0498334,39.0293069],[-121.0498413,39.029318],[-121.0498556,39.0293278],[-121.0498746,39.0293303],[-121.0499016,39.0293402],[-121.0499079,39.0293525],[-121.0499095,39.0293771],[-121.0499032,39.0293894],[-121.0499032,39.0294042],[-121.049919,39.0294079],[-121.0499396,39.0294079],[-121.0499491,39.029419],[-121.0499507,39.0294363],[-121.0499507,39.0294511],[-121.049946,39.0294695],[-121.0499349,39.0294806],[-121.0499158,39.0294831],[-121.0498921,39.0294782],[-121.049873,39.029472],[-121.0498556,39.0294646],[-121.0498413,39.0294461],[-121.0498334,39.0294326],[-121.0498329,39.0294178],[-121.0498397,39.0294055],[-121.0498476,39.0293956],[-121.0498461,39.0293821],[-121.0498286,39.0293685],[-121.0498191,39.0293525],[-121.0497985,39.0293365],[-121.0497858,39.0293303]]]},"properties":{"course_id":"darkhorse_golf_club","course_name":"DarkHorse Golf Club","hole_number":10,"feature_type":"bunker","name":"unassigned_bunker_14","feature-color":"#d4b483","is_approximate":true,"source":"osm","@id":"68c63bb2-6a1e-400b-b84f-327e8fec3f32","osm_id":705282528,"needs_hole_assignment":true}},{"type":"Feature","bbox":[-121.0491755,39.0300125,-121.049005,39.0301258],"geometry":{"type":"Polygon","coordinates":[[[-121.0491054,39.0300125],[-121.0491414,39.030014],[-121.0491679,39.0300287],[-121.0491755,39.0300464],[-121.0491565,39.0300772],[-121.0491243,39.0301052],[-121.0490959,39.0301258],[-121.0490713,39.0301214],[-121.0490391,39.0301067],[-121.0490126,39.030092],[-121.049005,39.0300758],[-121.049041,39.0300449],[-121.0490732,39.0300272],[-121.0491054,39.0300125]]]},"properties":{"course_id":"darkhorse_golf_club","course_name":"DarkHorse Golf Club","hole_number":11,"feature_type":"tee_box","name":"unassigned_tee_box_15","feature-color":"#8b7355","is_approximate":true,"source":"osm","@id":"a725548c-ff2f-42f7-8f1e-1a09bc2c991d","osm_id":705284390,"needs_hole_assignment":true}},{"type":"Feature","bbox":[-121.049717,39.0299037,-121.049503,39.0300272],"geometry":{"type":"Polygon","coordinates":[[[-121.049503,39.0299875],[-121.0495428,39.0299566],[-121.0496091,39.0299272],[-121.0496602,39.0299037],[-121.0496943,39.0299198],[-121.0497095,39.0299419],[-121.049717,39.0299625],[-121.0496924,39.0299802],[-121.0496507,39.0300008],[-121.0496205,39.0300184],[-121.0495902,39.0300258],[-121.0495655,39.0300272],[-121.0495409,39.0300155],[-121.0495163,39.0300037],[-121.049503,39.0299875]]]},"properties":{"course_id":"darkhorse_golf_club","course_name":"DarkHorse Golf Club","hole_number":11,"feature_type":"tee_box","name":"unassigned_tee_box_16","feature-color":"#8b7355","is_approximate":true,"source":"osm","@id":"24c46393-4c13-47b8-9315-1eef1f86d203","osm_id":705284391,"needs_hole_assignment":true}},{"type":"Feature","bbox":[-121.0501507,39.0299551,-121.050003,39.0300566],"geometry":{"type":"Polygon","coordinates":[[[-121.0500124,39.0300052],[-121.0500257,39.0300346],[-121.0500408,39.0300508],[-121.0500654,39.0300566],[-121.0500976,39.0300493],[-121.0501298,39.0300405],[-121.0501507,39.0300199],[-121.0501431,39.0299919],[-121.050126,39.0299684],[-121.0500901,39.0299551],[-121.0500446,39.0299699],[-121.0500181,39.0299802],[-121.050003,39.0299905],[-121.0500124,39.0300052]]]},"properties":{"course_id":"darkhorse_golf_club","course_name":"DarkHorse Golf Club","hole_number":11,"feature_type":"tee_box","name":"unassigned_tee_box_17","feature-color":"#8b7355","is_approximate":true,"source":"osm","@id":"6a45f445-3fb5-49ed-8866-dad8fab94a70","osm_id":705284392,"needs_hole_assignment":true}},{"type":"Feature","bbox":[-121.0499935,39.0300199,-121.0497568,39.0301523],"geometry":{"type":"Polygon","coordinates":[[[-121.0499878,39.0300478],[-121.0499935,39.0300684],[-121.0499821,39.030089],[-121.0499462,39.0301081],[-121.0498988,39.0301273],[-121.0498401,39.0301464],[-121.0497947,39.0301523],[-121.0497719,39.030139],[-121.0497568,39.0301199],[-121.0497568,39.0300964],[-121.0497738,39.0300772],[-121.0498041,39.0300611],[-121.0498401,39.0300464],[-121.0498742,39.0300346],[-121.0499064,39.0300243],[-121.0499348,39.0300199],[-121.0499594,39.0300243],[-121.0499783,39.0300331],[-121.0499878,39.0300478]]]},"properties":{"course_id":"darkhorse_golf_club","course_name":"DarkHorse Golf Club","hole_number":11,"feature_type":"tee_box","name":"unassigned_tee_box_18","feature-color":"#8b7355","is_approximate":true,"source":"osm","@id":"e367a68d-699f-43bc-849b-dd7660843b4d","osm_id":705284393,"needs_hole_assignment":true}},{"type":"Feature","bbox":[-121.0488987,39.0302793,-121.0476227,39.0317071],"geometry":{"type":"Polygon","coordinates":[[[-121.0479844,39.0315791],[-121.0479806,39.0316394],[-121.0479635,39.0316659],[-121.0479314,39.0316688],[-121.0478821,39.0316762],[-121.0478083,39.0316865],[-121.0477212,39.0317012],[-121.0476776,39.0317071],[-121.0476416,39.0317012],[-121.0476284,39.0316674],[-121.0476227,39.0315923],[-121.0476303,39.031482],[-121.0476473,39.0313688],[-121.0476587,39.0312467],[-121.0476473,39.031051],[-121.0476492,39.0308613],[-121.0476606,39.0307465],[-121.0476833,39.0306642],[-121.0476947,39.03062],[-121.0477268,39.0305994],[-121.0477874,39.0305862],[-121.0478499,39.0305568],[-121.0479086,39.0305288],[-121.0479465,39.0304818],[-121.0479938,39.0304538],[-121.0480374,39.030417],[-121.0481075,39.030395],[-121.0482059,39.0303773],[-121.0483764,39.0303479],[-121.0484599,39.030328],[-121.0485986,39.0302985],[-121.0487221,39.0302808],[-121.0487923,39.0302793],[-121.0488493,39.0303088],[-121.048893,39.0303457],[-121.0488987,39.0304003],[-121.0488854,39.030449],[-121.048817,39.0304844],[-121.0486784,39.0305287],[-121.0485302,39.0305685],[-121.0483801,39.0306645],[-121.0482225,39.0307855],[-121.0480344,39.0309374],[-121.0479869,39.031026],[-121.0480059,39.0311071],[-121.0480287,39.031178],[-121.0480439,39.0312473],[-121.0480363,39.0313491],[-121.0480192,39.0314185],[-121.0479964,39.0314864],[-121.0479844,39.0315791]]]},"properties":{"course_id":"darkhorse_golf_club","course_name":"DarkHorse Golf Club","hole_number":11,"feature_type":"fairway","name":"unassigned_fairway","feature-color":"#4a7c3f","is_approximate":true,"source":"osm","@id":"2b540349-cb82-445e-81dd-5a2c6123ee60","osm_id":705284394,"needs_hole_assignment":true}},{"type":"Feature","bbox":[-121.0477466,39.0323872,-121.0475008,39.0325831],"geometry":{"type":"Polygon","coordinates":[[[-121.0476157,39.0325732],[-121.0475949,39.0325707],[-121.047571,39.0325719],[-121.0475503,39.0325769],[-121.0475279,39.0325831],[-121.0475151,39.0325769],[-121.0475072,39.032567],[-121.0475008,39.0325496],[-121.0475072,39.0325335],[-121.0475199,39.0325223],[-121.0475375,39.0325099],[-121.0475598,39.0324963],[-121.0475758,39.0324777],[-121.0475854,39.0324442],[-121.0476013,39.0324231],[-121.0476237,39.0324033],[-121.0476444,39.0323921],[-121.0476732,39.0323872],[-121.0477019,39.0323983],[-121.0477242,39.0324132],[-121.0477338,39.0324269],[-121.047745,39.0324479],[-121.0477466,39.0324678],[-121.0477418,39.0324802],[-121.047729,39.0324913],[-121.0477115,39.0324951],[-121.0476939,39.0324963],[-121.0476811,39.0324963],[-121.0476732,39.0324827],[-121.0476636,39.0324703],[-121.0476492,39.0324641],[-121.0476396,39.0324727],[-121.0476508,39.0324839],[-121.0476492,39.0324963],[-121.0476444,39.0325062],[-121.0476508,39.0325161],[-121.0476668,39.0325198],[-121.04767,39.0325384],[-121.0476652,39.0325595],[-121.0476492,39.032567],[-121.0476157,39.0325732]]]},"properties":{"course_id":"darkhorse_golf_club","course_name":"DarkHorse Golf Club","hole_number":11,"feature_type":"bunker","name":"unassigned_bunker_15","feature-color":"#d4b483","is_approximate":true,"source":"osm","@id":"4a62ba5a-f8d0-4869-9ed9-32d2ef887c1f","osm_id":705284395,"needs_hole_assignment":true}},{"type":"Feature","bbox":[-121.0473444,39.0333493,-121.0471993,39.0335712],"geometry":{"type":"Polygon","coordinates":[[[-121.0473076,39.0333592],[-121.047314,39.0333803],[-121.0473124,39.0333989],[-121.0473092,39.0334175],[-121.0473188,39.0334423],[-121.0473332,39.0334634],[-121.0473412,39.0334894],[-121.0473444,39.0335204],[-121.0473412,39.033544],[-121.0473268,39.0335588],[-121.0473108,39.0335687],[-121.0472853,39.0335712],[-121.0472614,39.0335663],[-121.0472426,39.0335554],[-121.0472342,39.0335395],[-121.0472288,39.0335234],[-121.0472294,39.0335105],[-121.0472438,39.033503],[-121.0472598,39.0335018],[-121.0472725,39.0335117],[-121.0472917,39.0335167],[-121.0472933,39.0335043],[-121.0472821,39.0334956],[-121.0472837,39.0334844],[-121.0472837,39.0334683],[-121.0472725,39.0334646],[-121.0472614,39.033472],[-121.0472518,39.0334807],[-121.0472342,39.0334857],[-121.0472183,39.0334844],[-121.0472017,39.033475],[-121.0471993,39.0334632],[-121.0472023,39.0334497],[-121.0472167,39.0334423],[-121.0472358,39.0334386],[-121.047255,39.0334262],[-121.0472582,39.0334138],[-121.0472454,39.0334101],[-121.047231,39.0334175],[-121.0472183,39.0334113],[-121.0472087,39.0333989],[-121.0472023,39.0333803],[-121.0472103,39.0333679],[-121.0472246,39.033358],[-121.0472454,39.0333518],[-121.0472741,39.0333493],[-121.0472901,39.0333505],[-121.0473076,39.0333592]]]},"properties":{"course_id":"darkhorse_golf_club","course_name":"DarkHorse Golf Club","hole_number":11,"feature_type":"bunker","name":"unassigned_bunker_16","feature-color":"#d4b483","is_approximate":true,"source":"osm","@id":"9219802c-bff5-44e2-a36b-8a4a033e2708","osm_id":705284396,"needs_hole_assignment":true}},{"type":"Feature","bbox":[-121.0472374,39.0333667,-121.0469613,39.0336593],"geometry":{"type":"Polygon","coordinates":[[[-121.0472374,39.0335973],[-121.0472374,39.0336196],[-121.0472262,39.0336382],[-121.0472071,39.0336543],[-121.0471784,39.0336593],[-121.0471385,39.033658],[-121.0471145,39.0336518],[-121.0470858,39.0336332],[-121.0470507,39.0336134],[-121.0470028,39.0335712],[-121.04699,39.0335526],[-121.0469661,39.0334981],[-121.0469613,39.0334671],[-121.0469661,39.0334423],[-121.0469773,39.0334125],[-121.0470012,39.0333927],[-121.0470283,39.0333803],[-121.0470666,39.0333691],[-121.0471017,39.0333667],[-121.0471305,39.0333716],[-121.0471512,39.033389],[-121.0471608,39.0334113],[-121.0471672,39.0334423],[-121.0471768,39.0334696],[-121.0471943,39.0334944],[-121.0472119,39.0335216],[-121.0472231,39.0335526],[-121.0472342,39.0335762],[-121.0472374,39.0335973]]]},"properties":{"course_id":"darkhorse_golf_club","course_name":"DarkHorse Golf Club","hole_number":11,"feature_type":"green","name":"unassigned_green_5","feature-color":"#2d6e2d","is_approximate":true,"source":"osm","@id":"791e682a-98d8-4ad2-befe-df4744b4f3ae","osm_id":705284397,"needs_hole_assignment":true}},{"type":"Feature","bbox":[-121.0480897,39.0339698,-121.0478822,39.0342322],"geometry":{"type":"Polygon","coordinates":[[[-121.0480609,39.033985],[-121.0480828,39.0339976],[-121.0480897,39.0340182],[-121.0480897,39.0340468],[-121.0480828,39.0340683],[-121.0480771,39.0341149],[-121.0480644,39.0341847],[-121.048054,39.0342071],[-121.0480321,39.0342215],[-121.0480033,39.0342313],[-121.0479814,39.0342322],[-121.0479479,39.0342268],[-121.0479272,39.0342179],[-121.0479053,39.034208],[-121.0478891,39.0341928],[-121.0478822,39.0341758],[-121.047888,39.034131],[-121.0478961,39.0340719],[-121.0479018,39.0340253],[-121.0479053,39.0340012],[-121.0479134,39.0339886],[-121.0479376,39.0339806],[-121.0479629,39.0339743],[-121.047986,39.0339698],[-121.0480171,39.0339716],[-121.0480402,39.0339752],[-121.0480609,39.033985]]]},"properties":{"course_id":"darkhorse_golf_club","course_name":"DarkHorse Golf Club","hole_number":12,"feature_type":"tee_box","name":"unassigned_tee_box_20","feature-color":"#8b7355","is_approximate":true,"source":"osm","@id":"bb3a09a4-6a27-4438-be98-ba11abd4a306","osm_id":705619261,"needs_hole_assignment":true}},{"type":"Feature","bbox":[-121.0480649,39.0342724,-121.0479033,39.0343804],"geometry":{"type":"Polygon","coordinates":[[[-121.0480584,39.0343],[-121.0480649,39.0343226],[-121.0480633,39.0343565],[-121.0480503,39.0343766],[-121.0480261,39.0343804],[-121.0479695,39.0343791],[-121.047934,39.0343741],[-121.0479114,39.0343628],[-121.0479033,39.0343251],[-121.0479065,39.0343],[-121.0479178,39.0342825],[-121.0479421,39.0342724],[-121.0479986,39.0342762],[-121.048031,39.0342787],[-121.0480455,39.034285],[-121.0480584,39.0343]]]},"properties":{"course_id":"darkhorse_golf_club","course_name":"DarkHorse Golf Club","hole_number":12,"feature_type":"tee_box","name":"unassigned_tee_box_21","feature-color":"#8b7355","is_approximate":true,"source":"osm","@id":"614aeb1b-e3bd-41d9-b554-f374ea61a17f","osm_id":705619262,"needs_hole_assignment":true}},{"type":"Feature","bbox":[-121.0481775,39.0362527,-121.0480478,39.0363545],"geometry":{"type":"Polygon","coordinates":[[[-121.048142,39.0362622],[-121.0481625,39.0362792],[-121.0481748,39.0363015],[-121.0481775,39.036328],[-121.0481679,39.0363407],[-121.048142,39.0363513],[-121.0481174,39.0363545],[-121.0480997,39.0363513],[-121.048071,39.0363418],[-121.0480601,39.036329],[-121.0480519,39.0363036],[-121.0480478,39.0362803],[-121.0480587,39.0362665],[-121.0480806,39.0362569],[-121.048112,39.0362527],[-121.048142,39.0362622]]]},"properties":{"course_id":"darkhorse_golf_club","course_name":"DarkHorse Golf Club","hole_number":13,"feature_type":"tee_box","name":"hole_13_tee_box","feature-color":"#8b6914","is_approximate":true,"source":"osm","@id":"aa31d0f6-ae9f-4e87-a8b3-144e18a0e6c0","osm_id":705619263}},{"type":"Feature","bbox":[-121.048243,39.0364022,-121.0480778,39.0365294],"geometry":{"type":"Polygon","coordinates":[[[-121.0482116,39.0364266],[-121.0482334,39.0364541],[-121.048243,39.0364923],[-121.0482389,39.0365103],[-121.0482212,39.0365188],[-121.0482007,39.0365241],[-121.0481748,39.0365294],[-121.0481475,39.0365294],[-121.0481161,39.0365252],[-121.0480956,39.0365072],[-121.0480847,39.036486],[-121.0480778,39.0364594],[-121.0480901,39.0364351],[-121.0481051,39.0364213],[-121.0481338,39.0364117],[-121.0481611,39.0364022],[-121.0481911,39.0364107],[-121.0482116,39.0364266]]]},"properties":{"course_id":"darkhorse_golf_club","course_name":"DarkHorse Golf Club","hole_number":13,"feature_type":"tee_box","name":"hole_13_tee_box_2","feature-color":"#8b7355","is_approximate":true,"source":"osm","@id":"71012619-51a6-49c4-be9f-065126367ef3","osm_id":705619264}},{"type":"Feature","bbox":[-121.0485296,39.0365729,-121.048187,39.0366789],"geometry":{"type":"Polygon","coordinates":[[[-121.0482566,39.0366789],[-121.0484778,39.0366566],[-121.048516,39.0366545],[-121.0485255,39.0366407],[-121.0485296,39.0366195],[-121.0485296,39.0365962],[-121.0485242,39.0365793],[-121.0485037,39.0365729],[-121.0484368,39.036574],[-121.0483454,39.0365793],[-121.0482799,39.0365835],[-121.0482334,39.0365846],[-121.0482007,39.0365983],[-121.048187,39.0366185],[-121.0481884,39.0366397],[-121.048198,39.0366609],[-121.0482075,39.0366757],[-121.0482253,39.0366789],[-121.0482566,39.0366789]]]},"properties":{"course_id":"darkhorse_golf_club","course_name":"DarkHorse Golf Club","hole_number":13,"feature_type":"tee_box","name":"hole_13_tee_box_3","feature-color":"#8b7355","is_approximate":true,"source":"osm","@id":"b6c362a6-f328-4d2b-a48c-b0d6cce6733f","osm_id":705619265}},{"type":"Feature","bbox":[-121.0486429,39.0368019,-121.048374,39.0368931],"geometry":{"type":"Polygon","coordinates":[[[-121.0486361,39.0368157],[-121.0486429,39.0368326],[-121.0486429,39.0368528],[-121.0486293,39.0368719],[-121.0486033,39.0368825],[-121.0485269,39.0368878],[-121.0484696,39.0368931],[-121.04843,39.0368931],[-121.0484082,39.0368835],[-121.048389,39.0368676],[-121.0483754,39.0368538],[-121.048374,39.0368348],[-121.0483822,39.036821],[-121.0484286,39.0368093],[-121.0485078,39.036803],[-121.048572,39.036803],[-121.0486033,39.0368019],[-121.0486361,39.0368157]]]},"properties":{"course_id":"darkhorse_golf_club","course_name":"DarkHorse Golf Club","hole_number":13,"feature_type":"tee_box","name":"hole_13_tee_box_4","feature-color":"#8b7355","is_approximate":true,"source":"osm","@id":"06f5ee88-6881-4db4-a856-57ddd7af7549","osm_id":705619266}},{"type":"Feature","bbox":[-121.0481242,39.0358562,-121.0478458,39.0361223],"geometry":{"type":"Polygon","coordinates":[[[-121.0480587,39.0359028],[-121.0480765,39.0359113],[-121.048086,39.0359219],[-121.048086,39.0359389],[-121.0480765,39.0359495],[-121.0480642,39.0359527],[-121.0480505,39.0359516],[-121.0480383,39.0359452],[-121.0480232,39.035941],[-121.0480178,39.0359516],[-121.0480219,39.0359675],[-121.0480301,39.035976],[-121.0480478,39.0359823],[-121.0480574,39.035994],[-121.0480656,39.0360067],[-121.0480833,39.0360099],[-121.0480983,39.0360099],[-121.0481188,39.0360099],[-121.0481242,39.0360216],[-121.0481106,39.0360407],[-121.0480997,39.0360544],[-121.048086,39.0360661],[-121.0480724,39.0360714],[-121.048056,39.0360703],[-121.0480424,39.0360619],[-121.0480383,39.0360534],[-121.0480355,39.0360407],[-121.0480287,39.0360301],[-121.048011,39.0360269],[-121.0479987,39.0360332],[-121.0479973,39.0360449],[-121.0480041,39.0360576],[-121.0480055,39.0360682],[-121.0480028,39.0360831],[-121.048,39.036099],[-121.0479905,39.0361106],[-121.0479768,39.036117],[-121.0479605,39.0361212],[-121.0479427,39.0361223],[-121.047925,39.0361181],[-121.0479113,39.0361096],[-121.0479018,39.0360937],[-121.0479059,39.0360841],[-121.0479154,39.0360746],[-121.0479195,39.036064],[-121.0479154,39.0360555],[-121.0479004,39.0360555],[-121.0478827,39.0360576],[-121.0478663,39.0360587],[-121.047854,39.0360534],[-121.0478472,39.0360343],[-121.0478458,39.0360089],[-121.0478499,39.035994],[-121.0478513,39.0359802],[-121.0478608,39.0359728],[-121.0478745,39.0359664],[-121.0478908,39.0359633],[-121.0479018,39.0359675],[-121.0479154,39.035976],[-121.0479291,39.0359866],[-121.04794,39.0359972],[-121.0479536,39.0360035],[-121.0479673,39.0360025],[-121.0479768,39.0359908],[-121.0479755,39.0359749],[-121.0479741,39.035959],[-121.04797,39.0359378],[-121.0479577,39.0359166],[-121.0479468,39.0359039],[-121.0479454,39.0358837],[-121.0479577,39.0358689],[-121.0479727,39.0358594],[-121.0479891,39.0358562],[-121.0480082,39.0358572],[-121.0480232,39.0358636],[-121.0480287,39.0358753],[-121.048026,39.0358859],[-121.0480355,39.0358933],[-121.0480464,39.0358975],[-121.0480587,39.0359028]]]},"properties":{"course_id":"darkhorse_golf_club","course_name":"DarkHorse Golf Club","hole_number":12,"feature_type":"bunker","name":"hole_12_bunker","feature-color":"#d4b483","is_approximate":true,"source":"osm","@id":"f891c5fe-4760-469e-97d3-4f02989ce5f0","osm_id":705619267}},{"type":"Feature","bbox":[-121.0478281,39.0368613,-121.0476902,39.0370574],"geometry":{"type":"Polygon","coordinates":[[[-121.0477625,39.0368613],[-121.0477803,39.0368687],[-121.0477953,39.0368782],[-121.0477994,39.0368888],[-121.047798,39.0369005],[-121.0478008,39.0369143],[-121.0478144,39.036927],[-121.047824,39.0369429],[-121.0478281,39.0369641],[-121.0478267,39.0369853],[-121.0478267,39.0370065],[-121.0478158,39.0370256],[-121.0478089,39.0370383],[-121.0477885,39.0370479],[-121.0477707,39.0370542],[-121.0477489,39.0370574],[-121.0477311,39.0370553],[-121.0477243,39.0370404],[-121.0477243,39.0370245],[-121.0477325,39.0370086],[-121.0477462,39.036998],[-121.0477584,39.0369906],[-121.0477584,39.036979],[-121.0477448,39.0369747],[-121.0477284,39.0369779],[-121.0477148,39.036979],[-121.0477038,39.0369715],[-121.0476943,39.0369588],[-121.0476902,39.036945],[-121.0477011,39.0369312],[-121.0477175,39.0369259],[-121.0477284,39.0369217],[-121.0477325,39.0369069],[-121.0477366,39.036891],[-121.0477407,39.0368772],[-121.0477489,39.0368676],[-121.0477625,39.0368613]]]},"properties":{"course_id":"darkhorse_golf_club","course_name":"DarkHorse Golf Club","hole_number":12,"feature_type":"bunker","name":"unassigned_bunker_17","feature-color":"#d4b483","is_approximate":true,"source":"osm","@id":"27358a82-82cd-4a20-99a7-4c859c4e1a77","osm_id":705619268,"needs_hole_assignment":true}},{"type":"Feature","bbox":[-121.0475278,39.0367902,-121.047308,39.0369461],"geometry":{"type":"Polygon","coordinates":[[[-121.0473681,39.0368454],[-121.0473899,39.0368475],[-121.0474049,39.0368475],[-121.0474145,39.0368369],[-121.0474172,39.0368252],[-121.0474254,39.0368146],[-121.0474377,39.0368051],[-121.0474541,39.0367945],[-121.0474827,39.0367902],[-121.0474977,39.0367945],[-121.0475155,39.0368051],[-121.0475264,39.036821],[-121.0475278,39.0368464],[-121.047525,39.0368719],[-121.0475237,39.0368888],[-121.0475168,39.036909],[-121.0475087,39.0369238],[-121.0475005,39.0369355],[-121.0474854,39.0369429],[-121.0474663,39.0369461],[-121.04745,39.0369429],[-121.0474404,39.0369376],[-121.0474281,39.036927],[-121.0474254,39.0369143],[-121.0474349,39.0369037],[-121.04745,39.0368941],[-121.0474581,39.0368878],[-121.0474595,39.0368772],[-121.0474513,39.0368676],[-121.0474363,39.0368666],[-121.0474254,39.0368719],[-121.0474186,39.0368804],[-121.0474063,39.0368846],[-121.0474049,39.0368963],[-121.047394,39.0369079],[-121.0473803,39.0369185],[-121.0473653,39.0369228],[-121.0473462,39.0369196],[-121.0473312,39.036909],[-121.0473217,39.0368973],[-121.0473135,39.0368814],[-121.047308,39.0368666],[-121.047308,39.0368528],[-121.0473148,39.0368432],[-121.0473285,39.0368401],[-121.047349,39.0368422],[-121.0473681,39.0368454]]]},"properties":{"course_id":"darkhorse_golf_club","course_name":"DarkHorse Golf Club","hole_number":12,"feature_type":"bunker","name":"unassigned_bunker_18","feature-color":"#d4b483","is_approximate":true,"source":"osm","@id":"a50f9ce9-398e-4f8c-bbb4-8e18a6f5530a","osm_id":705619269,"needs_hole_assignment":true}},{"type":"Feature","bbox":[-121.0477148,39.0369631,-121.047394,39.0371984],"geometry":{"type":"Polygon","coordinates":[[[-121.047394,39.0370426],[-121.0473981,39.0370192],[-121.0474049,39.0369906],[-121.0474186,39.0369737],[-121.0474349,39.0369631],[-121.0474527,39.0369631],[-121.0474936,39.0369673],[-121.0475168,39.0369694],[-121.0475428,39.0369737],[-121.0475783,39.0369726],[-121.0476069,39.0369684],[-121.0476356,39.0369673],[-121.0476615,39.0369726],[-121.0476847,39.0369896],[-121.0476997,39.0370076],[-121.0477052,39.037032],[-121.047712,39.0370617],[-121.0477148,39.037086],[-121.047712,39.0371115],[-121.0477052,39.0371369],[-121.0476929,39.0371613],[-121.0476765,39.0371825],[-121.0476574,39.0371931],[-121.0476342,39.0371984],[-121.0476069,39.0371963],[-121.0475769,39.0371836],[-121.0475346,39.0371634],[-121.0475059,39.0371518],[-121.0474745,39.0371465],[-121.0474513,39.0371337],[-121.0474349,39.0371242],[-121.0474186,39.0371136],[-121.0474049,39.0370998],[-121.0473981,39.0370807],[-121.047394,39.0370638],[-121.047394,39.0370426]]]},"properties":{"course_id":"darkhorse_golf_club","course_name":"DarkHorse Golf Club","hole_number":12,"feature_type":"green","name":"unassigned_green_6","feature-color":"#2d6e2d","is_approximate":true,"source":"osm","@id":"8816b0ff-02ec-4e28-bbb9-cc9d059951e4","osm_id":705619270,"needs_hole_assignment":true}},{"type":"Feature","bbox":[-121.0489645,39.0374986,-121.0488116,39.0376439],"geometry":{"type":"Polygon","coordinates":[[[-121.0488116,39.0375389],[-121.0488144,39.0375273],[-121.0488253,39.0375156],[-121.0488498,39.0375061],[-121.0488758,39.0374986],[-121.0489044,39.0374986],[-121.048929,39.0375114],[-121.0489413,39.0375283],[-121.0489549,39.0375591],[-121.0489618,39.0375856],[-121.0489645,39.0376078],[-121.0489563,39.0376227],[-121.0489427,39.0376333],[-121.0489276,39.0376439],[-121.048914,39.0376428],[-121.0488949,39.0376375],[-121.048884,39.0376259],[-121.0488812,39.0376163],[-121.048884,39.0375994],[-121.048884,39.0375887],[-121.0488799,39.037575],[-121.048869,39.0375665],[-121.0488526,39.0375686],[-121.0488362,39.0375697],[-121.0488225,39.0375633],[-121.048813,39.0375516],[-121.0488116,39.0375389]]]},"properties":{"course_id":"darkhorse_golf_club","course_name":"DarkHorse Golf Club","hole_number":13,"feature_type":"bunker","name":"hole_13_bunker_2","feature-color":"#d4b483","is_approximate":true,"source":"osm","@id":"02ec7e1d-7ba5-43fb-a5ca-36e8b6fb5986","osm_id":705619275}},{"type":"Feature","bbox":[-121.0487183,39.0375891,-121.0485196,39.0378228],"geometry":{"type":"Polygon","coordinates":[[[-121.048655,39.0376617],[-121.0486423,39.0376617],[-121.0486297,39.0376556],[-121.0486199,39.0376556],[-121.048618,39.0376662],[-121.0486092,39.0376738],[-121.0486014,39.0376814],[-121.0485985,39.0376927],[-121.0486004,39.0377056],[-121.0486034,39.0377124],[-121.0486131,39.0377146],[-121.0486209,39.0377116],[-121.0486228,39.0377018],[-121.0486219,39.0376927],[-121.0486258,39.0376844],[-121.0486345,39.0376791],[-121.0486423,39.0376821],[-121.0486511,39.0376851],[-121.0486618,39.0376851],[-121.0486764,39.0376927],[-121.0486832,39.0377018],[-121.0486822,39.0377101],[-121.0486783,39.0377207],[-121.0486686,39.0377267],[-121.0486589,39.0377313],[-121.0486521,39.0377388],[-121.0486569,39.0377479],[-121.0486637,39.037757],[-121.0486696,39.037763],[-121.0486783,39.0377676],[-121.0486959,39.0377691],[-121.0487046,39.0377759],[-121.0487144,39.0377857],[-121.0487183,39.0377986],[-121.0487173,39.0378077],[-121.0487105,39.0378137],[-121.0486968,39.0378175],[-121.0486832,39.0378198],[-121.0486676,39.0378228],[-121.0486491,39.037819],[-121.0486326,39.0378137],[-121.048616,39.0378061],[-121.0486043,39.037794],[-121.0486004,39.0377835],[-121.0485946,39.0377744],[-121.0485936,39.0377668],[-121.0485985,39.0377562],[-121.0485956,39.0377464],[-121.0485868,39.0377403],[-121.0485732,39.0377449],[-121.0485615,39.0377479],[-121.0485479,39.0377464],[-121.0485362,39.0377441],[-121.0485226,39.0377396],[-121.0485196,39.0377313],[-121.0485216,39.0377177],[-121.0485245,39.0377056],[-121.0485264,39.0376935],[-121.0485294,39.0376814],[-121.0485333,39.0376745],[-121.0485391,39.0376685],[-121.0485391,39.0376587],[-121.0485333,39.0376473],[-121.0485352,39.0376352],[-121.0485459,39.0376269],[-121.0485557,39.0376178],[-121.0485673,39.0376133],[-121.0485819,39.0376118],[-121.0485907,39.0376057],[-121.0486024,39.0375989],[-121.0486141,39.0375929],[-121.0486306,39.0375891],[-121.0486462,39.0375891],[-121.0486657,39.0375906],[-121.0486783,39.0375966],[-121.0486832,39.0376133],[-121.0486871,39.0376284],[-121.0486881,39.0376428],[-121.0486832,39.0376556],[-121.0486696,39.0376617],[-121.048655,39.0376617]]]},"properties":{"course_id":"darkhorse_golf_club","course_name":"DarkHorse Golf Club","hole_number":13,"feature_type":"bunker","name":"hole_13_bunker_3","feature-color":"#d4b483","is_approximate":true,"source":"osm","@id":"05ea4841-75ae-4b15-b9cc-0f015140de6f","osm_id":705619276}},{"type":"Feature","bbox":[-121.0490396,39.037577,-121.0487037,39.0378545],"geometry":{"type":"Polygon","coordinates":[[[-121.0488828,39.0376473],[-121.0488926,39.0376617],[-121.048915,39.0376753],[-121.0489364,39.0376904],[-121.0489539,39.037701],[-121.0489734,39.0377093],[-121.0489977,39.0377199],[-121.0490191,39.0377373],[-121.0490376,39.0377593],[-121.0490396,39.0377789],[-121.0490347,39.0377978],[-121.0490191,39.037816],[-121.0489958,39.0378319],[-121.0489724,39.0378432],[-121.048952,39.0378515],[-121.0489227,39.0378545],[-121.0488848,39.0378523],[-121.0488536,39.0378493],[-121.0488254,39.0378424],[-121.0487923,39.0378334],[-121.0487689,39.0378266],[-121.0487475,39.0378175],[-121.0487368,39.0378009],[-121.048728,39.0377744],[-121.0487231,39.0377479],[-121.0487163,39.0377207],[-121.0487115,39.0376995],[-121.0487056,39.0376761],[-121.0487037,39.0376564],[-121.0487037,39.0376352],[-121.0487095,39.0376148],[-121.0487251,39.0375974],[-121.0487416,39.0375845],[-121.0487699,39.037577],[-121.0488001,39.0375777],[-121.0488254,39.0375845],[-121.0488536,39.0376004],[-121.0488672,39.0376201],[-121.0488741,39.0376337],[-121.0488828,39.0376473]]]},"properties":{"course_id":"darkhorse_golf_club","course_name":"DarkHorse Golf Club","hole_number":13,"feature_type":"green","name":"hole_13_green","feature-color":"#2d6e2d","is_approximate":true,"source":"osm","@id":"2464fde4-0a27-4ece-bdc0-0722e8b91422","osm_id":705619607}},{"type":"Feature","bbox":[-121.0488423,39.0373109,-121.0484984,39.0376148],"geometry":{"type":"Polygon","coordinates":[[[-121.0488254,39.0375845],[-121.0488001,39.0375777],[-121.0487699,39.037577],[-121.0487416,39.0375845],[-121.0487251,39.0375974],[-121.0487095,39.0376148],[-121.0486949,39.0375961],[-121.0486799,39.0375791],[-121.0486253,39.0375632],[-121.048568,39.0375611],[-121.0485175,39.0375526],[-121.0484984,39.0375367],[-121.0485038,39.0374986],[-121.0485311,39.0374413],[-121.0485516,39.0374106],[-121.0485803,39.0373798],[-121.0486035,39.0373597],[-121.048639,39.0373353],[-121.0486881,39.0373162],[-121.0487427,39.0373109],[-121.0487959,39.0373194],[-121.0488287,39.0373459],[-121.0488423,39.0373862],[-121.0488396,39.0374275],[-121.0488082,39.0374752],[-121.0487946,39.0375017],[-121.0487918,39.0375346],[-121.0488055,39.0375569],[-121.0488254,39.0375845]]]},"properties":{"course_id":"darkhorse_golf_club","course_name":"DarkHorse Golf Club","hole_number":13,"feature_type":"fairway","name":"hole_13_fairway","feature-color":"#4a7c3f","is_approximate":true,"source":"osm","@id":"09687ff1-1575-46e6-a959-3007c62b84ce","osm_id":705619608}},{"type":"Feature","bbox":[-121.0493543,39.0375316,-121.0476935,39.0383826],"geometry":{"type":"Polygon","coordinates":[[[-121.048932,39.0379953],[-121.0490177,39.0379978],[-121.0491003,39.0379854],[-121.0491733,39.0379978],[-121.0492559,39.038015],[-121.0493067,39.0380471],[-121.0493385,39.0380866],[-121.0493543,39.0381384],[-121.0493321,39.0381778],[-121.0492845,39.0381976],[-121.0492368,39.0382025],[-121.0491733,39.038205],[-121.049132,39.0381976],[-121.0490908,39.0381803],[-121.0490177,39.0381507],[-121.0489542,39.0381507],[-121.0488748,39.0381778],[-121.0488335,39.0382222],[-121.0488081,39.0382716],[-121.0488081,39.038316],[-121.0488145,39.0383456],[-121.04877,39.0383702],[-121.0487192,39.0383826],[-121.0486747,39.0383554],[-121.0486176,39.038311],[-121.0485604,39.0382592],[-121.0485096,39.0382346],[-121.0484334,39.0382198],[-121.0483508,39.0381951],[-121.0482841,39.0381754],[-121.0482397,39.0381384],[-121.0481571,39.0380644],[-121.0481063,39.0380372],[-121.0480491,39.03802],[-121.0479666,39.037978],[-121.0479094,39.0379262],[-121.0478618,39.0378744],[-121.0478078,39.0378103],[-121.0476935,39.0377511],[-121.0477189,39.0376968],[-121.0478141,39.0377166],[-121.047938,39.0377166],[-121.0480555,39.0376672],[-121.0481317,39.0376105],[-121.0482873,39.0375316],[-121.0483953,39.0375513],[-121.0484429,39.0376056],[-121.0484493,39.0377116],[-121.0484651,39.0377906],[-121.0485064,39.0378522],[-121.0485795,39.0379114],[-121.0487033,39.0379509],[-121.0487986,39.0379706],[-121.048932,39.0379953]]]},"properties":{"course_id":"darkhorse_golf_club","course_name":"DarkHorse Golf Club","hole_number":14,"feature_type":"water","name":"hole_14_water","feature-color":"#2255cc","is_approximate":true,"source":"osm","@id":"5e1ebf74-8f35-4aba-a9c1-b73398d21ad9","osm_id":705620711}},{"type":"Feature","bbox":[-121.0494593,39.03827,-121.049346,39.0383919],"geometry":{"type":"Polygon","coordinates":[[[-121.0494306,39.0382721],[-121.0494497,39.0382816],[-121.0494593,39.0382922],[-121.0494565,39.0383177],[-121.0494497,39.0383474],[-121.0494388,39.0383728],[-121.049417,39.0383855],[-121.0494019,39.0383919],[-121.0493774,39.0383877],[-121.0493596,39.038376],[-121.049346,39.0383622],[-121.0493501,39.0383463],[-121.0493665,39.0383209],[-121.049376,39.0383039],[-121.0493883,39.0382901],[-121.049391,39.0382763],[-121.0494047,39.03827],[-121.0494306,39.0382721]]]},"properties":{"course_id":"darkhorse_golf_club","course_name":"DarkHorse Golf Club","hole_number":14,"feature_type":"tee_box","name":"hole_14_tee_box","feature-color":"#8b7355","is_approximate":true,"source":"osm","@id":"a16d6e4b-38be-4844-882f-b11f969eba0d","osm_id":705620713}},{"type":"Feature","bbox":[-121.0492682,39.0382223,-121.0489092,39.0383484],"geometry":{"type":"Polygon","coordinates":[[[-121.0492545,39.0382657],[-121.0492682,39.0382806],[-121.0492682,39.0383081],[-121.0492586,39.0383325],[-121.0492436,39.0383463],[-121.0492204,39.0383484],[-121.0491249,39.0383346],[-121.0490512,39.0383262],[-121.0489856,39.0383156],[-121.0489501,39.0383103],[-121.048931,39.0383103],[-121.0489174,39.0382944],[-121.0489092,39.0382679],[-121.0489119,39.0382445],[-121.0489256,39.0382318],[-121.048942,39.0382233],[-121.0489693,39.0382223],[-121.0490512,39.0382339],[-121.049144,39.0382498],[-121.0491917,39.0382583],[-121.0492545,39.0382657]]]},"properties":{"course_id":"darkhorse_golf_club","course_name":"DarkHorse Golf Club","hole_number":14,"feature_type":"tee_box","name":"hole_14_tee_box_2","feature-color":"#8b7355","is_approximate":true,"source":"osm","@id":"a68c9e29-0618-4671-b898-1aa4885d1724","osm_id":705620714}},{"type":"Feature","bbox":[-121.0485202,39.03827,-121.0483755,39.0383675],"geometry":{"type":"Polygon","coordinates":[[[-121.0484861,39.0382848],[-121.0485106,39.0383007],[-121.0485202,39.038323],[-121.0485147,39.0383452],[-121.0485038,39.0383654],[-121.0484779,39.0383675],[-121.0484519,39.038358],[-121.0484205,39.0383484],[-121.0483837,39.0383378],[-121.0483769,39.0383198],[-121.0483755,39.0382933],[-121.0483755,39.0382774],[-121.0483932,39.03827],[-121.0484205,39.0382721],[-121.0484478,39.0382753],[-121.0484861,39.0382848]]]},"properties":{"course_id":"darkhorse_golf_club","course_name":"DarkHorse Golf Club","hole_number":14,"feature_type":"tee_box","name":"hole_14_tee_box_3","feature-color":"#8b7355","is_approximate":true,"source":"osm","@id":"8b17ebbc-5cbc-41cd-95b4-561a79150f1e","osm_id":705620715}},{"type":"Feature","bbox":[-121.047173,39.0377802,-121.0468904,39.0379689],"geometry":{"type":"Polygon","coordinates":[[[-121.0470146,39.0378056],[-121.0470378,39.0378056],[-121.0470583,39.037813],[-121.0470802,39.0378268],[-121.0471047,39.0378417],[-121.047132,39.0378565],[-121.0471388,39.0378724],[-121.0471429,39.0378904],[-121.0471607,39.0379063],[-121.047173,39.0379233],[-121.047173,39.0379445],[-121.0471539,39.0379572],[-121.0471184,39.0379689],[-121.0470965,39.0379646],[-121.0470774,39.0379562],[-121.0470638,39.0379402],[-121.0470679,39.0379286],[-121.0470774,39.037919],[-121.0470802,39.0379106],[-121.0470679,39.0378925],[-121.0470583,39.0378766],[-121.0470488,39.0378713],[-121.0470392,39.0378809],[-121.0470419,39.0378947],[-121.0470392,39.0379084],[-121.047031,39.037919],[-121.0470187,39.0379233],[-121.0470024,39.0379212],[-121.0469955,39.0379074],[-121.0469846,39.0379031],[-121.0469805,39.037918],[-121.046971,39.0379296],[-121.0469518,39.0379339],[-121.0469259,39.0379328],[-121.0469095,39.0379212],[-121.0469013,39.0379042],[-121.0469013,39.0378894],[-121.0469109,39.0378735],[-121.0469246,39.0378629],[-121.0469464,39.0378586],[-121.0469669,39.037865],[-121.0469764,39.0378745],[-121.0469887,39.0378735],[-121.0469832,39.0378629],[-121.0469737,39.0378565],[-121.0469655,39.0378459],[-121.0469464,39.0378448],[-121.0469286,39.0378448],[-121.0469109,39.0378427],[-121.0468959,39.0378321],[-121.0468904,39.037813],[-121.0468932,39.0377992],[-121.0469082,39.0377897],[-121.0469314,39.0377833],[-121.0469532,39.0377802],[-121.0469751,39.0377823],[-121.0470037,39.037795],[-121.0470146,39.0378056]]]},"properties":{"course_id":"darkhorse_golf_club","course_name":"DarkHorse Golf Club","hole_number":14,"feature_type":"bunker","name":"hole_14_bunker","feature-color":"#d4b483","is_approximate":true,"source":"osm","@id":"6d074ded-35eb-44d3-bd65-183beee30989","osm_id":705620716}},{"type":"Feature","bbox":[-121.0463101,39.0377247,-121.0461545,39.0378214],"geometry":{"type":"Polygon","coordinates":[[[-121.0461591,39.0377453],[-121.0461799,39.0377372],[-121.0461902,39.0377318],[-121.0462052,39.0377265],[-121.046226,39.0377247],[-121.0462513,39.0377265],[-121.0462744,39.0377363],[-121.046294,39.0377426],[-121.0463055,39.0377542],[-121.0463078,39.0377676],[-121.0463044,39.0377829],[-121.046309,39.037799],[-121.0463101,39.0378151],[-121.0462998,39.0378214],[-121.0462848,39.0378205],[-121.0462675,39.0378187],[-121.0462525,39.0378196],[-121.0462421,39.0378142],[-121.0462387,39.0378044],[-121.0462444,39.0377954],[-121.0462525,39.0377864],[-121.0462513,39.0377757],[-121.0462456,39.0377667],[-121.0462364,39.0377641],[-121.0462283,39.0377721],[-121.0462329,39.0377838],[-121.0462306,39.0377909],[-121.0462191,39.0377936],[-121.0462064,39.0377963],[-121.0461891,39.0378008],[-121.0461695,39.0377963],[-121.0461591,39.037782],[-121.0461568,39.037773],[-121.0461545,39.0377614],[-121.0461591,39.0377453]]]},"properties":{"course_id":"darkhorse_golf_club","course_name":"DarkHorse Golf Club","hole_number":14,"feature_type":"bunker","name":"hole_14_bunker_2","feature-color":"#d4b483","is_approximate":true,"source":"osm","@id":"f26b3dfe-3237-436a-836d-2c6325c00191","osm_id":705620717}},{"type":"Feature","bbox":[-121.046498,39.0375776,-121.0461047,39.0377667],"geometry":{"type":"Polygon","coordinates":[[[-121.0462998,39.0377247],[-121.0462721,39.0377139],[-121.046234,39.0377068],[-121.0462075,39.0377085],[-121.0461752,39.0377148],[-121.0461441,39.0377139],[-121.0461158,39.0376971],[-121.0461047,39.0376744],[-121.046106,39.0376496],[-121.0461196,39.0376252],[-121.0461277,39.037616],[-121.0461419,39.0376083],[-121.0461666,39.0376007],[-121.046202,39.0375929],[-121.0462358,39.0375851],[-121.0462543,39.0375783],[-121.0462745,39.0375776],[-121.0463004,39.0375782],[-121.0463263,39.0375803],[-121.0463653,39.0375937],[-121.0463948,39.037609],[-121.0464352,39.0376305],[-121.0464612,39.0376503],[-121.0464819,39.037662],[-121.0464934,39.0376862],[-121.046498,39.037705],[-121.0464969,39.0377273],[-121.0464831,39.0377453],[-121.0464623,39.037756],[-121.046445,39.0377632],[-121.0464289,39.0377667],[-121.0463966,39.0377605],[-121.0463643,39.037747],[-121.0463297,39.0377363],[-121.0462998,39.0377247]]]},"properties":{"course_id":"darkhorse_golf_club","course_name":"DarkHorse Golf Club","hole_number":14,"feature_type":"green","name":"hole_14_green","feature-color":"#2d6e2d","is_approximate":true,"source":"osm","@id":"5a224906-e8d3-445b-9695-978a16eaebbe","osm_id":705620718}},{"type":"Feature","bbox":[-121.045487,39.0379146,-121.0453902,39.0380416],"geometry":{"type":"Polygon","coordinates":[[[-121.0453981,39.0379688],[-121.0453949,39.037996],[-121.0454061,39.0380268],[-121.0454235,39.0380416],[-121.0454537,39.0380404],[-121.045487,39.0380194],[-121.045487,39.0379762],[-121.0454791,39.0379318],[-121.0454664,39.037917],[-121.0454346,39.0379158],[-121.0454045,39.0379146],[-121.0453902,39.0379183],[-121.0453981,39.0379688]]]},"properties":{"course_id":"darkhorse_golf_club","course_name":"DarkHorse Golf Club","hole_number":15,"feature_type":"tee_box","name":"hole_15_tee_box","feature-color":"#8b7355","is_approximate":true,"source":"osm","@id":"149027fc-7240-44d9-b851-cf8c595b6648","osm_id":705624658}},{"type":"Feature","bbox":[-121.0454743,39.0376765,-121.0453584,39.0378036],"geometry":{"type":"Polygon","coordinates":[[[-121.0454156,39.0376765],[-121.0454489,39.0376802],[-121.045468,39.0376987],[-121.0454743,39.037737],[-121.0454743,39.0377653],[-121.0454712,39.0377875],[-121.0454553,39.0378036],[-121.0454315,39.0378036],[-121.0453886,39.0378023],[-121.0453727,39.0377875],[-121.04536,39.0377505],[-121.0453584,39.0377148],[-121.0453648,39.0376987],[-121.0453838,39.0376827],[-121.0454156,39.0376765]]]},"properties":{"course_id":"darkhorse_golf_club","course_name":"DarkHorse Golf Club","hole_number":15,"feature_type":"tee_box","name":"hole_15_tee_box_2","feature-color":"#8b7355","is_approximate":true,"source":"osm","@id":"0a40894f-7d82-444b-8bcc-f3a5bbc7c142","osm_id":705624659}},{"type":"Feature","bbox":[-121.0454728,39.0373744,-121.0453283,39.037531],"geometry":{"type":"Polygon","coordinates":[[[-121.0454092,39.0373744],[-121.0454442,39.0373793],[-121.045468,39.037399],[-121.0454728,39.0374434],[-121.0454712,39.0374891],[-121.0454632,39.0375211],[-121.0454251,39.0375298],[-121.0453759,39.037531],[-121.0453489,39.0375224],[-121.045333,39.0375039],[-121.0453283,39.037457],[-121.0453346,39.0374175],[-121.045341,39.0373953],[-121.0453632,39.0373768],[-121.0454092,39.0373744]]]},"properties":{"course_id":"darkhorse_golf_club","course_name":"DarkHorse Golf Club","hole_number":15,"feature_type":"tee_box","name":"hole_15_tee_box_3","feature-color":"#8b7355","is_approximate":true,"source":"osm","@id":"6135f41d-98ce-4ee7-825d-2195e40237d5","osm_id":705624660}},{"type":"Feature","bbox":[-121.0454442,39.0372054,-121.0453378,39.0373435],"geometry":{"type":"Polygon","coordinates":[[[-121.0454045,39.0372054],[-121.0454267,39.0372227],[-121.0454394,39.0372535],[-121.0454442,39.0372893],[-121.045441,39.0373189],[-121.0454204,39.0373361],[-121.0453775,39.0373435],[-121.0453489,39.0373361],[-121.0453378,39.0373053],[-121.0453394,39.0372646],[-121.0453426,39.0372325],[-121.04536,39.0372091],[-121.0454045,39.0372054]]]},"properties":{"course_id":"darkhorse_golf_club","course_name":"DarkHorse Golf Club","hole_number":15,"feature_type":"tee_box","name":"hole_15_tee_box_4","feature-color":"#8b7355","is_approximate":true,"source":"osm","@id":"6452baf3-ab32-41a9-9172-81d45afd857a","osm_id":705624661}},{"type":"Feature","bbox":[-121.0453711,39.0368971,-121.0452647,39.036992],"geometry":{"type":"Polygon","coordinates":[[[-121.0452917,39.0369057],[-121.0453171,39.0368971],[-121.0453489,39.036902],[-121.04536,39.036918],[-121.0453711,39.0369439],[-121.0453632,39.0369698],[-121.0453394,39.0369883],[-121.045306,39.036992],[-121.0452759,39.0369834],[-121.0452679,39.0369649],[-121.0452647,39.0369489],[-121.0452711,39.0369279],[-121.0452917,39.0369057]]]},"properties":{"course_id":"darkhorse_golf_club","course_name":"DarkHorse Golf Club","hole_number":15,"feature_type":"tee_box","name":"hole_15_tee_box_5","feature-color":"#8b7355","is_approximate":true,"source":"osm","@id":"a8efbdfa-1f6a-4822-bd65-0dc9d0c0945d","osm_id":705624662}},{"type":"Feature","bbox":[-121.0461245,39.0344094,-121.0459864,39.0345803],"geometry":{"type":"Polygon","coordinates":[[[-121.046091,39.0344302],[-121.0461084,39.0344438],[-121.0461151,39.0344698],[-121.0461232,39.034498],[-121.0461245,39.0345209],[-121.0461111,39.0345292],[-121.046095,39.0345323],[-121.0460776,39.0345396],[-121.0460628,39.0345646],[-121.0460454,39.0345782],[-121.046036,39.0345803],[-121.0460186,39.0345782],[-121.0459958,39.0345688],[-121.0459864,39.0345521],[-121.0459877,39.0345365],[-121.0460038,39.034524],[-121.0460199,39.0345146],[-121.0460226,39.0345052],[-121.0460078,39.0344959],[-121.0459917,39.0344771],[-121.0459944,39.03445],[-121.0460052,39.0344302],[-121.0460226,39.0344167],[-121.0460427,39.0344105],[-121.0460588,39.0344094],[-121.0460749,39.0344177],[-121.046091,39.0344302]]]},"properties":{"course_id":"darkhorse_golf_club","course_name":"DarkHorse Golf Club","hole_number":15,"feature_type":"bunker","name":"hole_15_bunker","feature-color":"#d4b483","is_approximate":true,"source":"osm","@id":"19df05e1-8cfb-43ce-b5e9-3380a2a313dc","osm_id":705624664}},{"type":"Feature","bbox":[-121.0458697,39.0347001,-121.0457262,39.0348001],"geometry":{"type":"Polygon","coordinates":[[[-121.0457731,39.0347407],[-121.0457839,39.0347511],[-121.0457973,39.0347594],[-121.045804,39.0347511],[-121.0457973,39.0347365],[-121.0457906,39.0347251],[-121.0457879,39.0347136],[-121.0457973,39.0347053],[-121.0458147,39.0347001],[-121.0458375,39.0347032],[-121.0458576,39.0347126],[-121.0458697,39.0347261],[-121.0458697,39.0347428],[-121.045863,39.0347646],[-121.0458496,39.0347792],[-121.0458295,39.0347917],[-121.0457946,39.0348001],[-121.045757,39.0348001],[-121.0457356,39.0347886],[-121.0457289,39.0347761],[-121.0457262,39.0347626],[-121.0457289,39.0347469],[-121.0457343,39.0347355],[-121.045749,39.0347292],[-121.0457624,39.0347334],[-121.0457731,39.0347407]]]},"properties":{"course_id":"darkhorse_golf_club","course_name":"DarkHorse Golf Club","hole_number":15,"feature_type":"bunker","name":"hole_15_bunker_2","feature-color":"#d4b483","is_approximate":true,"source":"osm","@id":"02528341-3f1e-4e9f-8cc6-31613ca78989","osm_id":705624665}},{"type":"Feature","bbox":[-121.0458,39.0356605,-121.0456337,39.0358595],"geometry":{"type":"Polygon","coordinates":[[[-121.0456337,39.0357282],[-121.0456511,39.0357532],[-121.0456833,39.0357751],[-121.04569,39.0357949],[-121.045694,39.0358199],[-121.0456994,39.0358386],[-121.0457195,39.0358553],[-121.0457463,39.0358595],[-121.0457718,39.0358532],[-121.0457839,39.0358428],[-121.0457919,39.0358272],[-121.0457973,39.0358105],[-121.0457959,39.0358022],[-121.0457946,39.0357907],[-121.0457772,39.0357793],[-121.0457611,39.0357782],[-121.0457423,39.0357845],[-121.0457329,39.035772],[-121.0457369,39.0357584],[-121.0457557,39.0357459],[-121.0457812,39.0357366],[-121.0457933,39.0357251],[-121.0458,39.0357136],[-121.0457919,39.035697],[-121.0457825,39.0356824],[-121.0457664,39.0356678],[-121.045745,39.0356605],[-121.0457262,39.0356636],[-121.0457128,39.0356741],[-121.0457061,39.0356834],[-121.045694,39.0356876],[-121.0456779,39.0356897],[-121.0456551,39.0356866],[-121.045639,39.0356949],[-121.045635,39.0357147],[-121.0456337,39.0357282]]]},"properties":{"course_id":"darkhorse_golf_club","course_name":"DarkHorse Golf Club","hole_number":15,"feature_type":"bunker","name":"hole_15_bunker_3","feature-color":"#d4b483","is_approximate":true,"source":"osm","@id":"861cb49d-74b2-458a-8bfd-64d09c354b38","osm_id":705624666}},{"type":"Feature","bbox":[-121.0464249,39.0342646,-121.0461259,39.0346073],"geometry":{"type":"Polygon","coordinates":[[[-121.0463324,39.0342709],[-121.0463673,39.0342948],[-121.0463954,39.0343177],[-121.0464196,39.0343542],[-121.0464249,39.0343917],[-121.0464236,39.0344219],[-121.0464048,39.0344563],[-121.046382,39.0344865],[-121.0463565,39.0345073],[-121.046331,39.034524],[-121.046323,39.0345511],[-121.0463123,39.0345719],[-121.0462908,39.0345907],[-121.04626,39.0346042],[-121.0462224,39.0346073],[-121.0461916,39.0346011],[-121.0461634,39.0345875],[-121.04615,39.0345688],[-121.046146,39.03455],[-121.046146,39.034525],[-121.0461419,39.034498],[-121.0461393,39.0344698],[-121.0461339,39.0344355],[-121.0461259,39.0344032],[-121.0461299,39.034375],[-121.0461393,39.0343459],[-121.0461554,39.0343198],[-121.0461768,39.034299],[-121.046205,39.0342834],[-121.0462331,39.0342709],[-121.046264,39.0342646],[-121.0463002,39.0342646],[-121.0463324,39.0342709]]]},"properties":{"course_id":"darkhorse_golf_club","course_name":"DarkHorse Golf Club","hole_number":15,"feature_type":"green","name":"hole_15_green","feature-color":"#2d6e2d","is_approximate":true,"source":"osm","@id":"b34447e4-a0b4-422e-907b-1f569404e9bb","osm_id":705624667}},{"type":"Feature","bbox":[-121.0457949,39.0335843,-121.0456669,39.0336966],"geometry":{"type":"Polygon","coordinates":[[[-121.045679,39.033651],[-121.0457136,39.0336802],[-121.0457392,39.0336966],[-121.0457738,39.0336954],[-121.0457934,39.033672],[-121.0457949,39.0336393],[-121.0457754,39.0336042],[-121.0457362,39.0335878],[-121.0457016,39.0335843],[-121.045679,39.0335995],[-121.0456669,39.0336229],[-121.045679,39.033651]]]},"properties":{"course_id":"darkhorse_golf_club","course_name":"DarkHorse Golf Club","hole_number":16,"feature_type":"tee_box","name":"hole_16_tee_box","feature-color":"#8b7355","is_approximate":true,"source":"osm","@id":"39da0adc-b444-496a-8536-01b26f2dce9d","osm_id":705627411}},{"type":"Feature","bbox":[-121.0456353,39.0335843,-121.0453687,39.0337691],"geometry":{"type":"Polygon","coordinates":[[[-121.0453687,39.0336369],[-121.0454982,39.0337317],[-121.0455434,39.0337586],[-121.045563,39.0337691],[-121.0455901,39.0337668],[-121.0456127,39.0337586],[-121.0456293,39.0337422],[-121.0456353,39.0337282],[-121.0455916,39.0336908],[-121.0455253,39.0336381],[-121.0454621,39.0335983],[-121.0454275,39.0335843],[-121.0453928,39.0335913],[-121.0453702,39.0336135],[-121.0453687,39.0336369]]]},"properties":{"course_id":"darkhorse_golf_club","course_name":"DarkHorse Golf Club","hole_number":16,"feature_type":"tee_box","name":"hole_16_tee_box_2","feature-color":"#8b7355","is_approximate":true,"source":"osm","@id":"40200fe1-c959-4dc2-b780-84c8c11aea0c","osm_id":705627412}},{"type":"Feature","bbox":[-121.0455871,39.0333843,-121.0453476,39.0335632],"geometry":{"type":"Polygon","coordinates":[[[-121.0454395,39.0334895],[-121.0454741,39.0335153],[-121.0455133,39.0335469],[-121.0455359,39.0335597],[-121.0455494,39.0335632],[-121.0455856,39.0335574],[-121.0455871,39.0335387],[-121.0455841,39.0335071],[-121.045575,39.033486],[-121.045554,39.033465],[-121.0455178,39.0334322],[-121.0454787,39.0334006],[-121.045432,39.0333843],[-121.0453868,39.0333924],[-121.0453552,39.0334147],[-121.0453476,39.0334392],[-121.0453672,39.033458],[-121.0453973,39.0334708],[-121.0454395,39.0334895]]]},"properties":{"course_id":"darkhorse_golf_club","course_name":"DarkHorse Golf Club","hole_number":16,"feature_type":"tee_box","name":"hole_16_tee_box_3","feature-color":"#8b7355","is_approximate":true,"source":"osm","@id":"42263ab3-c456-4d52-82f7-6c45b0fe4678","osm_id":705627413}},{"type":"Feature","bbox":[-121.0451609,39.0333035,-121.0449666,39.0334626],"geometry":{"type":"Polygon","coordinates":[[[-121.0449952,39.0333878],[-121.0450359,39.0334217],[-121.0450675,39.0334474],[-121.0450916,39.0334603],[-121.0451278,39.0334626],[-121.0451503,39.0334463],[-121.0451609,39.033417],[-121.0451428,39.0333878],[-121.0450946,39.0333421],[-121.04506,39.0333141],[-121.0450314,39.0333035],[-121.0449952,39.0333129],[-121.0449666,39.0333351],[-121.0449666,39.033355],[-121.0449952,39.0333878]]]},"properties":{"course_id":"darkhorse_golf_club","course_name":"DarkHorse Golf Club","hole_number":16,"feature_type":"tee_box","name":"hole_16_tee_box_4","feature-color":"#8b7355","is_approximate":true,"source":"osm","@id":"69af560f-2878-4434-ab21-07b22f6da71f","osm_id":705627414}},{"type":"Feature","bbox":[-121.0446111,39.0328605,-121.0444456,39.0330458],"geometry":{"type":"Polygon","coordinates":[[[-121.0444456,39.0329991],[-121.0444478,39.0329841],[-121.0444521,39.0329674],[-121.0444564,39.0329549],[-121.0444661,39.032944],[-121.0444768,39.0329423],[-121.0444918,39.0329457],[-121.0444983,39.0329565],[-121.0445047,39.0329682],[-121.0445112,39.032974],[-121.0445273,39.0329799],[-121.0445423,39.0329807],[-121.0445509,39.0329757],[-121.0445413,39.032969],[-121.0445294,39.0329657],[-121.0445208,39.0329549],[-121.0445198,39.032944],[-121.0445262,39.0329357],[-121.0445402,39.0329348],[-121.044552,39.0329373],[-121.0445542,39.0329298],[-121.0445477,39.0329206],[-121.0445337,39.032919],[-121.0445187,39.032924],[-121.0445026,39.032924],[-121.0444897,39.0329148],[-121.0444897,39.0329006],[-121.0444886,39.0328839],[-121.0444918,39.0328697],[-121.0445047,39.0328631],[-121.0445273,39.0328605],[-121.0445456,39.0328631],[-121.0445627,39.0328797],[-121.0445875,39.0328956],[-121.0446057,39.032914],[-121.0446111,39.0329365],[-121.0446079,39.0329949],[-121.0446025,39.0330149],[-121.044595,39.0330275],[-121.044581,39.0330358],[-121.0445649,39.0330441],[-121.0445434,39.0330458],[-121.0445251,39.0330425],[-121.0445123,39.0330283],[-121.0444994,39.0330174],[-121.0444865,39.0330108],[-121.0444704,39.0330108],[-121.0444575,39.0330083],[-121.0444456,39.0329991]]]},"properties":{"course_id":"darkhorse_golf_club","course_name":"DarkHorse Golf Club","hole_number":16,"feature_type":"bunker","name":"hole_16_bunker","feature-color":"#d4b483","is_approximate":true,"source":"osm","@id":"be6c4ce4-6ac5-4011-b079-e6b0d0e9308d","osm_id":705627415}},{"type":"Feature","bbox":[-121.044508,39.0324767,-121.0443017,39.0326845],"geometry":{"type":"Polygon","coordinates":[[[-121.0444983,39.0326185],[-121.044494,39.0325868],[-121.04448,39.0325768],[-121.0444553,39.0325609],[-121.0444424,39.0325426],[-121.0444349,39.0325251],[-121.0444199,39.0325159],[-121.0444037,39.0325075],[-121.0443898,39.0324892],[-121.0443758,39.0324775],[-121.0443511,39.0324767],[-121.0443242,39.0324883],[-121.0443092,39.0325059],[-121.0443017,39.0325226],[-121.044306,39.0325417],[-121.0443242,39.0325559],[-121.0443371,39.0325618],[-121.0443522,39.0325643],[-121.0443683,39.0325593],[-121.044378,39.0325493],[-121.0443866,39.0325392],[-121.0443994,39.0325443],[-121.0444027,39.0325551],[-121.0443994,39.0325651],[-121.0443898,39.0325701],[-121.0443737,39.0325726],[-121.0443651,39.0325843],[-121.0443629,39.0325985],[-121.0443661,39.0326119],[-121.0443758,39.0326194],[-121.0443908,39.032626],[-121.0443994,39.0326319],[-121.044408,39.0326444],[-121.0444059,39.0326544],[-121.044408,39.0326711],[-121.0444145,39.032682],[-121.0444242,39.0326845],[-121.0444435,39.0326803],[-121.0444542,39.0326719],[-121.0444725,39.0326636],[-121.044494,39.0326552],[-121.044508,39.0326477],[-121.0445047,39.0326302],[-121.0444983,39.0326185]]]},"properties":{"course_id":"darkhorse_golf_club","course_name":"DarkHorse Golf Club","hole_number":16,"feature_type":"bunker","name":"hole_16_bunker_2","feature-color":"#d4b483","is_approximate":true,"source":"osm","@id":"2a9cc04a-a37c-470a-9c6c-cebb2a55b929","osm_id":705627416}},{"type":"Feature","bbox":[-121.0444113,39.0325551,-121.0441803,39.0328238],"geometry":{"type":"Polygon","coordinates":[[[-121.0443242,39.0325735],[-121.04435,39.0325985],[-121.044378,39.0326561],[-121.0443994,39.0326928],[-121.0444113,39.0327445],[-121.0444059,39.0327813],[-121.0443962,39.0327996],[-121.0443769,39.0328113],[-121.0443565,39.0328197],[-121.0443328,39.0328238],[-121.0443113,39.032823],[-121.044292,39.0328197],[-121.0442705,39.0328013],[-121.0442512,39.0327704],[-121.0442286,39.0327454],[-121.0442007,39.0327304],[-121.0441856,39.0327095],[-121.0441803,39.0326794],[-121.0441803,39.0326527],[-121.0441824,39.0326294],[-121.0441932,39.032606],[-121.0442136,39.0325818],[-121.0442297,39.032566],[-121.0442512,39.0325568],[-121.0442727,39.0325551],[-121.0442985,39.0325609],[-121.0443242,39.0325735]]]},"properties":{"course_id":"darkhorse_golf_club","course_name":"DarkHorse Golf Club","hole_number":16,"feature_type":"green","name":"hole_16_green","feature-color":"#2d6e2d","is_approximate":true,"source":"osm","@id":"37f6f113-4582-4bc2-8db0-d635658b45c6","osm_id":705627417}},{"type":"Feature","bbox":[-121.0430876,39.0328681,-121.0429491,39.0329557],"geometry":{"type":"Polygon","coordinates":[[[-121.0429652,39.0328814],[-121.0429802,39.0328747],[-121.0430017,39.0328697],[-121.0430339,39.0328681],[-121.0430651,39.0328756],[-121.0430801,39.0328881],[-121.0430876,39.0329056],[-121.0430855,39.0329281],[-121.0430715,39.0329423],[-121.0430436,39.0329507],[-121.0430135,39.0329557],[-121.0429899,39.0329507],[-121.0429716,39.0329423],[-121.0429555,39.0329306],[-121.0429491,39.0329131],[-121.0429523,39.0328956],[-121.0429652,39.0328814]]]},"properties":{"course_id":"darkhorse_golf_club","course_name":"DarkHorse Golf Club","hole_number":17,"feature_type":"tee_box","name":"hole_17_tee_box","feature-color":"#8b7355","is_approximate":true,"source":"osm","@id":"7c569e20-2562-4930-92e9-53e9a84c29a9","osm_id":705629390}},{"type":"Feature","bbox":[-121.0429899,39.0330108,-121.0427438,39.0330934],"geometry":{"type":"Polygon","coordinates":[[[-121.0427535,39.0330742],[-121.0427589,39.0330834],[-121.042775,39.03309],[-121.0428072,39.0330934],[-121.0429039,39.0330892],[-121.0429501,39.0330867],[-121.0429738,39.0330834],[-121.0429845,39.033075],[-121.0429899,39.0330625],[-121.0429867,39.0330475],[-121.0429813,39.0330333],[-121.0429641,39.0330208],[-121.0429415,39.0330108],[-121.0429072,39.0330108],[-121.042862,39.0330124],[-121.0428148,39.0330199],[-121.0427804,39.033025],[-121.0427589,39.033035],[-121.0427438,39.03305],[-121.0427471,39.0330633],[-121.0427535,39.0330742]]]},"properties":{"course_id":"darkhorse_golf_club","course_name":"DarkHorse Golf Club","hole_number":17,"feature_type":"tee_box","name":"hole_17_tee_box_2","feature-color":"#8b7355","is_approximate":true,"source":"osm","@id":"fca6c7d8-2b15-4206-aeed-66e32cd9d03b","osm_id":705629391}},{"type":"Feature","bbox":[-121.0429458,39.0331151,-121.0427567,39.033201],"geometry":{"type":"Polygon","coordinates":[[[-121.0429243,39.0331184],[-121.0429405,39.0331234],[-121.0429458,39.0331451],[-121.0429426,39.0331685],[-121.0429243,39.033191],[-121.042905,39.033201],[-121.0428653,39.033201],[-121.0428298,39.0332002],[-121.0427836,39.0331919],[-121.0427664,39.033181],[-121.0427567,39.0331618],[-121.042761,39.0331435],[-121.042775,39.0331309],[-121.0427965,39.0331209],[-121.0428309,39.0331159],[-121.0428738,39.0331151],[-121.0429243,39.0331184]]]},"properties":{"course_id":"darkhorse_golf_club","course_name":"DarkHorse Golf Club","hole_number":17,"feature_type":"tee_box","name":"hole_17_tee_box_3","feature-color":"#8b7355","is_approximate":true,"source":"osm","@id":"7dacab9d-d837-46b0-81a1-840334faae81","osm_id":705629392}},{"type":"Feature","bbox":[-121.0427138,39.0332903,-121.0425913,39.0333905],"geometry":{"type":"Polygon","coordinates":[[[-121.0425913,39.0333438],[-121.0425977,39.0333154],[-121.0426203,39.0332979],[-121.042659,39.0332903],[-121.0426944,39.0332953],[-121.0427095,39.033312],[-121.0427138,39.0333387],[-121.0427052,39.0333646],[-121.0426805,39.0333871],[-121.0426504,39.0333905],[-121.0426278,39.0333838],[-121.0426042,39.0333671],[-121.0425913,39.0333438]]]},"properties":{"course_id":"darkhorse_golf_club","course_name":"DarkHorse Golf Club","hole_number":17,"feature_type":"tee_box","name":"hole_17_tee_box_4","feature-color":"#8b7355","is_approximate":true,"source":"osm","@id":"7b824c17-7f8d-4e16-b334-7922e0d41534","osm_id":705629393}},{"type":"Feature","bbox":[-121.0429743,39.0317172,-121.0427992,39.0319569],"geometry":{"type":"Polygon","coordinates":[[[-121.0428182,39.0318885],[-121.0428319,39.0318688],[-121.0428427,39.0318561],[-121.0428518,39.0318406],[-121.0428536,39.03183],[-121.0428609,39.0318216],[-121.0428727,39.0318173],[-121.0428836,39.0318145],[-121.0428954,39.0318117],[-121.0428972,39.031806],[-121.0428881,39.0317905],[-121.0428799,39.0317786],[-121.0428709,39.03178],[-121.0428682,39.0317891],[-121.0428691,39.031799],[-121.04286,39.0318068],[-121.04285,39.0318138],[-121.0428346,39.0318166],[-121.0428219,39.0318131],[-121.0428101,39.0318018],[-121.0428037,39.0317835],[-121.0427992,39.0317715],[-121.0428064,39.0317645],[-121.0428173,39.0317567],[-121.0428255,39.0317482],[-121.0428309,39.0317377],[-121.0428291,39.0317278],[-121.0428364,39.0317222],[-121.0428491,39.0317201],[-121.0428627,39.0317186],[-121.0428736,39.0317172],[-121.042889,39.0317179],[-121.0429026,39.0317236],[-121.0429117,39.0317349],[-121.0429153,39.0317468],[-121.0429172,39.0317602],[-121.0429262,39.0317708],[-121.0429426,39.0317863],[-121.0429571,39.031799],[-121.0429698,39.0318096],[-121.0429743,39.0318237],[-121.0429707,39.0318357],[-121.0429643,39.0318448],[-121.0429534,39.0318497],[-121.0429426,39.0318497],[-121.0429271,39.0318483],[-121.0429153,39.0318582],[-121.0429063,39.0318695],[-121.0429081,39.0318843],[-121.0429181,39.0319012],[-121.0429253,39.0319139],[-121.0429262,39.0319294],[-121.0429135,39.0319449],[-121.0428954,39.0319555],[-121.0428827,39.0319569],[-121.0428663,39.0319562],[-121.0428527,39.031952],[-121.0428427,39.0319435],[-121.0428291,39.0319329],[-121.0428201,39.0319167],[-121.0428155,39.0319047],[-121.0428182,39.0318885]]]},"properties":{"course_id":"darkhorse_golf_club","course_name":"DarkHorse Golf Club","hole_number":17,"feature_type":"bunker","name":"hole_17_bunker","feature-color":"#d4b483","is_approximate":true,"source":"osm","@id":"a0d5069c-f0b9-4247-a42e-8431f06c0902","osm_id":705629394}},{"type":"Feature","bbox":[-121.0425059,39.0311442,-121.0422859,39.0314021],"geometry":{"type":"Polygon","coordinates":[[[-121.0424347,39.0312154],[-121.0424372,39.0312331],[-121.0424271,39.0312588],[-121.0424042,39.0312776],[-121.0423787,39.0312855],[-121.0423686,39.0313003],[-121.0423673,39.0313132],[-121.0423724,39.0313221],[-121.0423864,39.031325],[-121.0423902,39.0313339],[-121.0423978,39.0313428],[-121.0424093,39.0313399],[-121.0424105,39.031326],[-121.0424105,39.0313161],[-121.0424169,39.0313043],[-121.0424347,39.0312885],[-121.0424512,39.0312756],[-121.042469,39.0312717],[-121.0424919,39.0312845],[-121.0425059,39.0313013],[-121.0425047,39.0313211],[-121.0424945,39.0313418],[-121.0424792,39.0313646],[-121.0424576,39.0313823],[-121.0424322,39.0313932],[-121.0424067,39.0314021],[-121.0423851,39.0314021],[-121.0423571,39.0313952],[-121.0423342,39.0313705],[-121.0423253,39.0313468],[-121.0423113,39.031324],[-121.0422973,39.0313033],[-121.0422973,39.0312845],[-121.0423011,39.0312736],[-121.0423139,39.0312628],[-121.0423329,39.0312529],[-121.0423469,39.0312401],[-121.042352,39.0312262],[-121.0423457,39.0312114],[-121.0423329,39.0312065],[-121.0423202,39.0312134],[-121.042305,39.0312173],[-121.042291,39.0312094],[-121.0422859,39.0311887],[-121.0422884,39.031164],[-121.0423011,39.0311511],[-121.0423266,39.0311442],[-121.0423457,39.0311442],[-121.0423711,39.0311541],[-121.04238,39.03116],[-121.0423851,39.0311729],[-121.0423953,39.0311867],[-121.0424093,39.0311986],[-121.0424347,39.0312154]]]},"properties":{"course_id":"darkhorse_golf_club","course_name":"DarkHorse Golf Club","hole_number":17,"feature_type":"bunker","name":"hole_17_bunker_2","feature-color":"#d4b483","is_approximate":true,"source":"osm","@id":"29408271-6965-403e-a116-58a8032c053a","osm_id":705629395}},{"type":"Feature","bbox":[-121.0419348,39.029998,-121.0417707,39.0302075],"geometry":{"type":"Polygon","coordinates":[[[-121.0417898,39.0301838],[-121.0417771,39.0301689],[-121.0417707,39.0301511],[-121.0417707,39.0301314],[-121.0417758,39.0301156],[-121.0417923,39.0301057],[-121.0418063,39.0301067],[-121.0418241,39.0301146],[-121.0418292,39.0301245],[-121.0418267,39.0301373],[-121.0418267,39.0301482],[-121.0418343,39.0301541],[-121.0418508,39.0301531],[-121.041861,39.0301403],[-121.0418585,39.0301205],[-121.0418483,39.0301077],[-121.0418318,39.0300988],[-121.0418152,39.0300879],[-121.0418,39.0300741],[-121.0417898,39.0300543],[-121.0417898,39.0300355],[-121.0417936,39.0300177],[-121.0418051,39.0300029],[-121.0418267,39.029998],[-121.0418496,39.029998],[-121.0418661,39.0300108],[-121.0418712,39.0300296],[-121.0418788,39.0300425],[-121.0418877,39.0300513],[-121.0419094,39.0300553],[-121.0419246,39.0300612],[-121.0419348,39.030082],[-121.0419348,39.0300998],[-121.0419348,39.0301215],[-121.0419246,39.0301452],[-121.0419144,39.0301749],[-121.0419106,39.0301887],[-121.0419094,39.0302006],[-121.0418941,39.0302075],[-121.0418623,39.0302065],[-121.041833,39.0302015],[-121.0418076,39.0301926],[-121.0417898,39.0301838]]]},"properties":{"course_id":"darkhorse_golf_club","course_name":"DarkHorse Golf Club","hole_number":17,"feature_type":"bunker","name":"hole_17_bunker_3","feature-color":"#d4b483","is_approximate":true,"source":"osm","@id":"80583d99-f017-4e7f-87fa-bb26394c787b","osm_id":705629396}},{"type":"Feature","bbox":[-121.041613,39.0298774,-121.041487,39.0300187],"geometry":{"type":"Polygon","coordinates":[[[-121.0415201,39.0300049],[-121.0415036,39.0299871],[-121.0414947,39.0299733],[-121.041501,39.0299634],[-121.0415138,39.0299614],[-121.0415265,39.0299624],[-121.0415354,39.0299585],[-121.0415239,39.0299466],[-121.041515,39.0299318],[-121.041501,39.0299219],[-121.041487,39.0299189],[-121.0414883,39.0299031],[-121.0414947,39.0298903],[-121.0415074,39.0298834],[-121.0415252,39.0298774],[-121.0415417,39.0298794],[-121.0415608,39.0298873],[-121.0415697,39.0298982],[-121.0415735,39.0299071],[-121.0415735,39.0299199],[-121.0415685,39.0299357],[-121.041571,39.0299496],[-121.0415786,39.0299644],[-121.0415875,39.0299703],[-121.0416015,39.0299743],[-121.0416092,39.0299881],[-121.041613,39.030001],[-121.0416015,39.0300148],[-121.0415837,39.0300168],[-121.0415583,39.0300187],[-121.041543,39.0300168],[-121.0415201,39.0300049]]]},"properties":{"course_id":"darkhorse_golf_club","course_name":"DarkHorse Golf Club","hole_number":17,"feature_type":"bunker","name":"hole_17_bunker_4","feature-color":"#d4b483","is_approximate":true,"source":"osm","@id":"74fe7ae6-9d55-4381-96c4-da5b8c0e2d88","osm_id":705629397}},{"type":"Feature","bbox":[-121.0419246,39.0297608,-121.0417809,39.0299081],"geometry":{"type":"Polygon","coordinates":[[[-121.0419132,39.0297974],[-121.0419221,39.0298211],[-121.0419246,39.0298438],[-121.0419157,39.0298676],[-121.0418992,39.0298824],[-121.0418966,39.0298942],[-121.0418903,39.0299051],[-121.041875,39.0299061],[-121.0418585,39.0299081],[-121.0418394,39.0299081],[-121.0418229,39.0299041],[-121.0418051,39.0298942],[-121.0418012,39.0298853],[-121.0417974,39.0298745],[-121.0418012,39.0298626],[-121.0418152,39.0298557],[-121.0418267,39.0298547],[-121.0418419,39.0298577],[-121.0418585,39.0298557],[-121.0418636,39.0298448],[-121.0418636,39.0298349],[-121.0418674,39.0298201],[-121.0418648,39.0298102],[-121.0418534,39.0298093],[-121.0418419,39.0298172],[-121.0418343,39.029828],[-121.0418267,39.0298349],[-121.041814,39.0298369],[-121.0417974,39.0298389],[-121.0417872,39.029833],[-121.0417809,39.0298221],[-121.0417809,39.0298053],[-121.0417822,39.0297885],[-121.0417872,39.0297776],[-121.0418012,39.0297697],[-121.0418241,39.0297608],[-121.0418483,39.0297638],[-121.0418661,39.0297687],[-121.041889,39.0297747],[-121.0419068,39.0297846],[-121.0419132,39.0297974]]]},"properties":{"course_id":"darkhorse_golf_club","course_name":"DarkHorse Golf Club","hole_number":17,"feature_type":"bunker","name":"hole_17_bunker_5","feature-color":"#d4b483","is_approximate":true,"source":"osm","@id":"2f825365-b5aa-41ee-8be5-beb1e41810f3","osm_id":705629398}},{"type":"Feature","bbox":[-121.0417758,39.0297193,-121.0415417,39.0300118],"geometry":{"type":"Polygon","coordinates":[[[-121.0415812,39.0298745],[-121.0415697,39.0298498],[-121.0415519,39.029833],[-121.0415417,39.0298102],[-121.0415443,39.0297885],[-121.0415481,39.0297658],[-121.0415583,39.029749],[-121.0415735,39.0297361],[-121.0415914,39.0297253],[-121.0416244,39.0297213],[-121.0416537,39.0297193],[-121.0416906,39.0297213],[-121.0417186,39.0297361],[-121.041744,39.0297589],[-121.0417605,39.0297826],[-121.0417682,39.0298102],[-121.041772,39.0298458],[-121.0417758,39.0298784],[-121.0417758,39.0299071],[-121.041772,39.0299417],[-121.0417529,39.0299762],[-121.0417325,39.029999],[-121.0417135,39.0300108],[-121.0416931,39.0300118],[-121.0416689,39.0300098],[-121.0416486,39.029998],[-121.0416333,39.0299842],[-121.0416232,39.0299693],[-121.0416041,39.0299308],[-121.0415914,39.0299041],[-121.0415812,39.0298745]]]},"properties":{"course_id":"darkhorse_golf_club","course_name":"DarkHorse Golf Club","hole_number":17,"feature_type":"green","name":"hole_17_green","feature-color":"#2d6e2d","is_approximate":true,"source":"osm","@id":"582a150d-3acb-4b22-9fc6-efa456ffd681","osm_id":705629399}},{"type":"Feature","bbox":[-121.0418254,39.0291139,-121.0416417,39.0292233],"geometry":{"type":"Polygon","coordinates":[[[-121.0418218,39.0291541],[-121.0418254,39.0291749],[-121.0418147,39.0291984],[-121.0417719,39.0292164],[-121.041722,39.0292233],[-121.0416863,39.0292206],[-121.0416489,39.0292053],[-121.0416417,39.0291818],[-121.0416506,39.0291569],[-121.0416596,39.0291402],[-121.0417041,39.0291222],[-121.0417416,39.0291139],[-121.0417772,39.0291181],[-121.0418076,39.0291388],[-121.0418218,39.0291541]]]},"properties":{"course_id":"darkhorse_golf_club","course_name":"DarkHorse Golf Club","hole_number":null,"feature_type":"tee_box","name":"unassigned_tee_box_22","feature-color":"#8b7355","is_approximate":true,"source":"osm","@id":"feaf5079-8028-4273-8ab7-a8185d01e369","osm_id":705630567,"needs_hole_assignment":true}},{"type":"Feature","bbox":[-121.0421053,39.0290793,-121.0419573,39.0291832],"geometry":{"type":"Polygon","coordinates":[[[-121.0420964,39.0291084],[-121.0421053,39.0291333],[-121.0420982,39.029161],[-121.042075,39.0291749],[-121.0420322,39.0291818],[-121.0420001,39.0291832],[-121.0419716,39.0291735],[-121.0419573,39.0291485],[-121.0419609,39.0291208],[-121.0419663,39.0291042],[-121.041993,39.0290931],[-121.0420233,39.0290848],[-121.0420536,39.0290793],[-121.0420822,39.0290862],[-121.0420964,39.0291084]]]},"properties":{"course_id":"darkhorse_golf_club","course_name":"DarkHorse Golf Club","hole_number":18,"feature_type":"tee_box","name":"hole_18_tee_box","feature-color":"#8b7355","is_approximate":true,"source":"osm","@id":"faf31452-a717-4435-b506-d3dfd1b87a69","osm_id":705630568}},{"type":"Feature","bbox":[-121.0423175,39.0289712,-121.0421784,39.0291485],"geometry":{"type":"Polygon","coordinates":[[[-121.0422961,39.0289906],[-121.0423068,39.029028],[-121.0423157,39.0290807],[-121.0423175,39.0291208],[-121.0423068,39.0291416],[-121.0422819,39.0291485],[-121.0422462,39.0291458],[-121.0422177,39.0291347],[-121.0422016,39.0291139],[-121.0421891,39.0290862],[-121.0421784,39.0290544],[-121.0421802,39.0290253],[-121.0421802,39.0289989],[-121.0421909,39.0289796],[-121.0422159,39.0289712],[-121.0422533,39.028974],[-121.0422694,39.0289768],[-121.0422961,39.0289906]]]},"properties":{"course_id":"darkhorse_golf_club","course_name":"DarkHorse Golf Club","hole_number":18,"feature_type":"tee_box","name":"hole_18_tee_box_2","feature-color":"#8b7355","is_approximate":true,"source":"osm","@id":"cd0720f2-119f-4d1d-a4cf-770f9ac49b68","osm_id":705630569}},{"type":"Feature","bbox":[-121.0425654,39.0289352,-121.0424174,39.0290918],"geometry":{"type":"Polygon","coordinates":[[[-121.0425654,39.0290142],[-121.0425583,39.0290474],[-121.0425404,39.0290751],[-121.0425119,39.0290904],[-121.0424834,39.0290918],[-121.0424477,39.0290793],[-121.0424263,39.0290488],[-121.0424174,39.0290114],[-121.042421,39.0289768],[-121.0424441,39.0289532],[-121.0424691,39.0289366],[-121.0424923,39.0289352],[-121.042519,39.0289408],[-121.0425511,39.0289671],[-121.04256,39.0289879],[-121.0425654,39.0290142]]]},"properties":{"course_id":"darkhorse_golf_club","course_name":"DarkHorse Golf Club","hole_number":18,"feature_type":"tee_box","name":"hole_18_tee_box_3","feature-color":"#8b7355","is_approximate":true,"source":"osm","@id":"ea8ba760-779c-4736-b99b-e35ede9dee44","osm_id":705630570}},{"type":"Feature","bbox":[-121.0451849,39.0287535,-121.044942,39.0289877],"geometry":{"type":"Polygon","coordinates":[[[-121.0450348,39.0289047],[-121.0450552,39.0289195],[-121.0450679,39.0289373],[-121.0450755,39.0289541],[-121.0450717,39.028966],[-121.0450577,39.0289778],[-121.045045,39.0289847],[-121.045031,39.0289877],[-121.0450107,39.0289847],[-121.0449992,39.0289768],[-121.044989,39.028968],[-121.0449738,39.02896],[-121.0449572,39.0289551],[-121.0449445,39.0289521],[-121.044942,39.0289432],[-121.0449458,39.0289334],[-121.0449547,39.0289235],[-121.0449572,39.0289136],[-121.0449509,39.0288978],[-121.044942,39.028882],[-121.0449432,39.0288632],[-121.0449534,39.0288494],[-121.0449712,39.0288395],[-121.0449789,39.0288247],[-121.0449852,39.0288069],[-121.0449929,39.028797],[-121.0450068,39.0287842],[-121.045017,39.0287723],[-121.0450336,39.0287634],[-121.0450565,39.0287604],[-121.0450806,39.0287555],[-121.0450972,39.0287585],[-121.0451162,39.0287555],[-121.0451404,39.0287535],[-121.0451582,39.0287604],[-121.0451735,39.0287693],[-121.0451849,39.0287753],[-121.0451824,39.0287891],[-121.0451735,39.028801],[-121.0451608,39.0288098],[-121.045148,39.0288118],[-121.0451328,39.0288029],[-121.0451188,39.028798],[-121.0451023,39.028795],[-121.0450895,39.0288],[-121.0450781,39.0288069],[-121.0450743,39.0288178],[-121.0450819,39.0288306],[-121.0450921,39.0288405],[-121.0450984,39.0288523],[-121.0450933,39.0288672],[-121.0450844,39.0288751],[-121.0450717,39.02888],[-121.045059,39.028879],[-121.045045,39.0288721],[-121.0450336,39.0288691],[-121.0450272,39.028879],[-121.0450247,39.0288879],[-121.0450348,39.0289047]]]},"properties":{"course_id":"darkhorse_golf_club","course_name":"DarkHorse Golf Club","hole_number":18,"feature_type":"bunker","name":"hole_18_bunker","feature-color":"#d4b483","is_approximate":true,"source":"osm","@id":"33cddc7f-bf79-48ca-83f1-ccbf5a9a1aad","osm_id":705630571}},{"type":"Feature","bbox":[-121.0459685,39.028045,-121.0458095,39.0282782],"geometry":{"type":"Polygon","coordinates":[[[-121.0458922,39.0282308],[-121.0459011,39.0282496],[-121.0459074,39.0282624],[-121.0458985,39.0282733],[-121.0458858,39.0282772],[-121.0458756,39.0282782],[-121.0458629,39.0282733],[-121.0458451,39.0282733],[-121.0458375,39.0282654],[-121.0458311,39.0282506],[-121.045826,39.0282338],[-121.0458222,39.0282219],[-121.0458146,39.028213],[-121.0458095,39.0282021],[-121.0458146,39.0281932],[-121.045826,39.0281834],[-121.0458375,39.0281705],[-121.0458451,39.0281527],[-121.0458413,39.0281428],[-121.0458477,39.028128],[-121.0458616,39.0281201],[-121.0458756,39.0281092],[-121.0458858,39.0281033],[-121.0458845,39.0280915],[-121.045882,39.0280747],[-121.0458833,39.0280598],[-121.0458909,39.02805],[-121.0459074,39.028045],[-121.0459265,39.028046],[-121.0459418,39.02805],[-121.0459507,39.0280579],[-121.0459596,39.0280697],[-121.0459596,39.0280816],[-121.0459545,39.0280954],[-121.0459532,39.0281053],[-121.0459596,39.0281152],[-121.0459672,39.028126],[-121.0459685,39.0281389],[-121.0459621,39.0281508],[-121.0459545,39.0281587],[-121.0459303,39.0281656],[-121.0459062,39.0281804],[-121.0458896,39.0281913],[-121.0458782,39.0282041],[-121.045882,39.0282179],[-121.0458922,39.0282308]]]},"properties":{"course_id":"darkhorse_golf_club","course_name":"DarkHorse Golf Club","hole_number":18,"feature_type":"bunker","name":"hole_18_bunker_2","feature-color":"#d4b483","is_approximate":true,"source":"osm","@id":"28bf0a46-3e85-4bd8-9e66-f5f18587325e","osm_id":705630572}},{"type":"Feature","bbox":[-121.0466872,39.0274581,-121.0463705,39.0276241],"geometry":{"type":"Polygon","coordinates":[[[-121.0464315,39.0276181],[-121.0464137,39.0276241],[-121.0463934,39.0276221],[-121.0463755,39.0276201],[-121.0463717,39.0276092],[-121.0463705,39.0275934],[-121.0463806,39.0275835],[-121.0463895,39.0275756],[-121.046401,39.0275697],[-121.0464124,39.0275638],[-121.0464264,39.0275618],[-121.0464366,39.0275628],[-121.0464468,39.0275618],[-121.0464582,39.0275529],[-121.0464659,39.027545],[-121.0464735,39.0275361],[-121.04649,39.0275292],[-121.046504,39.0275223],[-121.0465155,39.0275134],[-121.0465295,39.0275075],[-121.0465447,39.0275075],[-121.0465549,39.0275134],[-121.0465587,39.0275252],[-121.0465498,39.0275351],[-121.046546,39.027548],[-121.0465524,39.0275559],[-121.0465625,39.0275529],[-121.0465765,39.027543],[-121.0465842,39.0275341],[-121.0465956,39.0275282],[-121.046602,39.0275193],[-121.0465943,39.0275094],[-121.0465905,39.0274986],[-121.046588,39.0274907],[-121.0465892,39.0274808],[-121.0465932,39.0274706],[-121.0466046,39.0274661],[-121.0466185,39.027463],[-121.04663,39.02746],[-121.0466452,39.0274581],[-121.046663,39.027463],[-121.046677,39.0274749],[-121.0466872,39.0274818],[-121.0466834,39.0274946],[-121.0466745,39.0275065],[-121.0466567,39.0275272],[-121.0466414,39.027542],[-121.0466198,39.0275588],[-121.0465943,39.0275727],[-121.0465536,39.0275855],[-121.0465104,39.0275964],[-121.0464735,39.0276043],[-121.0464315,39.0276181]]]},"properties":{"course_id":"darkhorse_golf_club","course_name":"DarkHorse Golf Club","hole_number":18,"feature_type":"bunker","name":"hole_18_bunker_3","feature-color":"#d4b483","is_approximate":true,"source":"osm","@id":"a3fda7f9-390e-42ac-9aed-66e21ad58a04","osm_id":705630573}},{"type":"Feature","bbox":[-121.0461211,39.0275055,-121.0459214,39.0276567],"geometry":{"type":"Polygon","coordinates":[[[-121.0459952,39.0276241],[-121.045999,39.027633],[-121.045999,39.0276418],[-121.0459914,39.0276507],[-121.0459736,39.0276567],[-121.0459532,39.0276547],[-121.0459316,39.0276507],[-121.0459227,39.0276428],[-121.0459214,39.0276339],[-121.0459252,39.0276221],[-121.0459278,39.0276092],[-121.0459303,39.0275984],[-121.045938,39.0275895],[-121.0459481,39.0275835],[-121.0459596,39.0275835],[-121.045971,39.0275865],[-121.0459825,39.0275826],[-121.0459889,39.0275747],[-121.0459889,39.0275618],[-121.0459812,39.0275529],[-121.0459723,39.027545],[-121.0459749,39.0275332],[-121.0459787,39.0275223],[-121.0459901,39.0275154],[-121.0459978,39.0275203],[-121.0460054,39.0275252],[-121.0460168,39.0275252],[-121.046027,39.0275173],[-121.0460359,39.0275075],[-121.0460474,39.0275055],[-121.0460575,39.0275134],[-121.0460652,39.0275213],[-121.0460792,39.0275252],[-121.0460982,39.0275272],[-121.046111,39.0275371],[-121.0461211,39.0275509],[-121.0461186,39.0275618],[-121.0461033,39.0275717],[-121.0460855,39.0275796],[-121.0460677,39.0275816],[-121.046055,39.0275845],[-121.0460397,39.0275964],[-121.0460296,39.0276043],[-121.046013,39.0276063],[-121.0459978,39.0276063],[-121.0459952,39.0276142],[-121.0459952,39.0276241]]]},"properties":{"course_id":"darkhorse_golf_club","course_name":"DarkHorse Golf Club","hole_number":18,"feature_type":"bunker","name":"hole_18_bunker_4","feature-color":"#d4b483","is_approximate":true,"source":"osm","@id":"7dde12d5-8a35-4bad-a4a6-808c3d9175db","osm_id":705630574}},{"type":"Feature","bbox":[-121.0464519,39.0272841,-121.0462776,39.0274165],"geometry":{"type":"Polygon","coordinates":[[[-121.0463641,39.0273039],[-121.046373,39.027295],[-121.0463857,39.0272871],[-121.0463997,39.0272841],[-121.0464188,39.0272871],[-121.0464379,39.0272891],[-121.0464519,39.027298],[-121.0464506,39.0273098],[-121.0464417,39.0273187],[-121.0464264,39.0273276],[-121.046415,39.0273405],[-121.0464086,39.0273503],[-121.0463972,39.0273592],[-121.0463806,39.0273622],[-121.0463679,39.0273671],[-121.046359,39.027378],[-121.0463552,39.0273899],[-121.046345,39.0274017],[-121.0463336,39.0274106],[-121.0463183,39.0274165],[-121.0463005,39.0274116],[-121.0462897,39.0274079],[-121.0462789,39.0273978],[-121.0462776,39.0273849],[-121.0462776,39.027377],[-121.0462865,39.0273671],[-121.0462929,39.0273553],[-121.0462941,39.0273414],[-121.0462929,39.0273237],[-121.0462954,39.0273128],[-121.046298,39.0273009],[-121.0463132,39.027295],[-121.0463259,39.027299],[-121.0463336,39.0273079],[-121.0463323,39.0273177],[-121.0463298,39.0273276],[-121.0463323,39.0273375],[-121.0463387,39.0273444],[-121.0463539,39.0273434],[-121.0463616,39.0273365],[-121.0463654,39.0273276],[-121.0463641,39.0273187],[-121.0463641,39.0273039]]]},"properties":{"course_id":"darkhorse_golf_club","course_name":"DarkHorse Golf Club","hole_number":18,"feature_type":"bunker","name":"hole_18_bunker_5","feature-color":"#d4b483","is_approximate":true,"source":"osm","@id":"992dde07-5edb-4ded-b2cc-95cf5decfa00","osm_id":705630575}},{"type":"Feature","bbox":[-121.0466287,39.0273237,-121.0462916,39.0275588],"geometry":{"type":"Polygon","coordinates":[[[-121.046621,39.0274333],[-121.0465956,39.0274551],[-121.0465574,39.0274798],[-121.0465104,39.0275015],[-121.0464862,39.0275164],[-121.0464493,39.0275351],[-121.0464194,39.0275499],[-121.0463921,39.0275588],[-121.0463717,39.0275559],[-121.0463476,39.027549],[-121.0463285,39.0275381],[-121.0463119,39.0275302],[-121.0462992,39.0275144],[-121.0462916,39.0274986],[-121.0462916,39.0274808],[-121.0462967,39.027464],[-121.0463119,39.0274462],[-121.0463272,39.0274343],[-121.0463526,39.0274175],[-121.0463692,39.0273978],[-121.0463908,39.027381],[-121.0464124,39.0273612],[-121.0464264,39.0273464],[-121.0464417,39.0273335],[-121.0464633,39.0273237],[-121.04649,39.0273246],[-121.0465206,39.0273326],[-121.0465536,39.0273424],[-121.0465829,39.0273563],[-121.0466096,39.027377],[-121.0466249,39.0273978],[-121.0466287,39.0274156],[-121.046621,39.0274333]]]},"properties":{"course_id":"darkhorse_golf_club","course_name":"DarkHorse Golf Club","hole_number":18,"feature_type":"green","name":"hole_18_green","feature-color":"#2d6e2d","is_approximate":true,"source":"osm","@id":"2596132b-7ef3-4f25-bbcb-7a68c653ff9f","osm_id":705631873}},{"type":"Feature","bbox":[-121.0458352,39.0279291,-121.0436656,39.0292456],"geometry":{"type":"Polygon","coordinates":[[[-121.0449104,39.0288087],[-121.0449004,39.0288592],[-121.0448779,39.0289369],[-121.0448329,39.0289835],[-121.0447729,39.0290184],[-121.0446604,39.0290378],[-121.0445604,39.0290359],[-121.0444205,39.0290281],[-121.044328,39.0290378],[-121.0442155,39.0290611],[-121.044123,39.0291233],[-121.0440355,39.0291699],[-121.043943,39.0292145],[-121.043863,39.0292437],[-121.0437831,39.0292456],[-121.0437406,39.0292165],[-121.0437106,39.029164],[-121.0436881,39.0291],[-121.0436681,39.0290456],[-121.0436656,39.0290087],[-121.0436956,39.0289737],[-121.0437456,39.0289563],[-121.0438031,39.0289446],[-121.043908,39.028931],[-121.0440155,39.0289058],[-121.0441805,39.0288514],[-121.0443655,39.0287835],[-121.0445254,39.0287038],[-121.0446204,39.0286553],[-121.0447204,39.0286126],[-121.0448329,39.0285563],[-121.0448854,39.0285136],[-121.0450229,39.0284359],[-121.0451278,39.0283524],[-121.0452428,39.0282495],[-121.0453478,39.0281835],[-121.0454153,39.0281097],[-121.0455153,39.0280242],[-121.0456603,39.0279407],[-121.0457502,39.0279291],[-121.0458052,39.0279601],[-121.0458352,39.0280262],[-121.0458127,39.0281194],[-121.0457527,39.028199],[-121.0456852,39.028265],[-121.0456553,39.0283446],[-121.0456378,39.0284708],[-121.0455453,39.0286068],[-121.0454628,39.0286922],[-121.0454028,39.0287194],[-121.0452728,39.0287155],[-121.0451628,39.0287136],[-121.0450503,39.0287155],[-121.0449729,39.0287504],[-121.0449254,39.0287776],[-121.0449104,39.0288087]]]},"properties":{"course_id":"darkhorse_golf_club","course_name":"DarkHorse Golf Club","hole_number":18,"feature_type":"fairway","name":"hole_18_fairway","feature-color":"#4a7c3f","is_approximate":true,"source":"osm","@id":"1472194a-ecbe-4e4c-b7a1-5fb6c66add93","osm_id":705631879}},{"type":"Feature","bbox":[-121.0546244,39.0204199,-121.0544121,39.0205641],"geometry":{"type":"Polygon","coordinates":[[[-121.0545004,39.0204242],[-121.0545164,39.0204199],[-121.0545411,39.0204264],[-121.0545511,39.0204318],[-121.0545631,39.0204389],[-121.0545781,39.0204407],[-121.0545901,39.0204419],[-121.0546041,39.0204449],[-121.0546114,39.0204513],[-121.0546197,39.0204597],[-121.0546244,39.0204701],[-121.0546234,39.0204791],[-121.0546121,39.020486],[-121.0545941,39.0204867],[-121.0545771,39.0204906],[-121.0545627,39.0204905],[-121.0545524,39.0204874],[-121.0545444,39.0204839],[-121.0545307,39.0204836],[-121.0545211,39.0204924],[-121.0545101,39.0205097],[-121.0544944,39.020527],[-121.0544841,39.0205425],[-121.0544711,39.0205581],[-121.0544577,39.0205629],[-121.0544414,39.0205641],[-121.0544271,39.0205616],[-121.0544181,39.0205567],[-121.0544134,39.0205427],[-121.0544128,39.0205276],[-121.0544131,39.0205148],[-121.0544121,39.0205043],[-121.0544151,39.0204942],[-121.0544201,39.0204855],[-121.0544302,39.02048],[-121.0544455,39.0204764],[-121.0544558,39.020471],[-121.0544621,39.0204621],[-121.0544681,39.0204551],[-121.0544751,39.0204456],[-121.0544848,39.0204361],[-121.0545004,39.0204242]]]},"properties":{"course_id":"darkhorse_golf_club","course_name":"DarkHorse Golf Club","hole_number":4,"feature_type":"bunker","name":"hole_4_bunker_6","feature-color":"#d4b483","is_approximate":true,"source":"osm","@id":"c3344583-bb47-4a56-aee8-669d93884e6d","osm_id":781134524}},{"type":"Feature","bbox":[-121.0503805,39.0261254,-121.049732,39.0276316],"geometry":{"type":"Polygon","coordinates":[[[-121.0501081,39.026517],[-121.0501101,39.0263891],[-121.0500979,39.0262659],[-121.0500634,39.0261996],[-121.0500166,39.0261522],[-121.0499373,39.0261254],[-121.0498438,39.026138],[-121.0497889,39.0261822],[-121.0497747,39.0262612],[-121.049795,39.0263528],[-121.0498296,39.0264775],[-121.0498479,39.0265754],[-121.0498601,39.0266765],[-121.049858,39.0267665],[-121.0498154,39.0269134],[-121.0497645,39.0269876],[-121.049732,39.0270634],[-121.0497361,39.0271297],[-121.0497889,39.0271945],[-121.049854,39.0272623],[-121.0498946,39.0273318],[-121.0499292,39.0274092],[-121.0499347,39.0274771],[-121.0499577,39.0275197],[-121.0499884,39.0275426],[-121.0500268,39.027556],[-121.0500593,39.0275801],[-121.0500918,39.0275971],[-121.05014,39.0276168],[-121.0501753,39.0276259],[-121.0502097,39.0276302],[-121.0502457,39.0276316],[-121.0502849,39.0276271],[-121.0503252,39.0276107],[-121.050354,39.027586],[-121.0503805,39.0275229],[-121.0503747,39.0274783],[-121.050354,39.027436],[-121.050315,39.0273877],[-121.0502768,39.0273586],[-121.0502199,39.0272939],[-121.0501975,39.0272086],[-121.0501772,39.0271159],[-121.0501548,39.0269532],[-121.0501325,39.0268332],[-121.0500959,39.0267479],[-121.0500837,39.0266666],[-121.0500918,39.0265963],[-121.0501081,39.026517]]]},"properties":{"course_id":"darkhorse_golf_club","course_name":"DarkHorse Golf Club","hole_number":1,"feature_type":"fairway","name":"hole_1_fairway","feature-color":"#4a7c3f","is_approximate":true,"source":"osm","@id":"ad000d0e-126f-4cba-8eca-2ae13a3cdda3","osm_id":1184376621}},{"type":"Feature","bbox":[-121.0504851,39.0282018,-121.0501968,39.0285133],"geometry":{"type":"Polygon","coordinates":[[[-121.0502773,39.0282018],[-121.0502531,39.0282049],[-121.0502223,39.0282164],[-121.0502035,39.0282372],[-121.0501968,39.0282643],[-121.0502008,39.0283018],[-121.0502115,39.0283414],[-121.0502209,39.0283821],[-121.050225,39.0284133],[-121.050233,39.0284498],[-121.0502478,39.0284748],[-121.0502679,39.0284977],[-121.050296,39.0285092],[-121.0503255,39.0285133],[-121.0503631,39.0285112],[-121.05041,39.0284977],[-121.0504476,39.028481],[-121.0504688,39.0284616],[-121.0504817,39.0284345],[-121.0504851,39.0284123],[-121.0504757,39.0283827],[-121.0504556,39.0283602],[-121.0504261,39.0283383],[-121.0504006,39.0283143],[-121.0503765,39.0282914],[-121.050351,39.0282675],[-121.0503322,39.0282456],[-121.0503188,39.0282279],[-121.0503019,39.0282071],[-121.0502773,39.0282018]]]},"properties":{"course_id":"darkhorse_golf_club","course_name":"DarkHorse Golf Club","hole_number":1,"feature_type":"green","name":"hole_1_green","feature-color":"#2d6e2d","is_approximate":true,"source":"osm","@id":"d6616a50-212e-4ad1-9f86-6755a189be53","osm_id":1184540851}},{"type":"Feature","bbox":[-121.050358,39.0279002,-121.0500638,39.0284977],"geometry":{"type":"Polygon","coordinates":[[[-121.0503019,39.0282071],[-121.0502872,39.0281814],[-121.0502795,39.0281575],[-121.0502887,39.0281264],[-121.0503088,39.0281036],[-121.0503272,39.0280929],[-121.0503457,39.0280785],[-121.050358,39.028051],[-121.0503473,39.0280175],[-121.0503303,39.0279864],[-121.050298,39.0279552],[-121.0502579,39.0279253],[-121.0502025,39.0279038],[-121.0501585,39.0279002],[-121.0501223,39.0279134],[-121.0501008,39.0279397],[-121.0500746,39.0279828],[-121.0500669,39.0280378],[-121.0500653,39.0280833],[-121.0500638,39.0281359],[-121.0500684,39.028191],[-121.0500761,39.0282508],[-121.0500777,39.0283035],[-121.0500808,39.028343],[-121.0500946,39.0283777],[-121.0501193,39.0284076],[-121.0501593,39.0284232],[-121.0501886,39.0284399],[-121.0502117,39.0284555],[-121.0502679,39.0284977],[-121.0502478,39.0284748],[-121.050233,39.0284498],[-121.050225,39.0284133],[-121.0502209,39.0283821],[-121.0502115,39.0283414],[-121.0502008,39.0283018],[-121.0501968,39.0282643],[-121.0502035,39.0282372],[-121.0502223,39.0282164],[-121.0502531,39.0282049],[-121.0502773,39.0282018],[-121.0503019,39.0282071]]]},"properties":{"course_id":"darkhorse_golf_club","course_name":"DarkHorse Golf Club","hole_number":1,"feature_type":"fairway","name":"hole_1_fairway_2","feature-color":"#4a7c3f","is_approximate":true,"source":"osm","@id":"1ad73fdf-19e4-423a-814d-382cd8061681","osm_id":1184540852}},{"type":"Feature","bbox":[-121.0516608,39.0264779,-121.0513295,39.0267709],"geometry":{"type":"Polygon","coordinates":[[[-121.0516222,39.02662],[-121.05161,39.0266327],[-121.0515988,39.0266532],[-121.0515958,39.0266793],[-121.0515937,39.0267061],[-121.0515866,39.0267258],[-121.0515724,39.0267487],[-121.0515521,39.026763],[-121.0515277,39.0267693],[-121.0515033,39.0267709],[-121.0514738,39.026759],[-121.0514555,39.0267416],[-121.0514555,39.0267211],[-121.0514504,39.026699],[-121.0514474,39.0266769],[-121.0514291,39.0266572],[-121.0514077,39.0266437],[-121.0513772,39.0266327],[-121.0513539,39.0266224],[-121.0513366,39.026609],[-121.0513295,39.0265885],[-121.0513366,39.0265679],[-121.051361,39.0265506],[-121.0513905,39.0265379],[-121.0514169,39.0265277],[-121.0514413,39.0265158],[-121.0514626,39.0265056],[-121.0514809,39.0264929],[-121.0514972,39.0264811],[-121.0515246,39.0264779],[-121.0515531,39.0264811],[-121.0515805,39.0264874],[-121.0516069,39.0264937],[-121.0516313,39.0265016],[-121.0516476,39.0265198],[-121.0516578,39.0265363],[-121.0516608,39.0265553],[-121.0516557,39.0265782],[-121.0516425,39.0266019],[-121.0516222,39.02662]]]},"properties":{"course_id":"darkhorse_golf_club","course_name":"DarkHorse Golf Club","hole_number":2,"feature_type":"green","name":"unassigned_green_7","feature-color":"#2d6e2d","is_approximate":true,"source":"osm","@id":"99890bf9-97fd-490b-b393-3bbbc9c9c40c","osm_id":1237079215,"needs_hole_assignment":true}},{"type":"Feature","bbox":[-121.0546756,39.0248372,-121.0538234,39.0256299],"geometry":{"type":"Polygon","coordinates":[[[-121.0543546,39.0248963],[-121.0543768,39.0248688],[-121.0544164,39.0248482],[-121.0544743,39.0248372],[-121.0545262,39.0248395],[-121.0545709,39.0248482],[-121.0546075,39.0248624],[-121.054638,39.0248853],[-121.0546634,39.0249146],[-121.0546735,39.0249532],[-121.0546756,39.0249975],[-121.0546685,39.0250361],[-121.0546491,39.0250827],[-121.0546288,39.0251127],[-121.0545668,39.0251593],[-121.0545089,39.0252067],[-121.0544631,39.0252489],[-121.0544211,39.0252798],[-121.0543884,39.0253179],[-121.0543581,39.0253541],[-121.0543114,39.0253741],[-121.0542553,39.0253868],[-121.0541993,39.0253759],[-121.0541503,39.0253614],[-121.0540989,39.0253578],[-121.0540545,39.0253741],[-121.0540242,39.0254031],[-121.0540172,39.025443],[-121.0540195,39.0254866],[-121.0540428,39.0255228],[-121.0540498,39.0255664],[-121.0540242,39.0256117],[-121.0539588,39.0256299],[-121.0539097,39.0256117],[-121.053856,39.0255718],[-121.053828,39.0255174],[-121.0538234,39.0254539],[-121.053849,39.0253959],[-121.0538911,39.0253233],[-121.0539191,39.0252689],[-121.0539611,39.025238],[-121.0540265,39.0252181],[-121.0540732,39.0252108],[-121.0541292,39.0251854],[-121.0541689,39.0251455],[-121.0542016,39.0251056],[-121.0542263,39.025078],[-121.0542516,39.0250567],[-121.0542346,39.025082],[-121.0542246,39.0251072],[-121.0542176,39.0251414],[-121.0542286,39.0251681],[-121.0542496,39.0251963],[-121.0542806,39.0252126],[-121.0543186,39.0252141],[-121.0543566,39.0252112],[-121.0543836,39.0251994],[-121.0544166,39.0251711],[-121.0544586,39.0251354],[-121.0545076,39.0250998],[-121.0545488,39.0250693],[-121.0545771,39.0250369],[-121.0545916,39.0250181],[-121.0545956,39.0249884],[-121.0545866,39.0249661],[-121.0545486,39.0249364],[-121.0545026,39.0249067],[-121.0544517,39.0248776],[-121.0544146,39.0248741],[-121.0543896,39.0248815],[-121.0543546,39.0248963]]]},"properties":{"course_id":"darkhorse_golf_club","course_name":"DarkHorse Golf Club","hole_number":3,"feature_type":"fairway","name":"hole_3_fairway","feature-color":"#4a7c3f","is_approximate":true,"source":"osm","@id":"b2d75ed7-9433-48c3-9de8-385f7776f968","osm_id":1237079217}},{"type":"Feature","bbox":[-121.0551223,39.0252269,-121.0550217,39.0253201],"geometry":{"type":"Polygon","coordinates":[[[-121.0551223,39.0252806],[-121.0551101,39.0252514],[-121.0550887,39.0252316],[-121.0550613,39.0252269],[-121.0550359,39.0252364],[-121.0550217,39.0252767],[-121.0550328,39.0253059],[-121.0550623,39.0253201],[-121.0550928,39.0253185],[-121.0551131,39.0253019],[-121.0551223,39.0252806]]]},"properties":{"course_id":"darkhorse_golf_club","course_name":"DarkHorse Golf Club","hole_number":4,"feature_type":"tee_box","name":"hole_4_tee_box","feature-color":"#8b7355","is_approximate":true,"source":"osm","@id":"961cea5d-f071-451f-b189-8be395654ff2","osm_id":1237079218}},{"type":"Feature","bbox":[-121.0549485,39.0251077,-121.054858,39.0252072],"geometry":{"type":"Polygon","coordinates":[[[-121.0549119,39.0252072],[-121.0548875,39.025204],[-121.0548672,39.0251882],[-121.054858,39.025163],[-121.0548621,39.0251408],[-121.0548753,39.0251179],[-121.0548987,39.0251077],[-121.0549281,39.0251116],[-121.0549444,39.0251322],[-121.0549485,39.0251606],[-121.0549414,39.0251866],[-121.0549312,39.0252001],[-121.0549119,39.0252072]]]},"properties":{"course_id":"darkhorse_golf_club","course_name":"DarkHorse Golf Club","hole_number":4,"feature_type":"tee_box","name":"hole_4_tee_box_2","feature-color":"#8b7355","is_approximate":true,"source":"osm","@id":"354aa717-7d7a-4aa6-be9e-b4f04279bc3f","osm_id":1237079219}},{"type":"Feature","bbox":[-121.0551253,39.0249363,-121.0549719,39.0250777],"geometry":{"type":"Polygon","coordinates":[[[-121.0551111,39.0250145],[-121.0550847,39.0249813],[-121.0550593,39.0249506],[-121.0550267,39.0249363],[-121.054984,39.0249427],[-121.0549719,39.024964],[-121.0549759,39.0249837],[-121.0549932,39.0250066],[-121.0550176,39.0250295],[-121.0550389,39.025054],[-121.0550552,39.0250714],[-121.0550765,39.0250777],[-121.0550999,39.0250761],[-121.0551152,39.0250619],[-121.0551253,39.0250382],[-121.0551111,39.0250145]]]},"properties":{"course_id":"darkhorse_golf_club","course_name":"DarkHorse Golf Club","hole_number":4,"feature_type":"tee_box","name":"hole_4_tee_box_3","feature-color":"#8b7355","is_approximate":true,"source":"osm","@id":"90843d06-f4e4-4e77-84f1-3bf4cdcc481d","osm_id":1237079220}},{"type":"Feature","bbox":[-121.0486714,39.0251212,-121.0485774,39.0251954],"geometry":{"type":"Polygon","coordinates":[[[-121.0486437,39.0251894],[-121.0486144,39.0251954],[-121.0485867,39.0251858],[-121.0485774,39.0251595],[-121.0485913,39.0251355],[-121.0486175,39.0251236],[-121.0486437,39.0251212],[-121.0486652,39.0251367],[-121.0486714,39.0251559],[-121.0486637,39.0251798],[-121.0486437,39.0251894]]]},"properties":{"course_id":"darkhorse_golf_club","course_name":"DarkHorse Golf Club","hole_number":1,"feature_type":"tee_box","name":"hole_1_tee_box","feature-color":"#8b7355","is_approximate":true,"source":"osm","@id":"f2592b2d-f385-459e-8cfd-645c2417024c","osm_id":1237079221}},{"type":"Feature","bbox":[-121.0490227,39.0252971,-121.0488501,39.0254299],"geometry":{"type":"Polygon","coordinates":[[[-121.0490042,39.0253976],[-121.0489672,39.025424],[-121.048921,39.0254299],[-121.0488778,39.0254228],[-121.0488547,39.0254048],[-121.0488501,39.0253773],[-121.0488609,39.025351],[-121.0488794,39.0253294],[-121.0488994,39.0253103],[-121.0489241,39.0253007],[-121.048961,39.0252971],[-121.0489934,39.0253151],[-121.0490196,39.0253414],[-121.0490227,39.0253749],[-121.0490042,39.0253976]]]},"properties":{"course_id":"darkhorse_golf_club","course_name":"DarkHorse Golf Club","hole_number":1,"feature_type":"tee_box","name":"hole_1_tee_box_2","feature-color":"#8b7355","is_approximate":true,"source":"osm","@id":"6e3a0094-758a-451c-85df-954004003b13","osm_id":1237079222}},{"type":"Feature","bbox":[-121.0493631,39.0255101,-121.0492599,39.0256095],"geometry":{"type":"Polygon","coordinates":[[[-121.0493569,39.0255616],[-121.0493415,39.0255317],[-121.0493046,39.0255101],[-121.0492707,39.0255209],[-121.0492599,39.025552],[-121.0492738,39.0255795],[-121.0492907,39.0255999],[-121.0493169,39.0256095],[-121.0493492,39.0256011],[-121.0493631,39.0255879],[-121.0493569,39.0255616]]]},"properties":{"course_id":"darkhorse_golf_club","course_name":"DarkHorse Golf Club","hole_number":1,"feature_type":"tee_box","name":"hole_1_tee_box_3","feature-color":"#8b7355","is_approximate":true,"source":"osm","@id":"5af26779-95e9-4588-919d-4e8be9d2134c","osm_id":1237079223}},{"type":"Feature","bbox":[-121.0497724,39.0257615,-121.0496772,39.0258531],"geometry":{"type":"Polygon","coordinates":[[[-121.0497322,39.0258531],[-121.0496946,39.0258448],[-121.0496772,39.025825],[-121.0496799,39.0257958],[-121.0496973,39.0257729],[-121.0497254,39.0257615],[-121.0497536,39.0257688],[-121.0497697,39.0257948],[-121.0497724,39.0258219],[-121.0497576,39.0258459],[-121.0497322,39.0258531]]]},"properties":{"course_id":"darkhorse_golf_club","course_name":"DarkHorse Golf Club","hole_number":null,"feature_type":"tee_box","name":"unassigned_tee_box_23","feature-color":"#8b7355","is_approximate":true,"source":"osm","@id":"45ad9286-b493-42c9-93da-734ee435915a","osm_id":1237079224,"needs_hole_assignment":true}},{"type":"Feature","bbox":[-121.0508463,39.0287672,-121.0507377,39.0288964],"geometry":{"type":"Polygon","coordinates":[[[-121.0508114,39.0288964],[-121.0507779,39.0288954],[-121.0507484,39.0288797],[-121.0507377,39.0288537],[-121.0507404,39.0288266],[-121.0507417,39.0288016],[-121.0507497,39.0287787],[-121.0507806,39.0287672],[-121.0508155,39.0287683],[-121.0508409,39.0287922],[-121.0508463,39.0288318],[-121.0508409,39.028861],[-121.0508342,39.028886],[-121.0508114,39.0288964]]]},"properties":{"course_id":"darkhorse_golf_club","course_name":"DarkHorse Golf Club","hole_number":2,"feature_type":"tee_box","name":"unassigned_tee_box_24","feature-color":"#8b7355","is_approximate":true,"source":"osm","@id":"a1395027-e832-479e-9ccf-8605d84dbf37","osm_id":1237079225,"needs_hole_assignment":true}},{"type":"Feature","bbox":[-121.0507001,39.0293308,-121.0506036,39.0294183],"geometry":{"type":"Polygon","coordinates":[[[-121.0506532,39.0294183],[-121.050621,39.0294111],[-121.0506036,39.0293892],[-121.0506036,39.0293652],[-121.0506143,39.0293465],[-121.0506465,39.0293308],[-121.0506787,39.0293381],[-121.0506974,39.02936],[-121.0507001,39.029386],[-121.050684,39.0294131],[-121.0506532,39.0294183]]]},"properties":{"course_id":"darkhorse_golf_club","course_name":"DarkHorse Golf Club","hole_number":2,"feature_type":"tee_box","name":"unassigned_tee_box_25","feature-color":"#8b7355","is_approximate":true,"source":"osm","@id":"6bdb8160-0445-44c6-b787-1c34134074ee","osm_id":1237079226,"needs_hole_assignment":true}},{"type":"Feature","bbox":[-121.0508611,39.0290673,-121.0507404,39.0292048],"geometry":{"type":"Polygon","coordinates":[[[-121.0508409,39.0291735],[-121.0508275,39.0291944],[-121.0507953,39.0292048],[-121.0507605,39.0292027],[-121.050743,39.0291871],[-121.0507404,39.0291579],[-121.0507471,39.0291235],[-121.0507605,39.0290923],[-121.0507846,39.0290725],[-121.0508168,39.0290673],[-121.0508503,39.0290829],[-121.0508611,39.0291173],[-121.0508543,39.0291475],[-121.0508409,39.0291735]]]},"properties":{"course_id":"darkhorse_golf_club","course_name":"DarkHorse Golf Club","hole_number":2,"feature_type":"tee_box","name":"unassigned_tee_box_26","feature-color":"#8b7355","is_approximate":true,"source":"osm","@id":"19249302-5d37-456f-9ba1-ebe2872e0d0f","osm_id":1237079227,"needs_hole_assignment":true}},{"type":"Feature","bbox":[-121.0513409,39.0284071,-121.0512533,39.0284992],"geometry":{"type":"Polygon","coordinates":[[[-121.0513233,39.0284901],[-121.0513035,39.0284992],[-121.0512842,39.0284992],[-121.051269,39.0284928],[-121.0512568,39.0284765],[-121.0512533,39.0284561],[-121.0512574,39.0284366],[-121.0512696,39.0284189],[-121.0512877,39.0284094],[-121.051307,39.0284071],[-121.0513251,39.0284148],[-121.0513379,39.028433],[-121.0513409,39.0284556],[-121.0513344,39.0284769],[-121.0513233,39.0284901]]]},"properties":{"course_id":"darkhorse_golf_club","course_name":"DarkHorse Golf Club","hole_number":2,"feature_type":"tee_box","name":"unassigned_tee_box_27","feature-color":"#8b7355","is_approximate":true,"source":"osm","@id":"de625a44-5d11-4d06-b6eb-0c8dd14b55a0","osm_id":1237079228,"needs_hole_assignment":true}},{"type":"Feature","bbox":[-121.0528502,39.0265143,-121.052759,39.0265883],"geometry":{"type":"Polygon","coordinates":[[[-121.0528502,39.0265586],[-121.0528401,39.0265435],[-121.052822,39.0265263],[-121.0528019,39.0265154],[-121.0527758,39.0265143],[-121.052759,39.0265274],[-121.0527597,39.0265508],[-121.0527704,39.026569],[-121.0527898,39.0265831],[-121.0528079,39.0265883],[-121.0528334,39.0265873],[-121.0528502,39.0265768],[-121.0528502,39.0265586]]]},"properties":{"course_id":"darkhorse_golf_club","course_name":"DarkHorse Golf Club","hole_number":3,"feature_type":"tee_box","name":"hole_3_tee_box","feature-color":"#8b7355","is_approximate":true,"source":"osm","@id":"2776eb8d-f686-4b22-9c5d-fc839d6b6fff","osm_id":1237082875}},{"type":"Feature","bbox":[-121.052997,39.0263987,-121.0528716,39.0265008],"geometry":{"type":"Polygon","coordinates":[[[-121.052991,39.0264409],[-121.0529722,39.0264227],[-121.0529521,39.0264075],[-121.0529199,39.0263987],[-121.0528871,39.0264055],[-121.0528716,39.0264289],[-121.0528777,39.0264555],[-121.0528904,39.0264763],[-121.0529152,39.0264956],[-121.0529367,39.0265008],[-121.0529655,39.0264956],[-121.052987,39.026481],[-121.052997,39.0264617],[-121.052991,39.0264409]]]},"properties":{"course_id":"darkhorse_golf_club","course_name":"DarkHorse Golf Club","hole_number":3,"feature_type":"tee_box","name":"hole_3_tee_box_2","feature-color":"#8b7355","is_approximate":true,"source":"osm","@id":"5400ebb0-3dd4-485d-a574-3db765bd06ae","osm_id":1237082876}},{"type":"Feature","bbox":[-121.0530782,39.0263086,-121.0529353,39.0263919],"geometry":{"type":"Polygon","coordinates":[[[-121.0530782,39.026356],[-121.0530654,39.0263331],[-121.0530386,39.0263138],[-121.0529964,39.0263086],[-121.0529575,39.0263133],[-121.0529353,39.0263263],[-121.0529394,39.0263544],[-121.0529602,39.0263711],[-121.0529937,39.0263893],[-121.0530259,39.0263919],[-121.053056,39.0263872],[-121.0530741,39.0263758],[-121.0530782,39.026356]]]},"properties":{"course_id":"darkhorse_golf_club","course_name":"DarkHorse Golf Club","hole_number":3,"feature_type":"tee_box","name":"hole_3_tee_box_3","feature-color":"#8b7355","is_approximate":true,"source":"osm","@id":"a81e184e-b03a-4d40-92de-0e7f982998fe","osm_id":1237082877}},{"type":"Feature","bbox":[-121.0532447,39.0260773,-121.0530831,39.0261981],"geometry":{"type":"Polygon","coordinates":[[[-121.0532447,39.0261437],[-121.0532244,39.0261152],[-121.0531847,39.026086],[-121.0531309,39.0260773],[-121.0530943,39.0260987],[-121.0530831,39.0261389],[-121.0531146,39.0261689],[-121.0531451,39.0261887],[-121.0531868,39.0261981],[-121.0532183,39.026195],[-121.0532437,39.0261753],[-121.0532447,39.0261437]]]},"properties":{"course_id":"darkhorse_golf_club","course_name":"DarkHorse Golf Club","hole_number":3,"feature_type":"tee_box","name":"hole_3_tee_box_4","feature-color":"#8b7355","is_approximate":true,"source":"osm","@id":"c006841a-d87b-428a-8539-7d03f36079e3","osm_id":1237082878}},{"type":"Feature","bbox":[-121.0533372,39.0259494,-121.0531868,39.0260568],"geometry":{"type":"Polygon","coordinates":[[[-121.0533301,39.0260023],[-121.0533098,39.0259755],[-121.0532854,39.0259565],[-121.0532376,39.0259494],[-121.053201,39.0259581],[-121.0531868,39.0259786],[-121.0531929,39.0260055],[-121.0532152,39.0260268],[-121.0532437,39.0260481],[-121.0532732,39.0260568],[-121.0532976,39.0260552],[-121.053325,39.0260458],[-121.0533372,39.0260252],[-121.0533301,39.0260023]]]},"properties":{"course_id":"darkhorse_golf_club","course_name":"DarkHorse Golf Club","hole_number":3,"feature_type":"tee_box","name":"hole_3_tee_box_5","feature-color":"#8b7355","is_approximate":true,"source":"osm","@id":"bc0d2e22-d53b-45ca-a042-527b0c10de12","osm_id":1237082879}},{"type":"Feature","bbox":[-121.0546308,39.0243867,-121.054486,39.02453],"geometry":{"type":"Polygon","coordinates":[[[-121.0546109,39.0245055],[-121.0546285,39.0244746],[-121.0546308,39.0244384],[-121.0546203,39.0244066],[-121.0545794,39.0243867],[-121.0545339,39.0243921],[-121.0545024,39.0244166],[-121.054486,39.0244556],[-121.0544895,39.0244964],[-121.0545082,39.0245191],[-121.0545444,39.02453],[-121.0545853,39.0245282],[-121.0546109,39.0245055]]]},"properties":{"course_id":"darkhorse_golf_club","course_name":"DarkHorse Golf Club","hole_number":4,"feature_type":"tee_box","name":"hole_4_tee_box_4","feature-color":"#8b7355","is_approximate":true,"source":"osm","@id":"a8a65a08-57ee-4c73-98a9-8cbe26ef182e","osm_id":1237082880}},{"type":"Feature","bbox":[-121.0543488,39.0239878,-121.0542227,39.0240691],"geometry":{"type":"Polygon","coordinates":[[[-121.0543314,39.0240055],[-121.0542911,39.0239878],[-121.0542482,39.0239909],[-121.0542227,39.0240159],[-121.0542227,39.0240451],[-121.0542589,39.024066],[-121.0542925,39.0240691],[-121.05433,39.0240628],[-121.0543488,39.0240368],[-121.0543314,39.0240055]]]},"properties":{"course_id":"darkhorse_golf_club","course_name":"DarkHorse Golf Club","hole_number":null,"feature_type":"tee_box","name":"unassigned_tee_box_28","feature-color":"#8b7355","is_approximate":true,"source":"osm","@id":"c4676028-f5cb-4674-8bf5-634dd61cbf25","osm_id":1237082881,"needs_hole_assignment":true}},{"type":"Feature","bbox":[-121.054735,39.0205637,-121.0544735,39.020794],"geometry":{"type":"Polygon","coordinates":[[[-121.054672,39.0207659],[-121.0546492,39.0207804],[-121.0546197,39.0207898],[-121.0545687,39.020794],[-121.0545204,39.0207825],[-121.054495,39.0207606],[-121.0544802,39.0207346],[-121.0544735,39.0207002],[-121.0544735,39.0206783],[-121.0544802,39.0206523],[-121.0544976,39.0206242],[-121.0545204,39.0206075],[-121.0545499,39.0205887],[-121.0545794,39.0205773],[-121.0546089,39.0205689],[-121.0546385,39.0205637],[-121.0546706,39.0205637],[-121.0547028,39.0205752],[-121.0547243,39.0205991],[-121.054735,39.0206283],[-121.0547337,39.0206617],[-121.0547189,39.020696],[-121.0547055,39.0207252],[-121.0546921,39.0207461],[-121.054672,39.0207659]]]},"properties":{"course_id":"darkhorse_golf_club","course_name":"DarkHorse Golf Club","hole_number":4,"feature_type":"green","name":"hole_4_green","feature-color":"#2d6e2d","is_approximate":true,"source":"osm","@id":"32b01da0-100d-434a-911d-908f5520e8c5","osm_id":1237082882}},{"type":"Feature","bbox":[-121.05514,39.0205689,-121.0543025,39.0237452],"geometry":{"type":"Polygon","coordinates":[[[-121.054672,39.0207659],[-121.0546521,39.0207939],[-121.054646,39.0208239],[-121.0546338,39.0208554],[-121.0546074,39.0208776],[-121.0545627,39.0209012],[-121.0545627,39.0209407],[-121.0545728,39.0209723],[-121.0546054,39.0210071],[-121.0546623,39.0210323],[-121.0547233,39.0210339],[-121.0547842,39.0210276],[-121.054829,39.0210023],[-121.0548635,39.0209707],[-121.0549143,39.020947],[-121.0549652,39.0209376],[-121.0549977,39.0209581],[-121.0550018,39.0210007],[-121.0549692,39.0210465],[-121.0549204,39.0210955],[-121.0548798,39.0211239],[-121.0548371,39.0211618],[-121.0548046,39.0212045],[-121.0547944,39.0212692],[-121.0548107,39.0213274],[-121.054833,39.0213764],[-121.0548696,39.0214206],[-121.0549347,39.0214569],[-121.0550099,39.0214885],[-121.0550729,39.0215169],[-121.0551156,39.0215517],[-121.05514,39.0216259],[-121.0551318,39.0217286],[-121.0551197,39.021847],[-121.0551078,39.0219438],[-121.0550915,39.0220638],[-121.0550671,39.0221839],[-121.0550183,39.0222786],[-121.0549533,39.0224144],[-121.0548679,39.0225376],[-121.0548232,39.0226797],[-121.0548191,39.022844],[-121.0548191,39.0230177],[-121.0548069,39.0231643],[-121.0547883,39.0232732],[-121.0547639,39.0233885],[-121.0547334,39.023521],[-121.054707,39.0236347],[-121.0546643,39.0237042],[-121.0545993,39.0237358],[-121.0544875,39.0237452],[-121.0543919,39.023731],[-121.0543228,39.0236868],[-121.0543025,39.0236221],[-121.0543249,39.0235068],[-121.054335,39.0234483],[-121.0543899,39.0233678],[-121.0544306,39.0233031],[-121.0545139,39.0232038],[-121.0545749,39.0231406],[-121.0546298,39.0230948],[-121.0546643,39.0230569],[-121.0546928,39.0230111],[-121.0546928,39.0229463],[-121.0546643,39.0228784],[-121.0546054,39.0228232],[-121.0545403,39.0227395],[-121.0545139,39.0226622],[-121.0545017,39.0225627],[-121.0545119,39.0224458],[-121.0545098,39.022321],[-121.0545098,39.02222],[-121.0545241,39.0220668],[-121.0545403,39.0219578],[-121.0545606,39.021871],[-121.0545952,39.0218046],[-121.0546562,39.0217477],[-121.0547151,39.0217019],[-121.0547619,39.0216419],[-121.0547578,39.0215724],[-121.0547151,39.0214934],[-121.0545871,39.0214113],[-121.0544875,39.0213387],[-121.0544448,39.0212644],[-121.0544224,39.0211831],[-121.0543919,39.0210915],[-121.0543757,39.0210062],[-121.0543696,39.0209115],[-121.0543716,39.0208294],[-121.0543838,39.0207504],[-121.0544041,39.0206707],[-121.0544509,39.0206138],[-121.0545038,39.0205828],[-121.0545516,39.0205731],[-121.0546089,39.0205689],[-121.0545794,39.0205773],[-121.0545499,39.0205887],[-121.0545204,39.0206075],[-121.0544976,39.0206242],[-121.0544802,39.0206523],[-121.0544735,39.0206783],[-121.0544735,39.0207002],[-121.0544802,39.0207346],[-121.054495,39.0207606],[-121.0545204,39.0207825],[-121.0545687,39.020794],[-121.0546197,39.0207898],[-121.0546492,39.0207804],[-121.054672,39.0207659]]]},"properties":{"course_id":"darkhorse_golf_club","course_name":"DarkHorse Golf Club","hole_number":4,"feature_type":"fairway","name":"hole_4_fairway","feature-color":"#4a7c3f","is_approximate":true,"source":"osm","@id":"cc0654cb-09ee-4b6f-8774-542d12d614c3","osm_id":1237082883}},{"type":"Feature","bbox":[-121.055369,39.0203194,-121.0552651,39.0203947],"geometry":{"type":"Polygon","coordinates":[[[-121.0553316,39.020392],[-121.0553024,39.0203947],[-121.0552803,39.0203883],[-121.0552674,39.020372],[-121.0552651,39.0203439],[-121.0552721,39.0203285],[-121.0553013,39.0203194],[-121.055334,39.0203203],[-121.0553585,39.0203312],[-121.055369,39.020353],[-121.0553655,39.0203711],[-121.0553526,39.0203874],[-121.0553316,39.020392]]]},"properties":{"course_id":"darkhorse_golf_club","course_name":"DarkHorse Golf Club","hole_number":5,"feature_type":"tee_box","name":"hole_5_tee_box","feature-color":"#8b7355","is_approximate":true,"source":"osm","@id":"318507df-8b31-446a-b359-4ceee14e5646","osm_id":1237082884}},{"type":"Feature","bbox":[-121.0554122,39.0204908,-121.0552732,39.0206233],"geometry":{"type":"Polygon","coordinates":[[[-121.0554052,39.0205434],[-121.0553888,39.0205162],[-121.055369,39.0204981],[-121.0553328,39.0204908],[-121.0553024,39.0204935],[-121.0552767,39.0205117],[-121.0552732,39.0205398],[-121.0552814,39.0205706],[-121.0552896,39.020596],[-121.0553083,39.0206151],[-121.0553363,39.0206233],[-121.0553631,39.0206214],[-121.0553888,39.0206078],[-121.0554052,39.0205897],[-121.0554122,39.0205697],[-121.0554052,39.0205434]]]},"properties":{"course_id":"darkhorse_golf_club","course_name":"DarkHorse Golf Club","hole_number":5,"feature_type":"tee_box","name":"hole_5_tee_box_2","feature-color":"#8b7355","is_approximate":true,"source":"osm","@id":"8da70ed5-bcc3-4591-9aea-100a16ed5f1d","osm_id":1237082885}},{"type":"Feature","bbox":[-121.0556317,39.0210886,-121.0555102,39.0211902],"geometry":{"type":"Polygon","coordinates":[[[-121.0555978,39.0211829],[-121.0555581,39.0211902],[-121.0555289,39.0211793],[-121.0555102,39.0211539],[-121.0555149,39.021124],[-121.0555219,39.021104],[-121.0555464,39.0210886],[-121.0555861,39.0210886],[-121.0556177,39.0211013],[-121.0556317,39.0211294],[-121.0556317,39.021153],[-121.0556177,39.0211757],[-121.0555978,39.0211829]]]},"properties":{"course_id":"darkhorse_golf_club","course_name":"DarkHorse Golf Club","hole_number":5,"feature_type":"tee_box","name":"hole_5_tee_box_3","feature-color":"#8b7355","is_approximate":true,"source":"osm","@id":"fe8c1a6f-476d-418c-90a3-66007edd6c48","osm_id":1237082886}},{"type":"Feature","bbox":[-121.0556422,39.0208119,-121.0555079,39.0209625],"geometry":{"type":"Polygon","coordinates":[[[-121.0556422,39.0208963],[-121.0556352,39.0208718],[-121.0556317,39.0208482],[-121.0556177,39.0208273],[-121.0555931,39.0208137],[-121.0555499,39.0208119],[-121.0555173,39.0208264],[-121.0555079,39.02087],[-121.0555161,39.0209044],[-121.0555301,39.0209353],[-121.0555488,39.0209561],[-121.0555815,39.0209625],[-121.0556212,39.0209525],[-121.0556422,39.0209362],[-121.0556422,39.0208963]]]},"properties":{"course_id":"darkhorse_golf_club","course_name":"DarkHorse Golf Club","hole_number":5,"feature_type":"tee_box","name":"hole_5_tee_box_4","feature-color":"#8b7355","is_approximate":true,"source":"osm","@id":"5e3d175e-24e6-4541-bf4a-e7b6391f9f6b","osm_id":1237082887}},{"type":"Feature","bbox":[-121.0561047,39.0240036,-121.0557966,39.0242908],"geometry":{"type":"Polygon","coordinates":[[[-121.0561032,39.0242166],[-121.0560893,39.0242489],[-121.0560616,39.0242693],[-121.0560215,39.0242824],[-121.0559707,39.0242848],[-121.0559214,39.0242908],[-121.0558783,39.0242896],[-121.0558598,39.0242824],[-121.0558505,39.0242633],[-121.0558459,39.0242202],[-121.0558459,39.0241807],[-121.0558321,39.024152],[-121.0558074,39.0241161],[-121.0557966,39.0240897],[-121.0557966,39.0240586],[-121.0558105,39.0240323],[-121.0558367,39.0240239],[-121.0558675,39.0240203],[-121.0559045,39.0240155],[-121.0559414,39.0240072],[-121.0559753,39.0240036],[-121.0560095,39.0240081],[-121.0560385,39.0240167],[-121.0560601,39.0240407],[-121.056077,39.024073],[-121.0560801,39.0241017],[-121.0560832,39.0241221],[-121.0560955,39.0241532],[-121.0561047,39.0241903],[-121.0561032,39.0242166]]]},"properties":{"course_id":"darkhorse_golf_club","course_name":"DarkHorse Golf Club","hole_number":5,"feature_type":"green","name":"hole_5_green","feature-color":"#2d6e2d","is_approximate":true,"source":"osm","@id":"bdeac961-9a3b-42ad-ab7d-afecacbcc5ac","osm_id":1237082888}},{"type":"Feature","bbox":[-121.0561692,39.0213714,-121.0553697,39.0243445],"geometry":{"type":"Polygon","coordinates":[[[-121.056077,39.024073],[-121.0560953,39.0241027],[-121.0561245,39.0241279],[-121.0561538,39.0241518],[-121.0561692,39.0241805],[-121.0561692,39.0242296],[-121.0561492,39.0242679],[-121.0561076,39.0243038],[-121.0560583,39.0243277],[-121.0559967,39.0243397],[-121.0559397,39.0243445],[-121.0558934,39.0243433],[-121.0558457,39.0243301],[-121.0558164,39.0243074],[-121.0557902,39.0242751],[-121.0557594,39.0242212],[-121.0557317,39.0241267],[-121.0557147,39.0240465],[-121.0556963,39.0239711],[-121.0556593,39.0238501],[-121.0556269,39.023746],[-121.0556054,39.0236251],[-121.0555776,39.023515],[-121.055553,39.0234013],[-121.0555345,39.0232801],[-121.0555099,39.0231915],[-121.0554883,39.0231221],[-121.0554744,39.0230371],[-121.0554375,39.0229521],[-121.0553928,39.0228731],[-121.0553697,39.0228049],[-121.0553866,39.0227606],[-121.055439,39.0227188],[-121.0554852,39.0226793],[-121.0555191,39.0226278],[-121.0555622,39.0225111],[-121.0555946,39.0224237],[-121.0556192,39.0223375],[-121.0556485,39.0222573],[-121.055667,39.0221735],[-121.0556747,39.0220536],[-121.0556608,39.0219567],[-121.0556531,39.0218322],[-121.05565,39.021679],[-121.0556439,39.0215857],[-121.0556423,39.0214947],[-121.0556562,39.021442],[-121.0556978,39.0214037],[-121.0557456,39.0213786],[-121.0558164,39.0213714],[-121.0558857,39.021381],[-121.055932,39.0214145],[-121.0559689,39.0214684],[-121.0559859,39.0215833],[-121.0559874,39.0217496],[-121.0560044,39.0218967],[-121.0560213,39.0220583],[-121.0560229,39.0221515],[-121.056009,39.0222317],[-121.0559736,39.0223191],[-121.055932,39.0223921],[-121.0558827,39.0224603],[-121.0558287,39.0225369],[-121.0558164,39.0226099],[-121.0558472,39.0226985],[-121.0559073,39.0228002],[-121.0559612,39.0228973],[-121.0560044,39.0229943],[-121.0560506,39.0231118],[-121.0560937,39.0232817],[-121.0561307,39.0234253],[-121.0561492,39.0235785],[-121.056143,39.0236647],[-121.056103,39.0237245],[-121.0559828,39.0237437],[-121.055878,39.023758],[-121.0558195,39.0238035],[-121.0558133,39.0238586],[-121.0558472,39.023916],[-121.0559027,39.0239471],[-121.0559612,39.0239663],[-121.0560105,39.0239902],[-121.0560385,39.0240167],[-121.0560095,39.0240081],[-121.0559753,39.0240036],[-121.0559414,39.0240072],[-121.0559045,39.0240155],[-121.0558675,39.0240203],[-121.0558367,39.0240239],[-121.0558105,39.0240323],[-121.0557966,39.0240586],[-121.0557966,39.0240897],[-121.0558074,39.0241161],[-121.0558321,39.024152],[-121.0558459,39.0241807],[-121.0558459,39.0242202],[-121.0558505,39.0242633],[-121.0558598,39.0242824],[-121.0558783,39.0242896],[-121.0559214,39.0242908],[-121.0559707,39.0242848],[-121.0560215,39.0242824],[-121.0560616,39.0242693],[-121.0560893,39.0242489],[-121.0561032,39.0242166],[-121.0561047,39.0241903],[-121.0560955,39.0241532],[-121.0560832,39.0241221],[-121.0560801,39.0241017],[-121.056077,39.024073]]]},"properties":{"course_id":"darkhorse_golf_club","course_name":"DarkHorse Golf Club","hole_number":5,"feature_type":"fairway","name":"hole_5_fairway","feature-color":"#4a7c3f","is_approximate":true,"source":"osm","@id":"aacec6b4-9a7f-4468-841a-6cfc97e5e12b","osm_id":1237082889}},{"type":"Feature","bbox":[-121.0564643,39.0244275,-121.0562478,39.0245349],"geometry":{"type":"Polygon","coordinates":[[[-121.056449,39.0244796],[-121.0564165,39.0244922],[-121.0563647,39.0245151],[-121.0563169,39.0245341],[-121.0562742,39.0245349],[-121.0562488,39.0245199],[-121.0562478,39.0244978],[-121.0562854,39.0244757],[-121.056325,39.0244591],[-121.0563748,39.0244409],[-121.0564002,39.0244291],[-121.0564216,39.0244275],[-121.0564551,39.0244354],[-121.0564643,39.0244551],[-121.056449,39.0244796]]]},"properties":{"course_id":"darkhorse_golf_club","course_name":"DarkHorse Golf Club","hole_number":6,"feature_type":"tee_box","name":"hole_6_tee_box","feature-color":"#8b7355","is_approximate":true,"source":"osm","@id":"670d42ad-8056-4da4-b02c-283a374c4587","osm_id":1237084488}},{"type":"Feature","bbox":[-121.0568779,39.0242356,-121.0566259,39.0243722],"geometry":{"type":"Polygon","coordinates":[[[-121.0568444,39.024298],[-121.0567936,39.024328],[-121.0567417,39.0243517],[-121.0566848,39.0243722],[-121.0566431,39.0243714],[-121.0566259,39.024358],[-121.056634,39.0243335],[-121.0566787,39.0243099],[-121.0567224,39.0242885],[-121.0567641,39.0242656],[-121.0568007,39.0242475],[-121.0568383,39.0242356],[-121.0568667,39.0242419],[-121.0568779,39.0242696],[-121.0568647,39.024287],[-121.0568444,39.024298]]]},"properties":{"course_id":"darkhorse_golf_club","course_name":"DarkHorse Golf Club","hole_number":6,"feature_type":"tee_box","name":"hole_6_tee_box_2","feature-color":"#8b7355","is_approximate":true,"source":"osm","@id":"af66ea5d-d169-43c8-bc65-bfec718edf59","osm_id":1237084489}},{"type":"Feature","bbox":[-121.0572326,39.0241069,-121.0570782,39.0241985],"geometry":{"type":"Polygon","coordinates":[[[-121.0572326,39.0241488],[-121.0572326,39.0241227],[-121.0572072,39.0241069],[-121.0571615,39.0241117],[-121.0571198,39.0241267],[-121.0570914,39.0241417],[-121.0570782,39.0241677],[-121.0570883,39.0241883],[-121.0571127,39.0241977],[-121.0571462,39.0241985],[-121.0571818,39.0241883],[-121.0572133,39.0241693],[-121.0572326,39.0241488]]]},"properties":{"course_id":"darkhorse_golf_club","course_name":"DarkHorse Golf Club","hole_number":6,"feature_type":"tee_box","name":"hole_6_tee_box_3","feature-color":"#8b7355","is_approximate":true,"source":"osm","@id":"4e1bd2b9-f7a7-4f24-8857-dc3fbaca203d","osm_id":1237084490}},{"type":"Feature","bbox":[-121.0576664,39.0235274,-121.0573968,39.0237838],"geometry":{"type":"Polygon","coordinates":[[[-121.0576583,39.0236296],[-121.0576664,39.0235962],[-121.0576597,39.0235712],[-121.0576422,39.0235483],[-121.0576141,39.0235368],[-121.0575846,39.0235274],[-121.0575443,39.0235295],[-121.0575081,39.0235389],[-121.05748,39.0235566],[-121.0574531,39.02359],[-121.057437,39.0236233],[-121.057425,39.0236514],[-121.0574129,39.0236816],[-121.0574062,39.0237046],[-121.0573968,39.0237452],[-121.0574089,39.0237698],[-121.057433,39.0237823],[-121.0574598,39.0237838],[-121.0574815,39.0237793],[-121.0575009,39.023772],[-121.0575368,39.0237561],[-121.0575699,39.0237415],[-121.0575954,39.0237271],[-121.0576159,39.0237086],[-121.0576302,39.0236858],[-121.0576463,39.0236619],[-121.0576583,39.0236296]]]},"properties":{"course_id":"darkhorse_golf_club","course_name":"DarkHorse Golf Club","hole_number":6,"feature_type":"green","name":"hole_6_green","feature-color":"#2d6e2d","is_approximate":true,"source":"osm","@id":"d17e92ac-1078-4ed2-a47e-0cf682ecbd61","osm_id":1237084491}},{"type":"Feature","bbox":[-121.0575054,39.0237452,-121.0573096,39.024063],"geometry":{"type":"Polygon","coordinates":[[[-121.0573968,39.0237452],[-121.0574089,39.0237698],[-121.057433,39.0237823],[-121.0574598,39.0237838],[-121.0574815,39.0237793],[-121.0574558,39.0237963],[-121.0574424,39.0238171],[-121.0574342,39.0238461],[-121.0574451,39.0238869],[-121.0574652,39.023914],[-121.0574867,39.0239359],[-121.0575001,39.0239557],[-121.0575054,39.0239828],[-121.0574974,39.024013],[-121.0574759,39.024038],[-121.0574384,39.0240546],[-121.0574022,39.0240619],[-121.0573713,39.024063],[-121.0573445,39.0240557],[-121.0573217,39.024039],[-121.0573096,39.0240109],[-121.0573204,39.0239786],[-121.0573311,39.023963],[-121.0573418,39.0239369],[-121.0573593,39.0239129],[-121.0573754,39.0238848],[-121.0573874,39.0238536],[-121.0573982,39.023816],[-121.0573968,39.0237838],[-121.0573968,39.0237452]]]},"properties":{"course_id":"darkhorse_golf_club","course_name":"DarkHorse Golf Club","hole_number":6,"feature_type":"fairway","name":"hole_6_fairway","feature-color":"#4a7c3f","is_approximate":true,"source":"osm","@id":"dc28d82e-7887-4bfa-aa78-97c981675414","osm_id":1237084492}},{"type":"Feature","bbox":[-121.0505373,39.028106,-121.0503175,39.0283389],"geometry":{"type":"Polygon","coordinates":[[[-121.0505311,39.0283126],[-121.0505239,39.0283254],[-121.0505064,39.0283373],[-121.0504808,39.0283389],[-121.0504602,39.0283325],[-121.0504582,39.028319],[-121.0504469,39.0283134],[-121.0504346,39.0283086],[-121.0504294,39.0282927],[-121.0504387,39.0282847],[-121.050451,39.0282791],[-121.0504572,39.0282695],[-121.05045,39.0282575],[-121.0504366,39.0282496],[-121.0504181,39.028252],[-121.0503955,39.0282583],[-121.0503853,39.0282496],[-121.050377,39.0282344],[-121.0503586,39.0282177],[-121.0503514,39.0282065],[-121.0503503,39.0281937],[-121.0503555,39.0281842],[-121.0503503,39.0281762],[-121.0503349,39.0281706],[-121.0503236,39.0281722],[-121.0503175,39.0281634],[-121.0503206,39.0281522],[-121.0503257,39.0281363],[-121.050337,39.0281187],[-121.0503555,39.0281084],[-121.0503781,39.028106],[-121.0504007,39.0281084],[-121.0504171,39.0281131],[-121.0504263,39.0281203],[-121.0504284,39.0281331],[-121.0504397,39.0281403],[-121.0504623,39.028153],[-121.0504715,39.028165],[-121.0504849,39.028177],[-121.050489,39.0281913],[-121.0505013,39.0282057],[-121.0505126,39.0282153],[-121.0505249,39.0282336],[-121.0505342,39.028248],[-121.0505352,39.0282655],[-121.0505352,39.0282895],[-121.0505373,39.0283006],[-121.0505311,39.0283126]]]},"properties":{"course_id":"darkhorse_golf_club","course_name":"DarkHorse Golf Club","hole_number":1,"feature_type":"bunker","name":"hole_1_bunker","feature-color":"#d4b483","is_approximate":true,"source":"osm","@id":"55c12629-2cfc-4199-ab7e-b77796f8701c","osm_id":1299883585}},{"type":"Feature","bbox":[-121.05280334923732,39.02655230468047,-121.05280334923732,39.02655230468047],"geometry":{"type":"Point","coordinates":[-121.05280334923732,39.02655230468047]},"properties":{"course_id":"darkhorse_golf_club","course_name":"DarkHorse Golf Club","hole_number":3,"feature_type":"tee_center","name":"hole_3_tee_center","feature-color":"#c8a055","is_approximate":true,"source":"derived","@id":"34e553b5-a4f3-4312-b8c1-7bd779e58453"}},{"type":"Feature","bbox":[-121.05439862257293,39.02504433830209,-121.05439862257293,39.02504433830209],"geometry":{"type":"Point","coordinates":[-121.05439862257293,39.02504433830209]},"properties":{"course_id":"darkhorse_golf_club","course_name":"DarkHorse Golf Club","hole_number":3,"feature_type":"green_center","name":"hole_3_green_center","feature-color":"#5aae5a","is_approximate":true,"source":"derived","@id":"5b0ab67d-9229-4354-a606-31d1a2b7e092"}},{"type":"Feature","bbox":[-121.05426367827413,39.025203702447364,-121.05426367827413,39.025203702447364],"geometry":{"type":"Point","coordinates":[-121.05426367827413,39.025203702447364]},"properties":{"course_id":"darkhorse_golf_club","course_name":"DarkHorse Golf Club","hole_number":3,"feature_type":"green_front","name":"hole_3_green_front","feature-color":"#5aae5a","is_approximate":true,"source":"derived","@id":"7d967265-b0b3-43d9-9f72-84919ae3a4a4"}},{"type":"Feature","bbox":[-121.05451072698452,39.02491194720522,-121.05451072698452,39.02491194720522],"geometry":{"type":"Point","coordinates":[-121.05451072698452,39.02491194720522]},"properties":{"course_id":"darkhorse_golf_club","course_name":"DarkHorse Golf Club","hole_number":3,"feature_type":"green_back","name":"hole_3_green_back","feature-color":"#5aae5a","is_approximate":true,"source":"derived","@id":"bd4b603d-34b9-4306-896a-44dbbaab7bce"}},{"type":"Feature","bbox":[-121.05806352507874,39.02410349081439,-121.05806352507874,39.02410349081439],"geometry":{"type":"Point","coordinates":[-121.05806352507874,39.02410349081439]},"properties":{"course_id":"darkhorse_golf_club","course_name":"DarkHorse Golf Club","hole_number":7,"feature_type":"tee_center","name":"hole_7_tee_center","feature-color":"#c8a055","is_approximate":true,"source":"derived","@id":"a13fb88a-e370-4852-884a-e3a074be6a48"}},{"type":"Feature","bbox":[-121.05470268322723,39.027316458978824,-121.05470268322723,39.027316458978824],"geometry":{"type":"Point","coordinates":[-121.05470268322723,39.027316458978824]},"properties":{"course_id":"darkhorse_golf_club","course_name":"DarkHorse Golf Club","hole_number":7,"feature_type":"green_center","name":"hole_7_green_center","feature-color":"#5aae5a","is_approximate":true,"source":"derived","@id":"5248635e-2e9a-416f-bb60-7562c34bedd9"}},{"type":"Feature","bbox":[-121.05466223087677,39.02715207582216,-121.05466223087677,39.02715207582216],"geometry":{"type":"Point","coordinates":[-121.05466223087677,39.02715207582216]},"properties":{"course_id":"darkhorse_golf_club","course_name":"DarkHorse Golf Club","hole_number":7,"feature_type":"green_front","name":"hole_7_green_front","feature-color":"#5aae5a","is_approximate":true,"source":"derived","@id":"a84f3233-7fb0-4711-bb1b-e9b28bc59793"}},{"type":"Feature","bbox":[-121.05470999735925,39.02748190527541,-121.05470999735925,39.02748190527541],"geometry":{"type":"Point","coordinates":[-121.05470999735925,39.02748190527541]},"properties":{"course_id":"darkhorse_golf_club","course_name":"DarkHorse Golf Club","hole_number":7,"feature_type":"green_back","name":"hole_7_green_back","feature-color":"#5aae5a","is_approximate":true,"source":"derived","@id":"012315a6-d0e8-4007-a277-9d4a3dd08ea2"}},{"type":"Feature","bbox":[-121.05507090472047,39.02527474429505,-121.05507090472047,39.02527474429505],"geometry":{"type":"Point","coordinates":[-121.05507090472047,39.02527474429505]},"properties":{"course_id":"darkhorse_golf_club","course_name":"DarkHorse Golf Club","hole_number":4,"feature_type":"tee_center","name":"hole_4_tee_center","feature-color":"#c8a055","is_approximate":true,"source":"derived","@id":"6665bb64-8b6a-467f-9483-e893526d4c5d"}},{"type":"Feature","bbox":[-121.05460435070044,39.020677962937924,-121.05460435070044,39.020677962937924],"geometry":{"type":"Point","coordinates":[-121.05460435070044,39.020677962937924]},"properties":{"course_id":"darkhorse_golf_club","course_name":"DarkHorse Golf Club","hole_number":4,"feature_type":"green_center","name":"hole_4_green_center","feature-color":"#5aae5a","is_approximate":true,"source":"derived","@id":"60fd56da-d77a-4c1f-a762-d3b632a83c70"}},{"type":"Feature","bbox":[-121.05461228091366,39.02079041098359,-121.05461228091366,39.02079041098359],"geometry":{"type":"Point","coordinates":[-121.05461228091366,39.02079041098359]},"properties":{"course_id":"darkhorse_golf_club","course_name":"DarkHorse Golf Club","hole_number":4,"feature_type":"green_front","name":"hole_4_green_front","feature-color":"#5aae5a","is_approximate":true,"source":"derived","@id":"f1e4d1dc-c3cb-4764-8cbd-4cf4f0fd0750"}},{"type":"Feature","bbox":[-121.05459690018733,39.02057231689581,-121.05459690018733,39.02057231689581],"geometry":{"type":"Point","coordinates":[-121.05459690018733,39.02057231689581]},"properties":{"course_id":"darkhorse_golf_club","course_name":"DarkHorse Golf Club","hole_number":4,"feature_type":"green_back","name":"hole_4_green_back","feature-color":"#5aae5a","is_approximate":true,"source":"derived","@id":"73d3caab-91cf-4b86-930f-8b546154fe68"}},{"type":"Feature","bbox":[-121.05531568424178,39.02035655768481,-121.05531568424178,39.02035655768481],"geometry":{"type":"Point","coordinates":[-121.05531568424178,39.02035655768481]},"properties":{"course_id":"darkhorse_golf_club","course_name":"DarkHorse Golf Club","hole_number":5,"feature_type":"tee_center","name":"hole_5_tee_center","feature-color":"#c8a055","is_approximate":true,"source":"derived","@id":"e4efba5a-48dd-4c28-8af4-97ae4637e7d3"}},{"type":"Feature","bbox":[-121.05595460970537,39.02414606480258,-121.05595460970537,39.02414606480258],"geometry":{"type":"Point","coordinates":[-121.05595460970537,39.02414606480258]},"properties":{"course_id":"darkhorse_golf_club","course_name":"DarkHorse Golf Club","hole_number":5,"feature_type":"green_center","name":"hole_5_green_center","feature-color":"#5aae5a","is_approximate":true,"source":"derived","@id":"77311b36-b83d-4718-a199-27d51a0b1993"}},{"type":"Feature","bbox":[-121.05593755992852,39.024008063755915,-121.05593755992852,39.024008063755915],"geometry":{"type":"Point","coordinates":[-121.05593755992852,39.024008063755915]},"properties":{"course_id":"darkhorse_golf_club","course_name":"DarkHorse Golf Club","hole_number":5,"feature_type":"green_front","name":"hole_5_green_front","feature-color":"#5aae5a","is_approximate":true,"source":"derived","@id":"dbcb7354-056d-43b3-b9c3-9f1c9d88cc7b"}},{"type":"Feature","bbox":[-121.05597174409093,39.02428475067287,-121.05597174409093,39.02428475067287],"geometry":{"type":"Point","coordinates":[-121.05597174409093,39.02428475067287]},"properties":{"course_id":"darkhorse_golf_club","course_name":"DarkHorse Golf Club","hole_number":5,"feature_type":"green_back","name":"hole_5_green_back","feature-color":"#5aae5a","is_approximate":true,"source":"derived","@id":"baf81d78-f15d-4ca7-96f2-34db9a4f56fb"}},{"type":"Feature","bbox":[-121.05635587846466,39.024482399555986,-121.05635587846466,39.024482399555986],"geometry":{"type":"Point","coordinates":[-121.05635587846466,39.024482399555986]},"properties":{"course_id":"darkhorse_golf_club","course_name":"DarkHorse Golf Club","hole_number":6,"feature_type":"tee_center","name":"hole_6_tee_center","feature-color":"#c8a055","is_approximate":true,"source":"derived","@id":"8eabdbbd-c5f8-4816-8b2e-5aba04d30433"}},{"type":"Feature","bbox":[-121.0575305731293,39.023652697903906,-121.0575305731293,39.023652697903906],"geometry":{"type":"Point","coordinates":[-121.0575305731293,39.023652697903906]},"properties":{"course_id":"darkhorse_golf_club","course_name":"DarkHorse Golf Club","hole_number":6,"feature_type":"green_center","name":"hole_6_green_center","feature-color":"#5aae5a","is_approximate":true,"source":"derived","@id":"ccd59ef5-02ba-4c04-98f5-0fb7cb77443c"}},{"type":"Feature","bbox":[-121.05747910694078,39.02377979625652,-121.05747910694078,39.02377979625652],"geometry":{"type":"Point","coordinates":[-121.05747910694078,39.02377979625652]},"properties":{"course_id":"darkhorse_golf_club","course_name":"DarkHorse Golf Club","hole_number":6,"feature_type":"green_front","name":"hole_6_green_front","feature-color":"#5aae5a","is_approximate":true,"source":"derived","@id":"3519612a-4471-4b1a-9f7c-4695bcff7ed3"}},{"type":"Feature","bbox":[-121.05758123934648,39.0235275751209,-121.05758123934648,39.0235275751209],"geometry":{"type":"Point","coordinates":[-121.05758123934648,39.0235275751209]},"properties":{"course_id":"darkhorse_golf_club","course_name":"DarkHorse Golf Club","hole_number":6,"feature_type":"green_back","name":"hole_6_green_back","feature-color":"#5aae5a","is_approximate":true,"source":"derived","@id":"cbb587b0-65f6-43b4-9033-a7d09a8af693"}},{"type":"Feature","bbox":[-121.04811240951481,39.03630420347039,-121.04811240951481,39.03630420347039],"geometry":{"type":"Point","coordinates":[-121.04811240951481,39.03630420347039]},"properties":{"course_id":"darkhorse_golf_club","course_name":"DarkHorse Golf Club","hole_number":13,"feature_type":"tee_center","name":"hole_13_tee_center","feature-color":"#c8a055","is_approximate":true,"source":"derived","@id":"3edbcc73-b4d8-441b-b9b1-3e7cc062b0b9"}},{"type":"Feature","bbox":[-121.0488508702352,39.03773013351158,-121.0488508702352,39.03773013351158],"geometry":{"type":"Point","coordinates":[-121.0488508702352,39.03773013351158]},"properties":{"course_id":"darkhorse_golf_club","course_name":"DarkHorse Golf Club","hole_number":13,"feature_type":"green_center","name":"hole_13_green_center","feature-color":"#5aae5a","is_approximate":true,"source":"derived","@id":"6746ee21-9fd6-4470-9f24-4da01a82de99"}},{"type":"Feature","bbox":[-121.04875952399215,39.037579749825404,-121.04875952399215,39.037579749825404],"geometry":{"type":"Point","coordinates":[-121.04875952399215,39.037579749825404]},"properties":{"course_id":"darkhorse_golf_club","course_name":"DarkHorse Golf Club","hole_number":13,"feature_type":"green_front","name":"hole_13_green_front","feature-color":"#5aae5a","is_approximate":true,"source":"derived","@id":"09486ccd-76bf-4a54-828f-a090c0651f2a"}},{"type":"Feature","bbox":[-121.04892619567268,39.0378541420813,-121.04892619567268,39.0378541420813],"geometry":{"type":"Point","coordinates":[-121.04892619567268,39.0378541420813]},"properties":{"course_id":"darkhorse_golf_club","course_name":"DarkHorse Golf Club","hole_number":13,"feature_type":"green_back","name":"hole_13_green_back","feature-color":"#5aae5a","is_approximate":true,"source":"derived","@id":"48827364-a889-4d36-bdad-a7b04397c560"}},{"type":"Feature","bbox":[-121.04940672422735,39.038332227060025,-121.04940672422735,39.038332227060025],"geometry":{"type":"Point","coordinates":[-121.04940672422735,39.038332227060025]},"properties":{"course_id":"darkhorse_golf_club","course_name":"DarkHorse Golf Club","hole_number":14,"feature_type":"tee_center","name":"hole_14_tee_center","feature-color":"#c8a055","is_approximate":true,"source":"derived","@id":"b9361ea3-fc09-4c21-9679-1bf80f4a0a09"}},{"type":"Feature","bbox":[-121.04630782999187,39.03766703471598,-121.04630782999187,39.03766703471598],"geometry":{"type":"Point","coordinates":[-121.04630782999187,39.03766703471598]},"properties":{"course_id":"darkhorse_golf_club","course_name":"DarkHorse Golf Club","hole_number":14,"feature_type":"green_center","name":"hole_14_green_center","feature-color":"#5aae5a","is_approximate":true,"source":"derived","@id":"ccb6418e-9249-43f0-a5b9-e9dff0ca9c3c"}},{"type":"Feature","bbox":[-121.04649761554829,39.037712793884644,-121.04649761554829,39.037712793884644],"geometry":{"type":"Point","coordinates":[-121.04649761554829,39.037712793884644]},"properties":{"course_id":"darkhorse_golf_club","course_name":"DarkHorse Golf Club","hole_number":14,"feature_type":"green_front","name":"hole_14_green_front","feature-color":"#5aae5a","is_approximate":true,"source":"derived","@id":"9cb336f1-b9e7-459d-a6b2-77b0adf3b076"}},{"type":"Feature","bbox":[-121.04612217778993,39.03762227213983,-121.04612217778993,39.03762227213983],"geometry":{"type":"Point","coordinates":[-121.04612217778993,39.03762227213983]},"properties":{"course_id":"darkhorse_golf_club","course_name":"DarkHorse Golf Club","hole_number":14,"feature_type":"green_back","name":"hole_14_green_back","feature-color":"#5aae5a","is_approximate":true,"source":"derived","@id":"5aab221e-a236-41f2-b5e2-181d2702874c"}},{"type":"Feature","bbox":[-121.04543967766725,39.037975770877814,-121.04543967766725,39.037975770877814],"geometry":{"type":"Point","coordinates":[-121.04543967766725,39.037975770877814]},"properties":{"course_id":"darkhorse_golf_club","course_name":"DarkHorse Golf Club","hole_number":15,"feature_type":"tee_center","name":"hole_15_tee_center","feature-color":"#c8a055","is_approximate":true,"source":"derived","@id":"92e6737d-35aa-4ecf-bc75-0761211b08fe"}},{"type":"Feature","bbox":[-121.04626551127781,39.03442636659821,-121.04626551127781,39.03442636659821],"geometry":{"type":"Point","coordinates":[-121.04626551127781,39.03442636659821]},"properties":{"course_id":"darkhorse_golf_club","course_name":"DarkHorse Golf Club","hole_number":15,"feature_type":"green_center","name":"hole_15_green_center","feature-color":"#5aae5a","is_approximate":true,"source":"derived","@id":"25c80504-2e27-4241-a5c6-a4e157f4cee8"}},{"type":"Feature","bbox":[-121.04621427025708,39.03460566349331,-121.04621427025708,39.03460566349331],"geometry":{"type":"Point","coordinates":[-121.04621427025708,39.03460566349331]},"properties":{"course_id":"darkhorse_golf_club","course_name":"DarkHorse Golf Club","hole_number":15,"feature_type":"green_front","name":"hole_15_green_front","feature-color":"#5aae5a","is_approximate":true,"source":"derived","@id":"980e2f88-c810-43fd-bfec-f2e5f5c8aa0d"}},{"type":"Feature","bbox":[-121.04631113112272,39.03426673869792,-121.04631113112272,39.03426673869792],"geometry":{"type":"Point","coordinates":[-121.04631113112272,39.03426673869792]},"properties":{"course_id":"darkhorse_golf_club","course_name":"DarkHorse Golf Club","hole_number":15,"feature_type":"green_back","name":"hole_15_green_back","feature-color":"#5aae5a","is_approximate":true,"source":"derived","@id":"4fcfb1bc-85ea-4fc5-a4f9-65e27a2d487e"}},{"type":"Feature","bbox":[-121.0457346239982,39.03363925164444,-121.0457346239982,39.03363925164444],"geometry":{"type":"Point","coordinates":[-121.0457346239982,39.03363925164444]},"properties":{"course_id":"darkhorse_golf_club","course_name":"DarkHorse Golf Club","hole_number":16,"feature_type":"tee_center","name":"hole_16_tee_center","feature-color":"#c8a055","is_approximate":true,"source":"derived","@id":"76a43aa6-c498-46ae-ba77-6e03b58cb96f"}},{"type":"Feature","bbox":[-121.04429572171217,39.03269048968647,-121.04429572171217,39.03269048968647],"geometry":{"type":"Point","coordinates":[-121.04429572171217,39.03269048968647]},"properties":{"course_id":"darkhorse_golf_club","course_name":"DarkHorse Golf Club","hole_number":16,"feature_type":"green_center","name":"hole_16_green_center","feature-color":"#5aae5a","is_approximate":true,"source":"derived","@id":"979ec170-6785-459f-9b72-84a11c6e657c"}},{"type":"Feature","bbox":[-121.04440710681477,39.032773075780824,-121.04440710681477,39.032773075780824],"geometry":{"type":"Point","coordinates":[-121.04440710681477,39.032773075780824]},"properties":{"course_id":"darkhorse_golf_club","course_name":"DarkHorse Golf Club","hole_number":16,"feature_type":"green_front","name":"hole_16_green_front","feature-color":"#5aae5a","is_approximate":true,"source":"derived","@id":"c3aac741-b10a-4b88-9cfb-890dff818c59"}},{"type":"Feature","bbox":[-121.04419028562856,39.032612314471436,-121.04419028562856,39.032612314471436],"geometry":{"type":"Point","coordinates":[-121.04419028562856,39.032612314471436]},"properties":{"course_id":"darkhorse_golf_club","course_name":"DarkHorse Golf Club","hole_number":16,"feature_type":"green_back","name":"hole_16_green_back","feature-color":"#5aae5a","is_approximate":true,"source":"derived","@id":"d1f60697-de12-42b1-b94b-1f73f73120ec"}},{"type":"Feature","bbox":[-121.04265433341106,39.033339012565285,-121.04265433341106,39.033339012565285],"geometry":{"type":"Point","coordinates":[-121.04265433341106,39.033339012565285]},"properties":{"course_id":"darkhorse_golf_club","course_name":"DarkHorse Golf Club","hole_number":17,"feature_type":"tee_center","name":"hole_17_tee_center","feature-color":"#c8a055","is_approximate":true,"source":"derived","@id":"38fb4769-88d9-44f9-9177-6776e8615699"}},{"type":"Feature","bbox":[-121.04166921100095,39.02985476372191,-121.04166921100095,39.02985476372191],"geometry":{"type":"Point","coordinates":[-121.04166921100095,39.02985476372191]},"properties":{"course_id":"darkhorse_golf_club","course_name":"DarkHorse Golf Club","hole_number":17,"feature_type":"green_center","name":"hole_17_green_center","feature-color":"#5aae5a","is_approximate":true,"source":"derived","@id":"b283276e-f645-47ff-a535-235257812f47"}},{"type":"Feature","bbox":[-121.04172345407422,39.03000461799601,-121.04172345407422,39.03000461799601],"geometry":{"type":"Point","coordinates":[-121.04172345407422,39.03000461799601]},"properties":{"course_id":"darkhorse_golf_club","course_name":"DarkHorse Golf Club","hole_number":17,"feature_type":"green_front","name":"hole_17_green_front","feature-color":"#5aae5a","is_approximate":true,"source":"derived","@id":"8faf4097-c70b-4d49-b4a9-4fc5b343b1b6"}},{"type":"Feature","bbox":[-121.04162104792474,39.02972170631215,-121.04162104792474,39.02972170631215],"geometry":{"type":"Point","coordinates":[-121.04162104792474,39.02972170631215]},"properties":{"course_id":"darkhorse_golf_club","course_name":"DarkHorse Golf Club","hole_number":17,"feature_type":"green_back","name":"hole_17_green_back","feature-color":"#5aae5a","is_approximate":true,"source":"derived","@id":"e4a24918-92d7-4067-b3b0-7ea6aa09b28f"}},{"type":"Feature","bbox":[-121.04203136553414,39.02913313800246,-121.04203136553414,39.02913313800246],"geometry":{"type":"Point","coordinates":[-121.04203136553414,39.02913313800246]},"properties":{"course_id":"darkhorse_golf_club","course_name":"DarkHorse Golf Club","hole_number":18,"feature_type":"tee_center","name":"hole_18_tee_center","feature-color":"#c8a055","is_approximate":true,"source":"derived","@id":"12cc1e24-1133-47da-be91-d0c6d9bf05ae"}},{"type":"Feature","bbox":[-121.04645616798227,39.02744039532191,-121.04645616798227,39.02744039532191],"geometry":{"type":"Point","coordinates":[-121.04645616798227,39.02744039532191]},"properties":{"course_id":"darkhorse_golf_club","course_name":"DarkHorse Golf Club","hole_number":18,"feature_type":"green_center","name":"hole_18_green_center","feature-color":"#5aae5a","is_approximate":true,"source":"derived","@id":"b3fcb1fa-b8d1-4d8c-b8f4-38b1fd3486b1"}},{"type":"Feature","bbox":[-121.04632849498489,39.027538097613295,-121.04632849498489,39.027538097613295],"geometry":{"type":"Point","coordinates":[-121.04632849498489,39.027538097613295]},"properties":{"course_id":"darkhorse_golf_club","course_name":"DarkHorse Golf Club","hole_number":18,"feature_type":"green_front","name":"hole_18_green_front","feature-color":"#5aae5a","is_approximate":true,"source":"derived","@id":"2e51cded-9b88-45d9-b138-9406dbb20be6"}},{"type":"Feature","bbox":[-121.04657250447761,39.02735136833579,-121.04657250447761,39.02735136833579],"geometry":{"type":"Point","coordinates":[-121.04657250447761,39.02735136833579]},"properties":{"course_id":"darkhorse_golf_club","course_name":"DarkHorse Golf Club","hole_number":18,"feature_type":"green_back","name":"hole_18_green_back","feature-color":"#5aae5a","is_approximate":true,"source":"derived","@id":"f8076a10-14b0-4ed5-9be6-01ffdc5c3548"}},{"type":"Feature","bbox":[-121.04862511573621,39.025158561786164,-121.04862511573621,39.025158561786164],"geometry":{"type":"Point","coordinates":[-121.04862511573621,39.025158561786164]},"properties":{"course_id":"darkhorse_golf_club","course_name":"DarkHorse Golf Club","hole_number":1,"feature_type":"tee_center","name":"hole_1_tee_center","feature-color":"#c8a055","is_approximate":true,"source":"derived","@id":"b82f2500-2e79-4d7d-9c82-bb472a3a7699"}},{"type":"Feature","bbox":[-121.05032629992677,39.02837133553327,-121.05032629992677,39.02837133553327],"geometry":{"type":"Point","coordinates":[-121.05032629992677,39.02837133553327]},"properties":{"course_id":"darkhorse_golf_club","course_name":"DarkHorse Golf Club","hole_number":1,"feature_type":"green_center","name":"hole_1_green_center","feature-color":"#5aae5a","is_approximate":true,"source":"derived","@id":"33811724-7603-452d-ae2f-ed7e79f49392"}},{"type":"Feature","bbox":[-121.05027982634218,39.02820234429323,-121.05027982634218,39.02820234429323],"geometry":{"type":"Point","coordinates":[-121.05027982634218,39.02820234429323]},"properties":{"course_id":"darkhorse_golf_club","course_name":"DarkHorse Golf Club","hole_number":1,"feature_type":"green_front","name":"hole_1_green_front","feature-color":"#5aae5a","is_approximate":true,"source":"derived","@id":"db29fbb8-4ad0-410a-9faa-a966421f0bd5"}},{"type":"Feature","bbox":[-121.05036464145655,39.02851075629715,-121.05036464145655,39.02851075629715],"geometry":{"type":"Point","coordinates":[-121.05036464145655,39.02851075629715]},"properties":{"course_id":"darkhorse_golf_club","course_name":"DarkHorse Golf Club","hole_number":1,"feature_type":"green_back","name":"hole_1_green_back","feature-color":"#5aae5a","is_approximate":true,"source":"derived","@id":"ff8209ab-d90a-426d-a58f-a97342eb6486"}},{"type":"Feature","bbox":[-121.05106037092337,39.027715728352604,-121.05095047623858,39.027884387430134],"geometry":{"coordinates":[[[-121.0509826405368,39.027884387430134],[-121.05095583695514,39.027846907669726],[-121.05095583695514,39.02777194808985],[-121.05095047623858,39.02772405720518],[-121.05098800125299,39.027715728352604],[-121.05102284590933,39.02773238605732],[-121.05102820662552,39.027765701454456],[-121.05106037092337,39.02779901683641],[-121.05102016555085,39.027813592310906],[-121.05100944411849,39.027830249992576],[-121.0510308869836,39.0278614831349],[-121.0509826405368,39.027884387430134]]],"type":"Polygon"},"properties":{"course_id":"","course_name":"","hole_number":2,"feature_type":"bunker","name":"hole_2_bunker","feature-color":"#c8b560","is_approximate":false,"source":"user_draw","@id":"e9fa0900-13ae-444d-8440-a54129b43637"}},{"type":"Feature","bbox":[-121.05164736895497,39.0267974766231,-121.05094511552241,39.02840285540796],"geometry":{"coordinates":[[[-121.05106573163992,39.02840285540796],[-121.0509665583879,39.02830707446168],[-121.05094511552241,39.02817797819796],[-121.05103892805826,39.027944771446386],[-121.05110057629587,39.02780942789002],[-121.0510737727142,39.027663673000376],[-121.05104160841634,39.02755123330897],[-121.05116222412755,39.02722017015432],[-121.05112201875502,39.027109811988254],[-121.05116222412755,39.02700570035361],[-121.05123191343944,39.02685161485229],[-121.05128552060279,39.0267974766231],[-121.05143025994352,39.0267995588637],[-121.05164468859688,39.026839121418334],[-121.05157499928461,39.027076496282035],[-121.0515803600008,39.02723891020287],[-121.05164736895497,39.02740548819608],[-121.05159108143354,39.02755332583584],[-121.05146242424175,39.02765119001896],[-121.0513686117059,39.02780319156642],[-121.0513561818266,39.028050413954475],[-121.05128649251434,39.02822323663014],[-121.05123556570908,39.0283773191415],[-121.05106573163992,39.02840285540796]]],"type":"Polygon"},"properties":{"course_id":"","course_name":"","hole_number":2,"feature_type":"fairway","name":"hole_2_fairway","feature-color":"#4a7c3f","is_approximate":false,"source":"user_draw","@id":"183999f8-1d54-4b27-8598-282b15537251"}},{"type":"Feature","bbox":[-121.05065011150458,39.02937978026628,-121.05065011150458,39.02937978026628],"geometry":{"coordinates":[-121.05065011150458,39.02937978026628],"type":"Point"},"properties":{"course_id":"","course_name":"","hole_number":2,"feature_type":"tee_center","name":"hole_2_tee_center","feature-color":"#c8a055","is_approximate":false,"source":"user_draw","@id":"5b8c6d7f-db28-4976-b950-c8fdf5f7177e"}},{"type":"Feature","bbox":[-121.05155368308601,39.02648218014659,-121.05155368308601,39.02648218014659],"geometry":{"coordinates":[-121.05155368308601,39.02648218014659],"type":"Point"},"properties":{"course_id":"","course_name":"","hole_number":2,"feature_type":"green_back","name":"hole_2_green_back","feature-color":"#5aae5a","is_approximate":false,"source":"user_draw","@id":"c6a68a63-a1ea-4ae5-a8cc-983348f3e103"}},{"type":"Feature","bbox":[-121.0515261351719,39.0266191447175,-121.0515261351719,39.0266191447175],"geometry":{"coordinates":[-121.0515261351719,39.0266191447175],"type":"Point"},"properties":{"course_id":"","course_name":"","hole_number":2,"feature_type":"green_center","name":"hole_2_green_center","feature-color":"#5aae5a","is_approximate":false,"source":"user_draw","@id":"89e4ceb9-2cdf-4421-a3ae-d63542f42431"}},{"type":"Feature","bbox":[-121.05150960642352,39.026760389153196,-121.05150960642352,39.026760389153196],"geometry":{"coordinates":[-121.05150960642352,39.026760389153196],"type":"Point"},"properties":{"course_id":"","course_name":"","hole_number":2,"feature_type":"green_front","name":"hole_2_green_front","feature-color":"#5aae5a","is_approximate":false,"source":"user_draw","@id":"df2a2b55-e9cc-464d-95d3-a42c437612ed"}},{"type":"Feature","bbox":[-121.05418522488456,39.025417683008556,-121.05408089771618,39.02555899785841],"geometry":{"coordinates":[[[-121.05411567343887,39.02555137794678],[-121.05410229816087,39.02552159101364],[-121.05408624782746,39.02550981478058],[-121.05408089771618,39.02549180406797],[-121.05408624782746,39.025483491429526],[-121.05411389006852,39.02548418414986],[-121.05412102355018,39.02547171519012],[-121.05409248962383,39.025441928223415],[-121.05409783973488,39.02542183933218],[-121.05411834849453,39.025417683008556],[-121.0541468824209,39.025430151977105],[-121.05417274129161,39.025421146611166],[-121.05417809140292,39.025446084545564],[-121.05416560780995,39.02546548071021],[-121.05415401590255,39.02547794967029],[-121.05417274129161,39.025489033188364],[-121.05417898308795,39.02552713276947],[-121.05418522488456,39.025540294438485],[-121.0541433156802,39.02555899785841],[-121.05411567343887,39.02555137794678]]],"type":"Polygon"},"properties":{"course_id":"","course_name":"","hole_number":3,"feature_type":"bunker","name":"hole_3_bunker_2","feature-color":"#c8b560","is_approximate":false,"source":"user_draw","@id":"eb559772-7b4a-400e-897f-a76e8758de92"}},{"type":"Feature","bbox":[-121.05542735668573,39.02536998387015,-121.05523851213312,39.02551135606754],"geometry":{"coordinates":[[[-121.05539473808129,39.02536998387015],[-121.05542735668573,39.025401992694356],[-121.05541877284242,39.025447338503795],[-121.05537928716353,39.02547534619535],[-121.0553672697825,39.02550202017687],[-121.05533808471527,39.02551135606754],[-121.05530031580476,39.02549268428422],[-121.05533465117804,39.025471345096804],[-121.05533980148414,39.02545534070265],[-121.05530718287969,39.02543933630406],[-121.05527628104365,39.02545267330285],[-121.05523851213312,39.02544200370431],[-121.05525911335698,39.025404660095234],[-121.05530031580476,39.02540732749682],[-121.0553174834914,39.02540732749682],[-121.05534495179023,39.02538198718082],[-121.05536898655134,39.025401992694356],[-121.05539473808129,39.02536998387015]]],"type":"Polygon"},"properties":{"course_id":"","course_name":"","hole_number":7,"feature_type":"bunker","name":"hole_7_bunker_5","feature-color":"#c8b560","is_approximate":false,"source":"user_draw","@id":"07317038-2b1c-4fc2-beb5-7772cf357c92"}},{"type":"Feature","bbox":[-121.05684621994642,39.024888742360076,-121.05435566087995,39.026771297696996],"geometry":{"coordinates":[[[-121.05684621994642,39.025008326947784],[-121.05681651398238,39.02491391807959],[-121.05670444148178,39.024888742360076],[-121.05632096449125,39.02490972212709],[-121.05591014684094,39.02503551948638],[-121.05561027994239,39.025193930659924],[-121.0554016156076,39.025510652544796],[-121.05520370345435,39.025538607295516],[-121.05490083788689,39.02572031290677],[-121.05454999361567,39.026153609016575],[-121.05438264890094,39.026454482065134],[-121.05435566087995,39.026657151052206],[-121.05446961030171,39.026771297696996],[-121.05467052112346,39.02672237772924],[-121.0549074159733,39.02651970892913],[-121.0550273627329,39.02626346018906],[-121.05536021499024,39.02586277847985],[-121.0556307727503,39.025577112130776],[-121.05611355845674,39.02544665660366],[-121.05658135081862,39.02536978091209],[-121.05675227495044,39.02518807440043],[-121.05684621994642,39.025008326947784]]],"type":"Polygon"},"properties":{"course_id":"","course_name":"","hole_number":7,"feature_type":"fairway","name":"hole_7_fairway","feature-color":"#4a7c3f","is_approximate":false,"source":"user_draw","@id":"262b5229-1fe6-4dba-9975-3dc40484406f"}},{"type":"Feature","bbox":[-121.05392945569406,39.02732202022477,-121.05392945569406,39.02732202022477],"geometry":{"coordinates":[-121.05392945569406,39.02732202022477],"type":"Point"},"properties":{"course_id":"","course_name":"","hole_number":8,"feature_type":"tee_center","name":"hole_8_tee_center","feature-color":"#c8a055","is_approximate":false,"source":"user_draw","@id":"d268c562-581e-4574-a5b6-8c8597b4be2d"}},{"type":"Feature","bbox":[-121.05044787469524,39.0300065786102,-121.05044787469524,39.0300065786102],"geometry":{"coordinates":[-121.05044787469524,39.0300065786102],"type":"Point"},"properties":{"course_id":"","course_name":"","hole_number":8,"feature_type":"green_back","name":"hole_8_green_back","feature-color":"#5aae5a","is_approximate":false,"source":"user_draw","@id":"41b63e3a-b31c-43aa-9331-00136c00d44f"}},{"type":"Feature","bbox":[-121.0506193642158,39.029952225447346,-121.0506193642158,39.029952225447346],"geometry":{"coordinates":[-121.0506193642158,39.029952225447346],"type":"Point"},"properties":{"course_id":"","course_name":"","hole_number":8,"feature_type":"green_center","name":"hole_8_green_center","feature-color":"#5aae5a","is_approximate":false,"source":"user_draw","@id":"c5b65d81-4c47-4912-96d6-9cb8f600cb5c"}},{"type":"Feature","bbox":[-121.05080836006951,39.02989591718375,-121.05080836006951,39.02989591718375],"geometry":{"coordinates":[-121.05080836006951,39.02989591718375],"type":"Point"},"properties":{"course_id":"","course_name":"","hole_number":8,"feature_type":"green_front","name":"hole_8_green_front","feature-color":"#5aae5a","is_approximate":false,"source":"user_draw","@id":"b60ad023-7e16-4217-92f1-37a8f0ab6687"}},{"type":"Feature","bbox":[-121.05288413082701,39.02817977475752,-121.05071682920737,39.0300298483146],"geometry":{"coordinates":[[[-121.05284258673922,39.028290057660115],[-121.05288413082701,39.0283841869103],[-121.0527733465926,39.02854824044627],[-121.05248253797717,39.02874994509213],[-121.0522228874278,39.02899467928907],[-121.05198054691509,39.0292178976527],[-121.05166541921454,39.02951080326039],[-121.05135037654799,39.029704437094324],[-121.05119112421085,39.02978780705425],[-121.05103879588866,39.029793185757796],[-121.0509660937348,39.02986579821746],[-121.05086915752958,39.030016401599596],[-121.05081376541236,39.0300298483146],[-121.05086569552235,39.02991151713522],[-121.05080337939043,39.02983890472251],[-121.05071682920737,39.02981738991906],[-121.05090031559564,39.029758224176305],[-121.05114265610834,39.029478530903276],[-121.05137807260658,39.0292660708505],[-121.0516204131193,39.02910201898064],[-121.05165367298278,39.02892473826921],[-121.05174714718052,39.02883329912751],[-121.05191332353215,39.028849435454845],[-121.0520691138618,39.02872303412215],[-121.05210027192763,39.02863697351103],[-121.0520552658324,39.02852939760041],[-121.05223875222066,39.028351896988255],[-121.05241877660168,39.028255078285355],[-121.05261264901189,39.02817977475752],[-121.05284258673922,39.028290057660115]]],"type":"Polygon"},"properties":{"course_id":"","course_name":"","hole_number":8,"feature_type":"fairway","name":"hole_8_fairway","feature-color":"#4a7c3f","is_approximate":false,"source":"user_draw","@id":"6709607d-cf4c-439c-84fc-2a5cf1ceef14"}},{"type":"Feature","bbox":[-121.04988415579365,39.02660827024107,-121.04860938574981,39.02866881645522],"geometry":{"coordinates":[[[-121.04984391971797,39.02866881645522],[-121.04964942679692,39.0286489364359],[-121.04957009415796,39.02860718837687],[-121.0495214709275,39.028533632213396],[-121.04948820240168,39.0283407954218],[-121.0494293427016,39.02812012587009],[-121.04923740889785,39.02797897651638],[-121.04905059332876,39.02784577898029],[-121.04887610827203,39.02768946687573],[-121.04884539886353,39.02748072350167],[-121.04880445298538,39.02739722598011],[-121.04885819445047,39.02730776423968],[-121.04884795798085,39.02725011105832],[-121.04875838887226,39.02723221868172],[-121.04870208828986,39.02710895996674],[-121.04875525544077,39.02698997665436],[-121.04873734161922,39.02684882504391],[-121.04866824544987,39.026721589547776],[-121.04860938574981,39.026626162775045],[-121.04879620131891,39.02660827024107],[-121.04894463012721,39.02665399559737],[-121.04905979040967,39.02668381646589],[-121.04906234952699,39.02687069362142],[-121.04912632746169,39.02716293669445],[-121.0493259386198,39.027413592428815],[-121.04931314303286,39.027672036760265],[-121.04944109890191,39.02783306698129],[-121.04958217994245,39.02803190995243],[-121.04969734022453,39.02813131086032],[-121.04964615787678,39.0283102321433],[-121.04966663081602,39.02848517695941],[-121.04988415579365,39.028548793148815],[-121.04984391971797,39.02866881645522]]],"type":"Polygon"},"properties":{"course_id":"","course_name":"","hole_number":9,"feature_type":"fairway","name":"hole_9_fairway","feature-color":"#4a7c3f","is_approximate":false,"source":"user_draw","@id":"8713d9c9-8f5d-4ef7-885e-075baf68aaa0"}},{"type":"Feature","bbox":[-121.05042958957668,39.02948622173125,-121.05042958957668,39.02948622173125],"geometry":{"coordinates":[-121.05042958957668,39.02948622173125],"type":"Point"},"properties":{"course_id":"","course_name":"","hole_number":9,"feature_type":"tee_center","name":"hole_9_tee_center","feature-color":"#c8a055","is_approximate":false,"source":"user_draw","@id":"f7d4bd6b-54dc-4e64-b1bf-9428e509597f"}},{"type":"Feature","bbox":[-121.04889759900814,39.026263118652935,-121.04889759900814,39.026263118652935],"geometry":{"coordinates":[-121.04889759900814,39.026263118652935],"type":"Point"},"properties":{"course_id":"","course_name":"","hole_number":9,"feature_type":"green_back","name":"hole_9_green_back","feature-color":"#5aae5a","is_approximate":false,"source":"user_draw","@id":"4ab6ed82-8f25-45f9-a406-6ef57fc31628"}},{"type":"Feature","bbox":[-121.04886132851092,39.02641488404578,-121.04886132851092,39.02641488404578],"geometry":{"coordinates":[-121.04886132851092,39.02641488404578],"type":"Point"},"properties":{"course_id":"","course_name":"","hole_number":9,"feature_type":"green_center","name":"hole_9_green_center","feature-color":"#5aae5a","is_approximate":false,"source":"user_draw","@id":"342b795d-309e-4fe8-b62b-849918a7aa18"}},{"type":"Feature","bbox":[-121.04879973081047,39.02658236769406,-121.04879973081047,39.02658236769406],"geometry":{"coordinates":[-121.04879973081047,39.02658236769406],"type":"Point"},"properties":{"course_id":"","course_name":"","hole_number":9,"feature_type":"green_front","name":"hole_9_green_front","feature-color":"#5aae5a","is_approximate":false,"source":"user_draw","@id":"e66fd3d0-879d-4d57-a9d1-51bf089ecd13"}},{"type":"Feature","bbox":[-121.04965162155571,39.02800259379197,-121.04841787960383,39.02966903577939],"geometry":{"coordinates":[[[-121.04841787960383,39.02800259379197],[-121.04841787960383,39.02813831211759],[-121.04850344998073,39.02836266224773],[-121.04863537097847,39.02864240647429],[-121.04872807221992,39.028744886755504],[-121.0489241710004,39.02883905769349],[-121.04913096607794,39.02892491932238],[-121.04910957348378,39.02908833310113],[-121.04920940559002,39.02923789792342],[-121.04936628461445,39.02933760762886],[-121.04943759326198,39.029434547485806],[-121.04943413018083,39.02959425386396],[-121.04958744377299,39.02966903577939],[-121.04965162155571,39.02964964788231],[-121.04957318204339,39.02958594475717],[-121.04953396228734,39.02943915037912],[-121.04957318204339,39.029383756195045],[-121.04954822401693,39.029212033949335],[-121.04941273758668,39.02904585073276],[-121.04925229312997,39.02886858820477],[-121.04904193262016,39.02876610810293],[-121.0489278387843,39.02869963444414],[-121.04888505359573,39.028552838225295],[-121.048787686086,39.02839725773387],[-121.04875916262702,39.028292007195375],[-121.0487769897889,39.02816736819801],[-121.04863080706156,39.02800395229005],[-121.04841787960383,39.02800259379197]]],"type":"Polygon"},"properties":{"course_id":"","course_name":"","hole_number":10,"feature_type":"fairway","name":"hole_10_fairway","feature-color":"#4a7c3f","is_approximate":false,"source":"user_draw","@id":"0054eb62-40e6-473b-88b8-38e4d14e6844"}},{"type":"Feature","bbox":[-121.04757818094109,39.02680696974744,-121.04757818094109,39.02680696974744],"geometry":{"coordinates":[-121.04757818094109,39.02680696974744],"type":"Point"},"properties":{"course_id":"","course_name":"","hole_number":10,"feature_type":"tee_center","name":"hole_10_tee_center","feature-color":"#c8a055","is_approximate":false,"source":"user_draw","@id":"a738dd11-06e7-4d32-b7a2-8ed0144c394a"}},{"type":"Feature","bbox":[-121.04980961992628,39.02962185885687,-121.04980961992628,39.02962185885687],"geometry":{"coordinates":[-121.04980961992628,39.02962185885687],"type":"Point"},"properties":{"course_id":"","course_name":"","hole_number":10,"feature_type":"green_back","name":"hole_10_green_back","feature-color":"#5aae5a","is_approximate":false,"source":"user_draw","@id":"42ff6bff-3385-49c2-9b94-443e067277b1"}},{"type":"Feature","bbox":[-121.04971691868484,39.0295249192568,-121.04971691868484,39.0295249192568],"geometry":{"coordinates":[-121.04971691868484,39.0295249192568],"type":"Point"},"properties":{"course_id":"","course_name":"","hole_number":10,"feature_type":"green_center","name":"hole_10_green_center","feature-color":"#5aae5a","is_approximate":false,"source":"user_draw","@id":"e3e777ea-981a-4912-9d33-5980a8ae87ca"}},{"type":"Feature","bbox":[-121.04960282484896,39.029425209814804,-121.04960282484896,39.029425209814804],"geometry":{"coordinates":[-121.04960282484896,39.029425209814804],"type":"Point"},"properties":{"course_id":"","course_name":"","hole_number":10,"feature_type":"green_front","name":"hole_10_green_front","feature-color":"#5aae5a","is_approximate":false,"source":"user_draw","@id":"ac2e744b-e187-44ab-b2e9-8fadad57b505"}},{"type":"Feature","bbox":[-121.04989318617349,39.029393662730314,-121.0495537631866,39.0296424600964],"geometry":{"coordinates":[[[-121.04977656391662,39.02963705146746],[-121.04967560733593,39.0296424600964],[-121.04961120399994,39.029600543209995],[-121.04957291012431,39.029561330616644],[-121.0495537631866,39.029504539925114],[-121.04958335390873,39.02943422757801],[-121.04965646039821,39.02939907137784],[-121.04973827004099,39.029393662730314],[-121.04979397022342,39.02941259299527],[-121.04983400472973,39.02947884888334],[-121.04989318617349,39.02952211800155],[-121.04985489229809,39.02960865615782],[-121.04977656391662,39.02963705146746]]],"type":"Polygon"},"properties":{"course_id":"","course_name":"","hole_number":10,"feature_type":"green","name":"hole_10_green","feature-color":"#2d6e2d","is_approximate":false,"source":"user_draw","@id":"ce1533c7-4359-44fb-8569-ad7a2e0b15dc"}},{"type":"Feature","bbox":[-121.05008278361453,39.0300116548847,-121.05008278361453,39.0300116548847],"geometry":{"coordinates":[-121.05008278361453,39.0300116548847],"type":"Point"},"properties":{"course_id":"","course_name":"","hole_number":11,"feature_type":"tee_center","name":"hole_11_tee_center","feature-color":"#c8a055","is_approximate":false,"source":"user_draw","@id":"1034d235-6541-408b-bfe8-2cc483b38969"}},{"type":"Feature","bbox":[-121.04814864236444,39.03192331118987,-121.04697712211623,39.03336571247246],"geometry":{"coordinates":[[[-121.04794151359975,39.03192331118987],[-121.04780619444688,39.03197417339871],[-121.04780619444688,39.03217084026139],[-121.04775381283906,39.03232681703935],[-121.04777563850895,39.032472621107274],[-121.04772762203532,39.03258451704832],[-121.04753610615452,39.03264556017919],[-121.04740794883871,39.03269851280368],[-121.04730160553356,39.032831953241555],[-121.04717344821736,39.033073416250204],[-121.04703983739847,39.03319626553409],[-121.04697712211623,39.03331911460444],[-121.04700711638169,39.03336571247246],[-121.04709164567538,39.033353003965885],[-121.04715163420629,39.03336571247246],[-121.04721707623987,39.033297933745956],[-121.04735341381047,39.03324286348251],[-121.04754973991157,39.03310306954509],[-121.04782786855542,39.03275358349131],[-121.0480341188053,39.032377434216755],[-121.04814864236444,39.03215079567576],[-121.04811319459634,39.03194533767942],[-121.04794151359975,39.03192331118987]]],"type":"Polygon"},"properties":{"course_id":"","course_name":"","hole_number":11,"feature_type":"fairway","name":"hole_11_fairway","feature-color":"#4a7c3f","is_approximate":false,"source":"user_draw","@id":"6afa22b5-2b85-48ba-8370-6889a9d8105d"}},{"type":"Feature","bbox":[-121.04798824647177,39.034102372076376,-121.04798824647177,39.034102372076376],"geometry":{"coordinates":[-121.04798824647177,39.034102372076376],"type":"Point"},"properties":{"course_id":"","course_name":"","hole_number":12,"feature_type":"tee_center","name":"hole_12_tee_center","feature-color":"#c8a055","is_approximate":false,"source":"user_draw","@id":"68b1b834-a420-49f5-9a0c-b9b4086fca94"}},{"type":"Feature","bbox":[-121.04753359091649,39.03715987777443,-121.04753359091649,39.03715987777443],"geometry":{"coordinates":[-121.04753359091649,39.03715987777443],"type":"Point"},"properties":{"course_id":"","course_name":"","hole_number":12,"feature_type":"green_back","name":"hole_12_green_back","feature-color":"#5aae5a","is_approximate":false,"source":"user_draw","@id":"5d7ac1f4-627c-4eaf-b895-3ca8b9768235"}},{"type":"Feature","bbox":[-121.04755195084044,39.03706896483524,-121.04755195084044,39.03706896483524],"geometry":{"coordinates":[-121.04755195084044,39.03706896483524],"type":"Point"},"properties":{"course_id":"","course_name":"","hole_number":12,"feature_type":"green_center","name":"hole_12_green_center","feature-color":"#5aae5a","is_approximate":false,"source":"user_draw","@id":"55cc2c72-dfe4-4b6e-aba6-6d963a723dfa"}},{"type":"Feature","bbox":[-121.04756801577368,39.036978051779556,-121.04756801577368,39.036978051779556],"geometry":{"coordinates":[-121.04756801577368,39.036978051779556],"type":"Point"},"properties":{"course_id":"","course_name":"","hole_number":12,"feature_type":"green_front","name":"hole_12_green_front","feature-color":"#5aae5a","is_approximate":false,"source":"user_draw","@id":"060d9a2f-65b6-4e2d-bae2-603106f05aab"}},{"type":"Feature","bbox":[-121.04823210335101,39.0346484821703,-121.0474152150332,39.03686784241128],"geometry":{"coordinates":[[[-121.04762525092707,39.03686784241128],[-121.0477127389546,39.03679563962825],[-121.04776468497111,39.03663424490651],[-121.0477865569782,39.03646223170517],[-121.0477291429601,39.036300836221955],[-121.047748280966,39.03606723684342],[-121.04780166960893,39.035878284384836],[-121.04788642363566,39.03579333873748],[-121.04797117766239,39.035653178196384],[-121.04805593168913,39.03547479165093],[-121.04814068571588,39.03526030247028],[-121.04819382733884,39.03511781319895],[-121.04823210335101,39.03490969394164],[-121.04819382733884,39.03473342919392],[-121.04811180731326,39.0346484821703],[-121.04796963926842,39.03465697687764],[-121.04777279120628,39.03480138673913],[-121.04769077118073,39.03495004364177],[-121.04752126312725,39.03531743721578],[-121.04746658310994,39.03555953367183],[-121.04744528904261,39.03584410622025],[-121.0474152150332,39.036071335434286],[-121.04748356505482,39.03616265164203],[-121.04757378708314,39.03629219303599],[-121.04757105308235,39.03644509404822],[-121.04745107345374,39.03657601986362],[-121.04747294546084,39.03672042580402],[-121.04762525092707,39.03686784241128]]],"type":"Polygon"},"properties":{"course_id":"","course_name":"","hole_number":12,"feature_type":"fairway","name":"hole_12_fairway","feature-color":"#4a7c3f","is_approximate":false,"source":"user_draw","@id":"ff75ac57-4066-4c69-9582-a78ea65ab013"}},{"type":"Feature","bbox":[-121.04808950286309,39.03764559636093,-121.04654455047078,39.03820810088732],"geometry":{"coordinates":[[[-121.04808145623626,39.03820810088732],[-121.04776227336328,39.03814143391807],[-121.04743236165453,39.03812268382188],[-121.04711586099087,39.03816018400994],[-121.04694956403183,39.03817685075387],[-121.04673498731069,39.03803934999959],[-121.04662501674098,39.037924765834106],[-121.04654455047078,39.037816431542666],[-121.0465579615155,39.0377476808483],[-121.04678863149107,39.037672680014964],[-121.04701393704838,39.03764559636093],[-121.04726606469549,39.037701847015114],[-121.04762279849442,39.03786643200533],[-121.04781859975262,39.038006016443546],[-121.04808950286309,39.03812476716641],[-121.04808145623626,39.03820810088732]]],"type":"Polygon"},"properties":{"course_id":"","course_name":"","hole_number":14,"feature_type":"fairway","name":"hole_14_fairway","feature-color":"#4a7c3f","is_approximate":false,"source":"user_draw","@id":"f6ead905-457e-4b08-8148-7a96735834d6"}},{"type":"Feature","bbox":[-121.04615262521403,39.03468347848127,-121.04528117036949,39.036148130111485],"geometry":{"coordinates":[[[-121.04604746556734,39.03468347848127],[-121.0458151821397,39.03488031050409],[-121.04561668539216,39.03506730041818],[-121.04543930531992,39.03529365596782],[-121.04536750862417,39.03558234025425],[-121.04530679460754,39.035818717652035],[-121.04528117036949,39.035949662847685],[-121.04531310910562,39.03600548182092],[-121.04541424843434,39.03607370495257],[-121.04551272620185,39.036143995382616],[-121.04565112738865,39.036148130111485],[-121.04570702017561,39.03594139336502],[-121.04561918865335,39.03583802476467],[-121.04557660367283,39.03571398224469],[-121.0456697583175,39.03556099617035],[-121.04578154389144,39.035515513760146],[-121.04588800634295,39.035263292590315],[-121.04598382254923,39.03505241846182],[-121.04611004023351,39.03482075961162],[-121.04615262521403,39.034733928620625],[-121.04604746556734,39.03468347848127]]],"type":"Polygon"},"properties":{"course_id":"","course_name":"","hole_number":15,"feature_type":"fairway","name":"hole_15_fairway","feature-color":"#4a7c3f","is_approximate":false,"source":"user_draw","@id":"e689247a-2d3a-4adc-a6ab-831c4722eaad"}},{"type":"Feature","bbox":[-121.04289611560996,39.02993305777596,-121.0415959331217,39.03186219245654],"geometry":{"coordinates":[[[-121.04259342762309,39.03186219245654],[-121.04244896290238,39.03166447193328],[-121.04240080799525,39.03147209467693],[-121.04257278980589,39.03132781139118],[-121.0425177556265,39.03120490317414],[-121.04229073963647,39.03106596319438],[-121.0422081883674,39.03090564749269],[-121.04202932728428,39.03068120489968],[-121.04179543202204,39.03044607380002],[-121.0415959331217,39.03019491017005],[-121.04161657093891,39.03003459249254],[-121.04177479420481,39.030243005401786],[-121.041926138198,39.030243005401786],[-121.04200181019462,39.03010940745409],[-121.04196053456019,39.02998649711827],[-121.04186422474613,39.02993305777596],[-121.04212563709834,39.030007872844266],[-121.0421875505502,39.03019491017005],[-121.04214627491554,39.030317820142756],[-121.04238017017802,39.03055829555896],[-121.04263470325775,39.03082014563657],[-121.04276540943373,39.031220934693096],[-121.04289611560996,39.03156828337018],[-121.04276540943373,39.031755316566546],[-121.04259342762309,39.03186219245654]]],"type":"Polygon"},"properties":{"course_id":"","course_name":"","hole_number":17,"feature_type":"fairway","name":"hole_17_fairway","feature-color":"#4a7c3f","is_approximate":false,"source":"user_draw","@id":"267d9307-9858-47d4-b325-9a3d87707c7a"}},{"type":"Feature","bbox":[-121.04709894224052,39.033514279691055,-121.04709894224052,39.033514279691055],"geometry":{"type":"Point","coordinates":[-121.04709894224052,39.033514279691055]},"properties":{"course_id":"darkhorse_golf_club","course_name":"DarkHorse Golf Club","hole_number":11,"feature_type":"green_center","name":"hole_11_green_center","feature-color":"#5aae5a","is_approximate":true,"source":"derived","@id":"f1d8bd37-4092-41eb-b4e2-05b50f17d336"}},{"type":"Feature","bbox":[-121.04715187513325,39.03339056827828,-121.04715187513325,39.03339056827828],"geometry":{"type":"Point","coordinates":[-121.04715187513325,39.03339056827828]},"properties":{"course_id":"darkhorse_golf_club","course_name":"DarkHorse Golf Club","hole_number":11,"feature_type":"green_front","name":"hole_11_green_front","feature-color":"#5aae5a","is_approximate":true,"source":"derived","@id":"a2b7dc7e-ba1a-4804-9bcd-857a5f9803d4"}},{"type":"Feature","bbox":[-121.0470553974434,39.03361604983987,-121.0470553974434,39.03361604983987],"geometry":{"type":"Point","coordinates":[-121.0470553974434,39.03361604983987]},"properties":{"course_id":"darkhorse_golf_club","course_name":"DarkHorse Golf Club","hole_number":11,"feature_type":"green_back","name":"hole_11_green_back","feature-color":"#5aae5a","is_approximate":true,"source":"derived","@id":"29e63677-b1dc-4d24-803d-5de837d73513"}},{"type":"Feature","bbox":[-121.04772244327594,39.037444415959044,-121.04623230244562,39.037747198836826],"geometry":{"coordinates":[[[-121.04623230244562,39.03747016332812],[-121.04623800270073,39.03751886672552],[-121.04628645486719,39.037558714935045],[-121.04636910856283,39.03755650114596],[-121.04639475970994,39.03759192175835],[-121.04645176225888,39.0376207009933],[-121.04650591468004,39.03764062507244],[-121.04655151671912,39.03766940428693],[-121.0466227699053,39.03766276293115],[-121.04673962513056,39.0376029906962],[-121.04687073099305,39.03753657704371],[-121.04695908494342,39.03752550809543],[-121.0470388885121,39.03754985977895],[-121.04710444144317,39.03757642524258],[-121.04729492415967,39.03764093717919],[-121.04741747963965,39.0376874266739],[-121.04754003511962,39.037711778302224],[-121.04764548983502,39.03773612992154],[-121.04769964225619,39.037747198836826],[-121.04772244327594,39.037694068027974],[-121.04741747963965,39.03760551659073],[-121.04724647199282,39.03755238567538],[-121.0471182162581,39.03751032367245],[-121.04698141014086,39.03747490301848],[-121.0468389037685,39.037503682301065],[-121.04670779790644,39.03755459946393],[-121.04659664293591,39.03759223386595],[-121.04653964038695,39.03762322688718],[-121.046421028,39.037561594640096],[-121.04639468722813,39.03752811503705],[-121.04637672761092,39.037466735722745],[-121.0463467949159,39.037444415959044],[-121.04628573221726,39.037459295802506],[-121.04623230244562,39.03747016332812]]],"type":"Polygon"},"properties":{"course_id":"","course_name":"","hole_number":14,"feature_type":"water","name":"hole_14_water_2","feature-color":"#1a6b9e","is_approximate":false,"source":"user_draw","@id":"24a344da-115f-4d72-9e36-9b2616603e7a"}}]}
