{"type": "FeatureCollection", "features": [{"type": "Feature", "bbox": [-121.8594342, 37.7235581, -121.8593082, 37.7238403], "geometry": {"type": "Polygon", "coordinates": [[[-121.8593243, 37.7238249], [-121.8593665, 37.7238403], [-121.8594027, 37.723827], [-121.8594094, 37.7237968], [-121.8594242, 37.7237612], [-121.8594309, 37.72374], [-121.8594342, 37.7237188], [-121.8594182, 37.7237103], [-121.859396, 37.7237167], [-121.8593806, 37.7237098], [-121.8593799, 37.7236812], [-121.8594014, 37.7236705], [-121.8594161, 37.723652], [-121.8594202, 37.7236297], [-121.8594188, 37.7236058], [-121.8594249, 37.7235682], [-121.8594007, 37.7235581], [-121.8593645, 37.7235682], [-121.8593464, 37.7235772], [-121.8593283, 37.7235984], [-121.8593303, 37.7236159], [-121.8593437, 37.7236324], [-121.8593337, 37.7236552], [-121.8593176, 37.7236743], [-121.8593095, 37.7236949], [-121.8593196, 37.7237156], [-121.8593296, 37.7237268], [-121.8593209, 37.7237639], [-121.8593082, 37.7237931], [-121.8593089, 37.7238047], [-121.8593243, 37.7238249]]]}, "properties": {"course_id": "dublin_ranch_ca", "course_name": "Dublin Ranch Golf Course", "hole_number": 1, "feature_type": "bunker", "name": "hole_1_bunker", "feature-color": "#d4b483", "is_approximate": true, "source": "osm", "@id": "c9e843df-b59d-4fb3-a97e-ca36ade9ceac", "osm_id": 667099882}}, {"type": "Feature", "bbox": [-121.8596736, 37.722514, -121.8595275, 37.7228018], "geometry": {"type": "Polygon", "coordinates": [[[-121.8596002, 37.7227933], [-121.859615, 37.7227668], [-121.8596451, 37.7227872], [-121.8596559, 37.7227692], [-121.8596713, 37.7227262], [-121.8596736, 37.7226904], [-121.8596542, 37.7226525], [-121.8596515, 37.722631], [-121.8596505, 37.7226225], [-121.8596243, 37.7226257], [-121.8596146, 37.7226233], [-121.859615, 37.7225976], [-121.8596257, 37.7225793], [-121.8596374, 37.7225692], [-121.8596274, 37.7225435], [-121.8596133, 37.722522], [-121.8595865, 37.722514], [-121.8595694, 37.7225167], [-121.8595496, 37.722535], [-121.8595375, 37.7225734], [-121.8595355, 37.7225901], [-121.8595372, 37.7226042], [-121.8595486, 37.7226297], [-121.85956, 37.7226408], [-121.8595828, 37.7226556], [-121.8595965, 37.7226639], [-121.8595972, 37.7226798], [-121.8595898, 37.7226893], [-121.8595734, 37.722692], [-121.8595529, 37.7226853], [-121.8595449, 37.7226838], [-121.8595308, 37.7226936], [-121.8595275, 37.7227111], [-121.8595291, 37.7227291], [-121.8595332, 37.7227575], [-121.8595355, 37.7227753], [-121.8595446, 37.7227888], [-121.8595617, 37.7227996], [-121.8595821, 37.7228018], [-121.8595975, 37.7227962], [-121.8596002, 37.7227933]]]}, "properties": {"course_id": "dublin_ranch_ca", "course_name": "Dublin Ranch Golf Course", "hole_number": 1, "feature_type": "bunker", "name": "hole_1_bunker_2", "feature-color": "#d4b483", "is_approximate": true, "source": "osm", "@id": "1db28770-095b-42bb-9f7e-b8cdd30bc795", "osm_id": 667099883}}, {"type": "Feature", "bbox": [-121.8606932, 37.7212636, -121.8605296, 37.7214546], "geometry": {"type": "Polygon", "coordinates": [[[-121.8605816, 37.7214397], [-121.8606359, 37.7214546], [-121.8606704, 37.72145], [-121.8606889, 37.7214127], [-121.8606929, 37.7213761], [-121.8606932, 37.7213448], [-121.8606862, 37.7213148], [-121.8606801, 37.7212936], [-121.8606654, 37.7212814], [-121.8606359, 37.7212636], [-121.8606023, 37.7212657], [-121.8605822, 37.721284], [-121.8605762, 37.721292], [-121.8605722, 37.7213079], [-121.8605943, 37.7213241], [-121.8606134, 37.7213371], [-121.8606077, 37.7213538], [-121.8605953, 37.7213591], [-121.8605655, 37.721357], [-121.8605413, 37.7213594], [-121.8605306, 37.7213769], [-121.8605296, 37.7213978], [-121.8605467, 37.7214137], [-121.8605725, 37.7214312], [-121.8605816, 37.7214397]]]}, "properties": {"course_id": "dublin_ranch_ca", "course_name": "Dublin Ranch Golf Course", "hole_number": 2, "feature_type": "bunker", "name": "hole_2_bunker", "feature-color": "#d4b483", "is_approximate": true, "source": "osm", "@id": "1ba6fea4-39e3-4159-96f7-1a3a699513d6", "osm_id": 667099884}}, {"type": "Feature", "bbox": [-121.8607163, 37.72097, -121.8605735, 37.7210541], "geometry": {"type": "Polygon", "coordinates": [[[-121.860596, 37.721048], [-121.8606064, 37.7210522], [-121.8606305, 37.7210499], [-121.8606362, 37.7210332], [-121.8606496, 37.7210265], [-121.8606654, 37.7210403], [-121.8606835, 37.7210541], [-121.8606986, 37.7210475], [-121.8607163, 37.7210271], [-121.8607116, 37.7209963], [-121.8606905, 37.7209783], [-121.8606654, 37.72097], [-121.8606255, 37.7209719], [-121.8605977, 37.7209812], [-121.8605769, 37.7209968], [-121.8605735, 37.7210122], [-121.8605772, 37.7210313], [-121.8605836, 37.7210427], [-121.860596, 37.721048]]]}, "properties": {"course_id": "dublin_ranch_ca", "course_name": "Dublin Ranch Golf Course", "hole_number": 2, "feature_type": "bunker", "name": "hole_2_bunker_2", "feature-color": "#d4b483", "is_approximate": true, "source": "osm", "@id": "c0e700da-b7ed-4f28-8f4c-363d613885c2", "osm_id": 667099885}}, {"type": "Feature", "bbox": [-121.8619709, 37.7210796, -121.86181, 37.7212106], "geometry": {"type": "Polygon", "coordinates": [[[-121.8618985, 37.7210992], [-121.8618549, 37.7210806], [-121.8618274, 37.7210796], [-121.86181, 37.7210971], [-121.8618134, 37.7211178], [-121.8618456, 37.7211411], [-121.8618811, 37.7211496], [-121.8618952, 37.7211607], [-121.8618905, 37.7211692], [-121.8618717, 37.721174], [-121.861873, 37.7211872], [-121.8618891, 37.721201], [-121.8619039, 37.7212106], [-121.8619327, 37.7211968], [-121.8619542, 37.721175], [-121.8619703, 37.7211485], [-121.8619709, 37.7211331], [-121.8619515, 37.7211231], [-121.861918, 37.7211124], [-121.8618985, 37.7210992]]]}, "properties": {"course_id": "dublin_ranch_ca", "course_name": "Dublin Ranch Golf Course", "hole_number": 4, "feature_type": "bunker", "name": "hole_4_bunker", "feature-color": "#d4b483", "is_approximate": true, "source": "osm", "@id": "e81ec25d-75c0-4a96-9a98-954e4765f9aa", "osm_id": 667099886}}, {"type": "Feature", "bbox": [-121.8635602, 37.721724, -121.8634435, 37.7218083], "geometry": {"type": "Polygon", "coordinates": [[[-121.8635179, 37.7218078], [-121.8635494, 37.7217956], [-121.8635602, 37.7217755], [-121.8635434, 37.7217447], [-121.863534, 37.7217314], [-121.8635125, 37.721724], [-121.8634777, 37.7217357], [-121.8634495, 37.7217526], [-121.8634435, 37.7217643], [-121.8634502, 37.7217839], [-121.8634683, 37.7218014], [-121.8634944, 37.7218083], [-121.8635179, 37.7218078]]]}, "properties": {"course_id": "dublin_ranch_ca", "course_name": "Dublin Ranch Golf Course", "hole_number": 3, "feature_type": "bunker", "name": "hole_3_bunker", "feature-color": "#d4b483", "is_approximate": true, "source": "osm", "@id": "a5474714-d4cd-4dac-a46a-393434bd984b", "osm_id": 667099887}}, {"type": "Feature", "bbox": [-121.8645767, 37.7243468, -121.8644044, 37.7245239], "geometry": {"type": "Polygon", "coordinates": [[[-121.8644808, 37.7244497], [-121.8644929, 37.7244571], [-121.8644781, 37.724482], [-121.8644909, 37.7245043], [-121.8645231, 37.7245202], [-121.8645633, 37.7245239], [-121.864572, 37.7245059], [-121.8645767, 37.7244682], [-121.86457, 37.724437], [-121.8645439, 37.7243919], [-121.8645204, 37.7243627], [-121.8644875, 37.7243468], [-121.864452, 37.7243494], [-121.8644218, 37.7243627], [-121.8644064, 37.7243866], [-121.8644044, 37.7244163], [-121.8644178, 37.724429], [-121.8644419, 37.7244417], [-121.8644594, 37.7244523], [-121.8644694, 37.7244465], [-121.8644808, 37.7244497]]]}, "properties": {"course_id": "dublin_ranch_ca", "course_name": "Dublin Ranch Golf Course", "hole_number": 5, "feature_type": "bunker", "name": "hole_5_bunker", "feature-color": "#d4b483", "is_approximate": true, "source": "osm", "@id": "eded49ac-8dd3-4c3b-9b86-1c15bc9aaec9", "osm_id": 667099888}}, {"type": "Feature", "bbox": [-121.8637647, 37.7270862, -121.863701, 37.7271445], "geometry": {"type": "Polygon", "coordinates": [[[-121.8637345, 37.7271445], [-121.8637513, 37.7271387], [-121.8637647, 37.7271159], [-121.8637633, 37.7270968], [-121.8637472, 37.7270862], [-121.8637278, 37.7270888], [-121.8637144, 37.7270936], [-121.8637043, 37.727109], [-121.863701, 37.7271212], [-121.8637097, 37.7271371], [-121.8637171, 37.7271413], [-121.8637345, 37.7271445]]]}, "properties": {"course_id": "dublin_ranch_ca", "course_name": "Dublin Ranch Golf Course", "hole_number": 7, "feature_type": "bunker", "name": "hole_7_bunker", "feature-color": "#d4b483", "is_approximate": true, "source": "osm", "@id": "54f1fd6c-91f3-4ee1-952a-9dcddf0d8aa7", "osm_id": 667099889}}, {"type": "Feature", "bbox": [-121.8639953, 37.7270575, -121.863823, 37.727144], "geometry": {"type": "Polygon", "coordinates": [[[-121.8639363, 37.7271259], [-121.8639511, 37.7271381], [-121.8639833, 37.7271371], [-121.8639913, 37.7271206], [-121.8639953, 37.7271015], [-121.8639913, 37.7270798], [-121.8639732, 37.7270745], [-121.863937, 37.7270766], [-121.8639028, 37.7270729], [-121.8638834, 37.7270676], [-121.8638706, 37.7270575], [-121.8638472, 37.7270591], [-121.8638304, 37.7270734], [-121.863823, 37.7270989], [-121.8638344, 37.7271201], [-121.8638485, 37.727135], [-121.863874, 37.727144], [-121.8639028, 37.7271413], [-121.8639142, 37.7271318], [-121.8639122, 37.7271111], [-121.8639256, 37.7271074], [-121.8639377, 37.7271122], [-121.8639363, 37.7271259]]]}, "properties": {"course_id": "dublin_ranch_ca", "course_name": "Dublin Ranch Golf Course", "hole_number": 7, "feature_type": "bunker", "name": "hole_7_bunker_2", "feature-color": "#d4b483", "is_approximate": true, "source": "osm", "@id": "dcb4ed21-8c83-40ae-bdb9-4cd5327c458c", "osm_id": 667099890}}, {"type": "Feature", "bbox": [-121.8641543, 37.7271084, -121.8640242, 37.7271922], "geometry": {"type": "Polygon", "coordinates": [[[-121.8640564, 37.7271832], [-121.8640785, 37.7271694], [-121.864102, 37.7271721], [-121.8640979, 37.7271901], [-121.8641248, 37.7271922], [-121.8641395, 37.7271838], [-121.8641543, 37.72717], [-121.8641482, 37.7271472], [-121.8641134, 37.7271228], [-121.8641, 37.72711], [-121.8640711, 37.7271084], [-121.8640396, 37.7271222], [-121.8640262, 37.7271365], [-121.8640242, 37.7271604], [-121.8640295, 37.7271753], [-121.8640376, 37.7271795], [-121.8640564, 37.7271832]]]}, "properties": {"course_id": "dublin_ranch_ca", "course_name": "Dublin Ranch Golf Course", "hole_number": 7, "feature_type": "bunker", "name": "hole_7_bunker_3", "feature-color": "#d4b483", "is_approximate": true, "source": "osm", "@id": "c05aa8dc-e603-424f-bfc1-9531c3aba061", "osm_id": 667099891}}, {"type": "Feature", "bbox": [-121.8639799, 37.7274049, -121.8638632, 37.7274654], "geometry": {"type": "Polygon", "coordinates": [[[-121.8639155, 37.7274654], [-121.8639645, 37.7274542], [-121.8639799, 37.7274357], [-121.8639692, 37.7274192], [-121.863941, 37.7274049], [-121.8639021, 37.7274049], [-121.8638713, 37.7274171], [-121.8638632, 37.7274431], [-121.863878, 37.7274595], [-121.8639155, 37.7274654]]]}, "properties": {"course_id": "dublin_ranch_ca", "course_name": "Dublin Ranch Golf Course", "hole_number": 7, "feature_type": "bunker", "name": "hole_7_bunker_4", "feature-color": "#d4b483", "is_approximate": true, "source": "osm", "@id": "598f8ba7-2683-4ac3-ba0e-e66daac33d2d", "osm_id": 667099892}}, {"type": "Feature", "bbox": [-121.8607552, 37.7276192, -121.8605219, 37.7277422], "geometry": {"type": "Polygon", "coordinates": [[[-121.8606091, 37.7276616], [-121.8605856, 37.7276261], [-121.8605635, 37.7276192], [-121.8605319, 37.7276383], [-121.8605219, 37.7276584], [-121.8605407, 37.727695], [-121.8605621, 37.7277279], [-121.860605, 37.7277316], [-121.8606278, 37.7277316], [-121.8606754, 37.7277422], [-121.8607177, 37.727729], [-121.8607425, 37.7277099], [-121.8607552, 37.7276818], [-121.8607452, 37.7276611], [-121.8607271, 37.7276356], [-121.8606996, 37.7276324], [-121.8606895, 37.7276346], [-121.8606647, 37.7276457], [-121.860652, 37.7276696], [-121.8606272, 37.7276733], [-121.8606091, 37.7276616]]]}, "properties": {"course_id": "dublin_ranch_ca", "course_name": "Dublin Ranch Golf Course", "hole_number": 9, "feature_type": "bunker", "name": "hole_9_bunker", "feature-color": "#d4b483", "is_approximate": true, "source": "osm", "@id": "fcbf4fee-2e55-4ea6-8b36-38c219a5cbf4", "osm_id": 667099893}}, {"type": "Feature", "bbox": [-121.8604005, 37.7274457, -121.8602812, 37.727546], "geometry": {"type": "Polygon", "coordinates": [[[-121.8603093, 37.727503], [-121.8603328, 37.7275333], [-121.8603509, 37.727546], [-121.8603844, 37.7275455], [-121.8604005, 37.7275264], [-121.8603844, 37.7275025], [-121.8603737, 37.7274903], [-121.860377, 37.7274717], [-121.860369, 37.7274585], [-121.8603402, 37.7274548], [-121.8603093, 37.7274457], [-121.8602905, 37.7274463], [-121.8602812, 37.7274627], [-121.8602865, 37.7274802], [-121.8602999, 37.7274919], [-121.8603093, 37.727503]]]}, "properties": {"course_id": "dublin_ranch_ca", "course_name": "Dublin Ranch Golf Course", "hole_number": 9, "feature_type": "bunker", "name": "hole_9_bunker_2", "feature-color": "#d4b483", "is_approximate": true, "source": "osm", "@id": "ab2225fa-6f82-4f58-b2a9-033f149d2ad5", "osm_id": 667099894}}, {"type": "Feature", "bbox": [-121.8592693, 37.7270994, -121.8591513, 37.7271774], "geometry": {"type": "Polygon", "coordinates": [[[-121.8591828, 37.727171], [-121.8592076, 37.7271774], [-121.8592592, 37.7271747], [-121.8592693, 37.7271477], [-121.8592592, 37.7271222], [-121.859225, 37.7271042], [-121.8591908, 37.7270994], [-121.8591647, 37.7271132], [-121.8591513, 37.7271355], [-121.8591566, 37.7271578], [-121.8591687, 37.7271689], [-121.8591828, 37.727171]]]}, "properties": {"course_id": "dublin_ranch_ca", "course_name": "Dublin Ranch Golf Course", "hole_number": 9, "feature_type": "bunker", "name": "hole_9_bunker_3", "feature-color": "#d4b483", "is_approximate": true, "source": "osm", "@id": "cc0bcc59-dd7c-4ad7-80f6-470623714e8b", "osm_id": 667099895}}, {"type": "Feature", "bbox": [-121.8553365, 37.7256632, -121.8551045, 37.7257857], "geometry": {"type": "Polygon", "coordinates": [[[-121.8551219, 37.72573], [-121.8551474, 37.7257221], [-121.8551601, 37.7257343], [-121.8551534, 37.725747], [-121.8551608, 37.7257655], [-121.8552084, 37.7257767], [-121.855256, 37.7257857], [-121.855299, 37.7257709], [-121.8553271, 37.7257523], [-121.8553365, 37.725729], [-121.8553291, 37.7256961], [-121.855311, 37.7256706], [-121.8552835, 37.7256632], [-121.8552587, 37.7256674], [-121.855246, 37.7256828], [-121.8552473, 37.7256987], [-121.855246, 37.7257093], [-121.8552326, 37.7257125], [-121.855199, 37.7256955], [-121.8551964, 37.7256823], [-121.8551816, 37.7256711], [-121.8551501, 37.7256706], [-121.8551206, 37.7256791], [-121.8551058, 37.7256939], [-121.8551045, 37.7257152], [-121.8551132, 37.7257274], [-121.8551219, 37.72573]]]}, "properties": {"course_id": "dublin_ranch_ca", "course_name": "Dublin Ranch Golf Course", "hole_number": 10, "feature_type": "bunker", "name": "hole_10_bunker", "feature-color": "#d4b483", "is_approximate": true, "source": "osm", "@id": "a01490ad-b4c4-4eca-aa49-ff4e73579de2", "osm_id": 667099896}}, {"type": "Feature", "bbox": [-121.8547538, 37.7255964, -121.8544668, 37.7257767], "geometry": {"type": "Polygon", "coordinates": [[[-121.8545647, 37.7257751], [-121.8546244, 37.7257475], [-121.8546787, 37.7257284], [-121.8547089, 37.7257099], [-121.8547343, 37.7256855], [-121.8547491, 37.7256627], [-121.8547538, 37.7256409], [-121.8547484, 37.7256139], [-121.8547189, 37.7256017], [-121.8546874, 37.7255964], [-121.8546633, 37.7256017], [-121.8546559, 37.7256218], [-121.8546572, 37.725634], [-121.8546787, 37.725651], [-121.8546733, 37.7256611], [-121.8546277, 37.7256722], [-121.8545996, 37.7256722], [-121.8545714, 37.7256871], [-121.8545506, 37.7256775], [-121.8545278, 37.7256796], [-121.8544829, 37.7256908], [-121.8544668, 37.7257104], [-121.8544722, 37.7257422], [-121.8544909, 37.7257618], [-121.8545211, 37.7257714], [-121.8545479, 37.7257767], [-121.8545647, 37.7257751]]]}, "properties": {"course_id": "dublin_ranch_ca", "course_name": "Dublin Ranch Golf Course", "hole_number": 10, "feature_type": "bunker", "name": "hole_10_bunker_2", "feature-color": "#d4b483", "is_approximate": true, "source": "osm", "@id": "483da541-e5bd-4118-8a5e-670c742834a9", "osm_id": 667099897}}, {"type": "Feature", "bbox": [-121.8543967, 37.7257414, -121.8542931, 37.7258045], "geometry": {"type": "Polygon", "coordinates": [[[-121.8543497, 37.7258044], [-121.8543793, 37.7257953], [-121.8543967, 37.7257772], [-121.85439, 37.7257568], [-121.8543672, 37.7257443], [-121.8543437, 37.7257414], [-121.8543119, 37.7257541], [-121.8542931, 37.7257756], [-121.8543065, 37.7257955], [-121.8543176, 37.7258016], [-121.8543344, 37.7258045], [-121.8543497, 37.7258044]]]}, "properties": {"course_id": "dublin_ranch_ca", "course_name": "Dublin Ranch Golf Course", "hole_number": 10, "feature_type": "bunker", "name": "hole_10_bunker_3", "feature-color": "#d4b483", "is_approximate": true, "source": "osm", "@id": "131c9abe-a322-4dcc-9678-7af73a6e9e94", "osm_id": 667099898}}, {"type": "Feature", "bbox": [-121.8515811, 37.7250784, -121.8513618, 37.7251893], "geometry": {"type": "Polygon", "coordinates": [[[-121.8513802, 37.7251628], [-121.8514258, 37.725171], [-121.8514691, 37.725179], [-121.8515103, 37.7251848], [-121.8515459, 37.7251893], [-121.8515616, 37.7251861], [-121.8515811, 37.7251755], [-121.8515767, 37.7251522], [-121.8515663, 37.7251312], [-121.8515529, 37.7251148], [-121.8515234, 37.7251052], [-121.8514946, 37.7251031], [-121.8514892, 37.7251063], [-121.8514872, 37.7251127], [-121.8514922, 37.7251254], [-121.8514838, 37.7251341], [-121.8514651, 37.7251363], [-121.8514574, 37.7251294], [-121.8514543, 37.7251164], [-121.8514245, 37.7251084], [-121.8514242, 37.7251007], [-121.8514175, 37.7250883], [-121.85139, 37.7250784], [-121.8513752, 37.7250816], [-121.8513618, 37.7250991], [-121.8513648, 37.7251243], [-121.8513631, 37.7251453], [-121.8513719, 37.7251585], [-121.8513802, 37.7251628]]]}, "properties": {"course_id": "dublin_ranch_ca", "course_name": "Dublin Ranch Golf Course", "hole_number": 11, "feature_type": "bunker", "name": "hole_11_bunker", "feature-color": "#d4b483", "is_approximate": true, "source": "osm", "@id": "6a301fc8-4342-4362-a19f-4f6d4127f998", "osm_id": 667099899}}, {"type": "Feature", "bbox": [-121.8518443, 37.7248793, -121.851741, 37.7249551], "geometry": {"type": "Polygon", "coordinates": [[[-121.8517631, 37.7249541], [-121.8517913, 37.7249551], [-121.8518369, 37.7249387], [-121.8518443, 37.7249169], [-121.8518174, 37.7248915], [-121.8517779, 37.7248793], [-121.8517524, 37.7248851], [-121.851741, 37.724918], [-121.8517477, 37.7249413], [-121.8517631, 37.7249541]]]}, "properties": {"course_id": "dublin_ranch_ca", "course_name": "Dublin Ranch Golf Course", "hole_number": 11, "feature_type": "bunker", "name": "hole_11_bunker_2", "feature-color": "#d4b483", "is_approximate": true, "source": "osm", "@id": "640e3576-f183-4f0d-a2fc-63994d549091", "osm_id": 667099900}}, {"type": "Feature", "bbox": [-121.8522453, 37.7228553, -121.8520763, 37.7230309], "geometry": {"type": "Polygon", "coordinates": [[[-121.8521849, 37.7229232], [-121.8521903, 37.7229142], [-121.8522104, 37.7229025], [-121.8522258, 37.7229158], [-121.8522412, 37.7229349], [-121.8522453, 37.7229593], [-121.8522365, 37.7229784], [-121.8522231, 37.7229869], [-121.8522057, 37.72298], [-121.8521849, 37.7229842], [-121.8521816, 37.7230001], [-121.8521775, 37.723015], [-121.8521641, 37.7230282], [-121.852136, 37.7230309], [-121.8521205, 37.7230272], [-121.8521024, 37.7230113], [-121.8520924, 37.7229879], [-121.8520843, 37.7229646], [-121.8520783, 37.7229376], [-121.8520763, 37.7229121], [-121.8520816, 37.7228829], [-121.852091, 37.7228675], [-121.8521065, 37.7228575], [-121.852136, 37.7228553], [-121.8521534, 37.7228644], [-121.8521661, 37.7228771], [-121.8521614, 37.7228956], [-121.8521527, 37.7229084], [-121.8521594, 37.7229222], [-121.8521695, 37.722928], [-121.8521849, 37.7229232]]]}, "properties": {"course_id": "dublin_ranch_ca", "course_name": "Dublin Ranch Golf Course", "hole_number": 12, "feature_type": "bunker", "name": "hole_12_bunker", "feature-color": "#d4b483", "is_approximate": true, "source": "osm", "@id": "da7fce5e-419d-459b-8404-95a186a86fa4", "osm_id": 667099901}}, {"type": "Feature", "bbox": [-121.8517209, 37.7223085, -121.8515559, 37.7225148], "geometry": {"type": "Polygon", "coordinates": [[[-121.8516411, 37.7223711], [-121.8516391, 37.7223907], [-121.8516123, 37.7224141], [-121.8515754, 37.7224331], [-121.8515559, 37.7224602], [-121.8515573, 37.7224846], [-121.8515767, 37.7225032], [-121.8516123, 37.7225148], [-121.8516558, 37.7225047], [-121.8516679, 37.7224899], [-121.8516679, 37.7224708], [-121.8516565, 37.7224575], [-121.8516739, 37.7224464], [-121.8516894, 37.7224475], [-121.8517142, 37.7224464], [-121.8517202, 37.7224247], [-121.8517209, 37.7223981], [-121.8517095, 37.7223679], [-121.8517035, 37.7223409], [-121.8516874, 37.7223249], [-121.8516646, 37.7223143], [-121.851633, 37.7223085], [-121.8516015, 37.7223117], [-121.851574, 37.7223149], [-121.8515586, 37.7223313], [-121.8515566, 37.7223525], [-121.8515714, 37.7223722], [-121.8515968, 37.7223849], [-121.8516196, 37.722379], [-121.8516277, 37.7223722], [-121.8516411, 37.7223711]]]}, "properties": {"course_id": "dublin_ranch_ca", "course_name": "Dublin Ranch Golf Course", "hole_number": 12, "feature_type": "bunker", "name": "hole_12_bunker_2", "feature-color": "#d4b483", "is_approximate": true, "source": "osm", "@id": "c5e8b1c9-f471-4981-b79a-8118d917edaa", "osm_id": 667099902}}, {"type": "Feature", "bbox": [-121.8518939, 37.721453, -121.8517792, 37.7216216], "geometry": {"type": "Polygon", "coordinates": [[[-121.8518744, 37.7215156], [-121.8518818, 37.7214996], [-121.8518758, 37.7214726], [-121.851863, 37.7214535], [-121.8518369, 37.721453], [-121.8518215, 37.7214593], [-121.8518074, 37.7214821], [-121.8518067, 37.7215018], [-121.8518134, 37.7215219], [-121.8518114, 37.7215394], [-121.851798, 37.7215474], [-121.8517859, 37.7215463], [-121.8517792, 37.7215606], [-121.8517799, 37.7215861], [-121.8517886, 37.7216041], [-121.8518128, 37.7216142], [-121.8518409, 37.7216216], [-121.8518684, 37.7216174], [-121.8518798, 37.7215946], [-121.8518925, 37.7215712], [-121.8518939, 37.721549], [-121.8518919, 37.7215331], [-121.8518778, 37.7215304], [-121.8518671, 37.7215267], [-121.8518744, 37.7215156]]]}, "properties": {"course_id": "dublin_ranch_ca", "course_name": "Dublin Ranch Golf Course", "hole_number": 12, "feature_type": "bunker", "name": "hole_12_bunker_3", "feature-color": "#d4b483", "is_approximate": true, "source": "osm", "@id": "dc2d2dcf-fe67-41f4-ad48-5a4875df850f", "osm_id": 667099903}}, {"type": "Feature", "bbox": [-121.8531927, 37.7203561, -121.8531311, 37.720407], "geometry": {"type": "Polygon", "coordinates": [[[-121.8531532, 37.720407], [-121.8531847, 37.7203943], [-121.8531927, 37.7203784], [-121.85318, 37.7203566], [-121.8531539, 37.7203561], [-121.8531351, 37.720364], [-121.8531311, 37.7203789], [-121.8531358, 37.7203969], [-121.8531532, 37.720407]]]}, "properties": {"course_id": "dublin_ranch_ca", "course_name": "Dublin Ranch Golf Course", "hole_number": 13, "feature_type": "bunker", "name": "hole_13_bunker", "feature-color": "#d4b483", "is_approximate": true, "source": "osm", "@id": "7ed3fdf1-fdd9-4631-b309-cb65f9f0f809", "osm_id": 667099904}}, {"type": "Feature", "bbox": [-121.8559179, 37.7192364, -121.855818, 37.719309], "geometry": {"type": "Polygon", "coordinates": [[[-121.8558495, 37.7192613], [-121.8558267, 37.7192661], [-121.855818, 37.7192831], [-121.8558267, 37.7193011], [-121.8558434, 37.719309], [-121.8558823, 37.7192984], [-121.8559004, 37.7192841], [-121.8559159, 37.719265], [-121.8559179, 37.719247], [-121.8559118, 37.719238], [-121.8558823, 37.7192364], [-121.8558656, 37.7192396], [-121.8558676, 37.719248], [-121.8558649, 37.7192597], [-121.8558495, 37.7192613]]]}, "properties": {"course_id": "dublin_ranch_ca", "course_name": "Dublin Ranch Golf Course", "hole_number": 14, "feature_type": "bunker", "name": "hole_14_bunker", "feature-color": "#d4b483", "is_approximate": true, "source": "osm", "@id": "6c5b63f6-1f60-467e-9bdc-0ad2f27a74fc", "osm_id": 667099905}}, {"type": "Feature", "bbox": [-121.8559702, 37.7191229, -121.8557348, 37.7192348], "geometry": {"type": "Polygon", "coordinates": [[[-121.8558803, 37.7191971], [-121.8559447, 37.7191929], [-121.8559688, 37.7191759], [-121.8559702, 37.7191467], [-121.8559427, 37.7191314], [-121.8559206, 37.7191276], [-121.8559065, 37.7191314], [-121.8559071, 37.7191494], [-121.8558763, 37.7191526], [-121.8558642, 37.7191494], [-121.855875, 37.7191287], [-121.8558528, 37.7191229], [-121.8558019, 37.719142], [-121.8557831, 37.7191542], [-121.8557516, 37.7191738], [-121.8557382, 37.7191897], [-121.8557348, 37.7192099], [-121.8557489, 37.7192258], [-121.8557764, 37.7192348], [-121.8558159, 37.7192252], [-121.8558327, 37.7192109], [-121.8558247, 37.7191992], [-121.8558233, 37.7191918], [-121.8558461, 37.7191881], [-121.8558649, 37.7191918], [-121.8558803, 37.7191971]]]}, "properties": {"course_id": "dublin_ranch_ca", "course_name": "Dublin Ranch Golf Course", "hole_number": 14, "feature_type": "bunker", "name": "hole_14_bunker_2", "feature-color": "#d4b483", "is_approximate": true, "source": "osm", "@id": "bec16c1d-6196-4cb5-bd04-d123f8c701d5", "osm_id": 667099906}}, {"type": "Feature", "bbox": [-121.8561982, 37.7174213, -121.8560272, 37.7176976], "geometry": {"type": "Polygon", "coordinates": [[[-121.8561278, 37.7175109], [-121.8561506, 37.7175014], [-121.8561506, 37.717469], [-121.8561331, 37.7174425], [-121.8560915, 37.7174244], [-121.8560513, 37.7174213], [-121.8560319, 37.7174319], [-121.8560272, 37.7174653], [-121.8560392, 37.7174913], [-121.8560426, 37.7175157], [-121.8560386, 37.7175475], [-121.8560446, 37.7175655], [-121.8560674, 37.717573], [-121.8560983, 37.717583], [-121.8561009, 37.7176069], [-121.8560889, 37.7176202], [-121.8560627, 37.7176133], [-121.8560426, 37.7176085], [-121.8560312, 37.7176212], [-121.8560299, 37.7176377], [-121.8560493, 37.7176594], [-121.8560815, 37.7176796], [-121.8561103, 37.7176976], [-121.8561251, 37.7176955], [-121.8561438, 37.7176796], [-121.8561392, 37.7176605], [-121.8561311, 37.7176472], [-121.8561459, 37.7176356], [-121.8561767, 37.7176345], [-121.8561894, 37.7176154], [-121.8561982, 37.7175958], [-121.8561734, 37.7175772], [-121.85617, 37.7175608], [-121.856164, 37.7175358], [-121.8561512, 37.7175369], [-121.8561365, 37.7175459], [-121.8561184, 37.7175438], [-121.8561103, 37.7175268], [-121.856107, 37.7175167], [-121.8561278, 37.7175109]]]}, "properties": {"course_id": "dublin_ranch_ca", "course_name": "Dublin Ranch Golf Course", "hole_number": 15, "feature_type": "bunker", "name": "hole_15_bunker", "feature-color": "#d4b483", "is_approximate": true, "source": "osm", "@id": "8592df39-c86d-44b1-b83c-9fa538b695b1", "osm_id": 667099907}}, {"type": "Feature", "bbox": [-121.8576955, 37.7181289, -121.8574742, 37.7182562], "geometry": {"type": "Polygon", "coordinates": [[[-121.8575473, 37.7182339], [-121.8575688, 37.7182212], [-121.8575621, 37.7181978], [-121.8575748, 37.7181946], [-121.857609, 37.7182095], [-121.857613, 37.7182222], [-121.8576191, 37.7182387], [-121.8576479, 37.7182562], [-121.8576714, 37.7182519], [-121.8576955, 37.7182371], [-121.8576942, 37.7182079], [-121.8576546, 37.7181808], [-121.8576124, 37.7181548], [-121.8575681, 37.7181405], [-121.8575352, 37.718132], [-121.8574957, 37.7181289], [-121.8574769, 37.7181485], [-121.8574742, 37.7181739], [-121.8574796, 37.7182042], [-121.8574997, 37.7182238], [-121.8575285, 37.7182323], [-121.8575473, 37.7182339]]]}, "properties": {"course_id": "dublin_ranch_ca", "course_name": "Dublin Ranch Golf Course", "hole_number": 16, "feature_type": "bunker", "name": "hole_16_bunker", "feature-color": "#d4b483", "is_approximate": true, "source": "osm", "@id": "7283f036-da34-42d5-872f-b833a859c7cb", "osm_id": 667099908}}, {"type": "Feature", "bbox": [-121.8580469, 37.7182827, -121.8578323, 37.7184874], "geometry": {"type": "Polygon", "coordinates": [[[-121.8578893, 37.7183962], [-121.8579181, 37.7184047], [-121.8579121, 37.7184254], [-121.8579047, 37.7184397], [-121.8579215, 37.7184699], [-121.8579564, 37.7184874], [-121.8579899, 37.7184842], [-121.8579946, 37.7184667], [-121.8579738, 37.7184487], [-121.8579644, 37.7184317], [-121.8579818, 37.7184243], [-121.8580087, 37.7184323], [-121.8580241, 37.7184301], [-121.8580469, 37.7183994], [-121.8580469, 37.7183744], [-121.8580227, 37.7183548], [-121.8579711, 37.7183569], [-121.857955, 37.7183575], [-121.8579463, 37.7183431], [-121.8579624, 37.7183267], [-121.8579543, 37.7183012], [-121.8579275, 37.7182885], [-121.8578819, 37.7182827], [-121.8578504, 37.7182954], [-121.857833, 37.7183315], [-121.8578323, 37.7183548], [-121.857845, 37.7183808], [-121.8578638, 37.7183973], [-121.8578893, 37.7183962]]]}, "properties": {"course_id": "dublin_ranch_ca", "course_name": "Dublin Ranch Golf Course", "hole_number": 16, "feature_type": "bunker", "name": "hole_16_bunker_2", "feature-color": "#d4b483", "is_approximate": true, "source": "osm", "@id": "22953249-4885-44cd-ad9f-0723f638fad5", "osm_id": 667099909}}, {"type": "Feature", "bbox": [-121.8584821, 37.7185749, -121.8583895, 37.7186736], "geometry": {"type": "Polygon", "coordinates": [[[-121.8584217, 37.7186662], [-121.8584385, 37.7186736], [-121.8584613, 37.7186736], [-121.8584774, 37.7186603], [-121.8584821, 37.7186444], [-121.85847, 37.7186163], [-121.8584445, 37.7186153], [-121.8584472, 37.7185967], [-121.8584304, 37.7185749], [-121.8584036, 37.7185797], [-121.8583895, 37.7186057], [-121.8583902, 37.7186402], [-121.858407, 37.7186588], [-121.8584217, 37.7186662]]]}, "properties": {"course_id": "dublin_ranch_ca", "course_name": "Dublin Ranch Golf Course", "hole_number": 16, "feature_type": "bunker", "name": "hole_16_bunker_3", "feature-color": "#d4b483", "is_approximate": true, "source": "osm", "@id": "add80cea-6993-4805-8e42-13d8c201adeb", "osm_id": 667099910}}, {"type": "Feature", "bbox": [-121.8586356, 37.7215325, -121.8584579, 37.7218651], "geometry": {"type": "Polygon", "coordinates": [[[-121.8585082, 37.7217256], [-121.8585008, 37.7217511], [-121.858472, 37.7217786], [-121.8584619, 37.7218009], [-121.8584646, 37.7218322], [-121.858478, 37.7218545], [-121.8585283, 37.7218651], [-121.8585867, 37.7218486], [-121.8586209, 37.7218105], [-121.8586041, 37.7217765], [-121.8585806, 37.7217585], [-121.8585833, 37.7217341], [-121.8586148, 37.7217245], [-121.8586336, 37.7217176], [-121.8586356, 37.7216805], [-121.8586236, 37.721636], [-121.8586162, 37.7215845], [-121.8585994, 37.7215596], [-121.8585525, 37.7215325], [-121.8585216, 37.7215405], [-121.8585035, 37.7215622], [-121.8584921, 37.7215861], [-121.8584874, 37.7216169], [-121.8585035, 37.7216296], [-121.8585149, 37.7216291], [-121.8585122, 37.7216466], [-121.8584868, 37.721671], [-121.858466, 37.7216901], [-121.8584579, 37.7217086], [-121.8584606, 37.7217272], [-121.8584921, 37.7217219], [-121.8585082, 37.7217256]]]}, "properties": {"course_id": "dublin_ranch_ca", "course_name": "Dublin Ranch Golf Course", "hole_number": 18, "feature_type": "bunker", "name": "hole_18_bunker", "feature-color": "#d4b483", "is_approximate": true, "source": "osm", "@id": "55eb77cb-0295-4fe7-baf5-970a6c1cdf2c", "osm_id": 667099911}}, {"type": "Feature", "bbox": [-121.8582078, 37.722535, -121.8580087, 37.7227212], "geometry": {"type": "Polygon", "coordinates": [[[-121.8580683, 37.7226708], [-121.8580878, 37.7226427], [-121.8581133, 37.7226437], [-121.8581173, 37.7226702], [-121.8580992, 37.7226968], [-121.8581005, 37.7227111], [-121.8581461, 37.7227212], [-121.8581756, 37.7227164], [-121.8582045, 37.7226941], [-121.8582078, 37.7226591], [-121.858181, 37.7226119], [-121.8581408, 37.7225742], [-121.8581186, 37.7225467], [-121.8580998, 37.7225355], [-121.8580569, 37.722535], [-121.8580348, 37.7225753], [-121.8580167, 37.7226188], [-121.8580087, 37.7226421], [-121.858016, 37.7226676], [-121.8580435, 37.7226766], [-121.8580683, 37.7226708]]]}, "properties": {"course_id": "dublin_ranch_ca", "course_name": "Dublin Ranch Golf Course", "hole_number": 18, "feature_type": "bunker", "name": "hole_18_bunker_2", "feature-color": "#d4b483", "is_approximate": true, "source": "osm", "@id": "dfe760e7-0540-46cd-a69b-c9645847cab4", "osm_id": 667099912}}, {"type": "Feature", "bbox": [-121.8577666, 37.7230622, -121.857609, 37.7232765], "geometry": {"type": "Polygon", "coordinates": [[[-121.857662, 37.7231709], [-121.8576834, 37.7231826], [-121.8576834, 37.7232012], [-121.8576714, 37.723224], [-121.8576653, 37.7232399], [-121.8576761, 37.7232584], [-121.8577056, 37.7232765], [-121.8577451, 37.7232632], [-121.8577619, 37.7232388], [-121.8577666, 37.7232075], [-121.8577498, 37.7231815], [-121.8577364, 37.7231561], [-121.8577196, 37.7231094], [-121.8576989, 37.7230792], [-121.8576754, 37.7230622], [-121.8576486, 37.7230654], [-121.8576305, 37.7230823], [-121.8576224, 37.7231136], [-121.8576124, 37.7231439], [-121.857609, 37.7231646], [-121.857615, 37.723181], [-121.8576325, 37.72319], [-121.8576533, 37.7231762], [-121.857662, 37.7231709]]]}, "properties": {"course_id": "dublin_ranch_ca", "course_name": "Dublin Ranch Golf Course", "hole_number": 18, "feature_type": "bunker", "name": "hole_18_bunker_3", "feature-color": "#d4b483", "is_approximate": true, "source": "osm", "@id": "9f12eb35-63a6-4564-bcbc-a56416dd9759", "osm_id": 667099913}}, {"type": "Feature", "bbox": [-121.8578792, 37.7239543, -121.8577029, 37.7240466], "geometry": {"type": "Polygon", "coordinates": [[[-121.8577538, 37.7240434], [-121.8577719, 37.724037], [-121.8577813, 37.7240248], [-121.857786, 37.7240164], [-121.8578021, 37.7240132], [-121.8578082, 37.7240264], [-121.8578182, 37.7240466], [-121.8578437, 37.7240445], [-121.8578698, 37.724037], [-121.8578792, 37.7240158], [-121.8578766, 37.7239888], [-121.8578652, 37.7239686], [-121.8578269, 37.7239702], [-121.8577921, 37.7239792], [-121.8577673, 37.7239766], [-121.8577592, 37.7239554], [-121.857719, 37.7239543], [-121.8577049, 37.7239665], [-121.8577029, 37.7240036], [-121.8577196, 37.7240317], [-121.8577371, 37.7240408], [-121.8577538, 37.7240434]]]}, "properties": {"course_id": "dublin_ranch_ca", "course_name": "Dublin Ranch Golf Course", "hole_number": 18, "feature_type": "bunker", "name": "hole_18_bunker_4", "feature-color": "#d4b483", "is_approximate": true, "source": "osm", "@id": "7463738e-dbb3-4951-b97d-f3003461efff", "osm_id": 667099914}}, {"type": "Feature", "bbox": [-121.8579724, 37.7241145, -121.8578243, 37.7243044], "geometry": {"type": "Polygon", "coordinates": [[[-121.857896, 37.7241861], [-121.8578947, 37.7242041], [-121.8578725, 37.7242126], [-121.8578484, 37.7242142], [-121.8578471, 37.7242322], [-121.8578524, 37.7242572], [-121.8578658, 37.7242842], [-121.8578839, 37.7242991], [-121.8579081, 37.7243044], [-121.8579235, 37.72429], [-121.8579181, 37.7242651], [-121.8579248, 37.7242566], [-121.8579543, 37.7242503], [-121.8579718, 37.7242423], [-121.8579724, 37.7242222], [-121.8579604, 37.7241808], [-121.857951, 37.7241452], [-121.8579322, 37.724124], [-121.8578953, 37.7241145], [-121.8578638, 37.7241166], [-121.857845, 37.7241262], [-121.8578338, 37.724137], [-121.8578256, 37.7241516], [-121.8578243, 37.7241695], [-121.8578343, 37.7241856], [-121.8578611, 37.7241808], [-121.8578779, 37.724176], [-121.8578906, 37.7241781], [-121.857896, 37.7241861]]]}, "properties": {"course_id": "dublin_ranch_ca", "course_name": "Dublin Ranch Golf Course", "hole_number": 18, "feature_type": "bunker", "name": "hole_18_bunker_5", "feature-color": "#d4b483", "is_approximate": true, "source": "osm", "@id": "e2fca6ea-659d-44a9-b42b-e8188ddc452a", "osm_id": 667099915}}, {"type": "Feature", "bbox": [-121.8587369, 37.7195133, -121.8583909, 37.7197392], "geometry": {"type": "Polygon", "coordinates": [[[-121.8584566, 37.7197382], [-121.858525, 37.7197392], [-121.8586256, 37.7196851], [-121.8586966, 37.7196437], [-121.8587288, 37.7196193], [-121.8587369, 37.7195758], [-121.8586859, 37.7195249], [-121.8586363, 37.7195133], [-121.8585692, 37.7195461], [-121.8585183, 37.7195833], [-121.8584257, 37.7196056], [-121.8583909, 37.7196437], [-121.8584003, 37.7196936], [-121.8584164, 37.7197169], [-121.8584566, 37.7197382]]]}, "properties": {"course_id": "dublin_ranch_ca", "course_name": "Dublin Ranch Golf Course", "hole_number": 17, "feature_type": "green", "name": "hole_17_green", "feature-color": "#2d6e2d", "is_approximate": true, "source": "osm", "@id": "7e018b04-599b-499b-994f-c2db6e56d8fe", "osm_id": 667099916}}, {"type": "Feature", "bbox": [-121.8633167, 37.72787, -121.8629238, 37.7281617], "geometry": {"type": "Polygon", "coordinates": [[[-121.8630888, 37.7281246], [-121.8631934, 37.7281617], [-121.8632577, 37.7281586], [-121.863306, 37.7281225], [-121.8633167, 37.7280588], [-121.8632913, 37.7279941], [-121.8631947, 37.727974], [-121.8631518, 37.7279602], [-121.8630981, 37.7279103], [-121.8630163, 37.72787], [-121.8629573, 37.7278828], [-121.8629251, 37.727939], [-121.8629238, 37.7280175], [-121.8629372, 37.7280769], [-121.8629788, 37.7281129], [-121.8630378, 37.7281161], [-121.8630888, 37.7281246]]]}, "properties": {"course_id": "dublin_ranch_ca", "course_name": "Dublin Ranch Golf Course", "hole_number": 8, "feature_type": "green", "name": "hole_8_green", "feature-color": "#2d6e2d", "is_approximate": true, "source": "osm", "@id": "d05461d0-8fea-4bf2-b55a-5d0150b37028", "osm_id": 667099917}}, {"type": "Feature", "bbox": [-121.864277, 37.7254431, -121.8639632, 37.7258727], "geometry": {"type": "Polygon", "coordinates": [[[-121.8640007, 37.7257178], [-121.8639632, 37.7258239], [-121.8639927, 37.72586], [-121.8640731, 37.7258727], [-121.8641335, 37.7258356], [-121.8641523, 37.7257592], [-121.8641858, 37.7256807], [-121.8642515, 37.7256139], [-121.864277, 37.7255364], [-121.8642475, 37.7254643], [-121.8641657, 37.7254431], [-121.8640946, 37.7254473], [-121.864049, 37.7254972], [-121.8640329, 37.7255545], [-121.8640262, 37.7256096], [-121.8640128, 37.7256658], [-121.8640007, 37.7257178]]]}, "properties": {"course_id": "dublin_ranch_ca", "course_name": "Dublin Ranch Golf Course", "hole_number": 6, "feature_type": "green", "name": "hole_6_green", "feature-color": "#2d6e2d", "is_approximate": true, "source": "osm", "@id": "241a66ba-97c2-4dee-9f96-a5ae86eaa263", "osm_id": 667099918}}, {"type": "Feature", "bbox": [-121.859966, 37.7224003, -121.8596676, 37.7226883], "geometry": {"type": "Polygon", "coordinates": [[[-121.8596931, 37.7225355], [-121.8597145, 37.722579], [-121.8597212, 37.7226135], [-121.8597367, 37.7226464], [-121.8597554, 37.7226792], [-121.8598185, 37.7226883], [-121.8598748, 37.7226771], [-121.8599204, 37.7226427], [-121.8599419, 37.7226114], [-121.8599653, 37.7225631], [-121.859966, 37.7225238], [-121.8599264, 37.7224697], [-121.8598862, 37.7224321], [-121.8598091, 37.7224066], [-121.8597414, 37.7224003], [-121.8596964, 37.7224263], [-121.8596676, 37.7224554], [-121.8596703, 37.7224984], [-121.8596931, 37.7225355]]]}, "properties": {"course_id": "dublin_ranch_ca", "course_name": "Dublin Ranch Golf Course", "hole_number": 1, "feature_type": "green", "name": "hole_1_green", "feature-color": "#2d6e2d", "is_approximate": true, "source": "osm", "@id": "02ad95a9-9c7d-4a18-9cb8-1b88f3502b30", "osm_id": 667099919}}, {"type": "Feature", "bbox": [-121.8609577, 37.7210854, -121.8605675, 37.7212795], "geometry": {"type": "Polygon", "coordinates": [[[-121.8606184, 37.7212106], [-121.8606734, 37.7212254], [-121.860707, 37.721253], [-121.8607874, 37.7212795], [-121.8608411, 37.7212647], [-121.8608934, 37.7212466], [-121.8609309, 37.7212265], [-121.8609551, 37.7211819], [-121.8609577, 37.7211363], [-121.8609336, 37.7210949], [-121.8608531, 37.7210854], [-121.8607901, 37.7210854], [-121.8607177, 37.7210939], [-121.8606707, 37.7211002], [-121.8606171, 37.7210971], [-121.8605675, 37.7211236], [-121.8605675, 37.7211713], [-121.8605849, 37.7211989], [-121.8606184, 37.7212106]]]}, "properties": {"course_id": "dublin_ranch_ca", "course_name": "Dublin Ranch Golf Course", "hole_number": 2, "feature_type": "green", "name": "hole_2_green", "feature-color": "#2d6e2d", "is_approximate": true, "source": "osm", "@id": "35480eea-59ef-47e4-ab1b-1def1d24e578", "osm_id": 667099920}}, {"type": "Feature", "bbox": [-121.8620119, 37.721114, -121.8616645, 37.7214365], "geometry": {"type": "Polygon", "coordinates": [[[-121.8617597, 37.7213029], [-121.8617812, 37.7213421], [-121.8618187, 37.7214185], [-121.8618469, 37.7214365], [-121.861926, 37.7214333], [-121.8620025, 37.7213676], [-121.8620119, 37.7212944], [-121.861926, 37.7212615], [-121.8618563, 37.721235], [-121.8618214, 37.7211936], [-121.8617772, 37.7211331], [-121.8617195, 37.721114], [-121.861686, 37.7211554], [-121.8616645, 37.7212169], [-121.861686, 37.7212456], [-121.8617262, 37.7212721], [-121.8617597, 37.7213029]]]}, "properties": {"course_id": "dublin_ranch_ca", "course_name": "Dublin Ranch Golf Course", "hole_number": 4, "feature_type": "green", "name": "hole_4_green", "feature-color": "#2d6e2d", "is_approximate": true, "source": "osm", "@id": "17827dc2-4138-48ad-b41c-b3a9380f69d6", "osm_id": 667099921}}, {"type": "Feature", "bbox": [-121.8637177, 37.7215023, -121.8633463, 37.7217357], "geometry": {"type": "Polygon", "coordinates": [[[-121.8634401, 37.7216413], [-121.8635447, 37.7216731], [-121.8635796, 37.7217113], [-121.8636386, 37.7217357], [-121.8637137, 37.7216858], [-121.8637177, 37.7216275], [-121.863699, 37.7215617], [-121.8636239, 37.7215267], [-121.8635394, 37.7215129], [-121.8634616, 37.7215023], [-121.863365, 37.721514], [-121.8633463, 37.7215766], [-121.8633677, 37.7216158], [-121.8634401, 37.7216413]]]}, "properties": {"course_id": "dublin_ranch_ca", "course_name": "Dublin Ranch Golf Course", "hole_number": 3, "feature_type": "green", "name": "hole_3_green", "feature-color": "#2d6e2d", "is_approximate": true, "source": "osm", "@id": "7a8be3c2-85f5-45f6-810e-75e9baa69677", "osm_id": 667099922}}, {"type": "Feature", "bbox": [-121.8652761, 37.7250973, -121.8649234, 37.7253614], "geometry": {"type": "Polygon", "coordinates": [[[-121.8649234, 37.7252214], [-121.8649596, 37.7252808], [-121.8650226, 37.7253211], [-121.8651286, 37.7253614], [-121.8652184, 37.7253476], [-121.8652761, 37.7253116], [-121.8652761, 37.7252521], [-121.8652171, 37.7251832], [-121.8651554, 37.7251503], [-121.865087, 37.7250973], [-121.8650119, 37.7251132], [-121.8649529, 37.7251609], [-121.8649234, 37.7252214]]]}, "properties": {"course_id": "dublin_ranch_ca", "course_name": "Dublin Ranch Golf Course", "hole_number": 5, "feature_type": "green", "name": "hole_5_green", "feature-color": "#2d6e2d", "is_approximate": true, "source": "osm", "@id": "a6154c7f-013f-46a5-a3ee-9caddc467579", "osm_id": 667099923}}, {"type": "Feature", "bbox": [-121.8640825, 37.7271636, -121.8637231, 37.7273864], "geometry": {"type": "Polygon", "coordinates": [[[-121.863758, 37.7273757], [-121.8638586, 37.7273864], [-121.8639162, 37.727362], [-121.8640248, 37.7273598], [-121.8640825, 37.7273259], [-121.8640758, 37.7272675], [-121.8640021, 37.7271944], [-121.8639444, 37.7271721], [-121.8638679, 37.7271731], [-121.8638183, 37.7271636], [-121.8637767, 37.7271668], [-121.8637472, 37.7272145], [-121.8637325, 37.7272622], [-121.8637231, 37.7273132], [-121.8637365, 37.7273471], [-121.863758, 37.7273757]]]}, "properties": {"course_id": "dublin_ranch_ca", "course_name": "Dublin Ranch Golf Course", "hole_number": 7, "feature_type": "green", "name": "hole_7_green", "feature-color": "#2d6e2d", "is_approximate": true, "source": "osm", "@id": "49004257-a18a-48e6-9905-f46ba0ddaa09", "osm_id": 667099924}}, {"type": "Feature", "bbox": [-121.8594195, 37.7268974, -121.8590252, 37.7271074], "geometry": {"type": "Polygon", "coordinates": [[[-121.8590319, 37.7270586], [-121.8591003, 37.7270883], [-121.8591821, 37.7270756], [-121.8592237, 37.7270628], [-121.859272, 37.7270692], [-121.8593203, 37.7270978], [-121.8593699, 37.7271074], [-121.8594088, 37.7270734], [-121.8594195, 37.7270257], [-121.8593967, 37.7269705], [-121.8593042, 37.7269228], [-121.8592076, 37.7268974], [-121.8591338, 37.7268984], [-121.8590681, 37.7269164], [-121.8590333, 37.726961], [-121.8590252, 37.7270077], [-121.8590319, 37.7270586]]]}, "properties": {"course_id": "dublin_ranch_ca", "course_name": "Dublin Ranch Golf Course", "hole_number": 9, "feature_type": "green", "name": "hole_9_green", "feature-color": "#2d6e2d", "is_approximate": true, "source": "osm", "@id": "6b6efaa3-d720-4010-9023-ecb4268cebce", "osm_id": 667099925}}, {"type": "Feature", "bbox": [-121.8538633, 37.7256828, -121.8533818, 37.7258695], "geometry": {"type": "Polygon", "coordinates": [[[-121.8535522, 37.7258568], [-121.8536192, 37.7258695], [-121.8536849, 37.7258493], [-121.8537413, 37.7258303], [-121.8538123, 37.7258186], [-121.8538553, 37.7257815], [-121.8538633, 37.7257115], [-121.8538392, 37.7256828], [-121.8537305, 37.7256839], [-121.8536219, 37.7257083], [-121.8535347, 37.7257189], [-121.8534355, 37.7256977], [-121.8533872, 37.7257178], [-121.8533818, 37.7257783], [-121.8534073, 37.7258006], [-121.8534744, 37.7258175], [-121.853516, 37.7258366], [-121.8535522, 37.7258568]]]}, "properties": {"course_id": "dublin_ranch_ca", "course_name": "Dublin Ranch Golf Course", "hole_number": 10, "feature_type": "green", "name": "hole_10_green", "feature-color": "#2d6e2d", "is_approximate": true, "source": "osm", "@id": "660d1ac1-c55f-4f10-8257-25fc95250573", "osm_id": 667099926}}, {"type": "Feature", "bbox": [-121.8578511, 37.724063, -121.8575225, 37.7243919], "geometry": {"type": "Polygon", "coordinates": [[[-121.857554, 37.7242386], [-121.8575681, 37.7242747], [-121.857611, 37.7243049], [-121.8576566, 37.7243431], [-121.8576948, 37.7243738], [-121.8577424, 37.7243919], [-121.8578015, 37.7243786], [-121.857837, 37.7243574], [-121.8578511, 37.724316], [-121.8577974, 37.7242556], [-121.8577746, 37.7242163], [-121.8577706, 37.7241378], [-121.8577478, 37.7240869], [-121.8576888, 37.724063], [-121.8576016, 37.7240843], [-121.8575359, 37.7241383], [-121.8575225, 37.7241771], [-121.8575379, 37.7242094], [-121.857554, 37.7242386]]]}, "properties": {"course_id": "dublin_ranch_ca", "course_name": "Dublin Ranch Golf Course", "hole_number": 18, "feature_type": "green", "name": "hole_18_green", "feature-color": "#2d6e2d", "is_approximate": true, "source": "osm", "@id": "994b0458-e3f3-42d6-884f-87f33f08f50a", "osm_id": 667099927}}, {"type": "Feature", "bbox": [-121.858466, 37.7186036, -121.8581381, 37.7188396], "geometry": {"type": "Polygon", "coordinates": [[[-121.8582541, 37.7188184], [-121.858307, 37.7188264], [-121.8583426, 37.718837], [-121.8583768, 37.7188396], [-121.8584459, 37.7188078], [-121.858466, 37.7187563], [-121.8584385, 37.7187187], [-121.8583936, 37.7186932], [-121.8583634, 37.7186593], [-121.858307, 37.7186137], [-121.85824, 37.7186036], [-121.858181, 37.7186391], [-121.8581428, 37.7186794], [-121.8581381, 37.7187118], [-121.8581595, 37.718759], [-121.8582058, 37.7187951], [-121.8582413, 37.7188158], [-121.8582541, 37.7188184]]]}, "properties": {"course_id": "dublin_ranch_ca", "course_name": "Dublin Ranch Golf Course", "hole_number": 16, "feature_type": "green", "name": "hole_16_green", "feature-color": "#2d6e2d", "is_approximate": true, "source": "osm", "@id": "bd278b50-3b96-4f0b-b1a3-ee42f20b86a0", "osm_id": 667099928}}, {"type": "Feature", "bbox": [-121.8560265, 37.7173926, -121.8556523, 37.7177926], "geometry": {"type": "Polygon", "coordinates": [[[-121.8557771, 37.7177268], [-121.8557824, 37.7177629], [-121.8558937, 37.7177926], [-121.8559809, 37.7177915], [-121.8560265, 37.7177554], [-121.8560144, 37.7176939], [-121.8559809, 37.717644], [-121.8559809, 37.7175931], [-121.8559836, 37.7175104], [-121.8559742, 37.7174298], [-121.8559192, 37.7173926], [-121.8558052, 37.7174085], [-121.8557033, 37.7174446], [-121.8556657, 37.7174955], [-121.8556523, 37.717539], [-121.8556939, 37.7175995], [-121.8557315, 37.7176557], [-121.8557771, 37.7177268]]]}, "properties": {"course_id": "dublin_ranch_ca", "course_name": "Dublin Ranch Golf Course", "hole_number": 15, "feature_type": "green", "name": "hole_15_green", "feature-color": "#2d6e2d", "is_approximate": true, "source": "osm", "@id": "875fece8-dd85-4d8a-bcbc-ffedd5c3ac9a", "osm_id": 667099930}}, {"type": "Feature", "bbox": [-121.8562545, 37.7191123, -121.8559474, 37.719387], "geometry": {"type": "Polygon", "coordinates": [[[-121.8560714, 37.719387], [-121.8561626, 37.7193679], [-121.8562183, 37.7193239], [-121.8562478, 37.7192767], [-121.8562545, 37.7192152], [-121.8562022, 37.7191398], [-121.8561519, 37.7191234], [-121.8560915, 37.7191123], [-121.8560466, 37.7191144], [-121.8560272, 37.7191526], [-121.8560091, 37.7191982], [-121.8559755, 37.7192412], [-121.8559474, 37.7192921], [-121.8559514, 37.7193234], [-121.8559977, 37.7193642], [-121.8560299, 37.7193801], [-121.8560714, 37.719387]]]}, "properties": {"course_id": "dublin_ranch_ca", "course_name": "Dublin Ranch Golf Course", "hole_number": 14, "feature_type": "green", "name": "hole_14_green", "feature-color": "#2d6e2d", "is_approximate": true, "source": "osm", "@id": "29f6519b-86ba-4982-93ff-d6b574647fb2", "osm_id": 667099934}}, {"type": "Feature", "bbox": [-121.8535394, 37.7203163, -121.8530989, 37.720547], "geometry": {"type": "Polygon", "coordinates": [[[-121.8531062, 37.720529], [-121.8531518, 37.720547], [-121.8532155, 37.7205391], [-121.8532833, 37.7205232], [-121.8533128, 37.7205046], [-121.853359, 37.7204876], [-121.8533919, 37.7204813], [-121.853465, 37.7204855], [-121.8535079, 37.7204728], [-121.8535294, 37.7204505], [-121.8535394, 37.7204139], [-121.8535206, 37.7203678], [-121.8534791, 37.7203381], [-121.8534201, 37.7203163], [-121.8533564, 37.7203237], [-121.8533041, 37.7203715], [-121.8532672, 37.720398], [-121.8532088, 37.7204288], [-121.8531378, 37.7204457], [-121.8531056, 37.7204712], [-121.8530989, 37.7205009], [-121.8531062, 37.720529]]]}, "properties": {"course_id": "dublin_ranch_ca", "course_name": "Dublin Ranch Golf Course", "hole_number": 13, "feature_type": "green", "name": "hole_13_green", "feature-color": "#2d6e2d", "is_approximate": true, "source": "osm", "@id": "58bd9091-a573-497f-95de-78f0bb095872", "osm_id": 667099938}}, {"type": "Feature", "bbox": [-121.8518268, 37.7213129, -121.8515056, 37.7216063], "geometry": {"type": "Polygon", "coordinates": [[[-121.8516351, 37.7216063], [-121.8516746, 37.7215893], [-121.8516954, 37.7215553], [-121.8517128, 37.7215134], [-121.8517283, 37.7214827], [-121.8517484, 37.7214673], [-121.8517906, 37.7214381], [-121.8518268, 37.7213967], [-121.8518141, 37.7213527], [-121.8517879, 37.7213235], [-121.8517457, 37.7213129], [-121.8516981, 37.7213193], [-121.8516458, 37.7213209], [-121.8516062, 37.7213167], [-121.8515613, 37.7213262], [-121.8515526, 37.7213479], [-121.8515459, 37.721392], [-121.8515452, 37.7214302], [-121.8515318, 37.7214673], [-121.8515056, 37.7215209], [-121.8515097, 37.7215569], [-121.8515539, 37.7215893], [-121.8516029, 37.7216004], [-121.8516351, 37.7216063]]]}, "properties": {"course_id": "dublin_ranch_ca", "course_name": "Dublin Ranch Golf Course", "hole_number": 12, "feature_type": "green", "name": "hole_12_green", "feature-color": "#2d6e2d", "is_approximate": true, "source": "osm", "@id": "c52f75c2-5804-45c1-a993-5069dd2072ba", "osm_id": 667099941}}, {"type": "Feature", "bbox": [-121.8516947, 37.7247377, -121.8513608, 37.7250676], "geometry": {"type": "Polygon", "coordinates": [[[-121.8515566, 37.7250676], [-121.8516129, 37.7250495], [-121.8516599, 37.7250103], [-121.8516625, 37.7249838], [-121.8516733, 37.7249392], [-121.8516639, 37.7249042], [-121.8516666, 37.7248766], [-121.8516921, 37.7248374], [-121.8516947, 37.7248066], [-121.8516733, 37.7247684], [-121.8516129, 37.7247419], [-121.8515298, 37.7247377], [-121.8514802, 37.7247663], [-121.8514466, 37.7248056], [-121.8514319, 37.7248395], [-121.851401, 37.7248989], [-121.8513688, 37.724935], [-121.8513608, 37.7249817], [-121.8513903, 37.7250156], [-121.8514426, 37.7250432], [-121.851511, 37.7250633], [-121.8515566, 37.7250676]]]}, "properties": {"course_id": "dublin_ranch_ca", "course_name": "Dublin Ranch Golf Course", "hole_number": 11, "feature_type": "green", "name": "hole_11_green", "feature-color": "#2d6e2d", "is_approximate": true, "source": "osm", "@id": "dabf3645-ae9c-4684-9ef8-9bf31f1b6000", "osm_id": 667099945}}, {"type": "Feature", "bbox": [-121.8584847, 37.7212657, -121.8573716, 37.7241808], "geometry": {"type": "Polygon", "coordinates": [[[-121.8581843, 37.722405], [-121.8582138, 37.7225281], [-121.8583211, 37.7225578], [-121.8583855, 37.7224623], [-121.8583801, 37.7222586], [-121.8583694, 37.7221377], [-121.8584043, 37.7220104], [-121.8583962, 37.7218895], [-121.8583721, 37.7217686], [-121.8583828, 37.7216497], [-121.8584499, 37.7215034], [-121.8584847, 37.7213485], [-121.8583372, 37.7212657], [-121.8581924, 37.7213103], [-121.8580315, 37.7214312], [-121.8579376, 37.7215649], [-121.8578437, 37.7218089], [-121.8577525, 37.7219128], [-121.8577632, 37.7221547], [-121.8577471, 37.7223223], [-121.8576667, 37.7225854], [-121.8575808, 37.7228039], [-121.8575165, 37.7229651], [-121.857436, 37.72326], [-121.8574494, 37.7235252], [-121.8574199, 37.7237013], [-121.857385, 37.7238159], [-121.8573743, 37.723905], [-121.8573716, 37.7240429], [-121.8574145, 37.7241808], [-121.8575084, 37.7240938], [-121.8575969, 37.723992], [-121.8576881, 37.7238944], [-121.8577337, 37.7238541], [-121.8577686, 37.7237056], [-121.8577632, 37.7235677], [-121.8577552, 37.7234786], [-121.857782, 37.7234085], [-121.8577847, 37.723364], [-121.8576157, 37.7232685], [-121.8575728, 37.72319], [-121.8575782, 37.7230691], [-121.8576291, 37.7230203], [-121.8576694, 37.7230118], [-121.857782, 37.7230882], [-121.8578249, 37.7232049], [-121.8578544, 37.7233025], [-121.8578893, 37.723381], [-121.8579108, 37.7235104], [-121.8579027, 37.7236419], [-121.8578893, 37.7237353], [-121.8578678, 37.7238286], [-121.8578759, 37.7239113], [-121.8579242, 37.7239474], [-121.8580207, 37.7239601], [-121.8581012, 37.7238095], [-121.8581817, 37.7235464], [-121.8581468, 37.723417], [-121.8581307, 37.7233258], [-121.8581146, 37.7232388], [-121.8581736, 37.7230776], [-121.8582085, 37.722963], [-121.8582085, 37.7229036], [-121.8581039, 37.7227806], [-121.85801, 37.7227275], [-121.8579671, 37.7226893], [-121.8579805, 37.7225323], [-121.8580315, 37.7223605], [-121.8581039, 37.722195], [-121.85812, 37.7221101], [-121.8581361, 37.7220189], [-121.8581656, 37.7218301], [-121.8581763, 37.7216752], [-121.8581897, 37.7216222], [-121.8582219, 37.7216243], [-121.8582729, 37.7217495], [-121.8582648, 37.7218513], [-121.8582702, 37.7219701], [-121.8582433, 37.7221123], [-121.858246, 37.7222396], [-121.8582326, 37.7223138], [-121.8581843, 37.722405]]]}, "properties": {"course_id": "dublin_ranch_ca", "course_name": "Dublin Ranch Golf Course", "hole_number": 18, "feature_type": "fairway", "name": "hole_18_fairway", "feature-color": "#4a7c3f", "is_approximate": true, "source": "osm", "@id": "6c5959f0-e5f0-431a-a745-5274fec62343", "osm_id": 667101797}}, {"type": "Feature", "bbox": [-121.8585062, 37.7196347, -121.8583124, 37.7197912], "geometry": {"type": "Polygon", "coordinates": [[[-121.8583674, 37.7196384], [-121.8583708, 37.7196703], [-121.8583822, 37.719701], [-121.8584177, 37.7197387], [-121.8584532, 37.7197551], [-121.8584847, 37.7197604], [-121.8585062, 37.7197578], [-121.8584505, 37.7197859], [-121.8584029, 37.7197912], [-121.8583714, 37.7197891], [-121.8583205, 37.7197546], [-121.8583124, 37.7197095], [-121.8583225, 37.7196734], [-121.8583446, 37.7196437], [-121.8583567, 37.7196347], [-121.8583674, 37.7196384]]]}, "properties": {"course_id": "dublin_ranch_ca", "course_name": "Dublin Ranch Golf Course", "hole_number": 17, "feature_type": "fairway", "name": "hole_17_fairway", "feature-color": "#4a7c3f", "is_approximate": true, "source": "osm", "@id": "d27d3987-53dd-4a0e-bbf2-00734deacd55", "osm_id": 667101798}}, {"type": "Feature", "bbox": [-121.8583828, 37.717818, -121.8569076, 37.7188852], "geometry": {"type": "Polygon", "coordinates": [[[-121.8569599, 37.717818], [-121.8569076, 37.7178955], [-121.8569237, 37.7180047], [-121.8569841, 37.7181289], [-121.857098, 37.7182753], [-121.8572469, 37.7183877], [-121.8574414, 37.7184567], [-121.8575634, 37.7184917], [-121.8577538, 37.7185956], [-121.8578437, 37.7186603], [-121.8579201, 37.7187261], [-121.8580449, 37.7188343], [-121.8581133, 37.7188693], [-121.8582085, 37.7188852], [-121.8583439, 37.7188789], [-121.8583828, 37.7188715], [-121.8583211, 37.7188481], [-121.8582058, 37.7188205], [-121.858132, 37.718759], [-121.8581039, 37.7186784], [-121.8581709, 37.7186147], [-121.8582004, 37.7185946], [-121.8582299, 37.7185723], [-121.8581092, 37.7185246], [-121.8580274, 37.7185288], [-121.8579282, 37.7185086], [-121.8578544, 37.7184673], [-121.8577458, 37.7183697], [-121.8576935, 37.7183294], [-121.8575728, 37.7182848], [-121.857428, 37.7182222], [-121.8574105, 37.718201], [-121.8574119, 37.718114], [-121.857381, 37.7180122], [-121.8573327, 37.7179559], [-121.8572348, 37.7178923], [-121.857094, 37.7178308], [-121.8570524, 37.717818], [-121.8569599, 37.717818]]]}, "properties": {"course_id": "dublin_ranch_ca", "course_name": "Dublin Ranch Golf Course", "hole_number": 16, "feature_type": "fairway", "name": "hole_16_fairway", "feature-color": "#4a7c3f", "is_approximate": true, "source": "osm", "@id": "018e165c-8d7e-41ca-bf3e-be4373ffb383", "osm_id": 667101799}}, {"type": "Feature", "bbox": [-121.8562451, 37.7175602, -121.8556134, 37.7182296], "geometry": {"type": "Polygon", "coordinates": [[[-121.8556134, 37.7175613], [-121.8556188, 37.7177035], [-121.8556631, 37.7177809], [-121.8557502, 37.7179008], [-121.8558589, 37.7180461], [-121.8559393, 37.7181448], [-121.8560493, 37.7182286], [-121.8561271, 37.7182296], [-121.8561874, 37.7181755], [-121.856233, 37.7181023], [-121.8562451, 37.71801], [-121.8562277, 37.7178912], [-121.8561244, 37.717783], [-121.8560694, 37.7177385], [-121.8560413, 37.7177088], [-121.8560413, 37.7177798], [-121.8559957, 37.7178148], [-121.8559165, 37.7178255], [-121.8558307, 37.7178053], [-121.8557677, 37.7177862], [-121.8557489, 37.7177363], [-121.8557221, 37.7176886], [-121.8556899, 37.7176228], [-121.8556349, 37.7175602], [-121.8556134, 37.7175613]]]}, "properties": {"course_id": "dublin_ranch_ca", "course_name": "Dublin Ranch Golf Course", "hole_number": 15, "feature_type": "fairway", "name": "hole_15_fairway", "feature-color": "#4a7c3f", "is_approximate": true, "source": "osm", "@id": "3b38f48d-9780-4d8a-865a-99ce8791eb60", "osm_id": 667101800}}, {"type": "Feature", "bbox": [-121.8563531, 37.7191473, -121.8556074, 37.7194979], "geometry": {"type": "Polygon", "coordinates": [[[-121.8559112, 37.719317], [-121.8558609, 37.7193419], [-121.8557636, 37.7193547], [-121.8556248, 37.7193695], [-121.8556074, 37.7193997], [-121.8556838, 37.7194533], [-121.855773, 37.7194629], [-121.8558736, 37.7194714], [-121.8559963, 37.7194979], [-121.8560667, 37.7194735], [-121.8562257, 37.7194247], [-121.8563215, 37.7193929], [-121.8563517, 37.7193568], [-121.8563531, 37.7192963], [-121.8563028, 37.7192173], [-121.8562686, 37.719177], [-121.8562371, 37.7191473], [-121.8562686, 37.7192173], [-121.8562686, 37.7192868], [-121.8562471, 37.7193377], [-121.8561894, 37.7193706], [-121.8561184, 37.7193934], [-121.8560453, 37.7193987], [-121.8559843, 37.7193732], [-121.85594, 37.7193297], [-121.8559112, 37.719317]]]}, "properties": {"course_id": "dublin_ranch_ca", "course_name": "Dublin Ranch Golf Course", "hole_number": 14, "feature_type": "fairway", "name": "hole_14_fairway", "feature-color": "#4a7c3f", "is_approximate": true, "source": "osm", "@id": "a6e35cae-a00f-488d-9f5d-f0f7e1420c40", "osm_id": 667101801}}, {"type": "Feature", "bbox": [-121.8518798, 37.7213633, -121.8513246, 37.7220719], "geometry": {"type": "Polygon", "coordinates": [[[-121.8515378, 37.7220433], [-121.8516572, 37.7220719], [-121.8517752, 37.7220677], [-121.8518423, 37.7219818], [-121.8518744, 37.7218895], [-121.8518798, 37.7218004], [-121.8518074, 37.7217325], [-121.8517618, 37.7216466], [-121.8517376, 37.7215967], [-121.8517256, 37.7215331], [-121.8517055, 37.7215872], [-121.8516518, 37.7216328], [-121.85157, 37.7216222], [-121.851507, 37.7215935], [-121.8514761, 37.7215373], [-121.8514976, 37.7214864], [-121.8515137, 37.7214185], [-121.8515056, 37.7213633], [-121.8514493, 37.7214068], [-121.8514319, 37.7214821], [-121.851397, 37.7215511], [-121.8513581, 37.721619], [-121.8513246, 37.7217038], [-121.8513434, 37.7218481], [-121.8513984, 37.7219372], [-121.851452, 37.7219945], [-121.8515378, 37.7220433]]]}, "properties": {"course_id": "dublin_ranch_ca", "course_name": "Dublin Ranch Golf Course", "hole_number": 12, "feature_type": "fairway", "name": "hole_12_fairway", "feature-color": "#4a7c3f", "is_approximate": true, "source": "osm", "@id": "8b2e582f-5745-4161-817c-10965dd82e29", "osm_id": 667101802}}, {"type": "Feature", "bbox": [-121.8521923, 37.7225196, -121.8515915, 37.7235655], "geometry": {"type": "Polygon", "coordinates": [[[-121.8518919, 37.7235549], [-121.8520555, 37.7235655], [-121.8521521, 37.7234934], [-121.8521735, 37.7233852], [-121.8521923, 37.7232685], [-121.8521547, 37.723173], [-121.8521011, 37.7231052], [-121.8520233, 37.7230182], [-121.8520072, 37.7229354], [-121.8520072, 37.7228421], [-121.8520555, 37.7227784], [-121.8520716, 37.7226745], [-121.8520072, 37.7225684], [-121.8519267, 37.7225238], [-121.8517604, 37.7225196], [-121.8516424, 37.7226066], [-121.8515915, 37.7227105], [-121.8516022, 37.7228336], [-121.8516558, 37.7229482], [-121.8517229, 37.7231009], [-121.8518114, 37.7232876], [-121.8518543, 37.7234276], [-121.8518919, 37.7235549]]]}, "properties": {"course_id": "dublin_ranch_ca", "course_name": "Dublin Ranch Golf Course", "hole_number": 12, "feature_type": "fairway", "name": "hole_12_fairway_2", "feature-color": "#4a7c3f", "is_approximate": true, "source": "osm", "@id": "7c9fc400-5701-4a30-8441-db619fb01911", "osm_id": 667101803}}, {"type": "Feature", "bbox": [-121.85191, 37.7249472, -121.8514158, 37.7252113], "geometry": {"type": "Polygon", "coordinates": [[[-121.8514158, 37.7250533], [-121.8514855, 37.7250729], [-121.851562, 37.7250888], [-121.8516304, 37.7251105], [-121.8516726, 37.7251339], [-121.8517289, 37.7251768], [-121.8517832, 37.7252113], [-121.8518476, 37.7252102], [-121.8519046, 37.7251795], [-121.8519086, 37.725136], [-121.85191, 37.7250957], [-121.8518805, 37.7250533], [-121.8518382, 37.7250315], [-121.8517846, 37.7250151], [-121.8517423, 37.7250066], [-121.8517061, 37.7249721], [-121.8516853, 37.7249472], [-121.8516833, 37.7249764], [-121.8516713, 37.7250193], [-121.8516243, 37.7250554], [-121.851562, 37.7250761], [-121.8514875, 37.7250665], [-121.8514158, 37.7250533]]]}, "properties": {"course_id": "dublin_ranch_ca", "course_name": "Dublin Ranch Golf Course", "hole_number": 11, "feature_type": "fairway", "name": "hole_11_fairway", "feature-color": "#4a7c3f", "is_approximate": true, "source": "osm", "@id": "b26c8c47-d41a-4b4f-be3b-c8933a4eaf99", "osm_id": 667101804}}, {"type": "Feature", "bbox": [-121.8544802, 37.7255152, -121.853532, 37.7258303], "geometry": {"type": "Polygon", "coordinates": [[[-121.8538512, 37.7258303], [-121.8540216, 37.7258027], [-121.8541449, 37.7257772], [-121.8542911, 37.7257433], [-121.8543796, 37.7256977], [-121.8544453, 37.7256234], [-121.8544802, 37.7255587], [-121.8544118, 37.7255205], [-121.8543153, 37.7255152], [-121.8542013, 37.7255237], [-121.8540671, 37.725529], [-121.8539169, 37.725547], [-121.8538257, 37.7255492], [-121.853705, 37.725564], [-121.8536608, 37.7255895], [-121.8536192, 37.7256255], [-121.853575, 37.7256627], [-121.853532, 37.7256934], [-121.8535978, 37.7256881], [-121.8537037, 37.7256595], [-121.8538365, 37.7256595], [-121.8538754, 37.7256786], [-121.8538861, 37.7257146], [-121.8538848, 37.7257677], [-121.85387, 37.7258016], [-121.8538512, 37.7258303]]]}, "properties": {"course_id": "dublin_ranch_ca", "course_name": "Dublin Ranch Golf Course", "hole_number": 10, "feature_type": "fairway", "name": "hole_10_fairway", "feature-color": "#4a7c3f", "is_approximate": true, "source": "osm", "@id": "6caf9653-61a4-445d-a42f-eb363a8c85d1", "osm_id": 667101805}}, {"type": "Feature", "bbox": [-121.8558522, 37.7256913, -121.8545795, 37.726157], "geometry": {"type": "Polygon", "coordinates": [[[-121.8553935, 37.726106], [-121.8555491, 37.7261432], [-121.8556805, 37.726157], [-121.855769, 37.7261262], [-121.855832, 37.726053], [-121.8558522, 37.7259809], [-121.8557811, 37.7259003], [-121.8556644, 37.7258547], [-121.8556014, 37.725809], [-121.855541, 37.7257645], [-121.8554713, 37.7257539], [-121.8553694, 37.7257762], [-121.8552956, 37.7258069], [-121.8552232, 37.7258112], [-121.8551078, 37.7257899], [-121.8550327, 37.7257358], [-121.8549657, 37.7256977], [-121.8548758, 37.7256913], [-121.8547404, 37.7257199], [-121.8546304, 37.7257899], [-121.8545795, 37.7258727], [-121.8546492, 37.7259363], [-121.8547753, 37.7259512], [-121.8549201, 37.7259469], [-121.8550596, 37.7259777], [-121.8551923, 37.7260382], [-121.8552594, 37.7260806], [-121.8553935, 37.726106]]]}, "properties": {"course_id": "dublin_ranch_ca", "course_name": "Dublin Ranch Golf Course", "hole_number": 10, "feature_type": "fairway", "name": "hole_10_fairway_2", "feature-color": "#4a7c3f", "is_approximate": true, "source": "osm", "@id": "5c2d25ca-0e05-4688-8d5b-b11d0066ad74", "osm_id": 667101806}}, {"type": "Feature", "bbox": [-121.8613574, 37.7269196, -121.8593149, 37.7281172], "geometry": {"type": "Polygon", "coordinates": [[[-121.8613574, 37.7280843], [-121.8613413, 37.7279793], [-121.8612769, 37.7279146], [-121.8610409, 37.7278361], [-121.8608853, 37.7277958], [-121.8606707, 37.7277894], [-121.8605742, 37.7277831], [-121.8604642, 37.7277088], [-121.8603998, 37.7276197], [-121.860204, 37.7274924], [-121.8601128, 37.7274054], [-121.8599063, 37.7273227], [-121.8597212, 37.7272463], [-121.8596274, 37.7272081], [-121.8596059, 37.7271275], [-121.8595764, 37.7270596], [-121.8594959, 37.7269536], [-121.8593699, 37.7269196], [-121.8594396, 37.7269854], [-121.8594611, 37.7270554], [-121.8594034, 37.7271212], [-121.8593511, 37.7271233], [-121.8593149, 37.7271212], [-121.8593766, 37.7272569], [-121.8594798, 37.727362], [-121.8596542, 37.727467], [-121.8598795, 37.7276059], [-121.8600163, 37.7277184], [-121.8601544, 37.7278499], [-121.8602496, 37.7279167], [-121.8603931, 37.7279899], [-121.8606292, 37.7280249], [-121.8608518, 37.7280451], [-121.8610717, 37.7280875], [-121.8611991, 37.7281172], [-121.8612689, 37.7281151], [-121.8613574, 37.7280843]]]}, "properties": {"course_id": "dublin_ranch_ca", "course_name": "Dublin Ranch Golf Course", "hole_number": 9, "feature_type": "fairway", "name": "hole_9_fairway", "feature-color": "#4a7c3f", "is_approximate": true, "source": "osm", "@id": "6fda18b4-09a0-40df-9749-0e4ad2dd2f39", "osm_id": 667101807}}, {"type": "Feature", "bbox": [-121.8632685, 37.727712, -121.8627213, 37.7281564], "geometry": {"type": "Polygon", "coordinates": [[[-121.8632685, 37.7279379], [-121.8631665, 37.7278743], [-121.8630847, 37.7278499], [-121.8629667, 37.7277947], [-121.8628755, 37.7277417], [-121.8628031, 37.727712], [-121.8627629, 37.7277205], [-121.862736, 37.7277735], [-121.8627374, 37.7278446], [-121.8627213, 37.7279114], [-121.8627401, 37.7279793], [-121.8627843, 37.7280323], [-121.8628353, 37.7280705], [-121.8629064, 37.7281214], [-121.8629412, 37.7281373], [-121.8630432, 37.7281522], [-121.8630821, 37.7281564], [-121.8630512, 37.7281363], [-121.8629587, 37.7281172], [-121.8628997, 37.7280695], [-121.8628997, 37.7279846], [-121.862901, 37.7279263], [-121.8629439, 37.7278669], [-121.8630056, 37.7278552], [-121.8630861, 37.7278796], [-121.8631089, 37.7278976], [-121.8631545, 37.7279379], [-121.8631893, 37.7279549], [-121.8632363, 37.7279613], [-121.8632685, 37.7279379]]]}, "properties": {"course_id": "dublin_ranch_ca", "course_name": "Dublin Ranch Golf Course", "hole_number": 8, "feature_type": "fairway", "name": "hole_8_fairway", "feature-color": "#4a7c3f", "is_approximate": true, "source": "osm", "@id": "55aa30ab-f23c-4aee-b6ec-d22face72c8a", "osm_id": 667101808}}, {"type": "Feature", "bbox": [-121.8638559, 37.7271678, -121.8635353, 37.7274882], "geometry": {"type": "Polygon", "coordinates": [[[-121.8636426, 37.7274829], [-121.8637191, 37.7274882], [-121.8637754, 37.7274585], [-121.8638237, 37.7274203], [-121.8638559, 37.7274044], [-121.8637821, 37.7274001], [-121.8637218, 37.7273789], [-121.8636923, 37.72731], [-121.8636976, 37.7272495], [-121.8637298, 37.7271975], [-121.8637446, 37.7271678], [-121.8636614, 37.7271816], [-121.8635917, 37.7271848], [-121.8635501, 37.7272081], [-121.8635353, 37.7272739], [-121.8635595, 37.727328], [-121.8636024, 37.7274065], [-121.8636172, 37.7274574], [-121.8636426, 37.7274829]]]}, "properties": {"course_id": "dublin_ranch_ca", "course_name": "Dublin Ranch Golf Course", "hole_number": 7, "feature_type": "fairway", "name": "hole_7_fairway", "feature-color": "#4a7c3f", "is_approximate": true, "source": "osm", "@id": "728da18b-102b-4ef6-86cf-8d9bf41281c5", "osm_id": 667101809}}, {"type": "Feature", "bbox": [-121.8643333, 37.7256372, -121.8639605, 37.7259872], "geometry": {"type": "Polygon", "coordinates": [[[-121.8639672, 37.7258875], [-121.8640181, 37.7259194], [-121.864163, 37.725983], [-121.8642448, 37.7259872], [-121.8643118, 37.7259459], [-121.8643333, 37.7258907], [-121.8642609, 37.7258207], [-121.8642113, 37.7258006], [-121.8642113, 37.7257624], [-121.8642475, 37.7257061], [-121.8642689, 37.7256563], [-121.8642703, 37.7256372], [-121.8642274, 37.7256616], [-121.8641938, 37.725721], [-121.864171, 37.7257974], [-121.8641603, 37.725844], [-121.8641335, 37.7258695], [-121.8640879, 37.7258854], [-121.8640208, 37.7258812], [-121.8639605, 37.7258653], [-121.8639672, 37.7258875]]]}, "properties": {"course_id": "dublin_ranch_ca", "course_name": "Dublin Ranch Golf Course", "hole_number": 6, "feature_type": "fairway", "name": "hole_6_fairway", "feature-color": "#4a7c3f", "is_approximate": true, "source": "osm", "@id": "e17e9ae6-1773-45d5-a092-b66eb422a2d9", "osm_id": 667101810}}, {"type": "Feature", "bbox": [-121.8650106, 37.7224772, -121.8627924, 37.7251715], "geometry": {"type": "Polygon", "coordinates": [[[-121.8630016, 37.7224793], [-121.8628326, 37.7224793], [-121.8627924, 37.7225451], [-121.8627977, 37.7226108], [-121.8628809, 37.7227296], [-121.8630204, 37.722823], [-121.8631947, 37.722876], [-121.8633208, 37.7229291], [-121.86342, 37.7230033], [-121.8634576, 37.723067], [-121.8634576, 37.7231497], [-121.8634388, 37.7232049], [-121.8634415, 37.7233258], [-121.8634897, 37.7234128], [-121.8635863, 37.7235083], [-121.8638063, 37.7236546], [-121.8639001, 37.7237183], [-121.8639967, 37.723765], [-121.8640503, 37.7237883], [-121.864222, 37.7239389], [-121.8643239, 37.7240577], [-121.8643668, 37.7241532], [-121.8644071, 37.7242423], [-121.8644741, 37.7242805], [-121.864576, 37.7243378], [-121.8646351, 37.7243993], [-121.8646699, 37.7244884], [-121.8646351, 37.7245499], [-121.86456, 37.7245945], [-121.8645036, 37.7246475], [-121.8644795, 37.7247345], [-121.8644795, 37.7248194], [-121.8644875, 37.7249021], [-121.8645063, 37.7249636], [-121.8645331, 37.7250548], [-121.8645707, 37.7251164], [-121.8646592, 37.7251715], [-121.8647262, 37.7251694], [-121.8648228, 37.7251079], [-121.8648925, 37.7250209], [-121.8650106, 37.7249551], [-121.8650052, 37.724883], [-121.8649381, 37.7247706], [-121.8648952, 37.7246815], [-121.8649033, 37.7245202], [-121.8648899, 37.7244099], [-121.8648416, 37.7242996], [-121.8647611, 37.7241384], [-121.8646431, 37.7239814], [-121.8645278, 37.723888], [-121.86445, 37.7238053], [-121.8642917, 37.7237204], [-121.8641898, 37.7236822], [-121.8641228, 37.7236122], [-121.8640235, 37.7234022], [-121.863935, 37.7232537], [-121.863758, 37.722963], [-121.863699, 37.7228039], [-121.8635809, 37.7226808], [-121.8633047, 37.7225429], [-121.8630445, 37.7224772], [-121.8630016, 37.7224793]]]}, "properties": {"course_id": "dublin_ranch_ca", "course_name": "Dublin Ranch Golf Course", "hole_number": 5, "feature_type": "fairway", "name": "hole_5_fairway", "feature-color": "#4a7c3f", "is_approximate": true, "source": "osm", "@id": "3d9631fb-3193-43fd-a9c4-1ea731111fd6", "osm_id": 667101811}}, {"type": "Feature", "bbox": [-121.8622801, 37.7211437, -121.8613882, 37.7216434], "geometry": {"type": "Polygon", "coordinates": [[[-121.8620025, 37.7215829], [-121.8621084, 37.7216296], [-121.8622157, 37.7216434], [-121.8622586, 37.7216243], [-121.8622801, 37.7215723], [-121.862264, 37.721514], [-121.8621902, 37.7214599], [-121.8621245, 37.7214206], [-121.8620856, 37.7213665], [-121.8620306, 37.7212986], [-121.8620293, 37.7213506], [-121.8619891, 37.7214079], [-121.8619274, 37.7214567], [-121.8618402, 37.7214482], [-121.8617919, 37.721427], [-121.8617758, 37.7213792], [-121.8617557, 37.7213294], [-121.8617114, 37.7212944], [-121.8616699, 37.7212498], [-121.8616404, 37.7212222], [-121.8616565, 37.721166], [-121.8616605, 37.7211437], [-121.8615934, 37.7211777], [-121.8614969, 37.7211936], [-121.8614486, 37.7212244], [-121.861411, 37.7212732], [-121.8613882, 37.7213251], [-121.8613896, 37.7213835], [-121.8614352, 37.7214344], [-121.8615156, 37.7214737], [-121.861627, 37.7214896], [-121.8617477, 37.7215044], [-121.8618563, 37.7215246], [-121.8619555, 37.72155], [-121.8620025, 37.7215829]]]}, "properties": {"course_id": "dublin_ranch_ca", "course_name": "Dublin Ranch Golf Course", "hole_number": 4, "feature_type": "fairway", "name": "hole_4_fairway", "feature-color": "#4a7c3f", "is_approximate": true, "source": "osm", "@id": "344e663e-e3e5-4f5c-bff2-cdfb1c63c24b", "osm_id": 667101812}}, {"type": "Feature", "bbox": [-121.863416, 37.7212477, -121.862897, 37.7215999], "geometry": {"type": "Polygon", "coordinates": [[[-121.8629667, 37.721253], [-121.8630123, 37.7212848], [-121.8630485, 37.7213135], [-121.863078, 37.7213411], [-121.8631263, 37.7213877], [-121.8631867, 37.7214238], [-121.8632537, 37.7214482], [-121.8633047, 37.7214609], [-121.8633422, 37.7214673], [-121.8633731, 37.7214747], [-121.863416, 37.7214864], [-121.8633825, 37.7214938], [-121.8633556, 37.721497], [-121.8633315, 37.7215267], [-121.8633315, 37.7215606], [-121.8633275, 37.7215999], [-121.8632591, 37.7215362], [-121.8631156, 37.7214535], [-121.8630029, 37.7213994], [-121.862897, 37.72134], [-121.8629037, 37.7212954], [-121.8629104, 37.7212647], [-121.8629493, 37.7212477], [-121.8629667, 37.721253]]]}, "properties": {"course_id": "dublin_ranch_ca", "course_name": "Dublin Ranch Golf Course", "hole_number": 3, "feature_type": "fairway", "name": "hole_3_fairway", "feature-color": "#4a7c3f", "is_approximate": true, "source": "osm", "@id": "7fbb5f11-ff32-46e8-a184-5b50be2965d4", "osm_id": 667101813}}, {"type": "Feature", "bbox": [-121.861065, 37.7210737, -121.860711, 37.7217463], "geometry": {"type": "Polygon", "coordinates": [[[-121.8608746, 37.7217463], [-121.8609752, 37.7216848], [-121.8610168, 37.7216253], [-121.8610409, 37.7215468], [-121.8610543, 37.7214683], [-121.8610543, 37.7214036], [-121.861065, 37.721323], [-121.8610597, 37.7212679], [-121.861053, 37.7212127], [-121.8610288, 37.7211544], [-121.8610047, 37.7211162], [-121.8609604, 37.721078], [-121.8609443, 37.7210737], [-121.8609631, 37.7211056], [-121.8609819, 37.7211544], [-121.8609819, 37.7212042], [-121.8609725, 37.7212339], [-121.8609028, 37.7212806], [-121.8608391, 37.721296], [-121.860774, 37.7212976], [-121.8607458, 37.7212976], [-121.8607653, 37.7213304], [-121.8607733, 37.7213734], [-121.8607633, 37.7214429], [-121.8607458, 37.721497], [-121.860719, 37.7215468], [-121.860711, 37.7215946], [-121.860719, 37.7216476], [-121.8607445, 37.7216901], [-121.8607834, 37.7217219], [-121.8608344, 37.7217431], [-121.8608746, 37.7217463]]]}, "properties": {"course_id": "dublin_ranch_ca", "course_name": "Dublin Ranch Golf Course", "hole_number": 2, "feature_type": "fairway", "name": "hole_2_fairway", "feature-color": "#4a7c3f", "is_approximate": true, "source": "osm", "@id": "50e82325-8d95-4e93-b9c0-0c0d8d81a265", "osm_id": 667101814}}, {"type": "Feature", "bbox": [-121.860027, 37.722549, -121.8593122, 37.7244057], "geometry": {"type": "Polygon", "coordinates": [[[-121.8600029, 37.7225546], [-121.8599747, 37.722613], [-121.8599519, 37.7226458], [-121.8599224, 37.7226798], [-121.8598607, 37.7227052], [-121.8597977, 37.7227137], [-121.8597427, 37.7227233], [-121.8597159, 37.7227848], [-121.8596475, 37.7228898], [-121.8595871, 37.7229885], [-121.8595429, 37.7230776], [-121.8594718, 37.7232378], [-121.8594557, 37.7233216], [-121.8594517, 37.7234107], [-121.8594624, 37.7234955], [-121.8594986, 37.7235889], [-121.8595161, 37.7236557], [-121.8594825, 37.7238], [-121.8594423, 37.7238848], [-121.8593766, 37.7240206], [-121.8593484, 37.7240821], [-121.8593243, 37.7241511], [-121.8593122, 37.7242625], [-121.8593149, 37.7243378], [-121.8593565, 37.7243823], [-121.8593967, 37.7244014], [-121.8594933, 37.7244057], [-121.8595979, 37.7243569], [-121.8596542, 37.7241988], [-121.8597212, 37.7240821], [-121.8598111, 37.7239273], [-121.8598621, 37.7238074], [-121.8598768, 37.7236546], [-121.8598768, 37.7235422], [-121.8598486, 37.7234616], [-121.8598044, 37.7233258], [-121.859787, 37.7232282], [-121.8598124, 37.7231349], [-121.85985, 37.7230373], [-121.8598822, 37.7229439], [-121.8599103, 37.7228569], [-121.8599318, 37.7227816], [-121.859964, 37.7227116], [-121.8599989, 37.7226469], [-121.860027, 37.7225567], [-121.860017, 37.722549], [-121.8600029, 37.7225546]]]}, "properties": {"course_id": "dublin_ranch_ca", "course_name": "Dublin Ranch Golf Course", "hole_number": 1, "feature_type": "fairway", "name": "hole_1_fairway", "feature-color": "#4a7c3f", "is_approximate": true, "source": "osm", "@id": "3c1110f8-bdf2-4fc6-a892-875646f39b4f", "osm_id": 667101815}}, {"type": "Feature", "bbox": [-121.8591938, 37.7254761, -121.8590224, 37.7256005], "geometry": {"type": "Polygon", "coordinates": [[[-121.8591655, 37.7256005], [-121.8590475, 37.7255869], [-121.8590224, 37.7255781], [-121.8590475, 37.7254761], [-121.8591938, 37.7254973], [-121.8591655, 37.7256005]]]}, "properties": {"course_id": "dublin_ranch_ca", "course_name": "Dublin Ranch Golf Course", "hole_number": 1, "feature_type": "tee_box", "name": "hole_1_tee_box", "feature-color": "#8b7355", "is_approximate": true, "source": "osm", "@id": "04abed5a-06eb-46c0-b009-d28b69454e60", "osm_id": 684504898}}, {"type": "Feature", "bbox": [-121.859145, 37.725654, -121.8589594, 37.7257859], "geometry": {"type": "Polygon", "coordinates": [[[-121.8590947, 37.7257847], [-121.8589799, 37.7257784], [-121.8589594, 37.7257237], [-121.858983, 37.725654], [-121.8591262, 37.7256603], [-121.859145, 37.7257013], [-121.8591325, 37.7257859], [-121.8590947, 37.7257847]]]}, "properties": {"course_id": "dublin_ranch_ca", "course_name": "Dublin Ranch Golf Course", "hole_number": 1, "feature_type": "tee_box", "name": "hole_1_tee_box_2", "feature-color": "#8b7355", "is_approximate": true, "source": "osm", "@id": "686e2568-2abf-48af-983a-179e249a461b", "osm_id": 684504899}}, {"type": "Feature", "bbox": [-121.8592268, 37.7252796, -121.8590459, 37.7253965], "geometry": {"type": "Polygon", "coordinates": [[[-121.8592095, 37.7253965], [-121.8590459, 37.7253779], [-121.8590538, 37.7252796], [-121.8592268, 37.7252945], [-121.8592095, 37.7253965]]]}, "properties": {"course_id": "dublin_ranch_ca", "course_name": "Dublin Ranch Golf Course", "hole_number": 1, "feature_type": "tee_box", "name": "hole_1_tee_box_3", "feature-color": "#8b7355", "is_approximate": true, "source": "osm", "@id": "3f8b1444-e930-48f2-9230-89dad4b494c9", "osm_id": 684504900}}, {"type": "Feature", "bbox": [-121.8593243, 37.7250457, -121.8591796, 37.725139], "geometry": {"type": "Polygon", "coordinates": [[[-121.8592945, 37.7251365], [-121.8591796, 37.7251278], [-121.8591875, 37.7250457], [-121.8593243, 37.7250494], [-121.8593086, 37.725139], [-121.8592945, 37.7251365]]]}, "properties": {"course_id": "dublin_ranch_ca", "course_name": "Dublin Ranch Golf Course", "hole_number": 1, "feature_type": "tee_box", "name": "hole_1_tee_box_4", "feature-color": "#8b7355", "is_approximate": true, "source": "osm", "@id": "8c43ff74-8961-4e5e-ad14-b12b181e17c9", "osm_id": 684504901}}, {"type": "Feature", "bbox": [-121.8609304, 37.722607, -121.8608234, 37.7226867], "geometry": {"type": "Polygon", "coordinates": [[[-121.8608329, 37.7226867], [-121.8608234, 37.7226095], [-121.8609021, 37.722607], [-121.8609304, 37.7226817], [-121.8608329, 37.7226867]]]}, "properties": {"course_id": "dublin_ranch_ca", "course_name": "Dublin Ranch Golf Course", "hole_number": 2, "feature_type": "tee_box", "name": "hole_2_tee_box", "feature-color": "#8b7355", "is_approximate": true, "source": "osm", "@id": "aeddacd5-f99b-4cc1-a612-5de502306a4f", "osm_id": 684504903}}, {"type": "Feature", "bbox": [-121.861116, 37.722398, -121.8609587, 37.7224851], "geometry": {"type": "Polygon", "coordinates": [[[-121.861116, 37.7224851], [-121.8609839, 37.7224851], [-121.8609587, 37.7224105], [-121.8610971, 37.722398], [-121.861116, 37.7224851]]]}, "properties": {"course_id": "dublin_ranch_ca", "course_name": "Dublin Ranch Golf Course", "hole_number": 2, "feature_type": "tee_box", "name": "hole_2_tee_box_2", "feature-color": "#8b7355", "is_approximate": true, "source": "osm", "@id": "3eac2c21-ddf2-4c64-b697-a3175d287d37", "osm_id": 684504904}}, {"type": "Feature", "bbox": [-121.8611474, 37.7221592, -121.8609367, 37.7222487], "geometry": {"type": "Polygon", "coordinates": [[[-121.8611474, 37.7222263], [-121.8609367, 37.7222487], [-121.8609493, 37.722184], [-121.8611286, 37.7221592], [-121.8611474, 37.7222263]]]}, "properties": {"course_id": "dublin_ranch_ca", "course_name": "Dublin Ranch Golf Course", "hole_number": 2, "feature_type": "tee_box", "name": "hole_2_tee_box_3", "feature-color": "#8b7355", "is_approximate": true, "source": "osm", "@id": "6ae3d8dc-33a7-4ded-a1ad-2a4b018246ca", "osm_id": 684504905}}, {"type": "Feature", "bbox": [-121.8610782, 37.7219601, -121.8608989, 37.7220795], "geometry": {"type": "Polygon", "coordinates": [[[-121.8610499, 37.7220447], [-121.8608989, 37.7220795], [-121.8608989, 37.7219875], [-121.8610782, 37.7219601], [-121.8610499, 37.7220447]]]}, "properties": {"course_id": "dublin_ranch_ca", "course_name": "Dublin Ranch Golf Course", "hole_number": 2, "feature_type": "tee_box", "name": "hole_2_tee_box_4", "feature-color": "#8b7355", "is_approximate": true, "source": "osm", "@id": "e8574336-fdb3-4b9d-af44-0ef88bdec54a", "osm_id": 684504906}}, {"type": "Feature", "bbox": [-121.8619811, 37.7207458, -121.8617986, 37.7208503], "geometry": {"type": "Polygon", "coordinates": [[[-121.8619024, 37.7208453], [-121.8619811, 37.7207856], [-121.8619276, 37.7207533], [-121.8618521, 37.7207458], [-121.8617986, 37.7208005], [-121.8618552, 37.7208503], [-121.8619024, 37.7208453]]]}, "properties": {"course_id": "dublin_ranch_ca", "course_name": "Dublin Ranch Golf Course", "hole_number": 3, "feature_type": "tee_box", "name": "hole_3_tee_box", "feature-color": "#8b7355", "is_approximate": true, "source": "osm", "@id": "ef043a53-5d31-406e-95a6-39402298cef8", "osm_id": 684504908}}, {"type": "Feature", "bbox": [-121.8621396, 37.7207955, -121.8619635, 37.7209301], "geometry": {"type": "Polygon", "coordinates": [[[-121.8620378, 37.7209301], [-121.8619635, 37.7209085], [-121.8619635, 37.7208713], [-121.8620007, 37.7208466], [-121.8620496, 37.7208079], [-121.8620946, 37.7207955], [-121.8621259, 37.720814], [-121.8621396, 37.7208667], [-121.8620711, 37.7209224], [-121.8620378, 37.7209301]]]}, "properties": {"course_id": "dublin_ranch_ca", "course_name": "Dublin Ranch Golf Course", "hole_number": 3, "feature_type": "tee_box", "name": "hole_3_tee_box_2", "feature-color": "#8b7355", "is_approximate": true, "source": "osm", "@id": "5a23d5a5-c6c3-4236-afa2-3ddb77e06c30", "osm_id": 684504909}}, {"type": "Feature", "bbox": [-121.8624233, 37.7209208, -121.8622727, 37.7210416], "geometry": {"type": "Polygon", "coordinates": [[[-121.8623764, 37.7210199], [-121.8623451, 37.7210385], [-121.8622922, 37.7210416], [-121.8622727, 37.7209982], [-121.8622727, 37.7209657], [-121.862302, 37.7209394], [-121.8623372, 37.7209239], [-121.8623705, 37.7209208], [-121.8623998, 37.7209487], [-121.8624233, 37.7210013], [-121.8623764, 37.7210199]]]}, "properties": {"course_id": "dublin_ranch_ca", "course_name": "Dublin Ranch Golf Course", "hole_number": 3, "feature_type": "tee_box", "name": "hole_3_tee_box_3", "feature-color": "#8b7355", "is_approximate": true, "source": "osm", "@id": "f703d4a3-4441-4ce4-a668-61249b1c128a", "osm_id": 684504910}}, {"type": "Feature", "bbox": [-121.8626562, 37.7208404, -121.8625466, 37.7209193], "geometry": {"type": "Polygon", "coordinates": [[[-121.8626209, 37.7209193], [-121.8625838, 37.7209147], [-121.8625564, 37.7208883], [-121.8625466, 37.7208651], [-121.8625583, 37.7208404], [-121.8625779, 37.7208404], [-121.8626249, 37.7208496], [-121.8626523, 37.7208698], [-121.8626562, 37.7209069], [-121.8626209, 37.7209193]]]}, "properties": {"course_id": "dublin_ranch_ca", "course_name": "Dublin Ranch Golf Course", "hole_number": 3, "feature_type": "tee_box", "name": "hole_3_tee_box_4", "feature-color": "#8b7355", "is_approximate": true, "source": "osm", "@id": "c8b3c95f-4fe9-4d9c-9dc5-294495961fcd", "osm_id": 684504911}}, {"type": "Feature", "bbox": [-121.8632791, 37.7219692, -121.8631132, 37.7221139], "geometry": {"type": "Polygon", "coordinates": [[[-121.8632791, 37.7220753], [-121.8632303, 37.7221139], [-121.863184, 37.7220792], [-121.8631474, 37.7220657], [-121.863123, 37.7220502], [-121.8631132, 37.7220174], [-121.8631425, 37.7219692], [-121.8631791, 37.7219692], [-121.8632303, 37.7219846], [-121.8632791, 37.7220174], [-121.8632791, 37.7220753]]]}, "properties": {"course_id": "dublin_ranch_ca", "course_name": "Dublin Ranch Golf Course", "hole_number": 4, "feature_type": "tee_box", "name": "hole_4_tee_box", "feature-color": "#8b7355", "is_approximate": true, "source": "osm", "@id": "b891d1dc-a705-4a72-be1e-8c3a85778df0", "osm_id": 684504914}}, {"type": "Feature", "bbox": [-121.8630449, 37.721863, -121.8629034, 37.721975], "geometry": {"type": "Polygon", "coordinates": [[[-121.8629937, 37.721973], [-121.8629498, 37.7219595], [-121.8629205, 37.7219518], [-121.8629034, 37.7219364], [-121.8629376, 37.7218804], [-121.8629546, 37.721863], [-121.8629815, 37.7218862], [-121.8630449, 37.721919], [-121.8630156, 37.721975], [-121.8629937, 37.721973]]]}, "properties": {"course_id": "dublin_ranch_ca", "course_name": "Dublin Ranch Golf Course", "hole_number": 4, "feature_type": "tee_box", "name": "hole_4_tee_box_2", "feature-color": "#8b7355", "is_approximate": true, "source": "osm", "@id": "1fccc398-3160-42a9-8323-0e5f94d1a0be", "osm_id": 684504915}}, {"type": "Feature", "bbox": [-121.8628595, 37.7217897, -121.8627399, 37.7218843], "geometry": {"type": "Polygon", "coordinates": [[[-121.862818, 37.7218843], [-121.8627814, 37.7218823], [-121.8627546, 37.7218688], [-121.8627399, 37.7218457], [-121.8627424, 37.7218225], [-121.8627619, 37.7217936], [-121.8628083, 37.7217897], [-121.8628253, 37.7218071], [-121.8628595, 37.7218418], [-121.8628351, 37.7218746], [-121.862818, 37.7218843]]]}, "properties": {"course_id": "dublin_ranch_ca", "course_name": "Dublin Ranch Golf Course", "hole_number": 4, "feature_type": "tee_box", "name": "hole_4_tee_box_3", "feature-color": "#8b7355", "is_approximate": true, "source": "osm", "@id": "c3cafc04-0033-46e1-bb96-ab5a4c754134", "osm_id": 684504916}}, {"type": "Feature", "bbox": [-121.8626448, 37.7216913, -121.8624813, 37.7218032], "geometry": {"type": "Polygon", "coordinates": [[[-121.8626155, 37.7218032], [-121.862557, 37.7218013], [-121.8625179, 37.7217569], [-121.8624813, 37.7217241], [-121.8625228, 37.7216913], [-121.8625667, 37.7216913], [-121.8626058, 37.7217221], [-121.8626448, 37.7217588], [-121.8626155, 37.7218032]]]}, "properties": {"course_id": "dublin_ranch_ca", "course_name": "Dublin Ranch Golf Course", "hole_number": 4, "feature_type": "tee_box", "name": "hole_4_tee_box_4", "feature-color": "#8b7355", "is_approximate": true, "source": "osm", "@id": "e77c13a5-61c7-4fe8-a82b-e420e0cdc27f", "osm_id": 684504917}}, {"type": "Feature", "bbox": [-121.8618006, 37.7216585, -121.8615884, 37.7218264], "geometry": {"type": "Polygon", "coordinates": [[[-121.8617006, 37.7218264], [-121.8616469, 37.7218032], [-121.8615957, 37.7217607], [-121.8615884, 37.7217067], [-121.8616128, 37.7216681], [-121.8616542, 37.7216585], [-121.861703, 37.7216585], [-121.861764, 37.7216855], [-121.8617909, 37.7217395], [-121.8618006, 37.7217916], [-121.8617567, 37.7218264], [-121.8617006, 37.7218264]]]}, "properties": {"course_id": "dublin_ranch_ca", "course_name": "Dublin Ranch Golf Course", "hole_number": 5, "feature_type": "tee_box", "name": "hole_5_tee_box", "feature-color": "#8b7355", "is_approximate": true, "source": "osm", "@id": "cc61da87-c4c7-41d8-8384-1045f899771b", "osm_id": 684504919}}, {"type": "Feature", "bbox": [-121.8620519, 37.7218051, -121.8618055, 37.7219981], "geometry": {"type": "Polygon", "coordinates": [[[-121.8619836, 37.7219981], [-121.8619446, 37.7219788], [-121.8618689, 37.7219286], [-121.8618397, 37.7219093], [-121.8618055, 37.7218765], [-121.8618128, 37.7218341], [-121.8618763, 37.7218051], [-121.861947, 37.721836], [-121.8619958, 37.72189], [-121.8620348, 37.7219267], [-121.8620519, 37.721975], [-121.8619836, 37.7219981]]]}, "properties": {"course_id": "dublin_ranch_ca", "course_name": "Dublin Ranch Golf Course", "hole_number": 5, "feature_type": "tee_box", "name": "hole_5_tee_box_2", "feature-color": "#8b7355", "is_approximate": true, "source": "osm", "@id": "c15f9be1-25b3-4209-9f88-5fd8cd83e245", "osm_id": 684504920}}, {"type": "Feature", "bbox": [-121.8623227, 37.7220058, -121.8620983, 37.7221776], "geometry": {"type": "Polygon", "coordinates": [[[-121.8622422, 37.7221776], [-121.8621837, 37.7221332], [-121.8620983, 37.7220965], [-121.8621056, 37.7220348], [-121.8621276, 37.722029], [-121.8621666, 37.7220058], [-121.8622007, 37.7220193], [-121.862252, 37.722056], [-121.8622861, 37.7220888], [-121.8623227, 37.7221274], [-121.8623081, 37.7221641], [-121.8622422, 37.7221776]]]}, "properties": {"course_id": "dublin_ranch_ca", "course_name": "Dublin Ranch Golf Course", "hole_number": 5, "feature_type": "tee_box", "name": "hole_5_tee_box_3", "feature-color": "#8b7355", "is_approximate": true, "source": "osm", "@id": "d82ca06b-6f93-43f1-8831-0ec3c65c508c", "osm_id": 684504921}}, {"type": "Feature", "bbox": [-121.862657, 37.7221622, -121.8625228, 37.7222779], "geometry": {"type": "Polygon", "coordinates": [[[-121.8625838, 37.7222722], [-121.8625374, 37.7222336], [-121.8625228, 37.7221911], [-121.8625496, 37.7221622], [-121.8626009, 37.722166], [-121.8626204, 37.7221892], [-121.8626399, 37.7222065], [-121.862657, 37.7222374], [-121.8626472, 37.7222683], [-121.8626131, 37.7222779], [-121.8625838, 37.7222722]]]}, "properties": {"course_id": "dublin_ranch_ca", "course_name": "Dublin Ranch Golf Course", "hole_number": 5, "feature_type": "tee_box", "name": "hole_5_tee_box_4", "feature-color": "#8b7355", "is_approximate": true, "source": "osm", "@id": "09ef256b-649f-4a0e-8060-c9849234800a", "osm_id": 684504922}}, {"type": "Feature", "bbox": [-121.8656094, 37.7259835, -121.8654404, 37.7261954], "geometry": {"type": "Polygon", "coordinates": [[[-121.8655456, 37.7261853], [-121.8654659, 37.7261954], [-121.8654404, 37.726145], [-121.8654404, 37.7261021], [-121.8654659, 37.7260037], [-121.8655393, 37.7259835], [-121.8655839, 37.7260365], [-121.8656094, 37.7261097], [-121.8655903, 37.7261727], [-121.8655456, 37.7261853]]]}, "properties": {"course_id": "dublin_ranch_ca", "course_name": "Dublin Ranch Golf Course", "hole_number": 6, "feature_type": "tee_box", "name": "hole_6_tee_box", "feature-color": "#8b7355", "is_approximate": true, "source": "osm", "@id": "941e50e4-72e3-44cd-b96c-19dc13fb9577", "osm_id": 684505572}}, {"type": "Feature", "bbox": [-121.8652937, 37.7258347, -121.8651693, 37.7259987], "geometry": {"type": "Polygon", "coordinates": [[[-121.8652713, 37.7259987], [-121.865182, 37.7259734], [-121.8651693, 37.7259255], [-121.8651724, 37.7258347], [-121.8652139, 37.7258347], [-121.8652841, 37.7258624], [-121.8652937, 37.7259305], [-121.8652713, 37.7259987]]]}, "properties": {"course_id": "dublin_ranch_ca", "course_name": "Dublin Ranch Golf Course", "hole_number": 6, "feature_type": "tee_box", "name": "hole_6_tee_box_2", "feature-color": "#8b7355", "is_approximate": true, "source": "osm", "@id": "c9a6c101-1e95-42ae-a65d-1105dc9aeaf4", "osm_id": 684505573}}, {"type": "Feature", "bbox": [-121.8651884, 37.7261349, -121.8650161, 37.7262636], "geometry": {"type": "Polygon", "coordinates": [[[-121.8650991, 37.7262636], [-121.8651852, 37.7262232], [-121.8651884, 37.7261551], [-121.8651278, 37.7261349], [-121.8650449, 37.7261753], [-121.8650161, 37.7262156], [-121.8650161, 37.7262409], [-121.8650991, 37.7262636]]]}, "properties": {"course_id": "dublin_ranch_ca", "course_name": "Dublin Ranch Golf Course", "hole_number": 6, "feature_type": "tee_box", "name": "hole_6_tee_box_3", "feature-color": "#8b7355", "is_approximate": true, "source": "osm", "@id": "52f892e2-df3f-4c92-a23c-17085932d3e8", "osm_id": 684505574}}, {"type": "Feature", "bbox": [-121.8649683, 37.7259659, -121.8648248, 37.7260567], "geometry": {"type": "Polygon", "coordinates": [[[-121.8649428, 37.7260516], [-121.8649045, 37.7260567], [-121.8648248, 37.7260542], [-121.8648248, 37.7260087], [-121.8648311, 37.725981], [-121.8648854, 37.7259759], [-121.8649077, 37.7259659], [-121.8649555, 37.725981], [-121.8649683, 37.7260138], [-121.8649428, 37.7260516]]]}, "properties": {"course_id": "dublin_ranch_ca", "course_name": "Dublin Ranch Golf Course", "hole_number": 6, "feature_type": "tee_box", "name": "hole_6_tee_box_4", "feature-color": "#8b7355", "is_approximate": true, "source": "osm", "@id": "144457ce-677f-4686-87e2-e95941764689", "osm_id": 684505575}}, {"type": "Feature", "bbox": [-121.8637231, 37.7259148, -121.8635812, 37.7260357], "geometry": {"type": "Polygon", "coordinates": [[[-121.8636877, 37.7260357], [-121.8636194, 37.7260314], [-121.8635812, 37.7260184], [-121.8635812, 37.7259601], [-121.8635812, 37.7259299], [-121.8636276, 37.7259191], [-121.8636767, 37.7259148], [-121.8637231, 37.7259321], [-121.8637231, 37.7259947], [-121.8636877, 37.7260357]]]}, "properties": {"course_id": "dublin_ranch_ca", "course_name": "Dublin Ranch Golf Course", "hole_number": 7, "feature_type": "tee_box", "name": "hole_7_tee_box", "feature-color": "#8b7355", "is_approximate": true, "source": "osm", "@id": "511bbb34-5227-4145-b18b-2afb86208c75", "osm_id": 684505577}}, {"type": "Feature", "bbox": [-121.8636767, 37.7261307, -121.8634666, 37.7262667], "geometry": {"type": "Polygon", "coordinates": [[[-121.8636631, 37.7262386], [-121.8634966, 37.7262667], [-121.8634666, 37.7261717], [-121.8635594, 37.7261501], [-121.8636304, 37.7261307], [-121.8636767, 37.7261803], [-121.8636631, 37.7262386]]]}, "properties": {"course_id": "dublin_ranch_ca", "course_name": "Dublin Ranch Golf Course", "hole_number": 7, "feature_type": "tee_box", "name": "hole_7_tee_box_2", "feature-color": "#8b7355", "is_approximate": true, "source": "osm", "@id": "4bacc8c1-23f0-4503-99cb-577be84a0ea2", "osm_id": 684505578}}, {"type": "Feature", "bbox": [-121.8641789, 37.7261523, -121.8639442, 37.7262688], "geometry": {"type": "Polygon", "coordinates": [[[-121.8641516, 37.7262688], [-121.864007, 37.7262451], [-121.8639442, 37.7262041], [-121.8639578, 37.7261738], [-121.8639824, 37.7261523], [-121.8640807, 37.7261523], [-121.8641489, 37.7261803], [-121.8641789, 37.7262256], [-121.8641516, 37.7262688]]]}, "properties": {"course_id": "dublin_ranch_ca", "course_name": "Dublin Ranch Golf Course", "hole_number": 7, "feature_type": "tee_box", "name": "hole_7_tee_box_3", "feature-color": "#8b7355", "is_approximate": true, "source": "osm", "@id": "3fcad98b-2797-4bf7-815a-5b42549500e2", "osm_id": 684505579}}, {"type": "Feature", "bbox": [-121.8639688, 37.7263962, -121.8637832, 37.7264998], "geometry": {"type": "Polygon", "coordinates": [[[-121.8637941, 37.7264847], [-121.8637832, 37.7264113], [-121.863906, 37.7263962], [-121.863966, 37.7263983], [-121.8639688, 37.7264998], [-121.8637941, 37.7264847]]]}, "properties": {"course_id": "dublin_ranch_ca", "course_name": "Dublin Ranch Golf Course", "hole_number": 7, "feature_type": "tee_box", "name": "hole_7_tee_box_4", "feature-color": "#8b7355", "is_approximate": true, "source": "osm", "@id": "b13bcc18-5980-4372-9c06-b0328aefbe8f", "osm_id": 684505580}}, {"type": "Feature", "bbox": [-121.8630845, 37.7266293, -121.8629781, 37.7267933], "geometry": {"type": "Polygon", "coordinates": [[[-121.8630709, 37.7267826], [-121.8629999, 37.7267933], [-121.8629945, 37.7267264], [-121.8629781, 37.7266682], [-121.8629945, 37.7266444], [-121.8630572, 37.7266293], [-121.8630845, 37.7266552], [-121.8630709, 37.7267826]]]}, "properties": {"course_id": "dublin_ranch_ca", "course_name": "Dublin Ranch Golf Course", "hole_number": 8, "feature_type": "tee_box", "name": "hole_8_tee_box", "feature-color": "#8b7355", "is_approximate": true, "source": "osm", "@id": "3d7ee17e-57fb-4d15-8512-287e230ba963", "osm_id": 684505582}}, {"type": "Feature", "bbox": [-121.8628635, 37.7266876, -121.8627625, 37.7268365], "geometry": {"type": "Polygon", "coordinates": [[[-121.8628635, 37.7268257], [-121.8627925, 37.7268365], [-121.8627625, 37.7267048], [-121.8628498, 37.7266876], [-121.8628635, 37.7268257]]]}, "properties": {"course_id": "dublin_ranch_ca", "course_name": "Dublin Ranch Golf Course", "hole_number": 8, "feature_type": "tee_box", "name": "hole_8_tee_box_2", "feature-color": "#8b7355", "is_approximate": true, "source": "osm", "@id": "f55a2ecf-0848-4fe6-ba0a-a64fe5c97cba", "osm_id": 684505584}}, {"type": "Feature", "bbox": [-121.8626315, 37.7269596, -121.8624951, 37.7270955], "geometry": {"type": "Polygon", "coordinates": [[[-121.8626097, 37.7270955], [-121.8625742, 37.7270955], [-121.8625524, 37.7270848], [-121.8625251, 37.7270481], [-121.8624951, 37.726966], [-121.8625469, 37.7269617], [-121.8625742, 37.7269596], [-121.8626069, 37.7270006], [-121.8626315, 37.727061], [-121.8626097, 37.7270955]]]}, "properties": {"course_id": "dublin_ranch_ca", "course_name": "Dublin Ranch Golf Course", "hole_number": 8, "feature_type": "tee_box", "name": "hole_8_tee_box_3", "feature-color": "#8b7355", "is_approximate": true, "source": "osm", "@id": "96440fb1-5e25-461e-a6e6-4e0ca67f03f3", "osm_id": 684505585}}, {"type": "Feature", "bbox": [-121.8626588, 37.7272315, -121.8625305, 37.7273654], "geometry": {"type": "Polygon", "coordinates": [[[-121.8626561, 37.7273438], [-121.862596, 37.7273654], [-121.8625551, 37.7273589], [-121.8625305, 37.7272963], [-121.8625305, 37.7272661], [-121.8625933, 37.7272315], [-121.8626315, 37.7272574], [-121.8626588, 37.7272941], [-121.8626561, 37.7273438]]]}, "properties": {"course_id": "dublin_ranch_ca", "course_name": "Dublin Ranch Golf Course", "hole_number": 8, "feature_type": "tee_box", "name": "hole_8_tee_box_4", "feature-color": "#8b7355", "is_approximate": true, "source": "osm", "@id": "9f35290f-8b6f-4e14-8e32-69cf3c4a7d9b", "osm_id": 684505586}}, {"type": "Feature", "bbox": [-121.8626424, 37.7283086, -121.8624296, 37.7284101], "geometry": {"type": "Polygon", "coordinates": [[[-121.8626315, 37.7284101], [-121.8625687, 37.7284101], [-121.8624787, 37.728395], [-121.8624296, 37.7283604], [-121.8624432, 37.7283324], [-121.8625005, 37.7283086], [-121.8625687, 37.728341], [-121.8626124, 37.7283561], [-121.8626424, 37.7283691], [-121.8626315, 37.7284101]]]}, "properties": {"course_id": "dublin_ranch_ca", "course_name": "Dublin Ranch Golf Course", "hole_number": 9, "feature_type": "tee_box", "name": "hole_9_tee_box", "feature-color": "#8b7355", "is_approximate": true, "source": "osm", "@id": "9946b25a-d20f-420f-a494-11ba183dc93a", "osm_id": 684505588}}, {"type": "Feature", "bbox": [-121.8623504, 37.7281834, -121.862203, 37.7283], "geometry": {"type": "Polygon", "coordinates": [[[-121.8623013, 37.7283], [-121.8622358, 37.7282914], [-121.862203, 37.7282763], [-121.8622167, 37.7282244], [-121.8622522, 37.7281834], [-121.8623095, 37.7281985], [-121.8623504, 37.7282396], [-121.8623013, 37.7283]]]}, "properties": {"course_id": "dublin_ranch_ca", "course_name": "Dublin Ranch Golf Course", "hole_number": 9, "feature_type": "tee_box", "name": "hole_9_tee_box_2", "feature-color": "#8b7355", "is_approximate": true, "source": "osm", "@id": "2422bf1b-0524-4ce6-8623-643c98879765", "osm_id": 684505589}}, {"type": "Feature", "bbox": [-121.8621321, 37.7281295, -121.8620038, 37.7282396], "geometry": {"type": "Polygon", "coordinates": [[[-121.8620857, 37.7282396], [-121.8620175, 37.728218], [-121.8620038, 37.7281942], [-121.8620093, 37.7281662], [-121.8620229, 37.7281489], [-121.8620447, 37.7281295], [-121.8620911, 37.7281295], [-121.8621321, 37.7281467], [-121.8621321, 37.7281964], [-121.8620857, 37.7282396]]]}, "properties": {"course_id": "dublin_ranch_ca", "course_name": "Dublin Ranch Golf Course", "hole_number": 9, "feature_type": "tee_box", "name": "hole_9_tee_box_3", "feature-color": "#8b7355", "is_approximate": true, "source": "osm", "@id": "67555c23-8971-4ecc-afc2-16691ad420d0", "osm_id": 684505590}}, {"type": "Feature", "bbox": [-121.86175, 37.7279287, -121.8616545, 37.7280151], "geometry": {"type": "Polygon", "coordinates": [[[-121.8617173, 37.7280151], [-121.8616709, 37.7280021], [-121.8616599, 37.7279784], [-121.8616545, 37.7279503], [-121.8616654, 37.7279287], [-121.8617364, 37.727946], [-121.86175, 37.7279654], [-121.8617173, 37.7280151]]]}, "properties": {"course_id": "dublin_ranch_ca", "course_name": "Dublin Ranch Golf Course", "hole_number": 9, "feature_type": "tee_box", "name": "hole_9_tee_box_4", "feature-color": "#8b7355", "is_approximate": true, "source": "osm", "@id": "29b7d957-8f31-416c-a54e-883eaed967bc", "osm_id": 684505592}}, {"type": "Feature", "bbox": [-121.8574777, 37.726379, -121.8572091, 37.7265247], "geometry": {"type": "Polygon", "coordinates": [[[-121.8574508, 37.7265247], [-121.8573587, 37.7265217], [-121.8572743, 37.7265034], [-121.8572129, 37.7264822], [-121.8572091, 37.7264427], [-121.8572513, 37.726379], [-121.8573242, 37.7263942], [-121.8574662, 37.7264336], [-121.8574777, 37.7264731], [-121.8574508, 37.7265247]]]}, "properties": {"course_id": "dublin_ranch_ca", "course_name": "Dublin Ranch Golf Course", "hole_number": 10, "feature_type": "tee_box", "name": "hole_10_tee_box", "feature-color": "#8b7355", "is_approximate": true, "source": "osm", "@id": "23636512-5667-4543-a14e-eb4bae49ee9b", "osm_id": 684507310}}, {"type": "Feature", "bbox": [-121.8570517, 37.7262515, -121.8567946, 37.7264094], "geometry": {"type": "Polygon", "coordinates": [[[-121.8570095, 37.7264094], [-121.8569136, 37.7263942], [-121.8567946, 37.7263608], [-121.8568176, 37.7262697], [-121.8569059, 37.7262515], [-121.8569558, 37.7262789], [-121.856998, 37.726294], [-121.857044, 37.7263213], [-121.8570517, 37.7263851], [-121.8570095, 37.7264094]]]}, "properties": {"course_id": "dublin_ranch_ca", "course_name": "Dublin Ranch Golf Course", "hole_number": 10, "feature_type": "tee_box", "name": "hole_10_tee_box_2", "feature-color": "#8b7355", "is_approximate": true, "source": "osm", "@id": "7f03e408-7106-40cb-a2c7-124c7a201c7c", "osm_id": 684507311}}, {"type": "Feature", "bbox": [-121.8565452, 37.7260846, -121.8563495, 37.7262333], "geometry": {"type": "Polygon", "coordinates": [[[-121.8564915, 37.7262333], [-121.8563648, 37.7261969], [-121.8563495, 37.7261119], [-121.8563994, 37.7260937], [-121.8564416, 37.7260846], [-121.8565107, 37.7260876], [-121.8565452, 37.7261453], [-121.8564915, 37.7262333]]]}, "properties": {"course_id": "dublin_ranch_ca", "course_name": "Dublin Ranch Golf Course", "hole_number": 10, "feature_type": "tee_box", "name": "hole_10_tee_box_3", "feature-color": "#8b7355", "is_approximate": true, "source": "osm", "@id": "dcdbca1d-fd37-4de7-8ac0-e869f3089eb8", "osm_id": 684507312}}, {"type": "Feature", "bbox": [-121.8562574, 37.7259177, -121.8561116, 37.7260239], "geometry": {"type": "Polygon", "coordinates": [[[-121.8562037, 37.7260239], [-121.8561231, 37.7260057], [-121.8561116, 37.7259541], [-121.8561193, 37.7259177], [-121.856219, 37.7259237], [-121.8562574, 37.7259662], [-121.8562037, 37.7260239]]]}, "properties": {"course_id": "dublin_ranch_ca", "course_name": "Dublin Ranch Golf Course", "hole_number": 10, "feature_type": "tee_box", "name": "hole_10_tee_box_4", "feature-color": "#8b7355", "is_approximate": true, "source": "osm", "@id": "d43987fb-139b-449f-9e80-6d4ab9339f68", "osm_id": 684507313}}, {"type": "Feature", "bbox": [-121.8525352, 37.7261271, -121.8523434, 37.7263153], "geometry": {"type": "Polygon", "coordinates": [[[-121.8523894, 37.7263153], [-121.8523434, 37.7262606], [-121.852351, 37.7262212], [-121.8524163, 37.7261848], [-121.8524892, 37.7261271], [-121.8525314, 37.7261605], [-121.8525352, 37.7262394], [-121.8523894, 37.7263153]]]}, "properties": {"course_id": "dublin_ranch_ca", "course_name": "Dublin Ranch Golf Course", "hole_number": 11, "feature_type": "tee_box", "name": "hole_11_tee_box", "feature-color": "#8b7355", "is_approximate": true, "source": "osm", "@id": "f364172b-078e-4af6-b06f-31a9cf1682a6", "osm_id": 684507316}}, {"type": "Feature", "bbox": [-121.8524815, 37.7258054, -121.8522551, 37.7259693], "geometry": {"type": "Polygon", "coordinates": [[[-121.8523702, 37.725945], [-121.8522896, 37.7259693], [-121.8522551, 37.7259207], [-121.8522743, 37.725863], [-121.8523434, 37.7258327], [-121.8524086, 37.7258054], [-121.8524815, 37.7258236], [-121.8524738, 37.7259025], [-121.8523702, 37.725945]]]}, "properties": {"course_id": "dublin_ranch_ca", "course_name": "Dublin Ranch Golf Course", "hole_number": 11, "feature_type": "tee_box", "name": "hole_11_tee_box_2", "feature-color": "#8b7355", "is_approximate": true, "source": "osm", "@id": "3de4aa19-a0c3-45d3-83d4-61a0be514cec", "osm_id": 684507317}}, {"type": "Feature", "bbox": [-121.8521515, 37.725599, -121.8520057, 37.7257204], "geometry": {"type": "Polygon", "coordinates": [[[-121.8521362, 37.7256749], [-121.8520479, 37.7257204], [-121.8520134, 37.7256931], [-121.8520057, 37.7256597], [-121.8520057, 37.7256324], [-121.8520671, 37.7256051], [-121.8521016, 37.725599], [-121.8521515, 37.7256293], [-121.8521362, 37.7256749]]]}, "properties": {"course_id": "dublin_ranch_ca", "course_name": "Dublin Ranch Golf Course", "hole_number": 11, "feature_type": "tee_box", "name": "hole_11_tee_box_3", "feature-color": "#8b7355", "is_approximate": true, "source": "osm", "@id": "4160821a-4cdb-4572-aded-e25de68e5bf8", "osm_id": 684507318}}, {"type": "Feature", "bbox": [-121.8523856, 37.724825, -121.852186, 37.7249404], "geometry": {"type": "Polygon", "coordinates": [[[-121.852328, 37.7249343], [-121.8522167, 37.7249404], [-121.852186, 37.7249039], [-121.8521899, 37.7248493], [-121.8523012, 37.724825], [-121.8523741, 37.7248372], [-121.8523856, 37.724907], [-121.852328, 37.7249343]]]}, "properties": {"course_id": "dublin_ranch_ca", "course_name": "Dublin Ranch Golf Course", "hole_number": 12, "feature_type": "tee_box", "name": "hole_12_tee_box", "feature-color": "#8b7355", "is_approximate": true, "source": "osm", "@id": "753e225a-d10c-43b2-9340-8dd17ed358c0", "osm_id": 684507320}}, {"type": "Feature", "bbox": [-121.852424, 37.7246186, -121.852163, 37.7247825], "geometry": {"type": "Polygon", "coordinates": [[[-121.8523664, 37.7247461], [-121.8523203, 37.7247643], [-121.8522589, 37.7247825], [-121.8522282, 37.7247795], [-121.8521937, 37.7247492], [-121.852163, 37.7247097], [-121.8521745, 37.7246611], [-121.8521899, 37.7246308], [-121.8523165, 37.7246186], [-121.8523741, 37.7246186], [-121.852424, 37.7246854], [-121.8524124, 37.7247279], [-121.8523664, 37.7247461]]]}, "properties": {"course_id": "dublin_ranch_ca", "course_name": "Dublin Ranch Golf Course", "hole_number": 12, "feature_type": "tee_box", "name": "hole_12_tee_box_2", "feature-color": "#8b7355", "is_approximate": true, "source": "osm", "@id": "7133bf93-cd24-4775-aa6c-37f69dc74f0a", "osm_id": 684507321}}, {"type": "Feature", "bbox": [-121.8523626, 37.7244153, -121.8521093, 37.724561], "geometry": {"type": "Polygon", "coordinates": [[[-121.8523242, 37.7245337], [-121.8522513, 37.724561], [-121.8521784, 37.7245549], [-121.8521362, 37.7245367], [-121.8521093, 37.724476], [-121.8521246, 37.7244305], [-121.8522589, 37.7244214], [-121.8523165, 37.7244153], [-121.8523472, 37.7244456], [-121.8523626, 37.7244972], [-121.8523242, 37.7245337]]]}, "properties": {"course_id": "dublin_ranch_ca", "course_name": "Dublin Ranch Golf Course", "hole_number": 12, "feature_type": "tee_box", "name": "hole_12_tee_box_3", "feature-color": "#8b7355", "is_approximate": true, "source": "osm", "@id": "8ea63bc0-c608-40c9-be4e-7fa4b83d49ef", "osm_id": 684507322}}, {"type": "Feature", "bbox": [-121.8522244, 37.7240571, -121.8520364, 37.7242484], "geometry": {"type": "Polygon", "coordinates": [[[-121.8521937, 37.7242393], [-121.8520978, 37.7242484], [-121.8520402, 37.7241998], [-121.8520364, 37.7241087], [-121.8520364, 37.7240571], [-121.8521477, 37.7240571], [-121.8522206, 37.7240693], [-121.8522244, 37.7241785], [-121.8521937, 37.7242393]]]}, "properties": {"course_id": "dublin_ranch_ca", "course_name": "Dublin Ranch Golf Course", "hole_number": 12, "feature_type": "tee_box", "name": "hole_12_tee_box_4", "feature-color": "#8b7355", "is_approximate": true, "source": "osm", "@id": "830f67a7-6c22-46bb-8fc8-f764f6b42f78", "osm_id": 684507323}}, {"type": "Feature", "bbox": [-121.8525985, 37.7213861, -121.8524504, 37.7215287], "geometry": {"type": "Polygon", "coordinates": [[[-121.852502, 37.7215287], [-121.8524665, 37.7215134], [-121.8524504, 37.7214727], [-121.8524569, 37.7214472], [-121.8524762, 37.7214268], [-121.8524923, 37.721409], [-121.8525309, 37.7213861], [-121.8525792, 37.7213937], [-121.8525985, 37.7214294], [-121.8525824, 37.7214778], [-121.8525502, 37.721516], [-121.852502, 37.7215287]]]}, "properties": {"course_id": "dublin_ranch_ca", "course_name": "Dublin Ranch Golf Course", "hole_number": 13, "feature_type": "tee_box", "name": "hole_13_tee_box", "feature-color": "#8b7355", "is_approximate": true, "source": "osm", "@id": "a8195757-0d5f-43eb-b2ea-f202affcf131", "osm_id": 684507325}}, {"type": "Feature", "bbox": [-121.8523635, 37.7212537, -121.8522283, 37.7213504], "geometry": {"type": "Polygon", "coordinates": [[[-121.8522895, 37.7213504], [-121.8522348, 37.7213326], [-121.8522283, 37.7213021], [-121.8522573, 37.7212664], [-121.8523024, 37.7212537], [-121.8523474, 37.7212537], [-121.8523635, 37.7212944], [-121.8523507, 37.7213301], [-121.8522895, 37.7213504]]]}, "properties": {"course_id": "dublin_ranch_ca", "course_name": "Dublin Ranch Golf Course", "hole_number": 13, "feature_type": "tee_box", "name": "hole_13_tee_box_2", "feature-color": "#8b7355", "is_approximate": true, "source": "osm", "@id": "0429f41c-d20c-4eb7-9dd2-1c4f70835069", "osm_id": 684507326}}, {"type": "Feature", "bbox": [-121.852737, 37.7212104, -121.8525824, 37.7213377], "geometry": {"type": "Polygon", "coordinates": [[[-121.852679, 37.7213301], [-121.8526243, 37.7213377], [-121.8525824, 37.7213046], [-121.8526211, 37.7212511], [-121.8526436, 37.7212231], [-121.8526919, 37.7212104], [-121.8527209, 37.7212257], [-121.852737, 37.7212613], [-121.8527273, 37.721297], [-121.852679, 37.7213301]]]}, "properties": {"course_id": "dublin_ranch_ca", "course_name": "Dublin Ranch Golf Course", "hole_number": 13, "feature_type": "tee_box", "name": "hole_13_tee_box_3", "feature-color": "#8b7355", "is_approximate": true, "source": "osm", "@id": "2d9b6676-8776-46ee-a78a-19ba205c0b6c", "osm_id": 684507327}}, {"type": "Feature", "bbox": [-121.8528014, 37.7209099, -121.8526629, 37.7210423], "geometry": {"type": "Polygon", "coordinates": [[[-121.8527048, 37.7210423], [-121.8526629, 37.7210245], [-121.8526661, 37.7209812], [-121.8527048, 37.7209506], [-121.8527563, 37.7209099], [-121.8527853, 37.7209354], [-121.8528014, 37.7209812], [-121.8527853, 37.7210194], [-121.8527337, 37.7210347], [-121.8527048, 37.7210423]]]}, "properties": {"course_id": "dublin_ranch_ca", "course_name": "Dublin Ranch Golf Course", "hole_number": 13, "feature_type": "tee_box", "name": "hole_13_tee_box_4", "feature-color": "#8b7355", "is_approximate": true, "source": "osm", "@id": "ad642ca5-7aa3-4cfd-8670-bb42765173bd", "osm_id": 684507328}}, {"type": "Feature", "bbox": [-121.854382, 37.7199091, -121.8542146, 37.7200365], "geometry": {"type": "Polygon", "coordinates": [[[-121.854382, 37.7200135], [-121.8542919, 37.7200365], [-121.8542468, 37.720011], [-121.8542146, 37.7199601], [-121.854234, 37.7199422], [-121.8542887, 37.7199091], [-121.8543498, 37.7199244], [-121.854382, 37.7200135]]]}, "properties": {"course_id": "dublin_ranch_ca", "course_name": "Dublin Ranch Golf Course", "hole_number": 14, "feature_type": "tee_box", "name": "hole_14_tee_box", "feature-color": "#8b7355", "is_approximate": true, "source": "osm", "@id": "23618020-f76e-48d2-a75e-327d4a3ef0d7", "osm_id": 684507330}}, {"type": "Feature", "bbox": [-121.8545913, 37.7198353, -121.8544078, 37.7199855], "geometry": {"type": "Polygon", "coordinates": [[[-121.8545913, 37.7199626], [-121.8544947, 37.7199855], [-121.85444, 37.719927], [-121.8544078, 37.7198684], [-121.8545012, 37.7198353], [-121.8545752, 37.7198633], [-121.8545913, 37.7199626]]]}, "properties": {"course_id": "dublin_ranch_ca", "course_name": "Dublin Ranch Golf Course", "hole_number": 14, "feature_type": "tee_box", "name": "hole_14_tee_box_2", "feature-color": "#8b7355", "is_approximate": true, "source": "osm", "@id": "0d936f29-dd31-4fb6-8dab-e127469c4295", "osm_id": 684507331}}, {"type": "Feature", "bbox": [-121.854836, 37.7197538, -121.8546782, 37.7198837], "geometry": {"type": "Polygon", "coordinates": [[[-121.854836, 37.7198557], [-121.8547523, 37.7198837], [-121.8546975, 37.7198455], [-121.8546782, 37.7197996], [-121.8547748, 37.7197538], [-121.8548102, 37.7197818], [-121.854836, 37.7198557]]]}, "properties": {"course_id": "dublin_ranch_ca", "course_name": "Dublin Ranch Golf Course", "hole_number": 14, "feature_type": "tee_box", "name": "hole_14_tee_box_3", "feature-color": "#8b7355", "is_approximate": true, "source": "osm", "@id": "752bee95-6654-4c03-8f70-7d9cff3f2f4a", "osm_id": 684507332}}, {"type": "Feature", "bbox": [-121.8550452, 37.7197538, -121.8548875, 37.7198582], "geometry": {"type": "Polygon", "coordinates": [[[-121.8550034, 37.7198327], [-121.8549615, 37.7198582], [-121.8549068, 37.7198378], [-121.8548939, 37.7198098], [-121.8548875, 37.7197869], [-121.8549132, 37.7197665], [-121.8549551, 37.7197538], [-121.8550195, 37.7197538], [-121.8550452, 37.7197996], [-121.8550034, 37.7198327]]]}, "properties": {"course_id": "dublin_ranch_ca", "course_name": "Dublin Ranch Golf Course", "hole_number": 14, "feature_type": "tee_box", "name": "hole_14_tee_box_4", "feature-color": "#8b7355", "is_approximate": true, "source": "osm", "@id": "b0c7791b-348f-47ec-9cc4-68b4d8d9cac2", "osm_id": 684507333}}, {"type": "Feature", "bbox": [-121.856935, 37.7190866, -121.856745, 37.719219], "geometry": {"type": "Polygon", "coordinates": [[[-121.856935, 37.719163], [-121.856848, 37.7192088], [-121.8568062, 37.719219], [-121.856774, 37.7191885], [-121.856745, 37.7191528], [-121.8567482, 37.7191248], [-121.8568995, 37.7190866], [-121.856935, 37.719163]]]}, "properties": {"course_id": "dublin_ranch_ca", "course_name": "Dublin Ranch Golf Course", "hole_number": 15, "feature_type": "tee_box", "name": "hole_15_tee_box", "feature-color": "#8b7355", "is_approximate": true, "source": "osm", "@id": "5797a1c5-0c59-453c-8e2b-f206d0ca077a", "osm_id": 684507335}}, {"type": "Feature", "bbox": [-121.8569028, 37.7189211, -121.8566613, 37.7190739], "geometry": {"type": "Polygon", "coordinates": [[[-121.8569028, 37.7190178], [-121.8567482, 37.7190739], [-121.8566967, 37.7190739], [-121.8566742, 37.7190509], [-121.8566613, 37.7190229], [-121.8566613, 37.7189924], [-121.8568577, 37.7189211], [-121.8568931, 37.7189593], [-121.8569028, 37.7190178]]]}, "properties": {"course_id": "dublin_ranch_ca", "course_name": "Dublin Ranch Golf Course", "hole_number": 15, "feature_type": "tee_box", "name": "hole_15_tee_box_2", "feature-color": "#8b7355", "is_approximate": true, "source": "osm", "@id": "ed10f1f4-471c-45e4-942b-4641bca4d4e2", "osm_id": 684507336}}, {"type": "Feature", "bbox": [-121.8567643, 37.7187046, -121.8565261, 37.7188574], "geometry": {"type": "Polygon", "coordinates": [[[-121.8567289, 37.7187887], [-121.8565969, 37.718837], [-121.8565454, 37.7188574], [-121.8565293, 37.7188218], [-121.8565261, 37.7188014], [-121.8565422, 37.7187759], [-121.8566323, 37.7187403], [-121.8567064, 37.7187046], [-121.8567643, 37.7187301], [-121.8567643, 37.7187657], [-121.8567289, 37.7187887]]]}, "properties": {"course_id": "dublin_ranch_ca", "course_name": "Dublin Ranch Golf Course", "hole_number": 15, "feature_type": "tee_box", "name": "hole_15_tee_box_3", "feature-color": "#8b7355", "is_approximate": true, "source": "osm", "@id": "b025724b-fe06-4404-aaf5-479115eaef4f", "osm_id": 684507337}}, {"type": "Feature", "bbox": [-121.8564939, 37.7185289, -121.8563684, 37.7186486], "geometry": {"type": "Polygon", "coordinates": [[[-121.8564714, 37.7186486], [-121.8564166, 37.7186308], [-121.8563716, 37.71859], [-121.8563684, 37.7185569], [-121.8564166, 37.7185289], [-121.8564649, 37.7185391], [-121.8564939, 37.7185951], [-121.8564939, 37.7186206], [-121.8564714, 37.7186486]]]}, "properties": {"course_id": "dublin_ranch_ca", "course_name": "Dublin Ranch Golf Course", "hole_number": 15, "feature_type": "tee_box", "name": "hole_15_tee_box_4", "feature-color": "#8b7355", "is_approximate": true, "source": "osm", "@id": "d7355ade-a3ee-4500-9ae8-764366c80126", "osm_id": 684507338}}, {"type": "Feature", "bbox": [-121.8562242, 37.7167551, -121.8560042, 37.7169771], "geometry": {"type": "Polygon", "coordinates": [[[-121.8562242, 37.7169381], [-121.8561939, 37.7169591], [-121.8561484, 37.7169771], [-121.8560839, 37.7169081], [-121.8560194, 37.7168361], [-121.8560042, 37.7167941], [-121.856027, 37.7167641], [-121.8560801, 37.7167551], [-121.856156, 37.7168031], [-121.8562204, 37.7168841], [-121.8562242, 37.7169381]]]}, "properties": {"course_id": "dublin_ranch_ca", "course_name": "Dublin Ranch Golf Course", "hole_number": 16, "feature_type": "tee_box", "name": "hole_16_tee_box", "feature-color": "#8b7355", "is_approximate": true, "source": "osm", "@id": "9ca64e73-90e5-4c35-ad85-e32ac30e6d6a", "osm_id": 684507340}}, {"type": "Feature", "bbox": [-121.8565087, 37.7170251, -121.8563267, 37.7171572], "geometry": {"type": "Polygon", "coordinates": [[[-121.8564518, 37.7171572], [-121.8563949, 37.7171542], [-121.8563532, 37.7171062], [-121.8563267, 37.7170402], [-121.8563873, 37.7170251], [-121.856448, 37.7170372], [-121.8565087, 37.7170762], [-121.8565087, 37.7171212], [-121.8564518, 37.7171572]]]}, "properties": {"course_id": "dublin_ranch_ca", "course_name": "Dublin Ranch Golf Course", "hole_number": 16, "feature_type": "tee_box", "name": "hole_16_tee_box_2", "feature-color": "#8b7355", "is_approximate": true, "source": "osm", "@id": "9f3fb1a4-0693-4caa-aa21-d68928d75474", "osm_id": 684507341}}, {"type": "Feature", "bbox": [-121.8566339, 37.7171872, -121.856486, 37.7173012], "geometry": {"type": "Polygon", "coordinates": [[[-121.8565808, 37.7172952], [-121.8565201, 37.7173012], [-121.8565011, 37.7172742], [-121.856486, 37.7172412], [-121.8565049, 37.7171992], [-121.8565846, 37.7171872], [-121.8566339, 37.7172082], [-121.8566339, 37.7172652], [-121.8565808, 37.7172952]]]}, "properties": {"course_id": "dublin_ranch_ca", "course_name": "Dublin Ranch Golf Course", "hole_number": 16, "feature_type": "tee_box", "name": "hole_16_tee_box_3", "feature-color": "#8b7355", "is_approximate": true, "source": "osm", "@id": "6c09c55e-d2c6-44a6-8695-8e00068a8058", "osm_id": 684507342}}, {"type": "Feature", "bbox": [-121.8568008, 37.7174182, -121.8566225, 37.7175683], "geometry": {"type": "Polygon", "coordinates": [[[-121.8567249, 37.7175623], [-121.8566529, 37.7174992], [-121.8566225, 37.7174572], [-121.8566529, 37.7174182], [-121.8567136, 37.7174182], [-121.8567667, 37.7174602], [-121.8568008, 37.7175172], [-121.856797, 37.7175683], [-121.8567249, 37.7175623]]]}, "properties": {"course_id": "dublin_ranch_ca", "course_name": "Dublin Ranch Golf Course", "hole_number": 16, "feature_type": "tee_box", "name": "hole_16_tee_box_4", "feature-color": "#8b7355", "is_approximate": true, "source": "osm", "@id": "30e5343d-0093-4525-8a14-212d1856cdc9", "osm_id": 684507343}}, {"type": "Feature", "bbox": [-121.8574115, 37.7188615, -121.8572181, 37.7190625], "geometry": {"type": "Polygon", "coordinates": [[[-121.8572939, 37.7190625], [-121.8572484, 37.7190595], [-121.8572181, 37.7190175], [-121.8572636, 37.7189515], [-121.8573243, 37.7188795], [-121.8573698, 37.7188615], [-121.8574115, 37.7189035], [-121.8574115, 37.7189425], [-121.8572939, 37.7190625]]]}, "properties": {"course_id": "dublin_ranch_ca", "course_name": "Dublin Ranch Golf Course", "hole_number": 17, "feature_type": "tee_box", "name": "hole_17_tee_box", "feature-color": "#8b7355", "is_approximate": true, "source": "osm", "@id": "da13d71c-dd85-45e2-8a48-d86b79ccaee9", "osm_id": 684507345}}, {"type": "Feature", "bbox": [-121.8575481, 37.7189125, -121.857366, 37.7191135], "geometry": {"type": "Polygon", "coordinates": [[[-121.8574343, 37.7191135], [-121.857366, 37.7190955], [-121.857366, 37.7190505], [-121.8574267, 37.7189725], [-121.8575063, 37.7189125], [-121.8575329, 37.7189485], [-121.8575481, 37.7189875], [-121.8574343, 37.7191135]]]}, "properties": {"course_id": "dublin_ranch_ca", "course_name": "Dublin Ranch Golf Course", "hole_number": 17, "feature_type": "tee_box", "name": "hole_17_tee_box_2", "feature-color": "#8b7355", "is_approximate": true, "source": "osm", "@id": "67f36f75-8669-4aac-97e9-3c0eb9905e3e", "osm_id": 684507346}}, {"type": "Feature", "bbox": [-121.8578553, 37.7191435, -121.8576391, 37.7192996], "geometry": {"type": "Polygon", "coordinates": [[[-121.8578174, 37.7192996], [-121.8577377, 37.7192786], [-121.8576695, 37.7192336], [-121.8576391, 37.7191975], [-121.8576695, 37.7191555], [-121.8577074, 37.7191435], [-121.8578136, 37.7192035], [-121.8578553, 37.7192636], [-121.8578174, 37.7192996]]]}, "properties": {"course_id": "dublin_ranch_ca", "course_name": "Dublin Ranch Golf Course", "hole_number": 17, "feature_type": "tee_box", "name": "hole_17_tee_box_3", "feature-color": "#8b7355", "is_approximate": true, "source": "osm", "@id": "952e43ba-566a-4d42-9961-3fcfe7dc85ae", "osm_id": 684507347}}, {"type": "Feature", "bbox": [-121.8579805, 37.7190535, -121.8577984, 37.7191945], "geometry": {"type": "Polygon", "coordinates": [[[-121.8579198, 37.7191945], [-121.8578629, 37.7191615], [-121.8578022, 37.7191285], [-121.8577984, 37.7190925], [-121.8578212, 37.7190655], [-121.8578477, 37.7190535], [-121.857897, 37.7190865], [-121.8579388, 37.7191105], [-121.8579805, 37.7191675], [-121.8579198, 37.7191945]]]}, "properties": {"course_id": "dublin_ranch_ca", "course_name": "Dublin Ranch Golf Course", "hole_number": 17, "feature_type": "tee_box", "name": "hole_17_tee_box_4", "feature-color": "#8b7355", "is_approximate": true, "source": "osm", "@id": "935d2617-469a-4a64-8fe1-4ac88f692dbc", "osm_id": 684507348}}, {"type": "Feature", "bbox": [-121.8587508, 37.7199724, -121.8586154, 37.7201046], "geometry": {"type": "Polygon", "coordinates": [[[-121.8587306, 37.7201046], [-121.8586903, 37.7201046], [-121.8586154, 37.7200704], [-121.8586355, 37.7200134], [-121.8586643, 37.7199724], [-121.858722, 37.719986], [-121.8587508, 37.7200248], [-121.8587306, 37.7201046]]]}, "properties": {"course_id": "dublin_ranch_ca", "course_name": "Dublin Ranch Golf Course", "hole_number": 18, "feature_type": "tee_box", "name": "hole_18_tee_box", "feature-color": "#8b7355", "is_approximate": true, "source": "osm", "@id": "b21a62f8-5cdc-4a2a-a137-163f14292033", "osm_id": 684507350}}, {"type": "Feature", "bbox": [-121.8586989, 37.7201821, -121.8585347, 37.7203598], "geometry": {"type": "Polygon", "coordinates": [[[-121.8586528, 37.7203598], [-121.8586096, 37.7203553], [-121.8585347, 37.7202869], [-121.8585577, 37.7202413], [-121.8585808, 37.7201843], [-121.8586355, 37.7201821], [-121.8586989, 37.7202162], [-121.8586989, 37.7202915], [-121.8586989, 37.7203188], [-121.8586528, 37.7203598]]]}, "properties": {"course_id": "dublin_ranch_ca", "course_name": "Dublin Ranch Golf Course", "hole_number": 18, "feature_type": "tee_box", "name": "hole_18_tee_box_2", "feature-color": "#8b7355", "is_approximate": true, "source": "osm", "@id": "852d0168-d816-4c4a-9796-3df3260ff100", "osm_id": 684507351}}, {"type": "Feature", "bbox": [-121.8585981, 37.7204715, -121.8584338, 37.7206744], "geometry": {"type": "Polygon", "coordinates": [[[-121.8584972, 37.7206721], [-121.8584482, 37.7206744], [-121.8584338, 37.7206424], [-121.8584511, 37.7205786], [-121.8584598, 37.7205285], [-121.8584742, 37.7205057], [-121.8585116, 37.7204715], [-121.8585865, 37.7204715], [-121.8585981, 37.7205194], [-121.8585577, 37.7205969], [-121.8585347, 37.7206652], [-121.8584972, 37.7206721]]]}, "properties": {"course_id": "dublin_ranch_ca", "course_name": "Dublin Ranch Golf Course", "hole_number": 18, "feature_type": "tee_box", "name": "hole_18_tee_box_3", "feature-color": "#8b7355", "is_approximate": true, "source": "osm", "@id": "8da1bac2-cb93-43f3-b55b-ac3082f9de84", "osm_id": 684507352}}, {"type": "Feature", "bbox": [-121.858477, 37.7207929, -121.8583186, 37.7209615], "geometry": {"type": "Polygon", "coordinates": [[[-121.858405, 37.7209615], [-121.8583445, 37.7209593], [-121.8583186, 37.7209273], [-121.8583445, 37.7208407], [-121.8583676, 37.7208065], [-121.8584137, 37.7207929], [-121.8584598, 37.7208248], [-121.858477, 37.7208863], [-121.8584511, 37.7209387], [-121.858405, 37.7209615]]]}, "properties": {"course_id": "dublin_ranch_ca", "course_name": "Dublin Ranch Golf Course", "hole_number": 18, "feature_type": "tee_box", "name": "hole_18_tee_box_4", "feature-color": "#8b7355", "is_approximate": true, "source": "osm", "@id": "5f1aefed-8656-4f18-bbf4-559cfa645f9c", "osm_id": 684507353}}, {"type": "Feature", "bbox": [-121.85905420184578, 37.72572013518419, -121.85905420184578, 37.72572013518419], "geometry": {"type": "Point", "coordinates": [-121.85905420184578, 37.72572013518419]}, "properties": {"course_id": "dublin_ranch_ca", "course_name": "Dublin Ranch Golf Course", "hole_number": 1, "feature_type": "tee_center", "name": "hole_1_tee_center", "feature-color": "#c8a055", "is_approximate": true, "source": "derived", "@id": "3c985165-3429-46a5-aa7a-772b76d58fed"}}, {"type": "Feature", "bbox": [-121.85981656657016, 37.72253995344957, -121.85981656657016, 37.72253995344957], "geometry": {"type": "Point", "coordinates": [-121.85981656657016, 37.72253995344957]}, "properties": {"course_id": "dublin_ranch_ca", "course_name": "Dublin Ranch Golf Course", "hole_number": 1, "feature_type": "green_center", "name": "hole_1_green_center", "feature-color": "#5aae5a", "is_approximate": true, "source": "derived", "@id": "00ea6c7b-7aba-4ff0-ae11-c5cc64cb0510"}}, {"type": "Feature", "bbox": [-121.85979236581777, 37.72268453104504, -121.85979236581777, 37.72268453104504], "geometry": {"type": "Point", "coordinates": [-121.85979236581777, 37.72268453104504]}, "properties": {"course_id": "dublin_ranch_ca", "course_name": "Dublin Ranch Golf Course", "hole_number": 1, "feature_type": "green_front", "name": "hole_1_green_front", "feature-color": "#5aae5a", "is_approximate": true, "source": "derived", "@id": "02fee9e7-6c2b-4449-9a14-4457574471d9"}}, {"type": "Feature", "bbox": [-121.85983732587228, 37.72241593540522, -121.85983732587228, 37.72241593540522], "geometry": {"type": "Point", "coordinates": [-121.85983732587228, 37.72241593540522]}, "properties": {"course_id": "dublin_ranch_ca", "course_name": "Dublin Ranch Golf Course", "hole_number": 1, "feature_type": "green_back", "name": "hole_1_green_back", "feature-color": "#5aae5a", "is_approximate": true, "source": "derived", "@id": "be86c36e-cd2f-43e6-813c-a2ab8830d193"}}, {"type": "Feature", "bbox": [-121.86087238099246, 37.72264761259491, -121.86087238099246, 37.72264761259491], "geometry": {"type": "Point", "coordinates": [-121.86087238099246, 37.72264761259491]}, "properties": {"course_id": "dublin_ranch_ca", "course_name": "Dublin Ranch Golf Course", "hole_number": 2, "feature_type": "tee_center", "name": "hole_2_tee_center", "feature-color": "#c8a055", "is_approximate": true, "source": "derived", "@id": "6f2b0d3b-c1ad-4b77-a39e-8b983dcf1213"}}, {"type": "Feature", "bbox": [-121.86077325049415, 37.721170199327446, -121.86077325049415, 37.721170199327446], "geometry": {"type": "Point", "coordinates": [-121.86077325049415, 37.721170199327446]}, "properties": {"course_id": "dublin_ranch_ca", "course_name": "Dublin Ranch Golf Course", "hole_number": 2, "feature_type": "green_center", "name": "hole_2_green_center", "feature-color": "#5aae5a", "is_approximate": true, "source": "derived", "@id": "c54c932e-9d6a-42aa-b400-0b2db60fa6e4"}}, {"type": "Feature", "bbox": [-121.86081626877676, 37.7212715436146, -121.86081626877676, 37.7212715436146], "geometry": {"type": "Point", "coordinates": [-121.86081626877676, 37.7212715436146]}, "properties": {"course_id": "dublin_ranch_ca", "course_name": "Dublin Ranch Golf Course", "hole_number": 2, "feature_type": "green_front", "name": "hole_2_green_front", "feature-color": "#5aae5a", "is_approximate": true, "source": "derived", "@id": "ad41377f-353b-42c1-9e22-5b4242aabf70"}}, {"type": "Feature", "bbox": [-121.86073976366971, 37.72109130965204, -121.86073976366971, 37.72109130965204], "geometry": {"type": "Point", "coordinates": [-121.86073976366971, 37.72109130965204]}, "properties": {"course_id": "dublin_ranch_ca", "course_name": "Dublin Ranch Golf Course", "hole_number": 2, "feature_type": "green_back", "name": "hole_2_green_back", "feature-color": "#5aae5a", "is_approximate": true, "source": "derived", "@id": "b0659d70-3afc-4536-ad60-709a1cd2d354"}}, {"type": "Feature", "bbox": [-121.86320087605175, 37.72203424270612, -121.86320087605175, 37.72203424270612], "geometry": {"type": "Point", "coordinates": [-121.86320087605175, 37.72203424270612]}, "properties": {"course_id": "dublin_ranch_ca", "course_name": "Dublin Ranch Golf Course", "hole_number": 4, "feature_type": "tee_center", "name": "hole_4_tee_center", "feature-color": "#c8a055", "is_approximate": true, "source": "derived", "@id": "9f7cd596-433f-4c0a-b1b7-0557a89b34c7"}}, {"type": "Feature", "bbox": [-121.86183724248244, 37.721289270457284, -121.86183724248244, 37.721289270457284], "geometry": {"type": "Point", "coordinates": [-121.86183724248244, 37.721289270457284]}, "properties": {"course_id": "dublin_ranch_ca", "course_name": "Dublin Ranch Golf Course", "hole_number": 4, "feature_type": "green_center", "name": "hole_4_green_center", "feature-color": "#5aae5a", "is_approximate": true, "source": "derived", "@id": "42b6879d-3a41-4910-90a2-e45fa6f40baa"}}, {"type": "Feature", "bbox": [-121.86180681732739, 37.72139429103501, -121.86180681732739, 37.72139429103501], "geometry": {"type": "Point", "coordinates": [-121.86180681732739, 37.72139429103501]}, "properties": {"course_id": "dublin_ranch_ca", "course_name": "Dublin Ranch Golf Course", "hole_number": 4, "feature_type": "green_front", "name": "hole_4_green_front", "feature-color": "#5aae5a", "is_approximate": true, "source": "derived", "@id": "75e044dd-7185-459b-bcfe-150d0be291c6"}}, {"type": "Feature", "bbox": [-121.86185381797395, 37.72123205570549, -121.86185381797395, 37.72123205570549], "geometry": {"type": "Point", "coordinates": [-121.86185381797395, 37.72123205570549]}, "properties": {"course_id": "dublin_ranch_ca", "course_name": "Dublin Ranch Golf Course", "hole_number": 4, "feature_type": "green_back", "name": "hole_4_green_back", "feature-color": "#5aae5a", "is_approximate": true, "source": "derived", "@id": "90d491c5-5f17-4154-bc12-a1f70872597e"}}, {"type": "Feature", "bbox": [-121.86188508112063, 37.72079572961972, -121.86188508112063, 37.72079572961972], "geometry": {"type": "Point", "coordinates": [-121.86188508112063, 37.72079572961972]}, "properties": {"course_id": "dublin_ranch_ca", "course_name": "Dublin Ranch Golf Course", "hole_number": 3, "feature_type": "tee_center", "name": "hole_3_tee_center", "feature-color": "#c8a055", "is_approximate": true, "source": "derived", "@id": "248786f9-c93e-450e-9e63-f9cad9addbac"}}, {"type": "Feature", "bbox": [-121.86354752784422, 37.721602127416034, -121.86354752784422, 37.721602127416034], "geometry": {"type": "Point", "coordinates": [-121.86354752784422, 37.721602127416034]}, "properties": {"course_id": "dublin_ranch_ca", "course_name": "Dublin Ranch Golf Course", "hole_number": 3, "feature_type": "green_center", "name": "hole_3_green_center", "feature-color": "#5aae5a", "is_approximate": true, "source": "derived", "@id": "918ed17d-94be-4105-b217-702df485f5e5"}}, {"type": "Feature", "bbox": [-121.86336334343683, 37.72151954550024, -121.86336334343683, 37.72151954550024], "geometry": {"type": "Point", "coordinates": [-121.86336334343683, 37.72151954550024]}, "properties": {"course_id": "dublin_ranch_ca", "course_name": "Dublin Ranch Golf Course", "hole_number": 3, "feature_type": "green_front", "name": "hole_3_green_front", "feature-color": "#5aae5a", "is_approximate": true, "source": "derived", "@id": "ebc2cd5a-b051-423a-b76c-aa7fd085dcd0"}}, {"type": "Feature", "bbox": [-121.86371431016546, 37.72167690683849, -121.86371431016546, 37.72167690683849], "geometry": {"type": "Point", "coordinates": [-121.86371431016546, 37.72167690683849]}, "properties": {"course_id": "dublin_ranch_ca", "course_name": "Dublin Ranch Golf Course", "hole_number": 3, "feature_type": "green_back", "name": "hole_3_green_back", "feature-color": "#5aae5a", "is_approximate": true, "source": "derived", "@id": "3942c5ef-ed5e-4f7c-9b84-445ab94786a6"}}, {"type": "Feature", "bbox": [-121.86169471857697, 37.72174138953213, -121.86169471857697, 37.72174138953213], "geometry": {"type": "Point", "coordinates": [-121.86169471857697, 37.72174138953213]}, "properties": {"course_id": "dublin_ranch_ca", "course_name": "Dublin Ranch Golf Course", "hole_number": 5, "feature_type": "tee_center", "name": "hole_5_tee_center", "feature-color": "#c8a055", "is_approximate": true, "source": "derived", "@id": "57451f0e-9b66-4ee8-8657-b848b4e8d06a"}}, {"type": "Feature", "bbox": [-121.86510127259403, 37.72523673980954, -121.86510127259403, 37.72523673980954], "geometry": {"type": "Point", "coordinates": [-121.86510127259403, 37.72523673980954]}, "properties": {"course_id": "dublin_ranch_ca", "course_name": "Dublin Ranch Golf Course", "hole_number": 5, "feature_type": "green_center", "name": "hole_5_green_center", "feature-color": "#5aae5a", "is_approximate": true, "source": "derived", "@id": "e5690000-37d9-4cc4-a9a7-bd394aae60cd"}}, {"type": "Feature", "bbox": [-121.86501460219841, 37.72511262789674, -121.86501460219841, 37.72511262789674], "geometry": {"type": "Point", "coordinates": [-121.86501460219841, 37.72511262789674]}, "properties": {"course_id": "dublin_ranch_ca", "course_name": "Dublin Ranch Golf Course", "hole_number": 5, "feature_type": "green_front", "name": "hole_5_green_front", "feature-color": "#5aae5a", "is_approximate": true, "source": "derived", "@id": "d5f419bd-23c8-4db4-a63a-553606281220"}}, {"type": "Feature", "bbox": [-121.86518253756098, 37.72535311115433, -121.86518253756098, 37.72535311115433], "geometry": {"type": "Point", "coordinates": [-121.86518253756098, 37.72535311115433]}, "properties": {"course_id": "dublin_ranch_ca", "course_name": "Dublin Ranch Golf Course", "hole_number": 5, "feature_type": "green_back", "name": "hole_5_green_back", "feature-color": "#5aae5a", "is_approximate": true, "source": "derived", "@id": "ebff4546-d42d-4a1a-9bd7-140c2898b13d"}}, {"type": "Feature", "bbox": [-121.86365104610783, 37.72597443982253, -121.86365104610783, 37.72597443982253], "geometry": {"type": "Point", "coordinates": [-121.86365104610783, 37.72597443982253]}, "properties": {"course_id": "dublin_ranch_ca", "course_name": "Dublin Ranch Golf Course", "hole_number": 7, "feature_type": "tee_center", "name": "hole_7_tee_center", "feature-color": "#c8a055", "is_approximate": true, "source": "derived", "@id": "40fec615-4598-4321-a1e9-56255dbe3175"}}, {"type": "Feature", "bbox": [-121.86389082747615, 37.727276631489254, -121.86389082747615, 37.727276631489254], "geometry": {"type": "Point", "coordinates": [-121.86389082747615, 37.727276631489254]}, "properties": {"course_id": "dublin_ranch_ca", "course_name": "Dublin Ranch Golf Course", "hole_number": 7, "feature_type": "green_center", "name": "hole_7_green_center", "feature-color": "#5aae5a", "is_approximate": true, "source": "derived", "@id": "d86a391b-2432-40d5-9fc5-d061d76e89e2"}}, {"type": "Feature", "bbox": [-121.86372461116977, 37.72731702303396, -121.86372461116977, 37.72731702303396], "geometry": {"type": "Point", "coordinates": [-121.86372461116977, 37.72731702303396]}, "properties": {"course_id": "dublin_ranch_ca", "course_name": "Dublin Ranch Golf Course", "hole_number": 7, "feature_type": "green_front", "name": "hole_7_green_front", "feature-color": "#5aae5a", "is_approximate": true, "source": "derived", "@id": "df7c30ec-1241-49d2-815c-7a234d820a85"}}, {"type": "Feature", "bbox": [-121.86404679445442, 37.72723873059185, -121.86404679445442, 37.72723873059185], "geometry": {"type": "Point", "coordinates": [-121.86404679445442, 37.72723873059185]}, "properties": {"course_id": "dublin_ranch_ca", "course_name": "Dublin Ranch Golf Course", "hole_number": 7, "feature_type": "green_back", "name": "hole_7_green_back", "feature-color": "#5aae5a", "is_approximate": true, "source": "derived", "@id": "0e8f3f1d-dae4-4ace-8324-919f12cea846"}}, {"type": "Feature", "bbox": [-121.86253428440956, 37.72836597067053, -121.86253428440956, 37.72836597067053], "geometry": {"type": "Point", "coordinates": [-121.86253428440956, 37.72836597067053]}, "properties": {"course_id": "dublin_ranch_ca", "course_name": "Dublin Ranch Golf Course", "hole_number": 9, "feature_type": "tee_center", "name": "hole_9_tee_center", "feature-color": "#c8a055", "is_approximate": true, "source": "derived", "@id": "aee1c1cf-5160-43e1-adf2-b0ff293192ff"}}, {"type": "Feature", "bbox": [-121.85921642325842, 37.72700007478423, -121.85921642325842, 37.72700007478423], "geometry": {"type": "Point", "coordinates": [-121.85921642325842, 37.72700007478423]}, "properties": {"course_id": "dublin_ranch_ca", "course_name": "Dublin Ranch Golf Course", "hole_number": 9, "feature_type": "green_center", "name": "hole_9_green_center", "feature-color": "#5aae5a", "is_approximate": true, "source": "derived", "@id": "97d4619e-bc16-4068-8b20-36e8ceb48e72"}}, {"type": "Feature", "bbox": [-121.85937817328637, 37.72710016884996, -121.85937817328637, 37.72710016884996], "geometry": {"type": "Point", "coordinates": [-121.85937817328637, 37.72710016884996]}, "properties": {"course_id": "dublin_ranch_ca", "course_name": "Dublin Ranch Golf Course", "hole_number": 9, "feature_type": "green_front", "name": "hole_9_green_front", "feature-color": "#5aae5a", "is_approximate": true, "source": "derived", "@id": "25ab0f1d-2bbb-47d9-81c8-3d0243496276"}}, {"type": "Feature", "bbox": [-121.8590771844615, 37.72691391110644, -121.8590771844615, 37.72691391110644], "geometry": {"type": "Point", "coordinates": [-121.8590771844615, 37.72691391110644]}, "properties": {"course_id": "dublin_ranch_ca", "course_name": "Dublin Ranch Golf Course", "hole_number": 9, "feature_type": "green_back", "name": "hole_9_green_back", "feature-color": "#5aae5a", "is_approximate": true, "source": "derived", "@id": "9b57ffd7-e402-4684-be1b-3bf8408ef307"}}, {"type": "Feature", "bbox": [-121.85734088107822, 37.72645792477777, -121.85734088107822, 37.72645792477777], "geometry": {"type": "Point", "coordinates": [-121.85734088107822, 37.72645792477777]}, "properties": {"course_id": "dublin_ranch_ca", "course_name": "Dublin Ranch Golf Course", "hole_number": 10, "feature_type": "tee_center", "name": "hole_10_tee_center", "feature-color": "#c8a055", "is_approximate": true, "source": "derived", "@id": "30b6e4d9-1dfc-450b-85f1-30904fa6cc28"}}, {"type": "Feature", "bbox": [-121.8536327203966, 37.72576774558218, -121.8536327203966, 37.72576774558218], "geometry": {"type": "Point", "coordinates": [-121.8536327203966, 37.72576774558218]}, "properties": {"course_id": "dublin_ranch_ca", "course_name": "Dublin Ranch Golf Course", "hole_number": 10, "feature_type": "green_center", "name": "hole_10_green_center", "feature-color": "#5aae5a", "is_approximate": true, "source": "derived", "@id": "f0ee49fa-9066-4a50-8cda-f8c1c2a006af"}}, {"type": "Feature", "bbox": [-121.85385655145993, 37.7257705497257, -121.85385655145993, 37.7257705497257], "geometry": {"type": "Point", "coordinates": [-121.85385655145993, 37.7257705497257]}, "properties": {"course_id": "dublin_ranch_ca", "course_name": "Dublin Ranch Golf Course", "hole_number": 10, "feature_type": "green_front", "name": "hole_10_green_front", "feature-color": "#5aae5a", "is_approximate": true, "source": "derived", "@id": "0af28f07-8041-4a24-8b1a-63b376a8d6d1"}}, {"type": "Feature", "bbox": [-121.85338302126, 37.725764617364824, -121.85338302126, 37.725764617364824], "geometry": {"type": "Point", "coordinates": [-121.85338302126, 37.725764617364824]}, "properties": {"course_id": "dublin_ranch_ca", "course_name": "Dublin Ranch Golf Course", "hole_number": 10, "feature_type": "green_back", "name": "hole_10_green_back", "feature-color": "#5aae5a", "is_approximate": true, "source": "derived", "@id": "2e3779d1-40df-40d7-834f-ce99742c3ad2"}}, {"type": "Feature", "bbox": [-121.85244539796567, 37.72622419774986, -121.85244539796567, 37.72622419774986], "geometry": {"type": "Point", "coordinates": [-121.85244539796567, 37.72622419774986]}, "properties": {"course_id": "dublin_ranch_ca", "course_name": "Dublin Ranch Golf Course", "hole_number": 11, "feature_type": "tee_center", "name": "hole_11_tee_center", "feature-color": "#c8a055", "is_approximate": true, "source": "derived", "@id": "0f2de556-16b2-4ab5-9b52-cd94149394d9"}}, {"type": "Feature", "bbox": [-121.85153904506112, 37.72490629709849, -121.85153904506112, 37.72490629709849], "geometry": {"type": "Point", "coordinates": [-121.85153904506112, 37.72490629709849]}, "properties": {"course_id": "dublin_ranch_ca", "course_name": "Dublin Ranch Golf Course", "hole_number": 11, "feature_type": "green_center", "name": "hole_11_green_center", "feature-color": "#5aae5a", "is_approximate": true, "source": "derived", "@id": "f97fdccb-eb0e-4d63-8f9d-327b508a5b32"}}, {"type": "Feature", "bbox": [-121.85165903501647, 37.72501102143308, -121.85165903501647, 37.72501102143308], "geometry": {"type": "Point", "coordinates": [-121.85165903501647, 37.72501102143308]}, "properties": {"course_id": "dublin_ranch_ca", "course_name": "Dublin Ranch Golf Course", "hole_number": 11, "feature_type": "green_front", "name": "hole_11_green_front", "feature-color": "#5aae5a", "is_approximate": true, "source": "derived", "@id": "81be8412-ae03-474e-9b41-36f8ac5b9c7d"}}, {"type": "Feature", "bbox": [-121.8514403043339, 37.72482011857692, -121.8514403043339, 37.72482011857692], "geometry": {"type": "Point", "coordinates": [-121.8514403043339, 37.72482011857692]}, "properties": {"course_id": "dublin_ranch_ca", "course_name": "Dublin Ranch Golf Course", "hole_number": 11, "feature_type": "green_back", "name": "hole_11_green_back", "feature-color": "#5aae5a", "is_approximate": true, "source": "derived", "@id": "7f87852a-d566-4cdb-88b5-4aef92a8b5df"}}, {"type": "Feature", "bbox": [-121.8522846750423, 37.72488356672875, -121.8522846750423, 37.72488356672875], "geometry": {"type": "Point", "coordinates": [-121.8522846750423, 37.72488356672875]}, "properties": {"course_id": "dublin_ranch_ca", "course_name": "Dublin Ranch Golf Course", "hole_number": 12, "feature_type": "tee_center", "name": "hole_12_tee_center", "feature-color": "#c8a055", "is_approximate": true, "source": "derived", "@id": "bf921d8d-dcdd-4304-a6b3-2937ba1baf53"}}, {"type": "Feature", "bbox": [-121.85165189440569, 37.72144498692732, -121.85165189440569, 37.72144498692732], "geometry": {"type": "Point", "coordinates": [-121.85165189440569, 37.72144498692732]}, "properties": {"course_id": "dublin_ranch_ca", "course_name": "Dublin Ranch Golf Course", "hole_number": 12, "feature_type": "green_center", "name": "hole_12_green_center", "feature-color": "#5aae5a", "is_approximate": true, "source": "derived", "@id": "5b1f6727-bfff-4cd6-a9ee-453f4f4fa4bc"}}, {"type": "Feature", "bbox": [-121.85166617566648, 37.72159292566253, -121.85166617566648, 37.72159292566253], "geometry": {"type": "Point", "coordinates": [-121.85166617566648, 37.72159292566253]}, "properties": {"course_id": "dublin_ranch_ca", "course_name": "Dublin Ranch Golf Course", "hole_number": 12, "feature_type": "green_front", "name": "hole_12_green_front", "feature-color": "#5aae5a", "is_approximate": true, "source": "derived", "@id": "3798319a-3093-483b-8d75-137681da61f8"}}, {"type": "Feature", "bbox": [-121.85163985480818, 37.72132026944936, -121.85163985480818, 37.72132026944936], "geometry": {"type": "Point", "coordinates": [-121.85163985480818, 37.72132026944936]}, "properties": {"course_id": "dublin_ranch_ca", "course_name": "Dublin Ranch Golf Course", "hole_number": 12, "feature_type": "green_back", "name": "hole_12_green_back", "feature-color": "#5aae5a", "is_approximate": true, "source": "derived", "@id": "e84c096d-3432-42db-abd4-17a2cec79bfe"}}, {"type": "Feature", "bbox": [-121.85252462506878, 37.72145709930791, -121.85252462506878, 37.72145709930791], "geometry": {"type": "Point", "coordinates": [-121.85252462506878, 37.72145709930791]}, "properties": {"course_id": "dublin_ranch_ca", "course_name": "Dublin Ranch Golf Course", "hole_number": 13, "feature_type": "tee_center", "name": "hole_13_tee_center", "feature-color": "#c8a055", "is_approximate": true, "source": "derived", "@id": "c2a9f620-f699-480f-9cbf-14872d3eee99"}}, {"type": "Feature", "bbox": [-121.8533328583479, 37.72043667342371, -121.8533328583479, 37.72043667342371], "geometry": {"type": "Point", "coordinates": [-121.8533328583479, 37.72043667342371]}, "properties": {"course_id": "dublin_ranch_ca", "course_name": "Dublin Ranch Golf Course", "hole_number": 13, "feature_type": "green_center", "name": "hole_13_green_center", "feature-color": "#5aae5a", "is_approximate": true, "source": "derived", "@id": "c6f400ab-a05f-48ba-9e10-778a58278ea5"}}, {"type": "Feature", "bbox": [-121.85324124011242, 37.720533063601955, -121.85324124011242, 37.720533063601955], "geometry": {"type": "Point", "coordinates": [-121.85324124011242, 37.720533063601955]}, "properties": {"course_id": "dublin_ranch_ca", "course_name": "Dublin Ranch Golf Course", "hole_number": 13, "feature_type": "green_front", "name": "hole_13_green_front", "feature-color": "#5aae5a", "is_approximate": true, "source": "derived", "@id": "eecb0833-ee2f-45ee-8fe6-068252139b0d"}}, {"type": "Feature", "bbox": [-121.85344020991423, 37.720323730442885, -121.85344020991423, 37.720323730442885], "geometry": {"type": "Point", "coordinates": [-121.85344020991423, 37.720323730442885]}, "properties": {"course_id": "dublin_ranch_ca", "course_name": "Dublin Ranch Golf Course", "hole_number": 13, "feature_type": "green_back", "name": "hole_13_green_back", "feature-color": "#5aae5a", "is_approximate": true, "source": "derived", "@id": "3792e116-06e2-4c8b-950e-5a4caca33973"}}, {"type": "Feature", "bbox": [-121.8543005041686, 37.71997387640442, -121.8543005041686, 37.71997387640442], "geometry": {"type": "Point", "coordinates": [-121.8543005041686, 37.71997387640442]}, "properties": {"course_id": "dublin_ranch_ca", "course_name": "Dublin Ranch Golf Course", "hole_number": 14, "feature_type": "tee_center", "name": "hole_14_tee_center", "feature-color": "#c8a055", "is_approximate": true, "source": "derived", "@id": "6d0d42f1-5a71-442d-a92c-5b70076c14b4"}}, {"type": "Feature", "bbox": [-121.85610463500352, 37.71925345036448, -121.85610463500352, 37.71925345036448], "geometry": {"type": "Point", "coordinates": [-121.85610463500352, 37.71925345036448]}, "properties": {"course_id": "dublin_ranch_ca", "course_name": "Dublin Ranch Golf Course", "hole_number": 14, "feature_type": "green_center", "name": "hole_14_green_center", "feature-color": "#5aae5a", "is_approximate": true, "source": "derived", "@id": "812f8428-a3a0-4973-8fa2-94a94109b818"}}, {"type": "Feature", "bbox": [-121.85601212738351, 37.719371324080676, -121.85601212738351, 37.719371324080676], "geometry": {"type": "Point", "coordinates": [-121.85601212738351, 37.719371324080676]}, "properties": {"course_id": "dublin_ranch_ca", "course_name": "Dublin Ranch Golf Course", "hole_number": 14, "feature_type": "green_front", "name": "hole_14_green_front", "feature-color": "#5aae5a", "is_approximate": true, "source": "derived", "@id": "2d8ef4f0-aed6-4209-a432-361a61cf0056"}}, {"type": "Feature", "bbox": [-121.85619553385797, 37.71913762654614, -121.85619553385797, 37.71913762654614], "geometry": {"type": "Point", "coordinates": [-121.85619553385797, 37.71913762654614]}, "properties": {"course_id": "dublin_ranch_ca", "course_name": "Dublin Ranch Golf Course", "hole_number": 14, "feature_type": "green_back", "name": "hole_14_green_back", "feature-color": "#5aae5a", "is_approximate": true, "source": "derived", "@id": "f0c5915d-2842-4458-b5df-fb15b5d1a026"}}, {"type": "Feature", "bbox": [-121.85683930008419, 37.71915170083068, -121.85683930008419, 37.71915170083068], "geometry": {"type": "Point", "coordinates": [-121.85683930008419, 37.71915170083068]}, "properties": {"course_id": "dublin_ranch_ca", "course_name": "Dublin Ranch Golf Course", "hole_number": 15, "feature_type": "tee_center", "name": "hole_15_tee_center", "feature-color": "#c8a055", "is_approximate": true, "source": "derived", "@id": "e6e0fd78-bedc-474e-98cd-161864f853f0"}}, {"type": "Feature", "bbox": [-121.85585266317833, 37.7175897627781, -121.85585266317833, 37.7175897627781], "geometry": {"type": "Point", "coordinates": [-121.85585266317833, 37.7175897627781]}, "properties": {"course_id": "dublin_ranch_ca", "course_name": "Dublin Ranch Golf Course", "hole_number": 15, "feature_type": "green_center", "name": "hole_15_green_center", "feature-color": "#5aae5a", "is_approximate": true, "source": "derived", "@id": "1710661c-2392-4cb4-ba7d-7c6c35af548d"}}, {"type": "Feature", "bbox": [-121.85592448888013, 37.71779221160816, -121.85592448888013, 37.71779221160816], "geometry": {"type": "Point", "coordinates": [-121.85592448888013, 37.71779221160816]}, "properties": {"course_id": "dublin_ranch_ca", "course_name": "Dublin Ranch Golf Course", "hole_number": 15, "feature_type": "green_front", "name": "hole_15_green_front", "feature-color": "#5aae5a", "is_approximate": true, "source": "derived", "@id": "294346dc-d66e-4c23-b1dc-ba7e063bc331"}}, {"type": "Feature", "bbox": [-121.85579023490783, 37.71741380166661, -121.85579023490783, 37.71741380166661], "geometry": {"type": "Point", "coordinates": [-121.85579023490783, 37.71741380166661]}, "properties": {"course_id": "dublin_ranch_ca", "course_name": "Dublin Ranch Golf Course", "hole_number": 15, "feature_type": "green_back", "name": "hole_15_green_back", "feature-color": "#5aae5a", "is_approximate": true, "source": "derived", "@id": "452e9581-2e2a-4cd1-8033-3bf29d793d11"}}, {"type": "Feature", "bbox": [-121.85611931225684, 37.71686085431555, -121.85611931225684, 37.71686085431555], "geometry": {"type": "Point", "coordinates": [-121.85611931225684, 37.71686085431555]}, "properties": {"course_id": "dublin_ranch_ca", "course_name": "Dublin Ranch Golf Course", "hole_number": 16, "feature_type": "tee_center", "name": "hole_16_tee_center", "feature-color": "#c8a055", "is_approximate": true, "source": "derived", "@id": "bdfc3ff3-c521-498d-a6c3-d28514b0fb31"}}, {"type": "Feature", "bbox": [-121.85829552871417, 37.718727913578995, -121.85829552871417, 37.718727913578995], "geometry": {"type": "Point", "coordinates": [-121.85829552871417, 37.718727913578995]}, "properties": {"course_id": "dublin_ranch_ca", "course_name": "Dublin Ranch Golf Course", "hole_number": 16, "feature_type": "green_center", "name": "hole_16_green_center", "feature-color": "#5aae5a", "is_approximate": true, "source": "derived", "@id": "a3a3d7dd-98ba-4291-a1a7-ce3cf9d0abd1"}}, {"type": "Feature", "bbox": [-121.85816182011698, 37.718659334274506, -121.85816182011698, 37.718659334274506], "geometry": {"type": "Point", "coordinates": [-121.85816182011698, 37.718659334274506]}, "properties": {"course_id": "dublin_ranch_ca", "course_name": "Dublin Ranch Golf Course", "hole_number": 16, "feature_type": "green_front", "name": "hole_16_green_front", "feature-color": "#5aae5a", "is_approximate": true, "source": "derived", "@id": "955b1884-e5e0-4ee6-9c6f-6173b9fcb643"}}, {"type": "Feature", "bbox": [-121.85844679779574, 37.71880549967759, -121.85844679779574, 37.71880549967759], "geometry": {"type": "Point", "coordinates": [-121.85844679779574, 37.71880549967759]}, "properties": {"course_id": "dublin_ranch_ca", "course_name": "Dublin Ranch Golf Course", "hole_number": 16, "feature_type": "green_back", "name": "hole_16_green_back", "feature-color": "#5aae5a", "is_approximate": true, "source": "derived", "@id": "179819bf-75a2-4098-bc87-720518864073"}}, {"type": "Feature", "bbox": [-121.85868705965214, 37.72004167425069, -121.85868705965214, 37.72004167425069], "geometry": {"type": "Point", "coordinates": [-121.85868705965214, 37.72004167425069]}, "properties": {"course_id": "dublin_ranch_ca", "course_name": "Dublin Ranch Golf Course", "hole_number": 18, "feature_type": "tee_center", "name": "hole_18_tee_center", "feature-color": "#c8a055", "is_approximate": true, "source": "derived", "@id": "12f94f84-9728-4e8a-a6e2-4c8b7ed0848b"}}, {"type": "Feature", "bbox": [-121.85768494457965, 37.724226358122486, -121.85768494457965, 37.724226358122486], "geometry": {"type": "Point", "coordinates": [-121.85768494457965, 37.724226358122486]}, "properties": {"course_id": "dublin_ranch_ca", "course_name": "Dublin Ranch Golf Course", "hole_number": 18, "feature_type": "green_center", "name": "hole_18_green_center", "feature-color": "#5aae5a", "is_approximate": true, "source": "derived", "@id": "2f2a5eec-ed91-4e87-9c94-9b05a6c6de66"}}, {"type": "Feature", "bbox": [-121.8577093410473, 37.72407132086492, -121.8577093410473, 37.72407132086492], "geometry": {"type": "Point", "coordinates": [-121.8577093410473, 37.72407132086492]}, "properties": {"course_id": "dublin_ranch_ca", "course_name": "Dublin Ranch Golf Course", "hole_number": 18, "feature_type": "green_front", "name": "hole_18_green_front", "feature-color": "#5aae5a", "is_approximate": true, "source": "derived", "@id": "b8c0e955-ca5a-4807-a104-0a937f110691"}}, {"type": "Feature", "bbox": [-121.85766545445733, 37.72435021601676, -121.85766545445733, 37.72435021601676], "geometry": {"type": "Point", "coordinates": [-121.85766545445733, 37.72435021601676]}, "properties": {"course_id": "dublin_ranch_ca", "course_name": "Dublin Ranch Golf Course", "hole_number": 18, "feature_type": "green_back", "name": "hole_18_green_back", "feature-color": "#5aae5a", "is_approximate": true, "source": "derived", "@id": "5faa2ccc-e241-4ac4-b9c2-4f7de0109f12"}}, {"type": "Feature", "bbox": [-121.85731927602319, 37.71896470577641, -121.85731927602319, 37.71896470577641], "geometry": {"type": "Point", "coordinates": [-121.85731927602319, 37.71896470577641]}, "properties": {"course_id": "dublin_ranch_ca", "course_name": "Dublin Ranch Golf Course", "hole_number": 17, "feature_type": "tee_center", "name": "hole_17_tee_center", "feature-color": "#c8a055", "is_approximate": true, "source": "derived", "@id": "53743b57-aaaf-411c-ba3b-53f3cf9b4734"}}, {"type": "Feature", "bbox": [-121.85856312582793, 37.719631440986625, -121.85856312582793, 37.719631440986625], "geometry": {"type": "Point", "coordinates": [-121.85856312582793, 37.719631440986625]}, "properties": {"course_id": "dublin_ranch_ca", "course_name": "Dublin Ranch Golf Course", "hole_number": 17, "feature_type": "green_center", "name": "hole_17_green_center", "feature-color": "#5aae5a", "is_approximate": true, "source": "derived", "@id": "bdd6a5d8-ebd3-49a4-99e2-a60f7ab601dd"}}, {"type": "Feature", "bbox": [-121.85841327754058, 37.719712381161216, -121.85841327754058, 37.719712381161216], "geometry": {"type": "Point", "coordinates": [-121.85841327754058, 37.719712381161216]}, "properties": {"course_id": "dublin_ranch_ca", "course_name": "Dublin Ranch Golf Course", "hole_number": 17, "feature_type": "green_front", "name": "hole_17_green_front", "feature-color": "#5aae5a", "is_approximate": true, "source": "derived", "@id": "18f1d1d3-4280-441d-81a3-592ab58eb7ec"}}, {"type": "Feature", "bbox": [-121.85871205080944, 37.71955099953336, -121.85871205080944, 37.71955099953336], "geometry": {"type": "Point", "coordinates": [-121.85871205080944, 37.71955099953336]}, "properties": {"course_id": "dublin_ranch_ca", "course_name": "Dublin Ranch Golf Course", "hole_number": 17, "feature_type": "green_back", "name": "hole_17_green_back", "feature-color": "#5aae5a", "is_approximate": true, "source": "derived", "@id": "0705cf4e-483e-47af-8801-6ae9579e21ed"}}, {"type": "Feature", "bbox": [-121.86303405486221, 37.7267085679521, -121.86303405486221, 37.7267085679521], "geometry": {"type": "Point", "coordinates": [-121.86303405486221, 37.7267085679521]}, "properties": {"course_id": "dublin_ranch_ca", "course_name": "Dublin Ranch Golf Course", "hole_number": 8, "feature_type": "tee_center", "name": "hole_8_tee_center", "feature-color": "#c8a055", "is_approximate": true, "source": "derived", "@id": "a3daf051-7e6d-4825-9364-ebbdf3b5d45d"}}, {"type": "Feature", "bbox": [-121.86310563232918, 37.72802835203833, -121.86310563232918, 37.72802835203833], "geometry": {"type": "Point", "coordinates": [-121.86310563232918, 37.72802835203833]}, "properties": {"course_id": "dublin_ranch_ca", "course_name": "Dublin Ranch Golf Course", "hole_number": 8, "feature_type": "green_center", "name": "hole_8_green_center", "feature-color": "#5aae5a", "is_approximate": true, "source": "derived", "@id": "81c13ff0-1366-488b-9807-86ba08f98c2b"}}, {"type": "Feature", "bbox": [-121.86293324536751, 37.727924783551096, -121.86293324536751, 37.727924783551096], "geometry": {"type": "Point", "coordinates": [-121.86293324536751, 37.727924783551096]}, "properties": {"course_id": "dublin_ranch_ca", "course_name": "Dublin Ranch Golf Course", "hole_number": 8, "feature_type": "green_front", "name": "hole_8_green_front", "feature-color": "#5aae5a", "is_approximate": true, "source": "derived", "@id": "9d8717b3-5211-42dc-9a54-4215c48cd531"}}, {"type": "Feature", "bbox": [-121.8632865436709, 37.72813704189401, -121.8632865436709, 37.72813704189401], "geometry": {"type": "Point", "coordinates": [-121.8632865436709, 37.72813704189401]}, "properties": {"course_id": "dublin_ranch_ca", "course_name": "Dublin Ranch Golf Course", "hole_number": 8, "feature_type": "green_back", "name": "hole_8_green_back", "feature-color": "#5aae5a", "is_approximate": true, "source": "derived", "@id": "5462d316-733e-41ab-a69a-a6a0bcb7630a"}}, {"type": "Feature", "bbox": [-121.86552030649538, 37.72609608634194, -121.86552030649538, 37.72609608634194], "geometry": {"type": "Point", "coordinates": [-121.86552030649538, 37.72609608634194]}, "properties": {"course_id": "dublin_ranch_ca", "course_name": "Dublin Ranch Golf Course", "hole_number": 6, "feature_type": "tee_center", "name": "hole_6_tee_center", "feature-color": "#c8a055", "is_approximate": true, "source": "derived", "@id": "e997294d-35e4-4d21-ae10-6be7c0996539"}}, {"type": "Feature", "bbox": [-121.86411459323082, 37.725643678843134, -121.86411459323082, 37.725643678843134], "geometry": {"type": "Point", "coordinates": [-121.86411459323082, 37.725643678843134]}, "properties": {"course_id": "dublin_ranch_ca", "course_name": "Dublin Ranch Golf Course", "hole_number": 6, "feature_type": "green_center", "name": "hole_6_green_center", "feature-color": "#5aae5a", "is_approximate": true, "source": "derived", "@id": "9b4ee82d-a09d-4177-bb33-1f8954ae57e2"}}, {"type": "Feature", "bbox": [-121.86415195964416, 37.72576058314819, -121.86415195964416, 37.72576058314819], "geometry": {"type": "Point", "coordinates": [-121.86415195964416, 37.72576058314819]}, "properties": {"course_id": "dublin_ranch_ca", "course_name": "Dublin Ranch Golf Course", "hole_number": 6, "feature_type": "green_front", "name": "hole_6_green_front", "feature-color": "#5aae5a", "is_approximate": true, "source": "derived", "@id": "8608cadf-8e18-4e31-981d-1d28e8d1abfd"}}, {"type": "Feature", "bbox": [-121.86406290888004, 37.725481979536966, -121.86406290888004, 37.725481979536966], "geometry": {"type": "Point", "coordinates": [-121.86406290888004, 37.725481979536966]}, "properties": {"course_id": "dublin_ranch_ca", "course_name": "Dublin Ranch Golf Course", "hole_number": 6, "feature_type": "green_back", "name": "hole_6_green_back", "feature-color": "#5aae5a", "is_approximate": true, "source": "derived", "@id": "ce67d9bd-0755-496e-9bc3-1737c9b66382"}}]}