{
  "type": "FeatureCollection",
  "features": [
    {
      "type": "Feature",
      "bbox": [
        -118.4146173,
        34.3101081,
        -118.4143523,
        34.3103568
      ],
      "geometry": {
        "type": "Polygon",
        "coordinates": [
          [
            [
              -118.4144513,
              34.3103423
            ],
            [
              -118.4145111,
              34.3103568
            ],
            [
              -118.4145472,
              34.3103542
            ],
            [
              -118.4145977,
              34.3103244
            ],
            [
              -118.4146131,
              34.3102887
            ],
            [
              -118.4146173,
              34.3102571
            ],
            [
              -118.4145843,
              34.3101933
            ],
            [
              -118.4145327,
              34.3101302
            ],
            [
              -118.4145008,
              34.3101081
            ],
            [
              -118.4144626,
              34.3101089
            ],
            [
              -118.4144193,
              34.3101234
            ],
            [
              -118.4143719,
              34.3101686
            ],
            [
              -118.4143523,
              34.3102188
            ],
            [
              -118.4143564,
              34.3102665
            ],
            [
              -118.4143822,
              34.3103074
            ],
            [
              -118.4144513,
              34.3103423
            ]
          ]
        ]
      },
      "properties": {
        "course_id": "el_cariso_sylmar",
        "course_name": "El Cariso Golf Course",
        "hole_number": 4,
        "feature_type": "green",
        "name": "hole_4_green",
        "feature-color": "#2d6e2d",
        "is_approximate": true,
        "source": "osm",
        "@id": "8eba6365-15d2-4079-bda8-9cc72133dcc0",
        "osm_id": 374936734
      }
    },
    {
      "type": "Feature",
      "bbox": [
        -118.4134546,
        34.3111466,
        -118.4127225,
        34.3117079
      ],
      "geometry": {
        "type": "Polygon",
        "coordinates": [
          [
            [
              -118.4132329,
              34.311432
            ],
            [
              -118.4133123,
              34.3114226
            ],
            [
              -118.4133907,
              34.311403
            ],
            [
              -118.4134402,
              34.3113638
            ],
            [
              -118.4134546,
              34.3113281
            ],
            [
              -118.4134505,
              34.3112914
            ],
            [
              -118.4134062,
              34.3112548
            ],
            [
              -118.4132927,
              34.3111867
            ],
            [
              -118.4131566,
              34.3111526
            ],
            [
              -118.4130927,
              34.3111466
            ],
            [
              -118.4130525,
              34.3111611
            ],
            [
              -118.4130215,
              34.3111833
            ],
            [
              -118.4130154,
              34.3112046
            ],
            [
              -118.4130319,
              34.3112753
            ],
            [
              -118.4130391,
              34.3113068
            ],
            [
              -118.4130185,
              34.3113357
            ],
            [
              -118.4129432,
              34.3113962
            ],
            [
              -118.4128287,
              34.311443
            ],
            [
              -118.4127658,
              34.311478
            ],
            [
              -118.4127287,
              34.3115359
            ],
            [
              -118.4127225,
              34.3115751
            ],
            [
              -118.4127442,
              34.3116253
            ],
            [
              -118.412804,
              34.3116696
            ],
            [
              -118.41287,
              34.3117037
            ],
            [
              -118.4129153,
              34.3117079
            ],
            [
              -118.412971,
              34.3116943
            ],
            [
              -118.413005,
              34.311667
            ],
            [
              -118.4130432,
              34.3116304
            ],
            [
              -118.413069,
              34.3115725
            ],
            [
              -118.4130948,
              34.3115112
            ],
            [
              -118.4131309,
              34.3114677
            ],
            [
              -118.4131711,
              34.3114439
            ],
            [
              -118.4132329,
              34.311432
            ]
          ]
        ]
      },
      "properties": {
        "course_id": "el_cariso_sylmar",
        "course_name": "El Cariso Golf Course",
        "hole_number": 17,
        "feature_type": "water",
        "name": "hole_17_water",
        "feature-color": "#2255cc",
        "is_approximate": true,
        "source": "osm",
        "@id": "feefef33-786a-4875-b97a-a2750df9f0a9",
        "osm_id": 374936736
      }
    },
    {
      "type": "Feature",
      "bbox": [
        -118.4139968,
        34.3103939,
        -118.4130781,
        34.3112636
      ],
      "geometry": {
        "type": "Polygon",
        "coordinates": [
          [
            [
              -118.4134441,
              34.3112226
            ],
            [
              -118.4135025,
              34.3112528
            ],
            [
              -118.4135331,
              34.3112636
            ],
            [
              -118.4135812,
              34.3112564
            ],
            [
              -118.4136308,
              34.3112275
            ],
            [
              -118.41366,
              34.3111913
            ],
            [
              -118.4136789,
              34.3111456
            ],
            [
              -118.4136877,
              34.3110432
            ],
            [
              -118.4137154,
              34.3109673
            ],
            [
              -118.4137547,
              34.3109107
            ],
            [
              -118.4138481,
              34.3108553
            ],
            [
              -118.413956,
              34.3107987
            ],
            [
              -118.4139968,
              34.3107469
            ],
            [
              -118.4139968,
              34.3106914
            ],
            [
              -118.413956,
              34.3106397
            ],
            [
              -118.4138816,
              34.3105927
            ],
            [
              -118.4138058,
              34.310565
            ],
            [
              -118.413727,
              34.3105614
            ],
            [
              -118.4136439,
              34.3106083
            ],
            [
              -118.4135929,
              34.3106336
            ],
            [
              -118.413555,
              34.3106493
            ],
            [
              -118.4135156,
              34.3106493
            ],
            [
              -118.4134893,
              34.310636
            ],
            [
              -118.4134733,
              34.3105975
            ],
            [
              -118.4133887,
              34.3104879
            ],
            [
              -118.4133391,
              34.3104301
            ],
            [
              -118.413291,
              34.310406
            ],
            [
              -118.4132356,
              34.3103939
            ],
            [
              -118.4131423,
              34.3104168
            ],
            [
              -118.4130869,
              34.3104614
            ],
            [
              -118.4130781,
              34.310524
            ],
            [
              -118.4131029,
              34.3105818
            ],
            [
              -118.4131321,
              34.3106264
            ],
            [
              -118.4131962,
              34.3106818
            ],
            [
              -118.4132618,
              34.3107938
            ],
            [
              -118.4133056,
              34.3108541
            ],
            [
              -118.4133304,
              34.3108866
            ],
            [
              -118.4133625,
              34.3109022
            ],
            [
              -118.4133814,
              34.3109167
            ],
            [
              -118.4133785,
              34.310948
            ],
            [
              -118.4133727,
              34.3109914
            ],
            [
              -118.4133887,
              34.3110323
            ],
            [
              -118.4134018,
              34.3110576
            ],
            [
              -118.4133902,
              34.3110998
            ],
            [
              -118.4133858,
              34.3111395
            ],
            [
              -118.4134062,
              34.3111865
            ],
            [
              -118.4134223,
              34.3112046
            ],
            [
              -118.4134441,
              34.3112226
            ]
          ]
        ]
      },
      "properties": {
        "course_id": "el_cariso_sylmar",
        "course_name": "El Cariso Golf Course",
        "hole_number": 16,
        "feature_type": "water",
        "name": "hole_16_water",
        "feature-color": "#2255cc",
        "is_approximate": true,
        "source": "osm",
        "@id": "576c7364-00de-4c20-85b0-2acf40656389",
        "osm_id": 374936739
      }
    },
    {
      "type": "Feature",
      "bbox": [
        -118.4169712,
        34.3118172,
        -118.4154389,
        34.3127515
      ],
      "geometry": {
        "type": "Polygon",
        "coordinates": [
          [
            [
              -118.4161432,
              34.3127311
            ],
            [
              -118.4161875,
              34.3127055
            ],
            [
              -118.4161968,
              34.3126868
            ],
            [
              -118.4161824,
              34.3126485
            ],
            [
              -118.4161803,
              34.3126178
            ],
            [
              -118.4161917,
              34.312594
            ],
            [
              -118.416203,
              34.3125701
            ],
            [
              -118.416202,
              34.312559
            ],
            [
              -118.4161948,
              34.312542
            ],
            [
              -118.4161958,
              34.3125267
            ],
            [
              -118.4162185,
              34.3125207
            ],
            [
              -118.4162484,
              34.3125199
            ],
            [
              -118.4162721,
              34.3125003
            ],
            [
              -118.4163463,
              34.3124492
            ],
            [
              -118.4163814,
              34.3124347
            ],
            [
              -118.4164196,
              34.3124262
            ],
            [
              -118.4164928,
              34.3124313
            ],
            [
              -118.4165485,
              34.3124466
            ],
            [
              -118.4166124,
              34.3124866
            ],
            [
              -118.416667,
              34.3125624
            ],
            [
              -118.4166938,
              34.3125931
            ],
            [
              -118.4167268,
              34.3126127
            ],
            [
              -118.4167928,
              34.3126195
            ],
            [
              -118.4168681,
              34.312611
            ],
            [
              -118.4169228,
              34.312588
            ],
            [
              -118.4169589,
              34.3125403
            ],
            [
              -118.4169712,
              34.3124849
            ],
            [
              -118.4169661,
              34.3124475
            ],
            [
              -118.4169393,
              34.312387
            ],
            [
              -118.4168743,
              34.3123495
            ],
            [
              -118.4167268,
              34.3123061
            ],
            [
              -118.4166598,
              34.3122754
            ],
            [
              -118.4166217,
              34.3122388
            ],
            [
              -118.4165979,
              34.3121928
            ],
            [
              -118.4165402,
              34.3121127
            ],
            [
              -118.4165,
              34.3120838
            ],
            [
              -118.4164247,
              34.3120608
            ],
            [
              -118.4163597,
              34.3120591
            ],
            [
              -118.4162742,
              34.3120608
            ],
            [
              -118.4162154,
              34.3120659
            ],
            [
              -118.4161741,
              34.312071
            ],
            [
              -118.4161473,
              34.3120693
            ],
            [
              -118.4161185,
              34.3120574
            ],
            [
              -118.4160947,
              34.3120361
            ],
            [
              -118.4160391,
              34.3119696
            ],
            [
              -118.4159865,
              34.3119347
            ],
            [
              -118.4159277,
              34.3119168
            ],
            [
              -118.4158504,
              34.3119083
            ],
            [
              -118.4157978,
              34.3118964
            ],
            [
              -118.4157184,
              34.3118521
            ],
            [
              -118.4156544,
              34.3118223
            ],
            [
              -118.415606,
              34.3118172
            ],
            [
              -118.4155575,
              34.3118274
            ],
            [
              -118.4154864,
              34.3118666
            ],
            [
              -118.4154554,
              34.3119024
            ],
            [
              -118.4154389,
              34.3119432
            ],
            [
              -118.4154441,
              34.3120003
            ],
            [
              -118.4154688,
              34.3120684
            ],
            [
              -118.4154998,
              34.3121042
            ],
            [
              -118.4155255,
              34.3121221
            ],
            [
              -118.4156091,
              34.3121477
            ],
            [
              -118.4156596,
              34.3121817
            ],
            [
              -118.4156761,
              34.3122132
            ],
            [
              -118.415673,
              34.312318
            ],
            [
              -118.415674,
              34.3123606
            ],
            [
              -118.4156802,
              34.3123895
            ],
            [
              -118.4156977,
              34.3124245
            ],
            [
              -118.4157565,
              34.3124918
            ],
            [
              -118.4157771,
              34.3125275
            ],
            [
              -118.4157895,
              34.3125735
            ],
            [
              -118.4158029,
              34.3126187
            ],
            [
              -118.4158339,
              34.3126689
            ],
            [
              -118.4158761,
              34.3127115
            ],
            [
              -118.4159163,
              34.3127345
            ],
            [
              -118.4159762,
              34.3127481
            ],
            [
              -118.416036,
              34.3127515
            ],
            [
              -118.4160875,
              34.3127456
            ],
            [
              -118.4161432,
              34.3127311
            ]
          ]
        ]
      },
      "properties": {
        "course_id": "el_cariso_sylmar",
        "course_name": "El Cariso Golf Course",
        "hole_number": 7,
        "feature_type": "water",
        "name": "hole_7_water",
        "feature-color": "#2255cc",
        "is_approximate": true,
        "source": "osm",
        "@id": "93453698-c18d-4b51-9bc4-306a37c155bc",
        "osm_id": 374936744
      }
    },
    {
      "type": "Feature",
      "bbox": [
        -118.4129811,
        34.3109968,
        -118.4128899,
        34.3110923
      ],
      "geometry": {
        "type": "Polygon",
        "coordinates": [
          [
            [
              -118.4129174,
              34.3110066
            ],
            [
              -118.4128899,
              34.3110429
            ],
            [
              -118.4128938,
              34.3110631
            ],
            [
              -118.4129159,
              34.3110839
            ],
            [
              -118.4129512,
              34.3110923
            ],
            [
              -118.4129788,
              34.3110819
            ],
            [
              -118.4129811,
              34.3110624
            ],
            [
              -118.4129591,
              34.3110085
            ],
            [
              -118.4129473,
              34.3109988
            ],
            [
              -118.4129284,
              34.3109968
            ],
            [
              -118.4129174,
              34.3110066
            ]
          ]
        ]
      },
      "properties": {
        "course_id": "el_cariso_sylmar",
        "course_name": "El Cariso Golf Course",
        "hole_number": 16,
        "feature_type": "bunker",
        "name": "hole_16_bunker",
        "feature-color": "#d4b483",
        "is_approximate": true,
        "source": "osm",
        "@id": "b02d3618-1b41-4ff1-94b0-4188ea365b2f",
        "osm_id": 375473053
      }
    },
    {
      "type": "Feature",
      "bbox": [
        -118.4146949,
        34.3110633,
        -118.4145439,
        34.3111478
      ],
      "geometry": {
        "type": "Polygon",
        "coordinates": [
          [
            [
              -118.4146059,
              34.3110853
            ],
            [
              -118.4145789,
              34.3110725
            ],
            [
              -118.4145439,
              34.3110853
            ],
            [
              -118.4145479,
              34.3111184
            ],
            [
              -118.4145589,
              34.3111349
            ],
            [
              -118.4145879,
              34.3111478
            ],
            [
              -118.4146369,
              34.3111258
            ],
            [
              -118.4146819,
              34.3111
            ],
            [
              -118.4146949,
              34.3110761
            ],
            [
              -118.4146729,
              34.3110633
            ],
            [
              -118.4146369,
              34.3110725
            ],
            [
              -118.4146059,
              34.3110853
            ]
          ]
        ]
      },
      "properties": {
        "course_id": "el_cariso_sylmar",
        "course_name": "El Cariso Golf Course",
        "hole_number": 7,
        "feature_type": "bunker",
        "name": "hole_7_bunker",
        "feature-color": "#d4b483",
        "is_approximate": true,
        "source": "osm",
        "@id": "5c9de90b-1ff2-4f3f-980b-b80fac801934",
        "osm_id": 375473054
      }
    },
    {
      "type": "Feature",
      "bbox": [
        -118.4138791,
        34.3120024,
        -118.4136766,
        34.312166
      ],
      "geometry": {
        "type": "Polygon",
        "coordinates": [
          [
            [
              -118.4137612,
              34.3121448
            ],
            [
              -118.4137689,
              34.3120943
            ],
            [
              -118.4137867,
              34.3120677
            ],
            [
              -118.4138168,
              34.3120612
            ],
            [
              -118.4138557,
              34.3120511
            ],
            [
              -118.4138724,
              34.3120355
            ],
            [
              -118.4138791,
              34.3120199
            ],
            [
              -118.4138657,
              34.3120061
            ],
            [
              -118.4138479,
              34.3120024
            ],
            [
              -118.4138101,
              34.3120135
            ],
            [
              -118.4137567,
              34.3120245
            ],
            [
              -118.4137345,
              34.3120355
            ],
            [
              -118.4136822,
              34.3120934
            ],
            [
              -118.4136766,
              34.3121292
            ],
            [
              -118.4136955,
              34.3121531
            ],
            [
              -118.4137322,
              34.312166
            ],
            [
              -118.4137612,
              34.3121448
            ]
          ]
        ]
      },
      "properties": {
        "course_id": "el_cariso_sylmar",
        "course_name": "El Cariso Golf Course",
        "hole_number": 8,
        "feature_type": "bunker",
        "name": "hole_8_bunker",
        "feature-color": "#d4b483",
        "is_approximate": true,
        "source": "osm",
        "@id": "06a9359a-b955-4159-8a47-ea39aca09267",
        "osm_id": 375473056
      }
    },
    {
      "type": "Feature",
      "bbox": [
        -118.4143077,
        34.3100825,
        -118.4141425,
        34.3102865
      ],
      "geometry": {
        "type": "Polygon",
        "coordinates": [
          [
            [
              -118.4142699,
              34.3102653
            ],
            [
              -118.4142715,
              34.3102598
            ],
            [
              -118.4142877,
              34.3101964
            ],
            [
              -118.4143077,
              34.3101449
            ],
            [
              -118.4143027,
              34.310116
            ],
            [
              -118.4142871,
              34.3101031
            ],
            [
              -118.4142593,
              34.3100967
            ],
            [
              -118.4142248,
              34.3100825
            ],
            [
              -118.4141864,
              34.3100889
            ],
            [
              -118.4141509,
              34.31011
            ],
            [
              -118.4141425,
              34.3101578
            ],
            [
              -118.4141614,
              34.3102212
            ],
            [
              -118.4141876,
              34.3102639
            ],
            [
              -118.4142076,
              34.3102865
            ],
            [
              -118.4142259,
              34.3102865
            ],
            [
              -118.4142604,
              34.3102823
            ],
            [
              -118.4142699,
              34.3102653
            ]
          ]
        ]
      },
      "properties": {
        "course_id": "el_cariso_sylmar",
        "course_name": "El Cariso Golf Course",
        "hole_number": 4,
        "feature_type": "bunker",
        "name": "hole_4_bunker",
        "feature-color": "#d4b483",
        "is_approximate": true,
        "source": "osm",
        "@id": "babc01d4-af50-4420-a28c-74df0b6c90ef",
        "osm_id": 375473057
      }
    },
    {
      "type": "Feature",
      "bbox": [
        -118.4149484,
        34.3104069,
        -118.4143805,
        34.3106356
      ],
      "geometry": {
        "type": "Polygon",
        "coordinates": [
          [
            [
              -118.4146227,
              34.3104484
            ],
            [
              -118.414714,
              34.3104394
            ],
            [
              -118.4148304,
              34.3104069
            ],
            [
              -118.4149043,
              34.3104134
            ],
            [
              -118.4149342,
              34.3104497
            ],
            [
              -118.4149484,
              34.3105329
            ],
            [
              -118.4149043,
              34.3105797
            ],
            [
              -118.4148335,
              34.3105862
            ],
            [
              -118.4147628,
              34.3105771
            ],
            [
              -118.4146888,
              34.3105901
            ],
            [
              -118.4145787,
              34.3106265
            ],
            [
              -118.4145079,
              34.3106356
            ],
            [
              -118.4144261,
              34.310607
            ],
            [
              -118.4143805,
              34.310555
            ],
            [
              -118.4143883,
              34.3104965
            ],
            [
              -118.4144308,
              34.3104614
            ],
            [
              -118.4144875,
              34.3104484
            ],
            [
              -118.4145582,
              34.310451
            ],
            [
              -118.4146227,
              34.3104484
            ]
          ]
        ]
      },
      "properties": {
        "course_id": "el_cariso_sylmar",
        "course_name": "El Cariso Golf Course",
        "hole_number": 4,
        "feature_type": "bunker",
        "name": "hole_4_bunker_2",
        "feature-color": "#d4b483",
        "is_approximate": true,
        "source": "osm",
        "@id": "6a5348cd-1afa-487f-9e83-b2af456a5ecb",
        "osm_id": 375473058
      }
    },
    {
      "type": "Feature",
      "bbox": [
        -118.4127283,
        34.3100083,
        -118.4125886,
        34.3101496
      ],
      "geometry": {
        "type": "Polygon",
        "coordinates": [
          [
            [
              -118.412632,
              34.3101463
            ],
            [
              -118.412619,
              34.3101496
            ],
            [
              -118.4126051,
              34.3101477
            ],
            [
              -118.4125936,
              34.3101343
            ],
            [
              -118.4125886,
              34.3101204
            ],
            [
              -118.4125916,
              34.3101073
            ],
            [
              -118.4126372,
              34.3100445
            ],
            [
              -118.4126624,
              34.3100226
            ],
            [
              -118.4126699,
              34.3100169
            ],
            [
              -118.4126821,
              34.3100111
            ],
            [
              -118.4127023,
              34.3100083
            ],
            [
              -118.4127175,
              34.3100114
            ],
            [
              -118.412726,
              34.3100228
            ],
            [
              -118.4127283,
              34.3100353
            ],
            [
              -118.4127145,
              34.3100638
            ],
            [
              -118.412661,
              34.3101262
            ],
            [
              -118.4126466,
              34.310139
            ],
            [
              -118.412632,
              34.3101463
            ]
          ]
        ]
      },
      "properties": {
        "course_id": "el_cariso_sylmar",
        "course_name": "El Cariso Golf Course",
        "hole_number": 15,
        "feature_type": "bunker",
        "name": "hole_15_bunker",
        "feature-color": "#d4b483",
        "is_approximate": true,
        "source": "osm",
        "@id": "1d728b30-6378-4a5e-94e4-e94a93fe9baf",
        "osm_id": 375473059
      }
    },
    {
      "type": "Feature",
      "bbox": [
        -118.4143274,
        34.3121053,
        -118.4142306,
        34.3122128
      ],
      "geometry": {
        "type": "Polygon",
        "coordinates": [
          [
            [
              -118.4142528,
              34.3121191
            ],
            [
              -118.4142306,
              34.3121697
            ],
            [
              -118.4142539,
              34.3122092
            ],
            [
              -118.414284,
              34.3122128
            ],
            [
              -118.4143185,
              34.3121871
            ],
            [
              -118.4143274,
              34.3121439
            ],
            [
              -118.4143096,
              34.3121053
            ],
            [
              -118.414284,
              34.3121099
            ],
            [
              -118.4142528,
              34.3121191
            ]
          ]
        ]
      },
      "properties": {
        "course_id": "el_cariso_sylmar",
        "course_name": "El Cariso Golf Course",
        "hole_number": 8,
        "feature_type": "bunker",
        "name": "hole_8_bunker_2",
        "feature-color": "#d4b483",
        "is_approximate": true,
        "source": "osm",
        "@id": "c77e390f-48c5-4cfc-bbee-4c8f482bf4ab",
        "osm_id": 375473060
      }
    },
    {
      "type": "Feature",
      "bbox": [
        -118.4141219,
        34.3122846,
        -118.4140039,
        34.3123457
      ],
      "geometry": {
        "type": "Polygon",
        "coordinates": [
          [
            [
              -118.41407,
              34.312295
            ],
            [
              -118.4140039,
              34.3123015
            ],
            [
              -118.4140307,
              34.3123301
            ],
            [
              -118.4140794,
              34.3123457
            ],
            [
              -118.4141109,
              34.3123366
            ],
            [
              -118.4141219,
              34.3123158
            ],
            [
              -118.4141203,
              34.3122937
            ],
            [
              -118.414103,
              34.3122846
            ],
            [
              -118.41407,
              34.312295
            ]
          ]
        ]
      },
      "properties": {
        "course_id": "el_cariso_sylmar",
        "course_name": "El Cariso Golf Course",
        "hole_number": 8,
        "feature_type": "bunker",
        "name": "hole_8_bunker_3",
        "feature-color": "#d4b483",
        "is_approximate": true,
        "source": "osm",
        "@id": "0e75cfe2-a84e-4fcc-8531-88566f738a98",
        "osm_id": 375473061
      }
    },
    {
      "type": "Feature",
      "bbox": [
        -118.4128639,
        34.3109507,
        -118.4127766,
        34.3110468
      ],
      "geometry": {
        "type": "Polygon",
        "coordinates": [
          [
            [
              -118.4128309,
              34.3109507
            ],
            [
              -118.4127987,
              34.3109559
            ],
            [
              -118.4127766,
              34.3109864
            ],
            [
              -118.4127806,
              34.3110364
            ],
            [
              -118.4128175,
              34.3110468
            ],
            [
              -118.4128498,
              34.3110332
            ],
            [
              -118.4128639,
              34.3109936
            ],
            [
              -118.4128632,
              34.3109637
            ],
            [
              -118.4128521,
              34.310952
            ],
            [
              -118.4128309,
              34.3109507
            ]
          ]
        ]
      },
      "properties": {
        "course_id": "el_cariso_sylmar",
        "course_name": "El Cariso Golf Course",
        "hole_number": 16,
        "feature_type": "bunker",
        "name": "hole_16_bunker_2",
        "feature-color": "#d4b483",
        "is_approximate": true,
        "source": "osm",
        "@id": "936d9d0b-f2e4-4bc2-a25e-bc42a2a260bb",
        "osm_id": 375473062
      }
    },
    {
      "type": "Feature",
      "bbox": [
        -118.413866,
        34.310377,
        -118.4137433,
        34.3104731
      ],
      "geometry": {
        "type": "Polygon",
        "coordinates": [
          [
            [
              -118.413789,
              34.3103848
            ],
            [
              -118.4138346,
              34.3104212
            ],
            [
              -118.413866,
              34.3104484
            ],
            [
              -118.4138613,
              34.3104705
            ],
            [
              -118.413833,
              34.3104731
            ],
            [
              -118.413789,
              34.3104523
            ],
            [
              -118.4137481,
              34.3104095
            ],
            [
              -118.4137433,
              34.31039
            ],
            [
              -118.4137575,
              34.310377
            ],
            [
              -118.413789,
              34.3103848
            ]
          ]
        ]
      },
      "properties": {
        "course_id": "el_cariso_sylmar",
        "course_name": "El Cariso Golf Course",
        "hole_number": 2,
        "feature_type": "bunker",
        "name": "hole_2_bunker",
        "feature-color": "#d4b483",
        "is_approximate": true,
        "source": "osm",
        "@id": "55c9b039-6fc0-4791-875c-c0f8a5b645de",
        "osm_id": 375473064
      }
    },
    {
      "type": "Feature",
      "bbox": [
        -118.4129135,
        34.3107883,
        -118.4128364,
        34.3109065
      ],
      "geometry": {
        "type": "Polygon",
        "coordinates": [
          [
            [
              -118.4128899,
              34.3108994
            ],
            [
              -118.4129064,
              34.3108747
            ],
            [
              -118.4129135,
              34.3108077
            ],
            [
              -118.4129009,
              34.3107915
            ],
            [
              -118.412875,
              34.3107883
            ],
            [
              -118.412849,
              34.310798
            ],
            [
              -118.4128364,
              34.3108201
            ],
            [
              -118.4128388,
              34.3108747
            ],
            [
              -118.4128561,
              34.3109065
            ],
            [
              -118.4128899,
              34.3108994
            ]
          ]
        ]
      },
      "properties": {
        "course_id": "el_cariso_sylmar",
        "course_name": "El Cariso Golf Course",
        "hole_number": 16,
        "feature_type": "bunker",
        "name": "hole_16_bunker_3",
        "feature-color": "#d4b483",
        "is_approximate": true,
        "source": "osm",
        "@id": "3d4061cf-f3e5-4181-8fe2-caf7951c85f1",
        "osm_id": 375473066
      }
    },
    {
      "type": "Feature",
      "bbox": [
        -118.4116782,
        34.3148519,
        -118.411609,
        34.3149494
      ],
      "geometry": {
        "type": "Polygon",
        "coordinates": [
          [
            [
              -118.4116248,
              34.3149455
            ],
            [
              -118.411609,
              34.314913
            ],
            [
              -118.4116216,
              34.3148753
            ],
            [
              -118.4116381,
              34.3148526
            ],
            [
              -118.4116649,
              34.3148519
            ],
            [
              -118.4116782,
              34.3148591
            ],
            [
              -118.4116712,
              34.3148863
            ],
            [
              -118.4116633,
              34.314926
            ],
            [
              -118.4116539,
              34.3149435
            ],
            [
              -118.4116413,
              34.3149494
            ],
            [
              -118.4116248,
              34.3149455
            ]
          ]
        ]
      },
      "properties": {
        "course_id": "el_cariso_sylmar",
        "course_name": "El Cariso Golf Course",
        "hole_number": 10,
        "feature_type": "bunker",
        "name": "hole_10_bunker",
        "feature-color": "#d4b483",
        "is_approximate": true,
        "source": "osm",
        "@id": "ada02206-8596-4f21-8dd3-3c6850414b73",
        "osm_id": 375525683
      }
    },
    {
      "type": "Feature",
      "bbox": [
        -118.4159575,
        34.3133903,
        -118.4158663,
        34.3135042
      ],
      "geometry": {
        "type": "Polygon",
        "coordinates": [
          [
            [
              -118.415883,
              34.3133949
            ],
            [
              -118.4158674,
              34.3134234
            ],
            [
              -118.4158663,
              34.3134583
            ],
            [
              -118.4158874,
              34.3134923
            ],
            [
              -118.4159086,
              34.3135042
            ],
            [
              -118.4159386,
              34.3135024
            ],
            [
              -118.4159564,
              34.3134868
            ],
            [
              -118.4159575,
              34.3134546
            ],
            [
              -118.4159464,
              34.3134206
            ],
            [
              -118.415923,
              34.3133949
            ],
            [
              -118.4159019,
              34.3133903
            ],
            [
              -118.415883,
              34.3133949
            ]
          ]
        ]
      },
      "properties": {
        "course_id": "el_cariso_sylmar",
        "course_name": "El Cariso Golf Course",
        "hole_number": 9,
        "feature_type": "bunker",
        "name": "hole_9_bunker",
        "feature-color": "#d4b483",
        "is_approximate": true,
        "source": "osm",
        "@id": "30250b99-49f4-4d0a-9c9b-c8db08483940",
        "osm_id": 375525684
      }
    },
    {
      "type": "Feature",
      "bbox": [
        -118.4173102,
        34.312296,
        -118.4170922,
        34.3123915
      ],
      "geometry": {
        "type": "Polygon",
        "coordinates": [
          [
            [
              -118.4171077,
              34.3123493
            ],
            [
              -118.4171589,
              34.3123438
            ],
            [
              -118.4172257,
              34.312318
            ],
            [
              -118.4172724,
              34.312296
            ],
            [
              -118.4172969,
              34.3122997
            ],
            [
              -118.4173102,
              34.3123217
            ],
            [
              -118.4173035,
              34.3123419
            ],
            [
              -118.4171923,
              34.3123805
            ],
            [
              -118.4171411,
              34.3123915
            ],
            [
              -118.4171144,
              34.3123879
            ],
            [
              -118.4170922,
              34.3123695
            ],
            [
              -118.4171077,
              34.3123493
            ]
          ]
        ]
      },
      "properties": {
        "course_id": "el_cariso_sylmar",
        "course_name": "El Cariso Golf Course",
        "hole_number": 5,
        "feature_type": "bunker",
        "name": "hole_5_bunker",
        "feature-color": "#d4b483",
        "is_approximate": true,
        "source": "osm",
        "@id": "4e9414f9-b4fd-46b3-b1c8-d7fd22a614a7",
        "osm_id": 375525685
      }
    },
    {
      "type": "Feature",
      "bbox": [
        -118.4165082,
        34.3127995,
        -118.4163613,
        34.312896
      ],
      "geometry": {
        "type": "Polygon",
        "coordinates": [
          [
            [
              -118.4164948,
              34.3128583
            ],
            [
              -118.4164592,
              34.3128179
            ],
            [
              -118.4164147,
              34.3127995
            ],
            [
              -118.4163758,
              34.312805
            ],
            [
              -118.4163613,
              34.3128298
            ],
            [
              -118.416368,
              34.3128537
            ],
            [
              -118.4163925,
              34.312873
            ],
            [
              -118.4164225,
              34.3128886
            ],
            [
              -118.4164592,
              34.312896
            ],
            [
              -118.4164937,
              34.3128895
            ],
            [
              -118.4165082,
              34.3128758
            ],
            [
              -118.4164948,
              34.3128583
            ]
          ]
        ]
      },
      "properties": {
        "course_id": "el_cariso_sylmar",
        "course_name": "El Cariso Golf Course",
        "hole_number": 7,
        "feature_type": "bunker",
        "name": "hole_7_bunker_2",
        "feature-color": "#d4b483",
        "is_approximate": true,
        "source": "osm",
        "@id": "11f1904b-c44a-4f38-81f0-516755f7a20d",
        "osm_id": 375525687
      }
    },
    {
      "type": "Feature",
      "bbox": [
        -118.4151948,
        34.3139198,
        -118.4150258,
        34.3140613
      ],
      "geometry": {
        "type": "Polygon",
        "coordinates": [
          [
            [
              -118.415028,
              34.3139694
            ],
            [
              -118.415048,
              34.3140135
            ],
            [
              -118.4151014,
              34.3140448
            ],
            [
              -118.4151459,
              34.3140613
            ],
            [
              -118.4151859,
              34.3140521
            ],
            [
              -118.4151948,
              34.3140264
            ],
            [
              -118.4151503,
              34.314008
            ],
            [
              -118.4151348,
              34.3139933
            ],
            [
              -118.4151125,
              34.3139492
            ],
            [
              -118.4150792,
              34.3139198
            ],
            [
              -118.4150502,
              34.3139217
            ],
            [
              -118.4150258,
              34.3139474
            ],
            [
              -118.415028,
              34.3139694
            ]
          ]
        ]
      },
      "properties": {
        "course_id": "el_cariso_sylmar",
        "course_name": "El Cariso Golf Course",
        "hole_number": 18,
        "feature_type": "bunker",
        "name": "hole_18_bunker",
        "feature-color": "#d4b483",
        "is_approximate": true,
        "source": "osm",
        "@id": "11373684-3e23-4de8-ba57-928d34211e9a",
        "osm_id": 375525688
      }
    },
    {
      "type": "Feature",
      "bbox": [
        -118.4118627,
        34.3134422,
        -118.4117448,
        34.3135222
      ],
      "geometry": {
        "type": "Polygon",
        "coordinates": [
          [
            [
              -118.411861,
              34.3134886
            ],
            [
              -118.4118455,
              34.3134684
            ],
            [
              -118.4118154,
              34.3134509
            ],
            [
              -118.411791,
              34.3134422
            ],
            [
              -118.4117626,
              34.3134473
            ],
            [
              -118.4117459,
              34.3134606
            ],
            [
              -118.4117448,
              34.3134781
            ],
            [
              -118.4117576,
              34.3134941
            ],
            [
              -118.4117848,
              34.313512
            ],
            [
              -118.4118304,
              34.3135222
            ],
            [
              -118.4118477,
              34.3135217
            ],
            [
              -118.4118627,
              34.3135107
            ],
            [
              -118.411861,
              34.3134886
            ]
          ]
        ]
      },
      "properties": {
        "course_id": "el_cariso_sylmar",
        "course_name": "El Cariso Golf Course",
        "hole_number": 14,
        "feature_type": "bunker",
        "name": "hole_14_bunker",
        "feature-color": "#d4b483",
        "is_approximate": true,
        "source": "osm",
        "@id": "0fa08ddf-e637-4980-b08a-4ecb10ea0ec2",
        "osm_id": 375525689
      }
    },
    {
      "type": "Feature",
      "bbox": [
        -118.4154529,
        34.3140051,
        -118.4153489,
        34.3140923
      ],
      "geometry": {
        "type": "Polygon",
        "coordinates": [
          [
            [
              -118.41536,
              34.3140524
            ],
            [
              -118.4153889,
              34.3140225
            ],
            [
              -118.4154123,
              34.3140087
            ],
            [
              -118.4154373,
              34.3140051
            ],
            [
              -118.4154507,
              34.314011
            ],
            [
              -118.4154529,
              34.3140267
            ],
            [
              -118.4154362,
              34.3140538
            ],
            [
              -118.4154118,
              34.3140744
            ],
            [
              -118.4153906,
              34.3140868
            ],
            [
              -118.4153695,
              34.3140923
            ],
            [
              -118.4153528,
              34.3140868
            ],
            [
              -118.4153489,
              34.3140772
            ],
            [
              -118.41536,
              34.3140524
            ]
          ]
        ]
      },
      "properties": {
        "course_id": "el_cariso_sylmar",
        "course_name": "El Cariso Golf Course",
        "hole_number": 18,
        "feature_type": "bunker",
        "name": "hole_18_bunker_2",
        "feature-color": "#d4b483",
        "is_approximate": true,
        "source": "osm",
        "@id": "34319c25-996a-4bab-a5fa-f1c174649917",
        "osm_id": 375525690
      }
    },
    {
      "type": "Feature",
      "bbox": [
        -118.4107603,
        34.314212,
        -118.4105777,
        34.3143376
      ],
      "geometry": {
        "type": "Polygon",
        "coordinates": [
          [
            [
              -118.410678,
              34.3142531
            ],
            [
              -118.4107225,
              34.3142347
            ],
            [
              -118.4107603,
              34.3142475
            ],
            [
              -118.4107158,
              34.3143064
            ],
            [
              -118.4106847,
              34.3143321
            ],
            [
              -118.4106424,
              34.3143376
            ],
            [
              -118.4106024,
              34.3143266
            ],
            [
              -118.4105777,
              34.3142588
            ],
            [
              -118.4105777,
              34.3142198
            ],
            [
              -118.4106045,
              34.314212
            ],
            [
              -118.4106312,
              34.3142263
            ],
            [
              -118.4106407,
              34.3142536
            ],
            [
              -118.4106548,
              34.3142614
            ],
            [
              -118.410678,
              34.3142531
            ]
          ]
        ]
      },
      "properties": {
        "course_id": "el_cariso_sylmar",
        "course_name": "El Cariso Golf Course",
        "hole_number": 11,
        "feature_type": "bunker",
        "name": "hole_11_bunker",
        "feature-color": "#d4b483",
        "is_approximate": true,
        "source": "osm",
        "@id": "1fd8e1d2-3d3a-4df8-b597-01799a3c4111",
        "osm_id": 375525691
      }
    },
    {
      "type": "Feature",
      "bbox": [
        -118.4137331,
        34.3136111,
        -118.4135396,
        34.3137452
      ],
      "geometry": {
        "type": "Polygon",
        "coordinates": [
          [
            [
              -118.4135529,
              34.313657
            ],
            [
              -118.4136264,
              34.3136111
            ],
            [
              -118.4137042,
              34.3136166
            ],
            [
              -118.4137331,
              34.313635
            ],
            [
              -118.4137087,
              34.3136626
            ],
            [
              -118.4136731,
              34.3136552
            ],
            [
              -118.4136175,
              34.313657
            ],
            [
              -118.413593,
              34.3136736
            ],
            [
              -118.4136041,
              34.3137048
            ],
            [
              -118.413613,
              34.3137269
            ],
            [
              -118.4135774,
              34.3137452
            ],
            [
              -118.4135574,
              34.3137324
            ],
            [
              -118.4135396,
              34.3137048
            ],
            [
              -118.4135529,
              34.313657
            ]
          ]
        ]
      },
      "properties": {
        "course_id": "el_cariso_sylmar",
        "course_name": "El Cariso Golf Course",
        "hole_number": 18,
        "feature_type": "bunker",
        "name": "hole_18_bunker_3",
        "feature-color": "#d4b483",
        "is_approximate": true,
        "source": "osm",
        "@id": "da4ae727-f89d-47ec-88cb-a2bb4278fa6f",
        "osm_id": 375525692
      }
    },
    {
      "type": "Feature",
      "bbox": [
        -118.4161138,
        34.3113276,
        -118.4160147,
        34.311494
      ],
      "geometry": {
        "type": "Polygon",
        "coordinates": [
          [
            [
              -118.4160651,
              34.3114797
            ],
            [
              -118.4161036,
              34.311429
            ],
            [
              -118.4161115,
              34.3113913
            ],
            [
              -118.4161138,
              34.3113588
            ],
            [
              -118.4160855,
              34.3113367
            ],
            [
              -118.4160525,
              34.3113276
            ],
            [
              -118.4160273,
              34.3113322
            ],
            [
              -118.4160265,
              34.3113458
            ],
            [
              -118.4160525,
              34.3113816
            ],
            [
              -118.4160407,
              34.3114193
            ],
            [
              -118.4160147,
              34.3114589
            ],
            [
              -118.4160155,
              34.3114842
            ],
            [
              -118.4160383,
              34.311494
            ],
            [
              -118.4160651,
              34.3114797
            ]
          ]
        ]
      },
      "properties": {
        "course_id": "el_cariso_sylmar",
        "course_name": "El Cariso Golf Course",
        "hole_number": 5,
        "feature_type": "bunker",
        "name": "hole_5_bunker_2",
        "feature-color": "#d4b483",
        "is_approximate": true,
        "source": "osm",
        "@id": "757e730a-3e86-4df5-b26b-a7be7d600e5d",
        "osm_id": 375525693
      }
    },
    {
      "type": "Feature",
      "bbox": [
        -118.4155341,
        34.3138397,
        -118.4154334,
        34.3139775
      ],
      "geometry": {
        "type": "Polygon",
        "coordinates": [
          [
            [
              -118.4154863,
              34.3139642
            ],
            [
              -118.415474,
              34.3139316
            ],
            [
              -118.4154679,
              34.3139022
            ],
            [
              -118.4154524,
              34.3138838
            ],
            [
              -118.4154334,
              34.3138659
            ],
            [
              -118.4154384,
              34.3138406
            ],
            [
              -118.4154746,
              34.3138397
            ],
            [
              -118.4155002,
              34.3138502
            ],
            [
              -118.4155252,
              34.3139169
            ],
            [
              -118.4155341,
              34.3139467
            ],
            [
              -118.4155241,
              34.3139688
            ],
            [
              -118.4155108,
              34.3139775
            ],
            [
              -118.415498,
              34.3139757
            ],
            [
              -118.4154863,
              34.3139642
            ]
          ]
        ]
      },
      "properties": {
        "course_id": "el_cariso_sylmar",
        "course_name": "El Cariso Golf Course",
        "hole_number": 18,
        "feature_type": "bunker",
        "name": "hole_18_bunker_4",
        "feature-color": "#d4b483",
        "is_approximate": true,
        "source": "osm",
        "@id": "4de7f775-62de-4e81-b3cd-901c0bf55b8e",
        "osm_id": 375525694
      }
    },
    {
      "type": "Feature",
      "bbox": [
        -118.4162223,
        34.3131413,
        -118.4160921,
        34.3132221
      ],
      "geometry": {
        "type": "Polygon",
        "coordinates": [
          [
            [
              -118.4161088,
              34.3131505
            ],
            [
              -118.4161388,
              34.3131413
            ],
            [
              -118.4161633,
              34.3131459
            ],
            [
              -118.4162045,
              34.3131716
            ],
            [
              -118.4162223,
              34.3131955
            ],
            [
              -118.4162223,
              34.3132175
            ],
            [
              -118.4162034,
              34.3132221
            ],
            [
              -118.4161789,
              34.3132203
            ],
            [
              -118.41616,
              34.3132056
            ],
            [
              -118.4161411,
              34.3131973
            ],
            [
              -118.4161099,
              34.3131927
            ],
            [
              -118.4160977,
              34.3131826
            ],
            [
              -118.4160921,
              34.3131734
            ],
            [
              -118.4160977,
              34.3131606
            ],
            [
              -118.4161088,
              34.3131505
            ]
          ]
        ]
      },
      "properties": {
        "course_id": "el_cariso_sylmar",
        "course_name": "El Cariso Golf Course",
        "hole_number": 9,
        "feature_type": "bunker",
        "name": "hole_9_bunker_2",
        "feature-color": "#d4b483",
        "is_approximate": true,
        "source": "osm",
        "@id": "767ca218-cf17-4217-9aa1-0741e78f751c",
        "osm_id": 375525695
      }
    },
    {
      "type": "Feature",
      "bbox": [
        -118.4161678,
        34.3135061,
        -118.4159998,
        34.3135722
      ],
      "geometry": {
        "type": "Polygon",
        "coordinates": [
          [
            [
              -118.4160098,
              34.3135364
            ],
            [
              -118.4160343,
              34.3135106
            ],
            [
              -118.4160665,
              34.3135061
            ],
            [
              -118.4161344,
              34.3135281
            ],
            [
              -118.4161655,
              34.3135456
            ],
            [
              -118.4161678,
              34.3135593
            ],
            [
              -118.4161544,
              34.3135722
            ],
            [
              -118.4161355,
              34.3135713
            ],
            [
              -118.4161055,
              34.3135566
            ],
            [
              -118.4160866,
              34.3135428
            ],
            [
              -118.4160654,
              34.31354
            ],
            [
              -118.4160398,
              34.313552
            ],
            [
              -118.4160165,
              34.3135584
            ],
            [
              -118.4159998,
              34.313552
            ],
            [
              -118.4160098,
              34.3135364
            ]
          ]
        ]
      },
      "properties": {
        "course_id": "el_cariso_sylmar",
        "course_name": "El Cariso Golf Course",
        "hole_number": 9,
        "feature_type": "bunker",
        "name": "hole_9_bunker_3",
        "feature-color": "#d4b483",
        "is_approximate": true,
        "source": "osm",
        "@id": "c92bcaee-64ef-4b4f-88de-a3e575780bdf",
        "osm_id": 375525696
      }
    },
    {
      "type": "Feature",
      "bbox": [
        -118.4138803,
        34.3128306,
        -118.4137418,
        34.3129735
      ],
      "geometry": {
        "type": "Polygon",
        "coordinates": [
          [
            [
              -118.4137434,
              34.3128942
            ],
            [
              -118.4137875,
              34.3128748
            ],
            [
              -118.4138048,
              34.3128631
            ],
            [
              -118.413811,
              34.3128332
            ],
            [
              -118.4138299,
              34.3128306
            ],
            [
              -118.413852,
              34.3128371
            ],
            [
              -118.4138724,
              34.3128579
            ],
            [
              -118.4138803,
              34.3129462
            ],
            [
              -118.4138755,
              34.312967
            ],
            [
              -118.4138504,
              34.3129735
            ],
            [
              -118.4138362,
              34.3129644
            ],
            [
              -118.4138252,
              34.3129397
            ],
            [
              -118.4137969,
              34.3129358
            ],
            [
              -118.4137544,
              34.3129371
            ],
            [
              -118.4137418,
              34.3129228
            ],
            [
              -118.4137434,
              34.3128942
            ]
          ]
        ]
      },
      "properties": {
        "course_id": "el_cariso_sylmar",
        "course_name": "El Cariso Golf Course",
        "hole_number": 1,
        "feature_type": "bunker",
        "name": "hole_1_bunker",
        "feature-color": "#d4b483",
        "is_approximate": true,
        "source": "osm",
        "@id": "1663806c-dba2-4caa-a90c-30fa7de3b85c",
        "osm_id": 375525697
      }
    },
    {
      "type": "Feature",
      "bbox": [
        -118.4167585,
        34.3128307,
        -118.4165883,
        34.3129208
      ],
      "geometry": {
        "type": "Polygon",
        "coordinates": [
          [
            [
              -118.4166405,
              34.3128656
            ],
            [
              -118.4166684,
              34.3128675
            ],
            [
              -118.4166873,
              34.3128592
            ],
            [
              -118.416714,
              34.3128353
            ],
            [
              -118.4167284,
              34.3128307
            ],
            [
              -118.416744,
              34.3128362
            ],
            [
              -118.4167573,
              34.3128611
            ],
            [
              -118.4167585,
              34.3128895
            ],
            [
              -118.4167462,
              34.3129015
            ],
            [
              -118.4166695,
              34.3129208
            ],
            [
              -118.4166005,
              34.3129134
            ],
            [
              -118.4165883,
              34.3129042
            ],
            [
              -118.4165894,
              34.3128905
            ],
            [
              -118.4166005,
              34.3128767
            ],
            [
              -118.4166239,
              34.3128675
            ],
            [
              -118.4166405,
              34.3128656
            ]
          ]
        ]
      },
      "properties": {
        "course_id": "el_cariso_sylmar",
        "course_name": "El Cariso Golf Course",
        "hole_number": 6,
        "feature_type": "bunker",
        "name": "hole_6_bunker",
        "feature-color": "#d4b483",
        "is_approximate": true,
        "source": "osm",
        "@id": "fe4f6659-a0b3-4589-81bb-6b7ae372d15b",
        "osm_id": 375525698
      }
    },
    {
      "type": "Feature",
      "bbox": [
        -118.4163113,
        34.311418,
        -118.4161343,
        34.3115895
      ],
      "geometry": {
        "type": "Polygon",
        "coordinates": [
          [
            [
              -118.4161414,
              34.311555
            ],
            [
              -118.4161343,
              34.3115687
            ],
            [
              -118.4161382,
              34.311583
            ],
            [
              -118.4161602,
              34.3115895
            ],
            [
              -118.4161964,
              34.3115771
            ],
            [
              -118.4162381,
              34.3115583
            ],
            [
              -118.4162499,
              34.3115453
            ],
            [
              -118.4162657,
              34.3115174
            ],
            [
              -118.4163018,
              34.3114959
            ],
            [
              -118.4163113,
              34.3114719
            ],
            [
              -118.4162955,
              34.3114335
            ],
            [
              -118.4162625,
              34.311418
            ],
            [
              -118.4162303,
              34.3114251
            ],
            [
              -118.4162067,
              34.3114504
            ],
            [
              -118.4161862,
              34.3114862
            ],
            [
              -118.4161713,
              34.3115148
            ],
            [
              -118.4161587,
              34.3115369
            ],
            [
              -118.4161414,
              34.311555
            ]
          ]
        ]
      },
      "properties": {
        "course_id": "el_cariso_sylmar",
        "course_name": "El Cariso Golf Course",
        "hole_number": 5,
        "feature_type": "bunker",
        "name": "hole_5_bunker_3",
        "feature-color": "#d4b483",
        "is_approximate": true,
        "source": "osm",
        "@id": "dbdcc81e-89b0-418e-b4a5-139c53bc88f9",
        "osm_id": 375525699
      }
    },
    {
      "type": "Feature",
      "bbox": [
        -118.410945,
        34.3140546,
        -118.4108404,
        34.3141704
      ],
      "geometry": {
        "type": "Polygon",
        "coordinates": [
          [
            [
              -118.4108404,
              34.3141502
            ],
            [
              -118.4108671,
              34.314084
            ],
            [
              -118.4109072,
              34.3140546
            ],
            [
              -118.410945,
              34.3140803
            ],
            [
              -118.4109316,
              34.3141373
            ],
            [
              -118.4108983,
              34.3141704
            ],
            [
              -118.4108627,
              34.3141704
            ],
            [
              -118.4108404,
              34.3141502
            ]
          ]
        ]
      },
      "properties": {
        "course_id": "el_cariso_sylmar",
        "course_name": "El Cariso Golf Course",
        "hole_number": 11,
        "feature_type": "bunker",
        "name": "hole_11_bunker_2",
        "feature-color": "#d4b483",
        "is_approximate": true,
        "source": "osm",
        "@id": "1c24e9c0-89cf-4626-b2ec-ea3cf12f1da1",
        "osm_id": 375525702
      }
    },
    {
      "type": "Feature",
      "bbox": [
        -118.410702,
        34.3138404,
        -118.4106123,
        34.3139574
      ],
      "geometry": {
        "type": "Polygon",
        "coordinates": [
          [
            [
              -118.4106705,
              34.3139444
            ],
            [
              -118.410702,
              34.3138794
            ],
            [
              -118.4106941,
              34.3138404
            ],
            [
              -118.4106627,
              34.3138404
            ],
            [
              -118.4106422,
              34.3138677
            ],
            [
              -118.4106155,
              34.3139171
            ],
            [
              -118.4106123,
              34.3139483
            ],
            [
              -118.4106344,
              34.3139574
            ],
            [
              -118.4106705,
              34.3139444
            ]
          ]
        ]
      },
      "properties": {
        "course_id": "el_cariso_sylmar",
        "course_name": "El Cariso Golf Course",
        "hole_number": 11,
        "feature_type": "bunker",
        "name": "hole_11_bunker_3",
        "feature-color": "#d4b483",
        "is_approximate": true,
        "source": "osm",
        "@id": "40f188d4-98cb-471d-85bf-e5ca2fa2a950",
        "osm_id": 375525705
      }
    },
    {
      "type": "Feature",
      "bbox": [
        -118.4129175,
        34.312724,
        -118.4127806,
        34.3127812
      ],
      "geometry": {
        "type": "Polygon",
        "coordinates": [
          [
            [
              -118.4128593,
              34.3127812
            ],
            [
              -118.4128026,
              34.3127812
            ],
            [
              -118.4127806,
              34.3127669
            ],
            [
              -118.4127995,
              34.3127396
            ],
            [
              -118.4128278,
              34.3127253
            ],
            [
              -118.4128845,
              34.312724
            ],
            [
              -118.4129175,
              34.3127396
            ],
            [
              -118.4129159,
              34.3127552
            ],
            [
              -118.4128876,
              34.3127721
            ],
            [
              -118.4128593,
              34.3127812
            ]
          ]
        ]
      },
      "properties": {
        "course_id": "el_cariso_sylmar",
        "course_name": "El Cariso Golf Course",
        "hole_number": 1,
        "feature_type": "bunker",
        "name": "hole_1_bunker_2",
        "feature-color": "#d4b483",
        "is_approximate": true,
        "source": "osm",
        "@id": "698573f8-8d8f-4b17-b9e4-6e9b35e5d499",
        "osm_id": 375525707
      }
    },
    {
      "type": "Feature",
      "bbox": [
        -118.4119968,
        34.3148051,
        -118.411926,
        34.3148733
      ],
      "geometry": {
        "type": "Polygon",
        "coordinates": [
          [
            [
              -118.4119386,
              34.3148682
            ],
            [
              -118.411926,
              34.3148331
            ],
            [
              -118.4119362,
              34.3148097
            ],
            [
              -118.4119677,
              34.3148051
            ],
            [
              -118.4119905,
              34.3148175
            ],
            [
              -118.4119968,
              34.314837
            ],
            [
              -118.4119929,
              34.3148571
            ],
            [
              -118.4119811,
              34.3148708
            ],
            [
              -118.4119598,
              34.3148733
            ],
            [
              -118.4119386,
              34.3148682
            ]
          ]
        ]
      },
      "properties": {
        "course_id": "el_cariso_sylmar",
        "course_name": "El Cariso Golf Course",
        "hole_number": 10,
        "feature_type": "bunker",
        "name": "hole_10_bunker_2",
        "feature-color": "#d4b483",
        "is_approximate": true,
        "source": "osm",
        "@id": "e8446b14-b19e-49b3-8ff3-474c1f4ce9ca",
        "osm_id": 375525711
      }
    },
    {
      "type": "Feature",
      "bbox": [
        -118.4115429,
        34.3149175,
        -118.4114355,
        34.3150688
      ],
      "geometry": {
        "type": "Polygon",
        "coordinates": [
          [
            [
              -118.411469,
              34.3150577
            ],
            [
              -118.4114355,
              34.314969
            ],
            [
              -118.4114355,
              34.3149365
            ],
            [
              -118.4114489,
              34.3149175
            ],
            [
              -118.411494,
              34.3149175
            ],
            [
              -118.4115199,
              34.3149611
            ],
            [
              -118.41154,
              34.3150371
            ],
            [
              -118.4115429,
              34.3150625
            ],
            [
              -118.4115275,
              34.3150688
            ],
            [
              -118.4114988,
              34.3150673
            ],
            [
              -118.411469,
              34.3150577
            ]
          ]
        ]
      },
      "properties": {
        "course_id": "el_cariso_sylmar",
        "course_name": "El Cariso Golf Course",
        "hole_number": 11,
        "feature_type": "tee_box",
        "name": "hole_11_tee_box",
        "feature-color": "#8b7355",
        "is_approximate": true,
        "source": "osm",
        "@id": "343da813-a2a9-439c-aadc-cf90f60a579d",
        "osm_id": 375527660
      }
    },
    {
      "type": "Feature",
      "bbox": [
        -118.4140527,
        34.3101863,
        -118.4138058,
        34.3104351
      ],
      "geometry": {
        "type": "Polygon",
        "coordinates": [
          [
            [
              -118.41405,
              34.3104082
            ],
            [
              -118.4140527,
              34.3103521
            ],
            [
              -118.4140039,
              34.3102535
            ],
            [
              -118.4139225,
              34.3101863
            ],
            [
              -118.4138194,
              34.3101975
            ],
            [
              -118.4138058,
              34.3102446
            ],
            [
              -118.4138493,
              34.3103252
            ],
            [
              -118.41389,
              34.3103947
            ],
            [
              -118.4139496,
              34.3104239
            ],
            [
              -118.4140093,
              34.3104351
            ],
            [
              -118.41405,
              34.3104082
            ]
          ]
        ]
      },
      "properties": {
        "course_id": "el_cariso_sylmar",
        "course_name": "El Cariso Golf Course",
        "hole_number": 2,
        "feature_type": "green",
        "name": "hole_2_green",
        "feature-color": "#2d6e2d",
        "is_approximate": true,
        "source": "osm",
        "@id": "1b77d47e-26cf-4edf-8f8d-0102a50a7add",
        "osm_id": 375527661
      }
    },
    {
      "type": "Feature",
      "bbox": [
        -118.4157062,
        34.3150537,
        -118.4155162,
        34.3152121
      ],
      "geometry": {
        "type": "Polygon",
        "coordinates": [
          [
            [
              -118.4155282,
              34.3151931
            ],
            [
              -118.4155162,
              34.3151408
            ],
            [
              -118.4155492,
              34.3150758
            ],
            [
              -118.4155932,
              34.3150537
            ],
            [
              -118.4156682,
              34.3150885
            ],
            [
              -118.4157042,
              34.3151361
            ],
            [
              -118.4157062,
              34.3151788
            ],
            [
              -118.4156682,
              34.3151994
            ],
            [
              -118.4156202,
              34.3152121
            ],
            [
              -118.4155662,
              34.3152105
            ],
            [
              -118.4155282,
              34.3151931
            ]
          ]
        ]
      },
      "properties": {
        "course_id": "el_cariso_sylmar",
        "course_name": "El Cariso Golf Course",
        "hole_number": 10,
        "feature_type": "tee_box",
        "name": "hole_10_tee_box",
        "feature-color": "#8b7355",
        "is_approximate": true,
        "source": "osm",
        "@id": "48f0dbe3-69ae-423f-896a-bd2e47ccec21",
        "osm_id": 375527662
      }
    },
    {
      "type": "Feature",
      "bbox": [
        -118.4108901,
        34.3137908,
        -118.4106771,
        34.3141647
      ],
      "geometry": {
        "type": "Polygon",
        "coordinates": [
          [
            [
              -118.4106771,
              34.3141093
            ],
            [
              -118.4107251,
              34.3139397
            ],
            [
              -118.4107539,
              34.3138288
            ],
            [
              -118.410821,
              34.3137908
            ],
            [
              -118.4108671,
              34.3138098
            ],
            [
              -118.4108901,
              34.3138573
            ],
            [
              -118.4108728,
              34.3139825
            ],
            [
              -118.4107999,
              34.3141331
            ],
            [
              -118.4107385,
              34.3141647
            ],
            [
              -118.4106887,
              34.3141537
            ],
            [
              -118.4106771,
              34.3141093
            ]
          ]
        ]
      },
      "properties": {
        "course_id": "el_cariso_sylmar",
        "course_name": "El Cariso Golf Course",
        "hole_number": 11,
        "feature_type": "green",
        "name": "hole_11_green",
        "feature-color": "#2d6e2d",
        "is_approximate": true,
        "source": "osm",
        "@id": "05364c22-3517-410d-90d6-9a0dc80211fb",
        "osm_id": 375527663
      }
    },
    {
      "type": "Feature",
      "bbox": [
        -118.4126977,
        34.3098277,
        -118.4123965,
        34.3100841
      ],
      "geometry": {
        "type": "Polygon",
        "coordinates": [
          [
            [
              -118.4124535,
              34.3100765
            ],
            [
              -118.4123992,
              34.3100137
            ],
            [
              -118.4123965,
              34.3099218
            ],
            [
              -118.4124562,
              34.3098725
            ],
            [
              -118.4125891,
              34.3098277
            ],
            [
              -118.4126868,
              34.3098546
            ],
            [
              -118.4126977,
              34.3099129
            ],
            [
              -118.4126325,
              34.3099958
            ],
            [
              -118.4125864,
              34.3100518
            ],
            [
              -118.4125294,
              34.3100787
            ],
            [
              -118.4124978,
              34.3100841
            ],
            [
              -118.4124535,
              34.3100765
            ]
          ]
        ]
      },
      "properties": {
        "course_id": "el_cariso_sylmar",
        "course_name": "El Cariso Golf Course",
        "hole_number": 15,
        "feature_type": "green",
        "name": "hole_15_green",
        "feature-color": "#2d6e2d",
        "is_approximate": true,
        "source": "osm",
        "@id": "05590076-d6f9-4f08-a2c3-693c082c6fcc",
        "osm_id": 375527664
      }
    },
    {
      "type": "Feature",
      "bbox": [
        -118.412562,
        34.3122615,
        -118.4121577,
        34.3125371
      ],
      "geometry": {
        "type": "Polygon",
        "coordinates": [
          [
            [
              -118.4122229,
              34.3125214
            ],
            [
              -118.4124101,
              34.3124228
            ],
            [
              -118.4125186,
              34.3123578
            ],
            [
              -118.412562,
              34.3122973
            ],
            [
              -118.4125159,
              34.3122615
            ],
            [
              -118.4124128,
              34.3122973
            ],
            [
              -118.41225,
              34.3124094
            ],
            [
              -118.4121876,
              34.3124609
            ],
            [
              -118.4121577,
              34.3124923
            ],
            [
              -118.4121605,
              34.3125282
            ],
            [
              -118.412193,
              34.3125371
            ],
            [
              -118.4122229,
              34.3125214
            ]
          ]
        ]
      },
      "properties": {
        "course_id": "el_cariso_sylmar",
        "course_name": "El Cariso Golf Course",
        "hole_number": 2,
        "feature_type": "tee_box",
        "name": "hole_2_tee_box",
        "feature-color": "#8b7355",
        "is_approximate": true,
        "source": "osm",
        "@id": "06d1249a-c597-4ec0-b331-81334c0e4559",
        "osm_id": 375527665
      }
    },
    {
      "type": "Feature",
      "bbox": [
        -118.4171994,
        34.3120793,
        -118.4169289,
        34.3122996
      ],
      "geometry": {
        "type": "Polygon",
        "coordinates": [
          [
            [
              -118.41695,
              34.3122505
            ],
            [
              -118.4169289,
              34.3121538
            ],
            [
              -118.4169577,
              34.3121015
            ],
            [
              -118.4169999,
              34.3120793
            ],
            [
              -118.4170556,
              34.3120825
            ],
            [
              -118.4171899,
              34.3121776
            ],
            [
              -118.4171994,
              34.3122235
            ],
            [
              -118.4171553,
              34.3122679
            ],
            [
              -118.4170882,
              34.3122996
            ],
            [
              -118.4170268,
              34.3122964
            ],
            [
              -118.4169903,
              34.3122822
            ],
            [
              -118.41695,
              34.3122505
            ]
          ]
        ]
      },
      "properties": {
        "course_id": "el_cariso_sylmar",
        "course_name": "El Cariso Golf Course",
        "hole_number": 5,
        "feature_type": "green",
        "name": "hole_5_green",
        "feature-color": "#2d6e2d",
        "is_approximate": true,
        "source": "osm",
        "@id": "611fbb4e-751c-4b4a-83b7-0490912b3aa7",
        "osm_id": 375527666
      }
    },
    {
      "type": "Feature",
      "bbox": [
        -118.4133271,
        34.3108115,
        -118.4129961,
        34.3110805
      ],
      "geometry": {
        "type": "Polygon",
        "coordinates": [
          [
            [
              -118.4130287,
              34.3110043
            ],
            [
              -118.4129961,
              34.3109057
            ],
            [
              -118.413026,
              34.3108295
            ],
            [
              -118.4131101,
              34.3108115
            ],
            [
              -118.4132077,
              34.3108384
            ],
            [
              -118.4132891,
              34.3109101
            ],
            [
              -118.4133271,
              34.3109975
            ],
            [
              -118.4133244,
              34.3110491
            ],
            [
              -118.4132674,
              34.3110805
            ],
            [
              -118.4131915,
              34.3110782
            ],
            [
              -118.4131101,
              34.3110581
            ],
            [
              -118.4130287,
              34.3110043
            ]
          ]
        ]
      },
      "properties": {
        "course_id": "el_cariso_sylmar",
        "course_name": "El Cariso Golf Course",
        "hole_number": 16,
        "feature_type": "green",
        "name": "hole_16_green",
        "feature-color": "#2d6e2d",
        "is_approximate": true,
        "source": "osm",
        "@id": "9a22911f-db73-4023-a4a1-0b1823bd2725",
        "osm_id": 375527667
      }
    },
    {
      "type": "Feature",
      "bbox": [
        -118.4119515,
        34.3148169,
        -118.4116992,
        34.3150522
      ],
      "geometry": {
        "type": "Polygon",
        "coordinates": [
          [
            [
              -118.4117654,
              34.3150427
            ],
            [
              -118.4117146,
              34.3149944
            ],
            [
              -118.4116992,
              34.3149334
            ],
            [
              -118.4117012,
              34.3148866
            ],
            [
              -118.4117443,
              34.3148335
            ],
            [
              -118.4118,
              34.3148169
            ],
            [
              -118.4118796,
              34.3148391
            ],
            [
              -118.4119515,
              34.3149128
            ],
            [
              -118.41194,
              34.3149904
            ],
            [
              -118.4118844,
              34.3150395
            ],
            [
              -118.4118278,
              34.3150522
            ],
            [
              -118.4117654,
              34.3150427
            ]
          ]
        ]
      },
      "properties": {
        "course_id": "el_cariso_sylmar",
        "course_name": "El Cariso Golf Course",
        "hole_number": 10,
        "feature_type": "green",
        "name": "hole_10_green",
        "feature-color": "#2d6e2d",
        "is_approximate": true,
        "source": "osm",
        "@id": "3a282966-b139-4c09-9c10-1089d98dca95",
        "osm_id": 375527668
      }
    },
    {
      "type": "Feature",
      "bbox": [
        -118.4163399,
        34.3132711,
        -118.4160401,
        34.3135198
      ],
      "geometry": {
        "type": "Polygon",
        "coordinates": [
          [
            [
              -118.4160415,
              34.313345
            ],
            [
              -118.4160401,
              34.3133954
            ],
            [
              -118.4160686,
              34.3134324
            ],
            [
              -118.4162043,
              34.3135198
            ],
            [
              -118.416264,
              34.3135142
            ],
            [
              -118.4163182,
              34.3134683
            ],
            [
              -118.4163399,
              34.3133988
            ],
            [
              -118.4162735,
              34.3133215
            ],
            [
              -118.4162097,
              34.3132812
            ],
            [
              -118.4161514,
              34.3132711
            ],
            [
              -118.4160849,
              34.3132868
            ],
            [
              -118.4160483,
              34.3133137
            ],
            [
              -118.4160415,
              34.313345
            ]
          ]
        ]
      },
      "properties": {
        "course_id": "el_cariso_sylmar",
        "course_name": "El Cariso Golf Course",
        "hole_number": 9,
        "feature_type": "green",
        "name": "hole_9_green",
        "feature-color": "#2d6e2d",
        "is_approximate": true,
        "source": "osm",
        "@id": "18c3e76a-49e5-43c7-94ad-526095cf7da0",
        "osm_id": 375527669
      }
    },
    {
      "type": "Feature",
      "bbox": [
        -118.4118916,
        34.3142297,
        -118.4116565,
        34.3144793
      ],
      "geometry": {
        "type": "Polygon",
        "coordinates": [
          [
            [
              -118.4118398,
              34.3144571
            ],
            [
              -118.4118772,
              34.3143842
            ],
            [
              -118.4118916,
              34.3143113
            ],
            [
              -118.4118781,
              34.3142638
            ],
            [
              -118.4118282,
              34.3142329
            ],
            [
              -118.4117822,
              34.3142297
            ],
            [
              -118.4117083,
              34.3142733
            ],
            [
              -118.4116565,
              34.3143478
            ],
            [
              -118.4116565,
              34.314427
            ],
            [
              -118.411693,
              34.3144706
            ],
            [
              -118.411763,
              34.3144793
            ],
            [
              -118.4118004,
              34.3144706
            ],
            [
              -118.4118398,
              34.3144571
            ]
          ]
        ]
      },
      "properties": {
        "course_id": "el_cariso_sylmar",
        "course_name": "El Cariso Golf Course",
        "hole_number": 13,
        "feature_type": "green",
        "name": "hole_13_green",
        "feature-color": "#2d6e2d",
        "is_approximate": true,
        "source": "osm",
        "@id": "3b24549a-2039-4f40-9aaa-61fc16c54e5c",
        "osm_id": 375527671
      }
    },
    {
      "type": "Feature",
      "bbox": [
        -118.4166417,
        34.3125629,
        -118.4164118,
        34.3127735
      ],
      "geometry": {
        "type": "Polygon",
        "coordinates": [
          [
            [
              -118.4165244,
              34.3127707
            ],
            [
              -118.41658,
              34.3127735
            ],
            [
              -118.416616,
              34.3127595
            ],
            [
              -118.4166417,
              34.3127315
            ],
            [
              -118.4166384,
              34.3126951
            ],
            [
              -118.4165766,
              34.3126189
            ],
            [
              -118.4165237,
              34.3125713
            ],
            [
              -118.4164749,
              34.3125629
            ],
            [
              -118.4164403,
              34.3125797
            ],
            [
              -118.4164159,
              34.3126195
            ],
            [
              -118.4164118,
              34.3126772
            ],
            [
              -118.4164322,
              34.3127164
            ],
            [
              -118.4164783,
              34.3127539
            ],
            [
              -118.4165244,
              34.3127707
            ]
          ]
        ]
      },
      "properties": {
        "course_id": "el_cariso_sylmar",
        "course_name": "El Cariso Golf Course",
        "hole_number": 6,
        "feature_type": "green",
        "name": "hole_6_green",
        "feature-color": "#2d6e2d",
        "is_approximate": true,
        "source": "osm",
        "@id": "ab8de661-6bdf-435e-8821-8235ba8c079c",
        "osm_id": 375527673
      }
    },
    {
      "type": "Feature",
      "bbox": [
        -118.4175622,
        34.3126155,
        -118.417415,
        34.3128055
      ],
      "geometry": {
        "type": "Polygon",
        "coordinates": [
          [
            [
              -118.4174665,
              34.3128055
            ],
            [
              -118.4175262,
              34.3128027
            ],
            [
              -118.4175547,
              34.3127937
            ],
            [
              -118.4175622,
              34.3127814
            ],
            [
              -118.4175432,
              34.3126374
            ],
            [
              -118.4175296,
              34.3126155
            ],
            [
              -118.4174869,
              34.3126178
            ],
            [
              -118.4174387,
              34.3126228
            ],
            [
              -118.4174197,
              34.3126357
            ],
            [
              -118.417415,
              34.3126676
            ],
            [
              -118.4174245,
              34.3127657
            ],
            [
              -118.4174313,
              34.3127943
            ],
            [
              -118.4174394,
              34.3128043
            ],
            [
              -118.4174665,
              34.3128055
            ]
          ]
        ]
      },
      "properties": {
        "course_id": "el_cariso_sylmar",
        "course_name": "El Cariso Golf Course",
        "hole_number": 6,
        "feature_type": "tee_box",
        "name": "hole_6_tee_box",
        "feature-color": "#8b7355",
        "is_approximate": true,
        "source": "osm",
        "@id": "55235435-8b91-44cb-9207-868ff156f2a9",
        "osm_id": 375527676
      }
    },
    {
      "type": "Feature",
      "bbox": [
        -118.4135078,
        34.3091548,
        -118.4132392,
        34.3094028
      ],
      "geometry": {
        "type": "Polygon",
        "coordinates": [
          [
            [
              -118.4133179,
              34.309394
            ],
            [
              -118.4133783,
              34.3094028
            ],
            [
              -118.4134138,
              34.3093861
            ],
            [
              -118.4134426,
              34.3093497
            ],
            [
              -118.4134512,
              34.3093021
            ],
            [
              -118.4134877,
              34.3092617
            ],
            [
              -118.4135078,
              34.3092181
            ],
            [
              -118.4134973,
              34.3091849
            ],
            [
              -118.4134445,
              34.3091556
            ],
            [
              -118.4133745,
              34.3091548
            ],
            [
              -118.4132757,
              34.3092031
            ],
            [
              -118.4132392,
              34.3092617
            ],
            [
              -118.4132488,
              34.3093402
            ],
            [
              -118.4132843,
              34.309375
            ],
            [
              -118.4133179,
              34.309394
            ]
          ]
        ]
      },
      "properties": {
        "course_id": "el_cariso_sylmar",
        "course_name": "El Cariso Golf Course",
        "hole_number": 3,
        "feature_type": "green",
        "name": "hole_3_green",
        "feature-color": "#2d6e2d",
        "is_approximate": true,
        "source": "osm",
        "@id": "ed51c7aa-6816-4d85-a84f-4e575138b615",
        "osm_id": 375527677
      }
    },
    {
      "type": "Feature",
      "bbox": [
        -118.4139539,
        34.3088901,
        -118.4136047,
        34.3091635
      ],
      "geometry": {
        "type": "Polygon",
        "coordinates": [
          [
            [
              -118.4138771,
              34.3091635
            ],
            [
              -118.4139433,
              34.3091365
            ],
            [
              -118.4139539,
              34.3091048
            ],
            [
              -118.4138321,
              34.3089622
            ],
            [
              -118.4137687,
              34.3089004
            ],
            [
              -118.4137093,
              34.3088901
            ],
            [
              -118.4136575,
              34.3089036
            ],
            [
              -118.4136057,
              34.3089377
            ],
            [
              -118.4136047,
              34.3089797
            ],
            [
              -118.4136297,
              34.3090153
            ],
            [
              -118.4137026,
              34.3090533
            ],
            [
              -118.4137793,
              34.3090597
            ],
            [
              -118.4138301,
              34.3090874
            ],
            [
              -118.413856,
              34.3091334
            ],
            [
              -118.4138771,
              34.3091635
            ]
          ]
        ]
      },
      "properties": {
        "course_id": "el_cariso_sylmar",
        "course_name": "El Cariso Golf Course",
        "hole_number": 4,
        "feature_type": "tee_box",
        "name": "hole_4_tee_box",
        "feature-color": "#8b7355",
        "is_approximate": true,
        "source": "osm",
        "@id": "8f41b90c-9894-4c3d-935e-f34f08d980d2",
        "osm_id": 375527680
      }
    },
    {
      "type": "Feature",
      "bbox": [
        -118.4132364,
        34.3093727,
        -118.4130695,
        34.3094788
      ],
      "geometry": {
        "type": "Polygon",
        "coordinates": [
          [
            [
              -118.4130771,
              34.3094416
            ],
            [
              -118.4131395,
              34.3094765
            ],
            [
              -118.413197,
              34.3094788
            ],
            [
              -118.4132364,
              34.3094527
            ],
            [
              -118.4132085,
              34.3094147
            ],
            [
              -118.4131299,
              34.3093727
            ],
            [
              -118.4130695,
              34.309394
            ],
            [
              -118.4130771,
              34.3094416
            ]
          ]
        ]
      },
      "properties": {
        "course_id": "el_cariso_sylmar",
        "course_name": "El Cariso Golf Course",
        "hole_number": 3,
        "feature_type": "bunker",
        "name": "hole_3_bunker",
        "feature-color": "#d4b483",
        "is_approximate": true,
        "source": "osm",
        "@id": "b4c8ae74-f06b-41af-9698-1c85576cf3da",
        "osm_id": 375527682
      }
    },
    {
      "type": "Feature",
      "bbox": [
        -118.4130997,
        34.3149595,
        -118.412906,
        34.3150847
      ],
      "geometry": {
        "type": "Polygon",
        "coordinates": [
          [
            [
              -118.4129328,
              34.3150308
            ],
            [
              -118.4130077,
              34.3149849
            ],
            [
              -118.4130595,
              34.3149595
            ],
            [
              -118.4130997,
              34.3149959
            ],
            [
              -118.4129923,
              34.3150688
            ],
            [
              -118.4129482,
              34.3150847
            ],
            [
              -118.412906,
              34.315072
            ],
            [
              -118.4129328,
              34.3150308
            ]
          ]
        ]
      },
      "properties": {
        "course_id": "el_cariso_sylmar",
        "course_name": "El Cariso Golf Course",
        "hole_number": 10,
        "feature_type": "bunker",
        "name": "hole_10_bunker_3",
        "feature-color": "#d4b483",
        "is_approximate": true,
        "source": "osm",
        "@id": "9488ec24-1ad0-4b8c-bb70-0bb0a716f523",
        "osm_id": 375527684
      }
    },
    {
      "type": "Feature",
      "bbox": [
        -118.4149262,
        34.3149975,
        -118.4146614,
        34.3150958
      ],
      "geometry": {
        "type": "Polygon",
        "coordinates": [
          [
            [
              -118.4147036,
              34.3150958
            ],
            [
              -118.4148974,
              34.3150768
            ],
            [
              -118.4149262,
              34.315034
            ],
            [
              -118.414907,
              34.3149975
            ],
            [
              -118.4147247,
              34.3150118
            ],
            [
              -118.4146614,
              34.3150324
            ],
            [
              -118.4146729,
              34.3150688
            ],
            [
              -118.4147036,
              34.3150958
            ]
          ]
        ]
      },
      "properties": {
        "course_id": "el_cariso_sylmar",
        "course_name": "El Cariso Golf Course",
        "hole_number": 10,
        "feature_type": "tee_box",
        "name": "hole_10_tee_box_2",
        "feature-color": "#8b7355",
        "is_approximate": true,
        "source": "osm",
        "@id": "2b5cac47-b829-4abe-8364-45ef56eebca7",
        "osm_id": 375527685
      }
    },
    {
      "type": "Feature",
      "bbox": [
        -118.4148721,
        34.3108541,
        -118.4145981,
        34.3110133
      ],
      "geometry": {
        "type": "Polygon",
        "coordinates": [
          [
            [
              -118.4147148,
              34.3110133
            ],
            [
              -118.414826,
              34.3109908
            ],
            [
              -118.4148721,
              34.3109303
            ],
            [
              -118.4148314,
              34.3108765
            ],
            [
              -118.414712,
              34.3108541
            ],
            [
              -118.4146334,
              34.310881
            ],
            [
              -118.4145981,
              34.3109214
            ],
            [
              -118.4146252,
              34.3109796
            ],
            [
              -118.4147148,
              34.3110133
            ]
          ]
        ]
      },
      "properties": {
        "course_id": "el_cariso_sylmar",
        "course_name": "El Cariso Golf Course",
        "hole_number": 7,
        "feature_type": "green",
        "name": "hole_7_green",
        "feature-color": "#2d6e2d",
        "is_approximate": true,
        "source": "osm",
        "@id": "4667318d-353b-43e8-b347-7609c2e3f947",
        "osm_id": 375527686
      }
    },
    {
      "type": "Feature",
      "bbox": [
        -118.4153329,
        34.3150403,
        -118.4150816,
        34.3151306
      ],
      "geometry": {
        "type": "Polygon",
        "coordinates": [
          [
            [
              -118.4151084,
              34.3151306
            ],
            [
              -118.4152619,
              34.3151291
            ],
            [
              -118.4153137,
              34.3151195
            ],
            [
              -118.4153329,
              34.3150609
            ],
            [
              -118.415283,
              34.3150403
            ],
            [
              -118.4151564,
              34.3150419
            ],
            [
              -118.4150873,
              34.3150593
            ],
            [
              -118.4150816,
              34.3151069
            ],
            [
              -118.4151084,
              34.3151306
            ]
          ]
        ]
      },
      "properties": {
        "course_id": "el_cariso_sylmar",
        "course_name": "El Cariso Golf Course",
        "hole_number": 10,
        "feature_type": "tee_box",
        "name": "hole_10_tee_box_3",
        "feature-color": "#8b7355",
        "is_approximate": true,
        "source": "osm",
        "@id": "de6780f5-695d-4d2d-9a8e-eed18983d5ba",
        "osm_id": 375527687
      }
    },
    {
      "type": "Feature",
      "bbox": [
        -118.4128984,
        34.312499,
        -118.4125213,
        34.3126962
      ],
      "geometry": {
        "type": "Polygon",
        "coordinates": [
          [
            [
              -118.4126136,
              34.3125013
            ],
            [
              -118.4125376,
              34.3125573
            ],
            [
              -118.4125213,
              34.31262
            ],
            [
              -118.4126163,
              34.3126761
            ],
            [
              -118.4127139,
              34.3126962
            ],
            [
              -118.4128252,
              34.3126649
            ],
            [
              -118.4128984,
              34.3125819
            ],
            [
              -118.4128523,
              34.3125214
            ],
            [
              -118.4127438,
              34.312499
            ],
            [
              -118.4126136,
              34.3125013
            ]
          ]
        ]
      },
      "properties": {
        "course_id": "el_cariso_sylmar",
        "course_name": "El Cariso Golf Course",
        "hole_number": 1,
        "feature_type": "green",
        "name": "hole_1_green",
        "feature-color": "#2d6e2d",
        "is_approximate": true,
        "source": "osm",
        "@id": "99c72baa-bd2a-4652-afed-c634e4df6e6c",
        "osm_id": 375527688
      }
    },
    {
      "type": "Feature",
      "bbox": [
        -118.4150274,
        34.3098933,
        -118.4147663,
        34.3101549
      ],
      "geometry": {
        "type": "Polygon",
        "coordinates": [
          [
            [
              -118.4149691,
              34.3101549
            ],
            [
              -118.4150193,
              34.3101364
            ],
            [
              -118.4150274,
              34.3101123
            ],
            [
              -118.4149874,
              34.3100378
            ],
            [
              -118.4148572,
              34.3099017
            ],
            [
              -118.4148219,
              34.3098933
            ],
            [
              -118.414786,
              34.3099107
            ],
            [
              -118.4147663,
              34.3099375
            ],
            [
              -118.4149264,
              34.3101308
            ],
            [
              -118.4149691,
              34.3101549
            ]
          ]
        ]
      },
      "properties": {
        "course_id": "el_cariso_sylmar",
        "course_name": "El Cariso Golf Course",
        "hole_number": 5,
        "feature_type": "tee_box",
        "name": "hole_5_tee_box",
        "feature-color": "#8b7355",
        "is_approximate": true,
        "source": "osm",
        "@id": "31b58225-ea8d-4f71-9d37-44883cc874d5",
        "osm_id": 375527689
      }
    },
    {
      "type": "Feature",
      "bbox": [
        -118.4161846,
        34.3128305,
        -118.4160368,
        34.3129477
      ],
      "geometry": {
        "type": "Polygon",
        "coordinates": [
          [
            [
              -118.4160579,
              34.3128923
            ],
            [
              -118.4160963,
              34.3129303
            ],
            [
              -118.4161251,
              34.3129477
            ],
            [
              -118.4161673,
              34.3129366
            ],
            [
              -118.4161846,
              34.3129113
            ],
            [
              -118.4161366,
              34.3128622
            ],
            [
              -118.4160867,
              34.3128305
            ],
            [
              -118.4160464,
              34.3128416
            ],
            [
              -118.4160368,
              34.3128558
            ],
            [
              -118.4160579,
              34.3128923
            ]
          ]
        ]
      },
      "properties": {
        "course_id": "el_cariso_sylmar",
        "course_name": "El Cariso Golf Course",
        "hole_number": 7,
        "feature_type": "tee_box",
        "name": "hole_7_tee_box",
        "feature-color": "#8b7355",
        "is_approximate": true,
        "source": "osm",
        "@id": "57dbbbef-bd59-452e-bc56-974b66e2607f",
        "osm_id": 375527690
      }
    },
    {
      "type": "Feature",
      "bbox": [
        -118.4113058,
        34.3118895,
        -118.4109775,
        34.3120979
      ],
      "geometry": {
        "type": "Polygon",
        "coordinates": [
          [
            [
              -118.4110589,
              34.3120979
            ],
            [
              -118.4111701,
              34.3120979
            ],
            [
              -118.4112434,
              34.3120419
            ],
            [
              -118.4113058,
              34.3119477
            ],
            [
              -118.4112868,
              34.3119029
            ],
            [
              -118.4111891,
              34.3118895
            ],
            [
              -118.4110291,
              34.3119657
            ],
            [
              -118.4109775,
              34.3120172
            ],
            [
              -118.4109911,
              34.3120665
            ],
            [
              -118.4110589,
              34.3120979
            ]
          ]
        ]
      },
      "properties": {
        "course_id": "el_cariso_sylmar",
        "course_name": "El Cariso Golf Course",
        "hole_number": 12,
        "feature_type": "green",
        "name": "hole_12_green",
        "feature-color": "#2d6e2d",
        "is_approximate": true,
        "source": "osm",
        "@id": "b94c6d53-4d8d-447f-8e97-80516f7b7c4c",
        "osm_id": 375527691
      }
    },
    {
      "type": "Feature",
      "bbox": [
        -118.4115256,
        34.314641,
        -118.4114383,
        34.3148359
      ],
      "geometry": {
        "type": "Polygon",
        "coordinates": [
          [
            [
              -118.4115189,
              34.3148224
            ],
            [
              -118.4115256,
              34.3147385
            ],
            [
              -118.4115237,
              34.3146727
            ],
            [
              -118.4115036,
              34.314641
            ],
            [
              -118.4114633,
              34.3146497
            ],
            [
              -118.4114508,
              34.314687
            ],
            [
              -118.4114383,
              34.3147535
            ],
            [
              -118.4114412,
              34.3148129
            ],
            [
              -118.4114652,
              34.3148359
            ],
            [
              -118.4115189,
              34.3148224
            ]
          ]
        ]
      },
      "properties": {
        "course_id": "el_cariso_sylmar",
        "course_name": "El Cariso Golf Course",
        "hole_number": 11,
        "feature_type": "tee_box",
        "name": "hole_11_tee_box_2",
        "feature-color": "#8b7355",
        "is_approximate": true,
        "source": "osm",
        "@id": "d210772b-901b-4866-b13f-c3f3a8fb2e1f",
        "osm_id": 375527692
      }
    },
    {
      "type": "Feature",
      "bbox": [
        -118.4120537,
        34.3142559,
        -118.4119597,
        34.3143454
      ],
      "geometry": {
        "type": "Polygon",
        "coordinates": [
          [
            [
              -118.4119597,
              34.3143216
            ],
            [
              -118.4119702,
              34.3142788
            ],
            [
              -118.4119875,
              34.3142606
            ],
            [
              -118.4120268,
              34.3142559
            ],
            [
              -118.4120537,
              34.3142741
            ],
            [
              -118.4120527,
              34.3143169
            ],
            [
              -118.4120402,
              34.3143406
            ],
            [
              -118.4120038,
              34.3143454
            ],
            [
              -118.4119702,
              34.3143414
            ],
            [
              -118.4119597,
              34.3143216
            ]
          ]
        ]
      },
      "properties": {
        "course_id": "el_cariso_sylmar",
        "course_name": "El Cariso Golf Course",
        "hole_number": 13,
        "feature_type": "bunker",
        "name": "hole_13_bunker",
        "feature-color": "#c8b560",
        "is_approximate": true,
        "source": "osm",
        "@id": "c45b67ef-a58d-4715-8924-935f325de1d1",
        "osm_id": 375527693
      }
    },
    {
      "type": "Feature",
      "bbox": [
        -118.4121414,
        34.3121062,
        -118.4118814,
        34.3123505
      ],
      "geometry": {
        "type": "Polygon",
        "coordinates": [
          [
            [
              -118.4120904,
              34.3123281
            ],
            [
              -118.4121414,
              34.3122496
            ],
            [
              -118.4121224,
              34.3121555
            ],
            [
              -118.4120624,
              34.3121062
            ],
            [
              -118.4119434,
              34.3121196
            ],
            [
              -118.4118924,
              34.3121734
            ],
            [
              -118.4118814,
              34.3122519
            ],
            [
              -118.4119114,
              34.3123213
            ],
            [
              -118.4119684,
              34.3123505
            ],
            [
              -118.4120904,
              34.3123281
            ]
          ]
        ]
      },
      "properties": {
        "course_id": "el_cariso_sylmar",
        "course_name": "El Cariso Golf Course",
        "hole_number": 17,
        "feature_type": "green",
        "name": "hole_17_green",
        "feature-color": "#2d6e2d",
        "is_approximate": true,
        "source": "osm",
        "@id": "73518447-5f8c-45df-a0ae-30bb7aac13f5",
        "osm_id": 375527694
      }
    },
    {
      "type": "Feature",
      "bbox": [
        -118.4113146,
        34.3146458,
        -118.4111832,
        34.3148074
      ],
      "geometry": {
        "type": "Polygon",
        "coordinates": [
          [
            [
              -118.411258,
              34.3148026
            ],
            [
              -118.4112983,
              34.3147266
            ],
            [
              -118.4113146,
              34.3146798
            ],
            [
              -118.4112925,
              34.3146489
            ],
            [
              -118.4112561,
              34.3146458
            ],
            [
              -118.4112091,
              34.3146933
            ],
            [
              -118.411187,
              34.3147456
            ],
            [
              -118.4111832,
              34.3147884
            ],
            [
              -118.4112187,
              34.3148074
            ],
            [
              -118.411258,
              34.3148026
            ]
          ]
        ]
      },
      "properties": {
        "course_id": "el_cariso_sylmar",
        "course_name": "El Cariso Golf Course",
        "hole_number": 11,
        "feature_type": "tee_box",
        "name": "hole_11_tee_box_3",
        "feature-color": "#8b7355",
        "is_approximate": true,
        "source": "osm",
        "@id": "f109f46f-bd40-4721-a5da-5b56e7e8c4ee",
        "osm_id": 375527695
      }
    },
    {
      "type": "Feature",
      "bbox": [
        -118.4154609,
        34.3134042,
        -118.4153172,
        34.3135106
      ],
      "geometry": {
        "type": "Polygon",
        "coordinates": [
          [
            [
              -118.4153989,
              34.3135079
            ],
            [
              -118.4153339,
              34.3134661
            ],
            [
              -118.4153187,
              34.3134515
            ],
            [
              -118.4153172,
              34.3134314
            ],
            [
              -118.4153382,
              34.3134109
            ],
            [
              -118.4153564,
              34.3134042
            ],
            [
              -118.4153798,
              34.3134077
            ],
            [
              -118.4154528,
              34.3134554
            ],
            [
              -118.4154609,
              34.3134712
            ],
            [
              -118.4154519,
              34.3134898
            ],
            [
              -118.4154213,
              34.3135106
            ],
            [
              -118.4153989,
              34.3135079
            ]
          ]
        ]
      },
      "properties": {
        "course_id": "el_cariso_sylmar",
        "course_name": "El Cariso Golf Course",
        "hole_number": 1,
        "feature_type": "tee_box",
        "name": "hole_1_tee_box",
        "feature-color": "#8b7355",
        "is_approximate": true,
        "source": "osm",
        "@id": "90ce9ae2-fdf8-415d-bcae-e633a9e2a7b8",
        "osm_id": 375574386
      }
    },
    {
      "type": "Feature",
      "bbox": [
        -118.415408,
        34.3138074,
        -118.4151598,
        34.3139943
      ],
      "geometry": {
        "type": "Polygon",
        "coordinates": [
          [
            [
              -118.4152591,
              34.3139943
            ],
            [
              -118.4151884,
              34.3139628
            ],
            [
              -118.4151598,
              34.3139186
            ],
            [
              -118.4151703,
              34.3138674
            ],
            [
              -118.4152123,
              34.3138287
            ],
            [
              -118.4152963,
              34.3138074
            ],
            [
              -118.4153536,
              34.3138256
            ],
            [
              -118.4153918,
              34.31385
            ],
            [
              -118.415408,
              34.3139107
            ],
            [
              -118.4153679,
              34.3139715
            ],
            [
              -118.4153144,
              34.3139896
            ],
            [
              -118.4152591,
              34.3139943
            ]
          ]
        ]
      },
      "properties": {
        "course_id": "el_cariso_sylmar",
        "course_name": "El Cariso Golf Course",
        "hole_number": 18,
        "feature_type": "green",
        "name": "hole_18_green",
        "feature-color": "#2d6e2d",
        "is_approximate": true,
        "source": "osm",
        "@id": "42f9a8be-b471-4d5a-ac4a-74e4f39624e6",
        "osm_id": 375574387
      }
    },
    {
      "type": "Feature",
      "bbox": [
        -118.4130256,
        34.3095643,
        -118.4128538,
        34.3099058
      ],
      "geometry": {
        "type": "Polygon",
        "coordinates": [
          [
            [
              -118.4129378,
              34.3099058
            ],
            [
              -118.4130094,
              34.3098955
            ],
            [
              -118.4130256,
              34.3098735
            ],
            [
              -118.4129941,
              34.3097583
            ],
            [
              -118.4129464,
              34.3096014
            ],
            [
              -118.4129158,
              34.3095643
            ],
            [
              -118.4128748,
              34.3095706
            ],
            [
              -118.4128538,
              34.309588
            ],
            [
              -118.4128939,
              34.3097867
            ],
            [
              -118.4129091,
              34.3098624
            ],
            [
              -118.4129177,
              34.3098916
            ],
            [
              -118.4129378,
              34.3099058
            ]
          ]
        ]
      },
      "properties": {
        "course_id": "el_cariso_sylmar",
        "course_name": "El Cariso Golf Course",
        "hole_number": 16,
        "feature_type": "tee_box",
        "name": "hole_16_tee_box",
        "feature-color": "#8b7355",
        "is_approximate": true,
        "source": "osm",
        "@id": "fd8aefb2-277d-4cb0-8444-78ada696ea67",
        "osm_id": 375574388
      }
    },
    {
      "type": "Feature",
      "bbox": [
        -118.4141636,
        34.3121173,
        -118.4138841,
        34.312259
      ],
      "geometry": {
        "type": "Polygon",
        "coordinates": [
          [
            [
              -118.4139476,
              34.312259
            ],
            [
              -118.4140191,
              34.312259
            ],
            [
              -118.4141218,
              34.3122422
            ],
            [
              -118.4141474,
              34.3122143
            ],
            [
              -118.4141636,
              34.3121753
            ],
            [
              -118.4141474,
              34.3121341
            ],
            [
              -118.4140894,
              34.312124
            ],
            [
              -118.4139827,
              34.3121173
            ],
            [
              -118.4139179,
              34.3121329
            ],
            [
              -118.4138841,
              34.3121764
            ],
            [
              -118.4138936,
              34.3122277
            ],
            [
              -118.4139165,
              34.3122511
            ],
            [
              -118.4139476,
              34.312259
            ]
          ]
        ]
      },
      "properties": {
        "course_id": "el_cariso_sylmar",
        "course_name": "El Cariso Golf Course",
        "hole_number": 8,
        "feature_type": "green",
        "name": "hole_8_green",
        "feature-color": "#2d6e2d",
        "is_approximate": true,
        "source": "osm",
        "@id": "f55bf3d1-c563-4e41-9bb7-688d5a87607e",
        "osm_id": 375574390
      }
    },
    {
      "type": "Feature",
      "bbox": [
        -118.4159259,
        34.3136021,
        -118.4156552,
        34.3137784
      ],
      "geometry": {
        "type": "Polygon",
        "coordinates": [
          [
            [
              -118.4156671,
              34.3136636
            ],
            [
              -118.4158309,
              34.3137626
            ],
            [
              -118.4158629,
              34.3137784
            ],
            [
              -118.4159053,
              34.313776
            ],
            [
              -118.4159216,
              34.3137567
            ],
            [
              -118.4159259,
              34.3137287
            ],
            [
              -118.4159034,
              34.3137086
            ],
            [
              -118.4157912,
              34.3136388
            ],
            [
              -118.4157244,
              34.3136076
            ],
            [
              -118.415681,
              34.3136021
            ],
            [
              -118.4156557,
              34.3136199
            ],
            [
              -118.4156552,
              34.3136396
            ],
            [
              -118.4156671,
              34.3136636
            ]
          ]
        ]
      },
      "properties": {
        "course_id": "el_cariso_sylmar",
        "course_name": "El Cariso Golf Course",
        "hole_number": 1,
        "feature_type": "tee_box",
        "name": "hole_1_tee_box_2",
        "feature-color": "#8b7355",
        "is_approximate": true,
        "source": "osm",
        "@id": "0a48c11f-a0d3-4e90-95ab-c2b17fa3e293",
        "osm_id": 375574391
      }
    },
    {
      "type": "Feature",
      "bbox": [
        -118.4148273,
        34.3122866,
        -118.4143757,
        34.3125414
      ],
      "geometry": {
        "type": "Polygon",
        "coordinates": [
          [
            [
              -118.4146997,
              34.3125197
            ],
            [
              -118.4146666,
              34.3125414
            ],
            [
              -118.4144607,
              34.3124199
            ],
            [
              -118.4143757,
              34.3123507
            ],
            [
              -118.4143831,
              34.3123089
            ],
            [
              -118.414427,
              34.3122866
            ],
            [
              -118.4144722,
              34.3123056
            ],
            [
              -118.4147625,
              34.3124561
            ],
            [
              -118.4148205,
              34.3124946
            ],
            [
              -118.4148273,
              34.3125264
            ],
            [
              -118.4148064,
              34.3125386
            ],
            [
              -118.4147841,
              34.3125342
            ],
            [
              -118.4147226,
              34.3125091
            ],
            [
              -118.4146997,
              34.3125197
            ]
          ]
        ]
      },
      "properties": {
        "course_id": "el_cariso_sylmar",
        "course_name": "El Cariso Golf Course",
        "hole_number": 9,
        "feature_type": "tee_box",
        "name": "hole_9_tee_box",
        "feature-color": "#8b7355",
        "is_approximate": true,
        "source": "osm",
        "@id": "f177016f-c43e-49ed-bd7f-85b8aa35a048",
        "osm_id": 375574393
      }
    },
    {
      "type": "Feature",
      "bbox": [
        -118.4136506,
        34.3118941,
        -118.4130012,
        34.3123937
      ],
      "geometry": {
        "type": "Polygon",
        "coordinates": [
          [
            [
              -118.4134279,
              34.3123758
            ],
            [
              -118.4132712,
              34.3123033
            ],
            [
              -118.4131592,
              34.3122944
            ],
            [
              -118.4130782,
              34.3122677
            ],
            [
              -118.4130404,
              34.3122253
            ],
            [
              -118.4130012,
              34.3121718
            ],
            [
              -118.4130093,
              34.3121283
            ],
            [
              -118.4130579,
              34.3121004
            ],
            [
              -118.413174,
              34.3120903
            ],
            [
              -118.4132564,
              34.3120758
            ],
            [
              -118.413305,
              34.3120457
            ],
            [
              -118.4134319,
              34.3119454
            ],
            [
              -118.4135156,
              34.3119074
            ],
            [
              -118.4135858,
              34.3118941
            ],
            [
              -118.4136331,
              34.3119052
            ],
            [
              -118.4136344,
              34.3119587
            ],
            [
              -118.4135831,
              34.3120301
            ],
            [
              -118.4135575,
              34.3121004
            ],
            [
              -118.4135791,
              34.3121862
            ],
            [
              -118.4136425,
              34.3122766
            ],
            [
              -118.4136506,
              34.3123335
            ],
            [
              -118.4136263,
              34.3123736
            ],
            [
              -118.4135467,
              34.3123937
            ],
            [
              -118.4134805,
              34.3123881
            ],
            [
              -118.4134279,
              34.3123758
            ]
          ]
        ]
      },
      "properties": {
        "course_id": "el_cariso_sylmar",
        "course_name": "El Cariso Golf Course",
        "hole_number": 2,
        "feature_type": "bunker",
        "name": "hole_2_bunker_2",
        "feature-color": "#d4b483",
        "is_approximate": true,
        "source": "osm",
        "@id": "48c7c019-c7c0-4e80-9fea-feb3180be5a0",
        "osm_id": 375574395
      }
    },
    {
      "type": "Feature",
      "bbox": [
        -118.411725,
        34.3126796,
        -118.4115698,
        34.3127655
      ],
      "geometry": {
        "type": "Polygon",
        "coordinates": [
          [
            [
              -118.4116946,
              34.3127187
            ],
            [
              -118.411613,
              34.3126796
            ],
            [
              -118.4115698,
              34.3126796
            ],
            [
              -118.4115711,
              34.3127148
            ],
            [
              -118.4116143,
              34.3127404
            ],
            [
              -118.411671,
              34.3127627
            ],
            [
              -118.4117216,
              34.3127655
            ],
            [
              -118.411725,
              34.3127449
            ],
            [
              -118.4116946,
              34.3127187
            ]
          ]
        ]
      },
      "properties": {
        "course_id": "el_cariso_sylmar",
        "course_name": "El Cariso Golf Course",
        "hole_number": 18,
        "feature_type": "tee_box",
        "name": "hole_18_tee_box",
        "feature-color": "#8b7355",
        "is_approximate": true,
        "source": "osm",
        "@id": "a6556dc3-ac4b-4974-b740-cc21d0a86831",
        "osm_id": 375574398
      }
    },
    {
      "type": "Feature",
      "bbox": [
        -118.4122921,
        34.3129094,
        -118.4120801,
        34.3130108
      ],
      "geometry": {
        "type": "Polygon",
        "coordinates": [
          [
            [
              -118.41223,
              34.3130042
            ],
            [
              -118.4122658,
              34.3130108
            ],
            [
              -118.412288,
              34.3129947
            ],
            [
              -118.4122921,
              34.3129651
            ],
            [
              -118.4121503,
              34.3129161
            ],
            [
              -118.4121071,
              34.3129094
            ],
            [
              -118.4120801,
              34.31293
            ],
            [
              -118.4120862,
              34.3129573
            ],
            [
              -118.4121206,
              34.3129818
            ],
            [
              -118.41223,
              34.3130042
            ]
          ]
        ]
      },
      "properties": {
        "course_id": "el_cariso_sylmar",
        "course_name": "El Cariso Golf Course",
        "hole_number": 18,
        "feature_type": "tee_box",
        "name": "hole_18_tee_box_2",
        "feature-color": "#8b7355",
        "is_approximate": true,
        "source": "osm",
        "@id": "dad44846-c53b-4fd5-9e79-549aa70f3695",
        "osm_id": 375574399
      }
    },
    {
      "type": "Feature",
      "bbox": [
        -118.4152572,
        34.3128792,
        -118.4123022,
        34.3139327
      ],
      "geometry": {
        "type": "Polygon",
        "coordinates": [
          [
            [
              -118.4123738,
              34.3130306
            ],
            [
              -118.4123022,
              34.313007
            ],
            [
              -118.412327,
              34.3129376
            ],
            [
              -118.4123986,
              34.3128792
            ],
            [
              -118.4127547,
              34.312988
            ],
            [
              -118.4130268,
              34.3131016
            ],
            [
              -118.4133266,
              34.3131678
            ],
            [
              -118.4135137,
              34.3132617
            ],
            [
              -118.4137333,
              34.3133665
            ],
            [
              -118.413958,
              34.3133264
            ],
            [
              -118.4142623,
              34.3133849
            ],
            [
              -118.4145646,
              34.3134383
            ],
            [
              -118.4147924,
              34.3135226
            ],
            [
              -118.4149896,
              34.3136299
            ],
            [
              -118.4152572,
              34.3137116
            ],
            [
              -118.4151338,
              34.3138625
            ],
            [
              -118.4151176,
              34.3138972
            ],
            [
              -118.4147834,
              34.3138964
            ],
            [
              -118.414688,
              34.3139327
            ],
            [
              -118.4143787,
              34.3138278
            ],
            [
              -118.4140837,
              34.3137655
            ],
            [
              -118.4138335,
              34.3136544
            ],
            [
              -118.4136655,
              34.3135802
            ],
            [
              -118.4135629,
              34.3135615
            ],
            [
              -118.4132893,
              34.3134856
            ],
            [
              -118.412981,
              34.3134202
            ],
            [
              -118.4127461,
              34.3133003
            ],
            [
              -118.4124731,
              34.3130906
            ],
            [
              -118.4123738,
              34.3130306
            ]
          ]
        ]
      },
      "properties": {
        "course_id": "el_cariso_sylmar",
        "course_name": "El Cariso Golf Course",
        "hole_number": 18,
        "feature_type": "fairway",
        "name": "hole_18_fairway",
        "feature-color": "#4a7c3f",
        "is_approximate": true,
        "source": "osm",
        "@id": "e8592d6e-b8b5-4109-b2cf-a19cae1eec8f",
        "osm_id": 375574400
      }
    },
    {
      "type": "Feature",
      "bbox": [
        -118.4127528,
        34.3120143,
        -118.4125902,
        34.312149
      ],
      "geometry": {
        "type": "Polygon",
        "coordinates": [
          [
            [
              -118.4126533,
              34.3121406
            ],
            [
              -118.412718,
              34.3120965
            ],
            [
              -118.4127528,
              34.312058
            ],
            [
              -118.4127507,
              34.3120324
            ],
            [
              -118.4127287,
              34.3120143
            ],
            [
              -118.4126843,
              34.3120249
            ],
            [
              -118.4125961,
              34.3120894
            ],
            [
              -118.4125902,
              34.3121287
            ],
            [
              -118.412633,
              34.312149
            ],
            [
              -118.4126533,
              34.3121406
            ]
          ]
        ]
      },
      "properties": {
        "course_id": "el_cariso_sylmar",
        "course_name": "El Cariso Golf Course",
        "hole_number": 2,
        "feature_type": "tee_box",
        "name": "hole_2_tee_box_2",
        "feature-color": "#8b7355",
        "is_approximate": true,
        "source": "osm",
        "@id": "cc45ab1f-178c-4a2d-ada6-23779f768f0c",
        "osm_id": 375628410
      }
    },
    {
      "type": "Feature",
      "bbox": [
        -118.4131993,
        34.3099097,
        -118.4128484,
        34.3107509
      ],
      "geometry": {
        "type": "Polygon",
        "coordinates": [
          [
            [
              -118.4131308,
              34.3107438
            ],
            [
              -118.4130067,
              34.3105636
            ],
            [
              -118.413088,
              34.310355
            ],
            [
              -118.4131993,
              34.3101218
            ],
            [
              -118.4131607,
              34.3099097
            ],
            [
              -118.4130238,
              34.3099415
            ],
            [
              -118.4129725,
              34.3099804
            ],
            [
              -118.412904,
              34.3104116
            ],
            [
              -118.4128484,
              34.3107014
            ],
            [
              -118.412904,
              34.3107509
            ],
            [
              -118.4131308,
              34.3107438
            ]
          ]
        ]
      },
      "properties": {
        "course_id": "el_cariso_sylmar",
        "course_name": "El Cariso Golf Course",
        "hole_number": 16,
        "feature_type": "fairway",
        "name": "hole_16_fairway",
        "feature-color": "#4a7c3f",
        "is_approximate": true,
        "source": "osm",
        "@id": "66549510-fbb5-438b-8fc7-df9eae6f90b6",
        "osm_id": 375630942
      }
    },
    {
      "type": "Feature",
      "bbox": [
        -118.4123234,
        34.3134351,
        -118.4118454,
        34.3142947
      ],
      "geometry": {
        "type": "Polygon",
        "coordinates": [
          [
            [
              -118.4121116,
              34.3134351
            ],
            [
              -118.4122387,
              34.3138374
            ],
            [
              -118.4122992,
              34.3141673
            ],
            [
              -118.4123234,
              34.3142422
            ],
            [
              -118.4122024,
              34.3142947
            ],
            [
              -118.4121237,
              34.3141323
            ],
            [
              -118.4120027,
              34.3139024
            ],
            [
              -118.4118817,
              34.31368
            ],
            [
              -118.4118454,
              34.3136
            ],
            [
              -118.4119119,
              34.3135151
            ],
            [
              -118.4121116,
              34.3134351
            ]
          ]
        ]
      },
      "properties": {
        "course_id": "el_cariso_sylmar",
        "course_name": "El Cariso Golf Course",
        "hole_number": 14,
        "feature_type": "fairway",
        "name": "hole_14_fairway",
        "feature-color": "#4a7c3f",
        "is_approximate": true,
        "source": "osm",
        "@id": "eb2354ea-3544-44ce-b2bb-48185593bced",
        "osm_id": 375630943
      }
    },
    {
      "type": "Feature",
      "bbox": [
        -118.415272,
        34.3125217,
        -118.4147992,
        34.3129184
      ],
      "geometry": {
        "type": "Polygon",
        "coordinates": [
          [
            [
              -118.4148891,
              34.3125217
            ],
            [
              -118.4151902,
              34.3127059
            ],
            [
              -118.4152362,
              34.3127987
            ],
            [
              -118.415272,
              34.3128853
            ],
            [
              -118.415256,
              34.3129025
            ],
            [
              -118.4151977,
              34.3129184
            ],
            [
              -118.4151463,
              34.3128835
            ],
            [
              -118.414988,
              34.3127581
            ],
            [
              -118.414812,
              34.3126242
            ],
            [
              -118.4147992,
              34.3125981
            ],
            [
              -118.4148489,
              34.3125416
            ],
            [
              -118.4148891,
              34.3125217
            ]
          ]
        ]
      },
      "properties": {
        "course_id": "el_cariso_sylmar",
        "course_name": "El Cariso Golf Course",
        "hole_number": 9,
        "feature_type": "fairway",
        "name": "hole_9_fairway",
        "feature-color": "#4a7c3f",
        "is_approximate": true,
        "source": "osm",
        "@id": "23d6b9f7-8900-482a-8230-fbac56462fb7",
        "osm_id": 375630944
      }
    },
    {
      "type": "Feature",
      "bbox": [
        -118.4145385,
        34.3091958,
        -118.4137598,
        34.3100723
      ],
      "geometry": {
        "type": "Polygon",
        "coordinates": [
          [
            [
              -118.4137598,
              34.30921
            ],
            [
              -118.4138625,
              34.3095704
            ],
            [
              -118.4140422,
              34.309839
            ],
            [
              -118.414162,
              34.3099698
            ],
            [
              -118.4142946,
              34.3100652
            ],
            [
              -118.4144016,
              34.3100723
            ],
            [
              -118.4145385,
              34.3100087
            ],
            [
              -118.4144657,
              34.3098956
            ],
            [
              -118.4142261,
              34.3095987
            ],
            [
              -118.4140422,
              34.3092842
            ],
            [
              -118.4139437,
              34.3091958
            ],
            [
              -118.4137598,
              34.30921
            ]
          ]
        ]
      },
      "properties": {
        "course_id": "el_cariso_sylmar",
        "course_name": "El Cariso Golf Course",
        "hole_number": 4,
        "feature_type": "fairway",
        "name": "hole_4_fairway",
        "feature-color": "#4a7c3f",
        "is_approximate": true,
        "source": "osm",
        "@id": "6bde0eab-f23c-4265-bc8c-3937cfd5bc3c",
        "osm_id": 375630945
      }
    },
    {
      "type": "Feature",
      "bbox": [
        -118.4156363,
        34.3110261,
        -118.414656,
        34.312438
      ],
      "geometry": {
        "type": "Polygon",
        "coordinates": [
          [
            [
              -118.4156363,
              34.312438
            ],
            [
              -118.4154064,
              34.3120657
            ],
            [
              -118.4152853,
              34.3116858
            ],
            [
              -118.4151371,
              34.311296
            ],
            [
              -118.4150524,
              34.311071
            ],
            [
              -118.4149979,
              34.3110261
            ],
            [
              -118.4147861,
              34.3110835
            ],
            [
              -118.414656,
              34.311151
            ],
            [
              -118.4146863,
              34.311301
            ],
            [
              -118.4149646,
              34.3119607
            ],
            [
              -118.4152218,
              34.3122856
            ],
            [
              -118.4154154,
              34.3124055
            ],
            [
              -118.4156363,
              34.312438
            ]
          ]
        ]
      },
      "properties": {
        "course_id": "el_cariso_sylmar",
        "course_name": "El Cariso Golf Course",
        "hole_number": 7,
        "feature_type": "fairway",
        "name": "hole_7_fairway",
        "feature-color": "#4a7c3f",
        "is_approximate": true,
        "source": "osm",
        "@id": "6f2d21e4-0393-4b9c-b0bd-f3ba1dc41dd2",
        "osm_id": 375630946
      }
    },
    {
      "type": "Feature",
      "bbox": [
        -118.416072,
        34.3127938,
        -118.4153319,
        34.3133701
      ],
      "geometry": {
        "type": "Polygon",
        "coordinates": [
          [
            [
              -118.415724,
              34.3133326
            ],
            [
              -118.4154191,
              34.3130311
            ],
            [
              -118.4153399,
              34.3128968
            ],
            [
              -118.4153319,
              34.3128411
            ],
            [
              -118.4153768,
              34.3127965
            ],
            [
              -118.4154849,
              34.3127938
            ],
            [
              -118.4155811,
              34.3128473
            ],
            [
              -118.4156608,
              34.3129449
            ],
            [
              -118.4159419,
              34.3131477
            ],
            [
              -118.416072,
              34.3132477
            ],
            [
              -118.4160054,
              34.3133101
            ],
            [
              -118.4158299,
              34.3133701
            ],
            [
              -118.415724,
              34.3133326
            ]
          ]
        ]
      },
      "properties": {
        "course_id": "el_cariso_sylmar",
        "course_name": "El Cariso Golf Course",
        "hole_number": 9,
        "feature_type": "fairway",
        "name": "hole_9_fairway_2",
        "feature-color": "#4a7c3f",
        "is_approximate": true,
        "source": "osm",
        "@id": "718bd5e7-560f-4eda-b762-59893e4c4836",
        "osm_id": 375630947
      }
    },
    {
      "type": "Feature",
      "bbox": [
        -118.4108591,
        34.3122581,
        -118.4103392,
        34.3138114
      ],
      "geometry": {
        "type": "Polygon",
        "coordinates": [
          [
            [
              -118.4108197,
              34.3124505
            ],
            [
              -118.4108591,
              34.3129003
            ],
            [
              -118.4107471,
              34.3132327
            ],
            [
              -118.4106775,
              34.3134701
            ],
            [
              -118.4106197,
              34.3136102
            ],
            [
              -118.4105507,
              34.3137079
            ],
            [
              -118.4105074,
              34.313789
            ],
            [
              -118.4104223,
              34.3138114
            ],
            [
              -118.4103392,
              34.3137672
            ],
            [
              -118.410381,
              34.31366
            ],
            [
              -118.4104173,
              34.3132252
            ],
            [
              -118.4105051,
              34.3126954
            ],
            [
              -118.4106049,
              34.312388
            ],
            [
              -118.4106715,
              34.3122581
            ],
            [
              -118.4108197,
              34.3124505
            ]
          ]
        ]
      },
      "properties": {
        "course_id": "el_cariso_sylmar",
        "course_name": "El Cariso Golf Course",
        "hole_number": 12,
        "feature_type": "fairway",
        "name": "hole_12_fairway",
        "feature-color": "#4a7c3f",
        "is_approximate": true,
        "source": "osm",
        "@id": "15a26e50-8c6f-4390-9b81-3f730e7081f6",
        "osm_id": 375630948
      }
    },
    {
      "type": "Feature",
      "bbox": [
        -118.4144732,
        34.3114259,
        -118.413856,
        34.3120885
      ],
      "geometry": {
        "type": "Polygon",
        "coordinates": [
          [
            [
              -118.4144732,
              34.3114648
            ],
            [
              -118.4144091,
              34.311607
            ],
            [
              -118.4143705,
              34.3117572
            ],
            [
              -118.4143545,
              34.3118844
            ],
            [
              -118.4143342,
              34.3120205
            ],
            [
              -118.4142893,
              34.3120717
            ],
            [
              -118.4141448,
              34.3120885
            ],
            [
              -118.4140186,
              34.3120709
            ],
            [
              -118.4138892,
              34.3119684
            ],
            [
              -118.413856,
              34.3119101
            ],
            [
              -118.4140582,
              34.3117678
            ],
            [
              -118.4141267,
              34.3116715
            ],
            [
              -118.4142187,
              34.3115337
            ],
            [
              -118.4142893,
              34.3114285
            ],
            [
              -118.4143481,
              34.3114259
            ],
            [
              -118.4144732,
              34.3114648
            ]
          ]
        ]
      },
      "properties": {
        "course_id": "el_cariso_sylmar",
        "course_name": "El Cariso Golf Course",
        "hole_number": 8,
        "feature_type": "fairway",
        "name": "hole_8_fairway",
        "feature-color": "#4a7c3f",
        "is_approximate": true,
        "source": "osm",
        "@id": "5d6f69c6-6ac4-496b-8720-306a30b2692c",
        "osm_id": 375630949
      }
    },
    {
      "type": "Feature",
      "bbox": [
        -118.4146137,
        34.314912,
        -118.4119936,
        34.3153692
      ],
      "geometry": {
        "type": "Polygon",
        "coordinates": [
          [
            [
              -118.4120299,
              34.314912
            ],
            [
              -118.412396,
              34.3150269
            ],
            [
              -118.4128559,
              34.3151319
            ],
            [
              -118.413579,
              34.3150894
            ],
            [
              -118.4140903,
              34.3150469
            ],
            [
              -118.4144806,
              34.3150119
            ],
            [
              -118.4145622,
              34.3150419
            ],
            [
              -118.4146137,
              34.3151543
            ],
            [
              -118.4144533,
              34.3152243
            ],
            [
              -118.4140419,
              34.3153043
            ],
            [
              -118.4136758,
              34.3153643
            ],
            [
              -118.4131887,
              34.3153692
            ],
            [
              -118.4127106,
              34.3153093
            ],
            [
              -118.412272,
              34.3152218
            ],
            [
              -118.4121177,
              34.3151568
            ],
            [
              -118.4119966,
              34.3151019
            ],
            [
              -118.4119936,
              34.3150069
            ],
            [
              -118.4120299,
              34.314912
            ]
          ]
        ]
      },
      "properties": {
        "course_id": "el_cariso_sylmar",
        "course_name": "El Cariso Golf Course",
        "hole_number": 10,
        "feature_type": "fairway",
        "name": "hole_10_fairway",
        "feature-color": "#4a7c3f",
        "is_approximate": true,
        "source": "osm",
        "@id": "8f6a666e-612f-4703-9a64-fcbe7d154d16",
        "osm_id": 375630950
      }
    },
    {
      "type": "Feature",
      "bbox": [
        -118.4141901,
        34.3104488,
        -118.4128619,
        34.3120432
      ],
      "geometry": {
        "type": "Polygon",
        "coordinates": [
          [
            [
              -118.4141508,
              34.3104488
            ],
            [
              -118.4141901,
              34.3107187
            ],
            [
              -118.4141326,
              34.311106
            ],
            [
              -118.4139178,
              34.3114484
            ],
            [
              -118.4136667,
              34.3117208
            ],
            [
              -118.4134156,
              34.3118957
            ],
            [
              -118.4131735,
              34.3119657
            ],
            [
              -118.4129497,
              34.3120432
            ],
            [
              -118.4128619,
              34.3119882
            ],
            [
              -118.412871,
              34.3119432
            ],
            [
              -118.4130192,
              34.3118907
            ],
            [
              -118.4132371,
              34.3117033
            ],
            [
              -118.4137302,
              34.311271
            ],
            [
              -118.4138513,
              34.3110261
            ],
            [
              -118.4139874,
              34.3108561
            ],
            [
              -118.4140479,
              34.3107037
            ],
            [
              -118.4139632,
              34.3105488
            ],
            [
              -118.413939,
              34.3105063
            ],
            [
              -118.4140177,
              34.3104638
            ],
            [
              -118.4141508,
              34.3104488
            ]
          ]
        ]
      },
      "properties": {
        "course_id": "el_cariso_sylmar",
        "course_name": "El Cariso Golf Course",
        "hole_number": 2,
        "feature_type": "fairway",
        "name": "hole_2_fairway",
        "feature-color": "#4a7c3f",
        "is_approximate": true,
        "source": "osm",
        "@id": "d6152dc0-9c65-4bdb-ac63-b689ff3ca778",
        "osm_id": 375630951
      }
    },
    {
      "type": "Feature",
      "bbox": [
        -118.4168661,
        34.3102031,
        -118.4149749,
        34.3121893
      ],
      "geometry": {
        "type": "Polygon",
        "coordinates": [
          [
            [
              -118.4149749,
              34.3102031
            ],
            [
              -118.4152274,
              34.3107897
            ],
            [
              -118.4153557,
              34.3110795
            ],
            [
              -118.4154926,
              34.3114011
            ],
            [
              -118.4156295,
              34.3116591
            ],
            [
              -118.4158606,
              34.3118288
            ],
            [
              -118.4161515,
              34.3119489
            ],
            [
              -118.4164125,
              34.312009
            ],
            [
              -118.4166522,
              34.3121221
            ],
            [
              -118.416772,
              34.3121893
            ],
            [
              -118.4168661,
              34.3120055
            ],
            [
              -118.4165537,
              34.3118111
            ],
            [
              -118.4164297,
              34.3116697
            ],
            [
              -118.4162457,
              34.3116238
            ],
            [
              -118.4160531,
              34.3115955
            ],
            [
              -118.4158991,
              34.3115036
            ],
            [
              -118.4158991,
              34.3112668
            ],
            [
              -118.4157108,
              34.3109947
            ],
            [
              -118.4153343,
              34.3105176
            ],
            [
              -118.4151289,
              34.3102737
            ],
            [
              -118.4149749,
              34.3102031
            ]
          ]
        ]
      },
      "properties": {
        "course_id": "el_cariso_sylmar",
        "course_name": "El Cariso Golf Course",
        "hole_number": 5,
        "feature_type": "fairway",
        "name": "hole_5_fairway",
        "feature-color": "#4a7c3f",
        "is_approximate": true,
        "source": "osm",
        "@id": "0dd93803-31db-4415-acfa-fd28d8eef513",
        "osm_id": 375630952
      }
    },
    {
      "type": "Feature",
      "bbox": [
        -118.4127439,
        34.3101139,
        -118.412039,
        34.31141
      ],
      "geometry": {
        "type": "Polygon",
        "coordinates": [
          [
            [
              -118.4121854,
              34.3114051
            ],
            [
              -118.4122542,
              34.31141
            ],
            [
              -118.4123488,
              34.3113581
            ],
            [
              -118.4124142,
              34.3113085
            ],
            [
              -118.412514,
              34.311091
            ],
            [
              -118.4126259,
              34.3108661
            ],
            [
              -118.4126713,
              34.3106412
            ],
            [
              -118.4127379,
              34.3103063
            ],
            [
              -118.4127439,
              34.3102164
            ],
            [
              -118.4126441,
              34.3101914
            ],
            [
              -118.4125049,
              34.3101364
            ],
            [
              -118.4123567,
              34.3101139
            ],
            [
              -118.4123446,
              34.3105038
            ],
            [
              -118.4121466,
              34.3110259
            ],
            [
              -118.4120668,
              34.3112171
            ],
            [
              -118.412039,
              34.3112597
            ],
            [
              -118.4120481,
              34.311348
            ],
            [
              -118.4121064,
              34.3113961
            ],
            [
              -118.4121854,
              34.3114051
            ]
          ]
        ]
      },
      "properties": {
        "course_id": "el_cariso_sylmar",
        "course_name": "El Cariso Golf Course",
        "hole_number": 15,
        "feature_type": "fairway",
        "name": "hole_15_fairway",
        "feature-color": "#4a7c3f",
        "is_approximate": true,
        "source": "osm",
        "@id": "4091af5c-1b27-4b66-9acb-0a82c70992d5",
        "osm_id": 375630953
      }
    },
    {
      "type": "Feature",
      "bbox": [
        -118.4115368,
        34.3131802,
        -118.4113159,
        34.3136675
      ],
      "geometry": {
        "type": "Polygon",
        "coordinates": [
          [
            [
              -118.4114763,
              34.3136675
            ],
            [
              -118.4113764,
              34.3134576
            ],
            [
              -118.411328,
              34.3133526
            ],
            [
              -118.4113159,
              34.3131902
            ],
            [
              -118.4113825,
              34.3131802
            ],
            [
              -118.4114309,
              34.3133476
            ],
            [
              -118.4115247,
              34.3135275
            ],
            [
              -118.4115368,
              34.31364
            ],
            [
              -118.4114763,
              34.3136675
            ]
          ]
        ]
      },
      "properties": {
        "course_id": "el_cariso_sylmar",
        "course_name": "El Cariso Golf Course",
        "hole_number": 13,
        "feature_type": "fairway",
        "name": "hole_13_fairway",
        "feature-color": "#4a7c3f",
        "is_approximate": true,
        "source": "osm",
        "@id": "c5417245-dae2-4b14-91f5-93a82185bc34",
        "osm_id": 375630954
      }
    },
    {
      "type": "Feature",
      "bbox": [
        -118.4119059,
        34.3136551,
        -118.4115474,
        34.3141973
      ],
      "geometry": {
        "type": "Polygon",
        "coordinates": [
          [
            [
              -118.4119059,
              34.3141648
            ],
            [
              -118.4117849,
              34.3139099
            ],
            [
              -118.411682,
              34.3137
            ],
            [
              -118.4116195,
              34.3136551
            ],
            [
              -118.4116099,
              34.3138125
            ],
            [
              -118.4116029,
              34.3138939
            ],
            [
              -118.4115474,
              34.3141254
            ],
            [
              -118.4115784,
              34.3141704
            ],
            [
              -118.4117183,
              34.3141973
            ],
            [
              -118.4119059,
              34.3141648
            ]
          ]
        ]
      },
      "properties": {
        "course_id": "el_cariso_sylmar",
        "course_name": "El Cariso Golf Course",
        "hole_number": 13,
        "feature_type": "fairway",
        "name": "hole_13_fairway_2",
        "feature-color": "#4a7c3f",
        "is_approximate": true,
        "source": "osm",
        "@id": "001ed842-ddad-4bdd-8db4-ac89e48182bd",
        "osm_id": 375630955
      }
    },
    {
      "type": "Feature",
      "bbox": [
        -118.417326,
        34.3126195,
        -118.4167185,
        34.312828
      ],
      "geometry": {
        "type": "Polygon",
        "coordinates": [
          [
            [
              -118.4173175,
              34.3127927
            ],
            [
              -118.417326,
              34.3126301
            ],
            [
              -118.4171378,
              34.3126195
            ],
            [
              -118.4168554,
              34.3126584
            ],
            [
              -118.4167185,
              34.3126584
            ],
            [
              -118.4167313,
              34.3127326
            ],
            [
              -118.416727,
              34.3127786
            ],
            [
              -118.4167912,
              34.3128245
            ],
            [
              -118.4169795,
              34.312828
            ],
            [
              -118.4173175,
              34.3127927
            ]
          ]
        ]
      },
      "properties": {
        "course_id": "el_cariso_sylmar",
        "course_name": "El Cariso Golf Course",
        "hole_number": 6,
        "feature_type": "fairway",
        "name": "hole_6_fairway",
        "feature-color": "#4a7c3f",
        "is_approximate": true,
        "source": "osm",
        "@id": "ce56540e-ae30-4a32-b632-4c755bb5a67e",
        "osm_id": 375630956
      }
    },
    {
      "type": "Feature",
      "bbox": [
        -118.41361,
        34.3094114,
        -118.413242,
        34.3101501
      ],
      "geometry": {
        "type": "Polygon",
        "coordinates": [
          [
            [
              -118.4135416,
              34.310143
            ],
            [
              -118.4135715,
              34.3098779
            ],
            [
              -118.41361,
              34.3094892
            ],
            [
              -118.4135929,
              34.3094114
            ],
            [
              -118.4133661,
              34.3094609
            ],
            [
              -118.413242,
              34.3095316
            ],
            [
              -118.413272,
              34.309779
            ],
            [
              -118.4132806,
              34.3100652
            ],
            [
              -118.4133148,
              34.3101501
            ],
            [
              -118.4135416,
              34.310143
            ]
          ]
        ]
      },
      "properties": {
        "course_id": "el_cariso_sylmar",
        "course_name": "El Cariso Golf Course",
        "hole_number": 3,
        "feature_type": "fairway",
        "name": "hole_3_fairway",
        "feature-color": "#4a7c3f",
        "is_approximate": true,
        "source": "osm",
        "@id": "7c3358a4-671a-4355-aed7-eccde753037b",
        "osm_id": 375630957
      }
    },
    {
      "type": "Feature",
      "bbox": [
        -118.4120173,
        34.3131885,
        -118.4117648,
        34.3133997
      ],
      "geometry": {
        "type": "Polygon",
        "coordinates": [
          [
            [
              -118.4118472,
              34.3133811
            ],
            [
              -118.4119328,
              34.3133997
            ],
            [
              -118.4119969,
              34.3133732
            ],
            [
              -118.4120173,
              34.3133255
            ],
            [
              -118.4120002,
              34.3132565
            ],
            [
              -118.4119424,
              34.3131991
            ],
            [
              -118.4118643,
              34.3131885
            ],
            [
              -118.4117969,
              34.313215
            ],
            [
              -118.4117648,
              34.3132557
            ],
            [
              -118.4117659,
              34.3133431
            ],
            [
              -118.4118472,
              34.3133811
            ]
          ]
        ]
      },
      "properties": {
        "course_id": "el_cariso_sylmar",
        "course_name": "El Cariso Golf Course",
        "hole_number": 14,
        "feature_type": "green",
        "name": "hole_14_green",
        "feature-color": "#2d6e2d",
        "is_approximate": true,
        "source": "osm",
        "@id": "06cee7d5-67c2-45aa-a311-aba129ceb8b7",
        "osm_id": 375631078
      }
    },
    {
      "type": "Feature",
      "bbox": [
        -118.4123917,
        34.3142938,
        -118.4122772,
        34.3144634
      ],
      "geometry": {
        "type": "Polygon",
        "coordinates": [
          [
            [
              -118.4122932,
              34.314444
            ],
            [
              -118.4122772,
              34.3143494
            ],
            [
              -118.4122826,
              34.3143088
            ],
            [
              -118.4123018,
              34.3142938
            ],
            [
              -118.4123489,
              34.3142955
            ],
            [
              -118.4123906,
              34.3143344
            ],
            [
              -118.4123917,
              34.314391
            ],
            [
              -118.4123842,
              34.3144475
            ],
            [
              -118.4123392,
              34.3144625
            ],
            [
              -118.4123146,
              34.3144634
            ],
            [
              -118.4122932,
              34.314444
            ]
          ]
        ]
      },
      "properties": {
        "course_id": "el_cariso_sylmar",
        "course_name": "El Cariso Golf Course",
        "hole_number": 14,
        "feature_type": "tee_box",
        "name": "hole_14_tee_box",
        "feature-color": "#8b7355",
        "is_approximate": true,
        "source": "osm",
        "@id": "5c7f1d4f-3bcf-490d-ad3d-07f39a9b9f1b",
        "osm_id": 375631079
      }
    },
    {
      "type": "Feature",
      "bbox": [
        -118.4113594,
        34.3128802,
        -118.4112375,
        34.3131488
      ],
      "geometry": {
        "type": "Polygon",
        "coordinates": [
          [
            [
              -118.4112867,
              34.3131488
            ],
            [
              -118.4113541,
              34.3131461
            ],
            [
              -118.4113594,
              34.3130268
            ],
            [
              -118.4113348,
              34.3129102
            ],
            [
              -118.411276,
              34.3128802
            ],
            [
              -118.4112375,
              34.3129023
            ],
            [
              -118.4112407,
              34.3130233
            ],
            [
              -118.4112535,
              34.3131284
            ],
            [
              -118.4112867,
              34.3131488
            ]
          ]
        ]
      },
      "properties": {
        "course_id": "el_cariso_sylmar",
        "course_name": "El Cariso Golf Course",
        "hole_number": 13,
        "feature_type": "tee_box",
        "name": "hole_13_tee_box",
        "feature-color": "#8b7355",
        "is_approximate": true,
        "source": "osm",
        "@id": "b67cc4fc-f7e5-4db0-a566-b185a347487b",
        "osm_id": 375631080
      }
    },
    {
      "type": "Feature",
      "bbox": [
        -118.4124205,
        34.3145323,
        -118.4122622,
        34.3147373
      ],
      "geometry": {
        "type": "Polygon",
        "coordinates": [
          [
            [
              -118.4124205,
              34.3147126
            ],
            [
              -118.4124205,
              34.3145871
            ],
            [
              -118.4124098,
              34.3145394
            ],
            [
              -118.4123478,
              34.3145323
            ],
            [
              -118.4122729,
              34.3145482
            ],
            [
              -118.4122622,
              34.314633
            ],
            [
              -118.4122836,
              34.3147108
            ],
            [
              -118.4123328,
              34.3147373
            ],
            [
              -118.4124205,
              34.3147126
            ]
          ]
        ]
      },
      "properties": {
        "course_id": "el_cariso_sylmar",
        "course_name": "El Cariso Golf Course",
        "hole_number": 14,
        "feature_type": "tee_box",
        "name": "hole_14_tee_box_2",
        "feature-color": "#8b7355",
        "is_approximate": true,
        "source": "osm",
        "@id": "cc07498c-9189-44be-a33c-9ef8fc9dde46",
        "osm_id": 375631081
      }
    },
    {
      "type": "Feature",
      "bbox": [
        -118.4166404,
        34.3130198,
        -118.4162938,
        34.3132769
      ],
      "geometry": {
        "type": "Polygon",
        "coordinates": [
          [
            [
              -118.4163238,
              34.3130224
            ],
            [
              -118.4162938,
              34.3130648
            ],
            [
              -118.4163334,
              34.3131055
            ],
            [
              -118.4164596,
              34.3131744
            ],
            [
              -118.4165131,
              34.3132256
            ],
            [
              -118.4165805,
              34.3132769
            ],
            [
              -118.4166404,
              34.3132504
            ],
            [
              -118.4166308,
              34.3131947
            ],
            [
              -118.4165238,
              34.3131169
            ],
            [
              -118.4164158,
              34.3130392
            ],
            [
              -118.4163633,
              34.3130198
            ],
            [
              -118.4163238,
              34.3130224
            ]
          ]
        ]
      },
      "properties": {
        "course_id": "el_cariso_sylmar",
        "course_name": "El Cariso Golf Course",
        "hole_number": 7,
        "feature_type": "tee_box",
        "name": "hole_7_tee_box_2",
        "feature-color": "#8b7355",
        "is_approximate": true,
        "source": "osm",
        "@id": "f2af75d7-09e1-4d1d-9af9-33adfb991837",
        "osm_id": 375632706
      }
    },
    {
      "type": "Feature",
      "bbox": [
        -118.4135924,
        34.310333,
        -118.4134663,
        34.3105904
      ],
      "geometry": {
        "type": "Polygon",
        "coordinates": [
          [
            [
              -118.4135912,
              34.310576
            ],
            [
              -118.4135737,
              34.3105904
            ],
            [
              -118.4135048,
              34.310576
            ],
            [
              -118.4134663,
              34.3103455
            ],
            [
              -118.4134885,
              34.310333
            ],
            [
              -118.4135889,
              34.3103378
            ],
            [
              -118.4135924,
              34.3104844
            ],
            [
              -118.4135912,
              34.310576
            ]
          ]
        ]
      },
      "properties": {
        "course_id": "el_cariso_sylmar",
        "course_name": "El Cariso Golf Course",
        "hole_number": 3,
        "feature_type": "tee_box",
        "name": "hole_3_tee_box",
        "feature-color": "#8b7355",
        "is_approximate": true,
        "source": "osm",
        "@id": "931db3b2-d10b-4262-8482-4eb7fe162ea4",
        "osm_id": 1168377209
      }
    },
    {
      "type": "Feature",
      "bbox": [
        -118.4103692,
        34.3139872,
        -118.4102666,
        34.3142557
      ],
      "geometry": {
        "type": "Polygon",
        "coordinates": [
          [
            [
              -118.4103679,
              34.3140686
            ],
            [
              -118.4103656,
              34.3141308
            ],
            [
              -118.410356,
              34.3141981
            ],
            [
              -118.4103463,
              34.3142441
            ],
            [
              -118.4103172,
              34.3142557
            ],
            [
              -118.4102886,
              34.314253
            ],
            [
              -118.4102696,
              34.31423
            ],
            [
              -118.4102666,
              34.3141627
            ],
            [
              -118.410276,
              34.3140764
            ],
            [
              -118.4102793,
              34.3140249
            ],
            [
              -118.4102932,
              34.3139955
            ],
            [
              -118.4103168,
              34.3139872
            ],
            [
              -118.4103494,
              34.3139919
            ],
            [
              -118.4103692,
              34.3140148
            ],
            [
              -118.4103679,
              34.3140686
            ]
          ]
        ]
      },
      "properties": {
        "course_id": "el_cariso_sylmar",
        "course_name": "El Cariso Golf Course",
        "hole_number": 12,
        "feature_type": "tee_box",
        "name": "hole_12_tee_box",
        "feature-color": "#8b7355",
        "is_approximate": true,
        "source": "osm",
        "@id": "6503c99f-56b1-4cc6-9250-b01853ea02f3",
        "osm_id": 1211064273
      }
    },
    {
      "type": "Feature",
      "bbox": [
        -118.4116176,
        34.3121621,
        -118.4114715,
        34.3123386
      ],
      "geometry": {
        "type": "Polygon",
        "coordinates": [
          [
            [
              -118.4115869,
              34.3122725
            ],
            [
              -118.4115598,
              34.3123116
            ],
            [
              -118.4115266,
              34.3123386
            ],
            [
              -118.4114795,
              34.3123376
            ],
            [
              -118.4114715,
              34.312315
            ],
            [
              -118.4114951,
              34.3122555
            ],
            [
              -118.4115521,
              34.3121724
            ],
            [
              -118.4115848,
              34.3121621
            ],
            [
              -118.4116124,
              34.3121792
            ],
            [
              -118.4116176,
              34.3122157
            ],
            [
              -118.4115869,
              34.3122725
            ]
          ]
        ]
      },
      "properties": {
        "course_id": "el_cariso_sylmar",
        "course_name": "El Cariso Golf Course",
        "hole_number": 15,
        "feature_type": "tee_box",
        "name": "hole_15_tee_box",
        "feature-color": "#8b7355",
        "is_approximate": true,
        "source": "osm",
        "@id": "9de7a4fa-b8be-420c-ac61-397fa919171d",
        "osm_id": 1211064277
      }
    },
    {
      "type": "Feature",
      "bbox": [
        -118.4128623,
        34.3112567,
        -118.4125899,
        34.3114953
      ],
      "geometry": {
        "type": "Polygon",
        "coordinates": [
          [
            [
              -118.4128623,
              34.3113284
            ],
            [
              -118.4127634,
              34.3114248
            ],
            [
              -118.4127078,
              34.3114711
            ],
            [
              -118.4126772,
              34.3114917
            ],
            [
              -118.4126512,
              34.3114953
            ],
            [
              -118.4126017,
              34.3114756
            ],
            [
              -118.4125899,
              34.311459
            ],
            [
              -118.4125922,
              34.311425
            ],
            [
              -118.41268,
              34.3113238
            ],
            [
              -118.4127294,
              34.3112718
            ],
            [
              -118.4127583,
              34.3112567
            ],
            [
              -118.412798,
              34.3112675
            ],
            [
              -118.4128432,
              34.3112898
            ],
            [
              -118.4128623,
              34.3113284
            ]
          ]
        ]
      },
      "properties": {
        "course_id": "el_cariso_sylmar",
        "course_name": "El Cariso Golf Course",
        "hole_number": 17,
        "feature_type": "tee_box",
        "name": "hole_17_tee_box",
        "feature-color": "#8b7355",
        "is_approximate": true,
        "source": "osm",
        "@id": "94db3a05-8378-4d06-9005-28728ffd7d6e",
        "osm_id": 1211064280
      }
    },
    {
      "type": "Feature",
      "bbox": [
        -118.4124152,
        34.3117492,
        -118.4119434,
        34.3121555
      ],
      "geometry": {
        "type": "Polygon",
        "coordinates": [
          [
            [
              -118.4124152,
              34.3118515
            ],
            [
              -118.4123085,
              34.3119994
            ],
            [
              -118.4122173,
              34.3120982
            ],
            [
              -118.4121623,
              34.3121462
            ],
            [
              -118.4121224,
              34.3121555
            ],
            [
              -118.4120624,
              34.3121062
            ],
            [
              -118.4119434,
              34.3121196
            ],
            [
              -118.4120775,
              34.3119732
            ],
            [
              -118.4121348,
              34.3118891
            ],
            [
              -118.4121858,
              34.3118051
            ],
            [
              -118.4122476,
              34.3117504
            ],
            [
              -118.4123058,
              34.3117492
            ],
            [
              -118.4123662,
              34.3117755
            ],
            [
              -118.4124039,
              34.3118002
            ],
            [
              -118.4124152,
              34.3118515
            ]
          ]
        ]
      },
      "properties": {
        "course_id": "el_cariso_sylmar",
        "course_name": "El Cariso Golf Course",
        "hole_number": 17,
        "feature_type": "fairway",
        "name": "hole_17_fairway",
        "feature-color": "#4a7c3f",
        "is_approximate": true,
        "source": "osm",
        "@id": "13fd7294-116e-4a93-9044-8538aca5a170",
        "osm_id": 1211064281
      }
    },
    {
      "type": "Feature",
      "bbox": [
        -118.4119237,
        34.3122876,
        -118.4118425,
        34.3123617
      ],
      "geometry": {
        "type": "Polygon",
        "coordinates": [
          [
            [
              -118.4119009,
              34.3123617
            ],
            [
              -118.411884,
              34.3123609
            ],
            [
              -118.4118602,
              34.3123468
            ],
            [
              -118.4118437,
              34.3123253
            ],
            [
              -118.4118425,
              34.3123037
            ],
            [
              -118.4118507,
              34.3122896
            ],
            [
              -118.4118622,
              34.3122876
            ],
            [
              -118.4118771,
              34.312293
            ],
            [
              -118.4118929,
              34.312306
            ],
            [
              -118.4119134,
              34.3123263
            ],
            [
              -118.4119237,
              34.312345
            ],
            [
              -118.4119195,
              34.3123574
            ],
            [
              -118.4119009,
              34.3123617
            ]
          ]
        ]
      },
      "properties": {
        "course_id": "el_cariso_sylmar",
        "course_name": "El Cariso Golf Course",
        "hole_number": 17,
        "feature_type": "bunker",
        "name": "hole_17_bunker",
        "feature-color": "#d4b483",
        "is_approximate": true,
        "source": "osm",
        "@id": "69df8afa-4abc-431a-a497-53413fe3bc17",
        "osm_id": 1211064282
      }
    },
    {
      "type": "Feature",
      "bbox": [
        -118.4144155,
        34.3110475,
        -118.4143098,
        34.31117
      ],
      "geometry": {
        "type": "Polygon",
        "coordinates": [
          [
            [
              -118.4143955,
              34.31117
            ],
            [
              -118.4143098,
              34.3111615
            ],
            [
              -118.4143278,
              34.3110475
            ],
            [
              -118.4144155,
              34.3110622
            ],
            [
              -118.4143955,
              34.31117
            ]
          ]
        ]
      },
      "properties": {
        "course_id": "el_cariso_sylmar",
        "course_name": "El Cariso Golf Course",
        "hole_number": 8,
        "feature_type": "tee_box",
        "name": "hole_8_tee_box",
        "feature-color": "#8b7355",
        "is_approximate": true,
        "source": "osm",
        "@id": "c66e3cf7-1c57-47b1-9771-1cd1f1354d6e",
        "osm_id": 1211067665
      }
    },
    {
      "type": "Feature",
      "bbox": [
        -118.41377267086469,
        34.30900979707709,
        -118.41377267086469,
        34.30900979707709
      ],
      "geometry": {
        "type": "Point",
        "coordinates": [
          -118.41377267086469,
          34.30900979707709
        ]
      },
      "properties": {
        "course_id": "el_cariso_sylmar",
        "course_name": "El Cariso Golf Course",
        "hole_number": 4,
        "feature_type": "tee_center",
        "name": "hole_4_tee_center",
        "feature-color": "#c8a055",
        "is_approximate": true,
        "source": "derived",
        "@id": "9822e659-ab2a-413e-898a-beed44ef4cbf"
      }
    },
    {
      "type": "Feature",
      "bbox": [
        -118.41448322065068,
        34.310237145518606,
        -118.41448322065068,
        34.310237145518606
      ],
      "geometry": {
        "type": "Point",
        "coordinates": [
          -118.41448322065068,
          34.310237145518606
        ]
      },
      "properties": {
        "course_id": "el_cariso_sylmar",
        "course_name": "El Cariso Golf Course",
        "hole_number": 4,
        "feature_type": "green_center",
        "name": "hole_4_green_center",
        "feature-color": "#5aae5a",
        "is_approximate": true,
        "source": "derived",
        "@id": "feb6d006-e6d0-4024-992b-150d4c2d8fa7"
      }
    },
    {
      "type": "Feature",
      "bbox": [
        -118.41441452348373,
        34.31012795482143,
        -118.41441452348373,
        34.31012795482143
      ],
      "geometry": {
        "type": "Point",
        "coordinates": [
          -118.41441452348373,
          34.31012795482143
        ]
      },
      "properties": {
        "course_id": "el_cariso_sylmar",
        "course_name": "El Cariso Golf Course",
        "hole_number": 4,
        "feature_type": "green_front",
        "name": "hole_4_green_front",
        "feature-color": "#5aae5a",
        "is_approximate": true,
        "source": "derived",
        "@id": "7cbea4bf-c91e-459b-859a-e1957aa44704"
      }
    },
    {
      "type": "Feature",
      "bbox": [
        -118.41455424848567,
        34.31035004069559,
        -118.41455424848567,
        34.31035004069559
      ],
      "geometry": {
        "type": "Point",
        "coordinates": [
          -118.41455424848567,
          34.31035004069559
        ]
      },
      "properties": {
        "course_id": "el_cariso_sylmar",
        "course_name": "El Cariso Golf Course",
        "hole_number": 4,
        "feature_type": "green_back",
        "name": "hole_4_green_back",
        "feature-color": "#5aae5a",
        "is_approximate": true,
        "source": "derived",
        "@id": "f7902b53-da0e-48e5-9cbc-2820c8328c6c"
      }
    },
    {
      "type": "Feature",
      "bbox": [
        -118.41272150138192,
        34.31137561924136,
        -118.41272150138192,
        34.31137561924136
      ],
      "geometry": {
        "type": "Point",
        "coordinates": [
          -118.41272150138192,
          34.31137561924136
        ]
      },
      "properties": {
        "course_id": "el_cariso_sylmar",
        "course_name": "El Cariso Golf Course",
        "hole_number": 17,
        "feature_type": "tee_center",
        "name": "hole_17_tee_center",
        "feature-color": "#c8a055",
        "is_approximate": true,
        "source": "derived",
        "@id": "cc65c850-5b79-486e-b3f3-cd2d4e781be7"
      }
    },
    {
      "type": "Feature",
      "bbox": [
        -118.41200956238308,
        34.31222771178507,
        -118.41200956238308,
        34.31222771178507
      ],
      "geometry": {
        "type": "Point",
        "coordinates": [
          -118.41200956238308,
          34.31222771178507
        ]
      },
      "properties": {
        "course_id": "el_cariso_sylmar",
        "course_name": "El Cariso Golf Course",
        "hole_number": 17,
        "feature_type": "green_center",
        "name": "hole_17_green_center",
        "feature-color": "#5aae5a",
        "is_approximate": true,
        "source": "derived",
        "@id": "18da3572-a81a-4bd5-9935-3bb69d75004f"
      }
    },
    {
      "type": "Feature",
      "bbox": [
        -118.41208412046944,
        34.31212404698573,
        -118.41208412046944,
        34.31212404698573
      ],
      "geometry": {
        "type": "Point",
        "coordinates": [
          -118.41208412046944,
          34.31212404698573
        ]
      },
      "properties": {
        "course_id": "el_cariso_sylmar",
        "course_name": "El Cariso Golf Course",
        "hole_number": 17,
        "feature_type": "green_front",
        "name": "hole_17_green_front",
        "feature-color": "#5aae5a",
        "is_approximate": true,
        "source": "derived",
        "@id": "56245b0b-44a1-4a63-9a3a-c5ac9e86f767"
      }
    },
    {
      "type": "Feature",
      "bbox": [
        -118.41193394502695,
        34.31233284938222,
        -118.41193394502695,
        34.31233284938222
      ],
      "geometry": {
        "type": "Point",
        "coordinates": [
          -118.41193394502695,
          34.31233284938222
        ]
      },
      "properties": {
        "course_id": "el_cariso_sylmar",
        "course_name": "El Cariso Golf Course",
        "hole_number": 17,
        "feature_type": "green_back",
        "name": "hole_17_green_back",
        "feature-color": "#5aae5a",
        "is_approximate": true,
        "source": "derived",
        "@id": "c5e9789d-6d30-4a75-9b58-a17ae49875de"
      }
    },
    {
      "type": "Feature",
      "bbox": [
        -118.412936261621,
        34.30974310059909,
        -118.412936261621,
        34.30974310059909
      ],
      "geometry": {
        "type": "Point",
        "coordinates": [
          -118.412936261621,
          34.30974310059909
        ]
      },
      "properties": {
        "course_id": "el_cariso_sylmar",
        "course_name": "El Cariso Golf Course",
        "hole_number": 16,
        "feature_type": "tee_center",
        "name": "hole_16_tee_center",
        "feature-color": "#c8a055",
        "is_approximate": true,
        "source": "derived",
        "@id": "f49baed1-7b20-4c93-9e7c-6366794fef16"
      }
    },
    {
      "type": "Feature",
      "bbox": [
        -118.41316033071821,
        34.31095057819214,
        -118.41316033071821,
        34.31095057819214
      ],
      "geometry": {
        "type": "Point",
        "coordinates": [
          -118.41316033071821,
          34.31095057819214
        ]
      },
      "properties": {
        "course_id": "el_cariso_sylmar",
        "course_name": "El Cariso Golf Course",
        "hole_number": 16,
        "feature_type": "green_center",
        "name": "hole_16_green_center",
        "feature-color": "#5aae5a",
        "is_approximate": true,
        "source": "derived",
        "@id": "9c3ecf7e-8f7a-4d0e-a46b-5789c1f82a96"
      }
    },
    {
      "type": "Feature",
      "bbox": [
        -118.41313014892775,
        34.310817025780295,
        -118.41313014892775,
        34.310817025780295
      ],
      "geometry": {
        "type": "Point",
        "coordinates": [
          -118.41313014892775,
          34.310817025780295
        ]
      },
      "properties": {
        "course_id": "el_cariso_sylmar",
        "course_name": "El Cariso Golf Course",
        "hole_number": 16,
        "feature_type": "green_front",
        "name": "hole_16_green_front",
        "feature-color": "#5aae5a",
        "is_approximate": true,
        "source": "derived",
        "@id": "a75dfc9b-2225-4091-b5ed-28a5dc6efb8d"
      }
    },
    {
      "type": "Feature",
      "bbox": [
        -118.41318903466349,
        34.31107759123754,
        -118.41318903466349,
        34.31107759123754
      ],
      "geometry": {
        "type": "Point",
        "coordinates": [
          -118.41318903466349,
          34.31107759123754
        ]
      },
      "properties": {
        "course_id": "el_cariso_sylmar",
        "course_name": "El Cariso Golf Course",
        "hole_number": 16,
        "feature_type": "green_back",
        "name": "hole_16_green_back",
        "feature-color": "#5aae5a",
        "is_approximate": true,
        "source": "derived",
        "@id": "197086a2-b1f9-4cc0-a270-12726a659ad9"
      }
    },
    {
      "type": "Feature",
      "bbox": [
        -118.41647409691714,
        34.31314067546221,
        -118.41647409691714,
        34.31314067546221
      ],
      "geometry": {
        "type": "Point",
        "coordinates": [
          -118.41647409691714,
          34.31314067546221
        ]
      },
      "properties": {
        "course_id": "el_cariso_sylmar",
        "course_name": "El Cariso Golf Course",
        "hole_number": 7,
        "feature_type": "tee_center",
        "name": "hole_7_tee_center",
        "feature-color": "#c8a055",
        "is_approximate": true,
        "source": "derived",
        "@id": "85268263-fd58-4f2d-a508-564988081083"
      }
    },
    {
      "type": "Feature",
      "bbox": [
        -118.41473329759826,
        34.310932827679245,
        -118.41473329759826,
        34.310932827679245
      ],
      "geometry": {
        "type": "Point",
        "coordinates": [
          -118.41473329759826,
          34.310932827679245
        ]
      },
      "properties": {
        "course_id": "el_cariso_sylmar",
        "course_name": "El Cariso Golf Course",
        "hole_number": 7,
        "feature_type": "green_center",
        "name": "hole_7_green_center",
        "feature-color": "#5aae5a",
        "is_approximate": true,
        "source": "derived",
        "@id": "95e9db8f-f26e-40f1-b1d8-8b7f7e91debb"
      }
    },
    {
      "type": "Feature",
      "bbox": [
        -118.41476596732235,
        34.311002946899706,
        -118.41476596732235,
        34.311002946899706
      ],
      "geometry": {
        "type": "Point",
        "coordinates": [
          -118.41476596732235,
          34.311002946899706
        ]
      },
      "properties": {
        "course_id": "el_cariso_sylmar",
        "course_name": "El Cariso Golf Course",
        "hole_number": 7,
        "feature_type": "green_front",
        "name": "hole_7_green_front",
        "feature-color": "#5aae5a",
        "is_approximate": true,
        "source": "derived",
        "@id": "25ef0f35-def4-4897-afd0-16809f1362d0"
      }
    },
    {
      "type": "Feature",
      "bbox": [
        -118.4146987326014,
        34.31085864062369,
        -118.4146987326014,
        34.31085864062369
      ],
      "geometry": {
        "type": "Point",
        "coordinates": [
          -118.4146987326014,
          34.31085864062369
        ]
      },
      "properties": {
        "course_id": "el_cariso_sylmar",
        "course_name": "El Cariso Golf Course",
        "hole_number": 7,
        "feature_type": "green_back",
        "name": "hole_7_green_back",
        "feature-color": "#5aae5a",
        "is_approximate": true,
        "source": "derived",
        "@id": "fc03c364-541f-4b84-b0c1-aa92c47c922d"
      }
    },
    {
      "type": "Feature",
      "bbox": [
        -118.41436182684113,
        34.311109930350135,
        -118.41436182684113,
        34.311109930350135
      ],
      "geometry": {
        "type": "Point",
        "coordinates": [
          -118.41436182684113,
          34.311109930350135
        ]
      },
      "properties": {
        "course_id": "el_cariso_sylmar",
        "course_name": "El Cariso Golf Course",
        "hole_number": 8,
        "feature_type": "tee_center",
        "name": "hole_8_tee_center",
        "feature-color": "#c8a055",
        "is_approximate": true,
        "source": "derived",
        "@id": "12b5462d-c09b-462d-a6f9-c372d354a900"
      }
    },
    {
      "type": "Feature",
      "bbox": [
        -118.41402080739341,
        34.312188145310735,
        -118.41402080739341,
        34.312188145310735
      ],
      "geometry": {
        "type": "Point",
        "coordinates": [
          -118.41402080739341,
          34.312188145310735
        ]
      },
      "properties": {
        "course_id": "el_cariso_sylmar",
        "course_name": "El Cariso Golf Course",
        "hole_number": 8,
        "feature_type": "green_center",
        "name": "hole_8_green_center",
        "feature-color": "#5aae5a",
        "is_approximate": true,
        "source": "derived",
        "@id": "3423fb2a-d141-4ebf-85b3-77c968ee6e61"
      }
    },
    {
      "type": "Feature",
      "bbox": [
        -118.41405119742966,
        34.312121601150686,
        -118.41405119742966,
        34.312121601150686
      ],
      "geometry": {
        "type": "Point",
        "coordinates": [
          -118.41405119742966,
          34.312121601150686
        ]
      },
      "properties": {
        "course_id": "el_cariso_sylmar",
        "course_name": "El Cariso Golf Course",
        "hole_number": 8,
        "feature_type": "green_front",
        "name": "hole_8_green_front",
        "feature-color": "#5aae5a",
        "is_approximate": true,
        "source": "derived",
        "@id": "4f746ff1-9780-47af-acc9-394caf6317ca"
      }
    },
    {
      "type": "Feature",
      "bbox": [
        -118.41398844878265,
        34.312259,
        -118.41398844878265,
        34.312259
      ],
      "geometry": {
        "type": "Point",
        "coordinates": [
          -118.41398844878265,
          34.312259
        ]
      },
      "properties": {
        "course_id": "el_cariso_sylmar",
        "course_name": "El Cariso Golf Course",
        "hole_number": 8,
        "feature_type": "green_back",
        "name": "hole_8_green_back",
        "feature-color": "#5aae5a",
        "is_approximate": true,
        "source": "derived",
        "@id": "9a6eb2e9-3195-40b3-942f-5647699d3132"
      }
    },
    {
      "type": "Feature",
      "bbox": [
        -118.41154666120772,
        34.31225361846562,
        -118.41154666120772,
        34.31225361846562
      ],
      "geometry": {
        "type": "Point",
        "coordinates": [
          -118.41154666120772,
          34.31225361846562
        ]
      },
      "properties": {
        "course_id": "el_cariso_sylmar",
        "course_name": "El Cariso Golf Course",
        "hole_number": 15,
        "feature_type": "tee_center",
        "name": "hole_15_tee_center",
        "feature-color": "#c8a055",
        "is_approximate": true,
        "source": "derived",
        "@id": "c6091792-ddd9-4db4-826f-9d9e74ac3443"
      }
    },
    {
      "type": "Feature",
      "bbox": [
        -118.41253822462537,
        34.3099512236042,
        -118.41253822462537,
        34.3099512236042
      ],
      "geometry": {
        "type": "Point",
        "coordinates": [
          -118.41253822462537,
          34.3099512236042
        ]
      },
      "properties": {
        "course_id": "el_cariso_sylmar",
        "course_name": "El Cariso Golf Course",
        "hole_number": 15,
        "feature_type": "green_center",
        "name": "hole_15_green_center",
        "feature-color": "#5aae5a",
        "is_approximate": true,
        "source": "derived",
        "@id": "75b3c079-1acb-40eb-998c-7bac82cb2a91"
      }
    },
    {
      "type": "Feature",
      "bbox": [
        -118.41251886085887,
        34.31008050099247,
        -118.41251886085887,
        34.31008050099247
      ],
      "geometry": {
        "type": "Point",
        "coordinates": [
          -118.41251886085887,
          34.31008050099247
        ]
      },
      "properties": {
        "course_id": "el_cariso_sylmar",
        "course_name": "El Cariso Golf Course",
        "hole_number": 15,
        "feature_type": "green_front",
        "name": "hole_15_green_front",
        "feature-color": "#5aae5a",
        "is_approximate": true,
        "source": "derived",
        "@id": "228912c8-1e13-42ec-9d39-d69bc455ec7e"
      }
    },
    {
      "type": "Feature",
      "bbox": [
        -118.41255500505022,
        34.3098391932562,
        -118.41255500505022,
        34.3098391932562
      ],
      "geometry": {
        "type": "Point",
        "coordinates": [
          -118.41255500505022,
          34.3098391932562
        ]
      },
      "properties": {
        "course_id": "el_cariso_sylmar",
        "course_name": "El Cariso Golf Course",
        "hole_number": 15,
        "feature_type": "green_back",
        "name": "hole_15_green_back",
        "feature-color": "#5aae5a",
        "is_approximate": true,
        "source": "derived",
        "@id": "cba5ea6a-e7e3-4a3c-8cd7-ed678702a59c"
      }
    },
    {
      "type": "Feature",
      "bbox": [
        -118.41236105164957,
        34.3123941021908,
        -118.41236105164957,
        34.3123941021908
      ],
      "geometry": {
        "type": "Point",
        "coordinates": [
          -118.41236105164957,
          34.3123941021908
        ]
      },
      "properties": {
        "course_id": "el_cariso_sylmar",
        "course_name": "El Cariso Golf Course",
        "hole_number": 2,
        "feature_type": "tee_center",
        "name": "hole_2_tee_center",
        "feature-color": "#c8a055",
        "is_approximate": true,
        "source": "derived",
        "@id": "e8e892ed-9c1e-442c-9f19-b5ebbf6fd529"
      }
    },
    {
      "type": "Feature",
      "bbox": [
        -118.41393399284843,
        34.310308179119325,
        -118.41393399284843,
        34.310308179119325
      ],
      "geometry": {
        "type": "Point",
        "coordinates": [
          -118.41393399284843,
          34.310308179119325
        ]
      },
      "properties": {
        "course_id": "el_cariso_sylmar",
        "course_name": "El Cariso Golf Course",
        "hole_number": 2,
        "feature_type": "green_center",
        "name": "hole_2_green_center",
        "feature-color": "#5aae5a",
        "is_approximate": true,
        "source": "derived",
        "@id": "609b7304-508f-44fc-a8a5-ea48ab1b0b21"
      }
    },
    {
      "type": "Feature",
      "bbox": [
        -118.4139120732004,
        34.31040551438678,
        -118.4139120732004,
        34.31040551438678
      ],
      "geometry": {
        "type": "Point",
        "coordinates": [
          -118.4139120732004,
          34.31040551438678
        ]
      },
      "properties": {
        "course_id": "el_cariso_sylmar",
        "course_name": "El Cariso Golf Course",
        "hole_number": 2,
        "feature_type": "green_front",
        "name": "hole_2_green_front",
        "feature-color": "#5aae5a",
        "is_approximate": true,
        "source": "derived",
        "@id": "f44532c4-b9d1-4d53-aa79-31cc25e4450a"
      }
    },
    {
      "type": "Feature",
      "bbox": [
        -118.41395533523281,
        34.31021340721923,
        -118.41395533523281,
        34.31021340721923
      ],
      "geometry": {
        "type": "Point",
        "coordinates": [
          -118.41395533523281,
          34.31021340721923
        ]
      },
      "properties": {
        "course_id": "el_cariso_sylmar",
        "course_name": "El Cariso Golf Course",
        "hole_number": 2,
        "feature_type": "green_back",
        "name": "hole_2_green_back",
        "feature-color": "#5aae5a",
        "is_approximate": true,
        "source": "derived",
        "@id": "6a6f9a67-db34-4b3d-b79b-a5c3cae2ef65"
      }
    },
    {
      "type": "Feature",
      "bbox": [
        -118.41560854331713,
        34.31514087405855,
        -118.41560854331713,
        34.31514087405855
      ],
      "geometry": {
        "type": "Point",
        "coordinates": [
          -118.41560854331713,
          34.31514087405855
        ]
      },
      "properties": {
        "course_id": "el_cariso_sylmar",
        "course_name": "El Cariso Golf Course",
        "hole_number": 10,
        "feature_type": "tee_center",
        "name": "hole_10_tee_center",
        "feature-color": "#c8a055",
        "is_approximate": true,
        "source": "derived",
        "@id": "91044148-577a-4622-a72b-61bea9885152"
      }
    },
    {
      "type": "Feature",
      "bbox": [
        -118.41182077362956,
        34.31493632747297,
        -118.41182077362956,
        34.31493632747297
      ],
      "geometry": {
        "type": "Point",
        "coordinates": [
          -118.41182077362956,
          34.31493632747297
        ]
      },
      "properties": {
        "course_id": "el_cariso_sylmar",
        "course_name": "El Cariso Golf Course",
        "hole_number": 10,
        "feature_type": "green_center",
        "name": "hole_10_green_center",
        "feature-color": "#5aae5a",
        "is_approximate": true,
        "source": "derived",
        "@id": "d777c478-6036-4e7d-8f82-8b0f51ffb53e"
      }
    },
    {
      "type": "Feature",
      "bbox": [
        -118.41194500359074,
        34.3149566366399,
        -118.41194500359074,
        34.3149566366399
      ],
      "geometry": {
        "type": "Point",
        "coordinates": [
          -118.41194500359074,
          34.3149566366399
        ]
      },
      "properties": {
        "course_id": "el_cariso_sylmar",
        "course_name": "El Cariso Golf Course",
        "hole_number": 10,
        "feature_type": "green_front",
        "name": "hole_10_green_front",
        "feature-color": "#5aae5a",
        "is_approximate": true,
        "source": "derived",
        "@id": "d1afad0e-2bf1-458d-bb85-f266cb6e0abe"
      }
    },
    {
      "type": "Feature",
      "bbox": [
        -118.41169991922465,
        34.314916570143424,
        -118.41169991922465,
        34.314916570143424
      ],
      "geometry": {
        "type": "Point",
        "coordinates": [
          -118.41169991922465,
          34.314916570143424
        ]
      },
      "properties": {
        "course_id": "el_cariso_sylmar",
        "course_name": "El Cariso Golf Course",
        "hole_number": 10,
        "feature_type": "green_back",
        "name": "hole_10_green_back",
        "feature-color": "#5aae5a",
        "is_approximate": true,
        "source": "derived",
        "@id": "22c4b936-1c41-4558-be3f-cf2e24113a8f"
      }
    },
    {
      "type": "Feature",
      "bbox": [
        -118.41458731347241,
        34.3124234358852,
        -118.41458731347241,
        34.3124234358852
      ],
      "geometry": {
        "type": "Point",
        "coordinates": [
          -118.41458731347241,
          34.3124234358852
        ]
      },
      "properties": {
        "course_id": "el_cariso_sylmar",
        "course_name": "El Cariso Golf Course",
        "hole_number": 9,
        "feature_type": "tee_center",
        "name": "hole_9_tee_center",
        "feature-color": "#c8a055",
        "is_approximate": true,
        "source": "derived",
        "@id": "cab4a47a-f229-461d-8203-00d05703f076"
      }
    },
    {
      "type": "Feature",
      "bbox": [
        -118.41618707084005,
        34.313391803083746,
        -118.41618707084005,
        34.313391803083746
      ],
      "geometry": {
        "type": "Point",
        "coordinates": [
          -118.41618707084005,
          34.313391803083746
        ]
      },
      "properties": {
        "course_id": "el_cariso_sylmar",
        "course_name": "El Cariso Golf Course",
        "hole_number": 9,
        "feature_type": "green_center",
        "name": "hole_9_green_center",
        "feature-color": "#5aae5a",
        "is_approximate": true,
        "source": "derived",
        "@id": "1f339a6d-c870-4a47-a448-06936ff7c594"
      }
    },
    {
      "type": "Feature",
      "bbox": [
        -118.41605116978731,
        34.31331159078474,
        -118.41605116978731,
        34.31331159078474
      ],
      "geometry": {
        "type": "Point",
        "coordinates": [
          -118.41605116978731,
          34.31331159078474
        ]
      },
      "properties": {
        "course_id": "el_cariso_sylmar",
        "course_name": "El Cariso Golf Course",
        "hole_number": 9,
        "feature_type": "green_front",
        "name": "hole_9_green_front",
        "feature-color": "#5aae5a",
        "is_approximate": true,
        "source": "derived",
        "@id": "8a650aaf-7952-40f6-919f-733ca2653e86"
      }
    },
    {
      "type": "Feature",
      "bbox": [
        -118.4163175745073,
        34.31346882970692,
        -118.4163175745073,
        34.31346882970692
      ],
      "geometry": {
        "type": "Point",
        "coordinates": [
          -118.4163175745073,
          34.31346882970692
        ]
      },
      "properties": {
        "course_id": "el_cariso_sylmar",
        "course_name": "El Cariso Golf Course",
        "hole_number": 9,
        "feature_type": "green_back",
        "name": "hole_9_green_back",
        "feature-color": "#5aae5a",
        "is_approximate": true,
        "source": "derived",
        "@id": "e6a84843-92b1-46dc-895d-826ed0b0ab74"
      }
    },
    {
      "type": "Feature",
      "bbox": [
        -118.4149015860331,
        34.31002300671733,
        -118.4149015860331,
        34.31002300671733
      ],
      "geometry": {
        "type": "Point",
        "coordinates": [
          -118.4149015860331,
          34.31002300671733
        ]
      },
      "properties": {
        "course_id": "el_cariso_sylmar",
        "course_name": "El Cariso Golf Course",
        "hole_number": 5,
        "feature_type": "tee_center",
        "name": "hole_5_tee_center",
        "feature-color": "#c8a055",
        "is_approximate": true,
        "source": "derived",
        "@id": "d5c2cd2f-2744-4e34-b29b-927610f15574"
      }
    },
    {
      "type": "Feature",
      "bbox": [
        -118.41705446075535,
        34.312193369542754,
        -118.41705446075535,
        34.312193369542754
      ],
      "geometry": {
        "type": "Point",
        "coordinates": [
          -118.41705446075535,
          34.312193369542754
        ]
      },
      "properties": {
        "course_id": "el_cariso_sylmar",
        "course_name": "El Cariso Golf Course",
        "hole_number": 5,
        "feature_type": "green_center",
        "name": "hole_5_green_center",
        "feature-color": "#5aae5a",
        "is_approximate": true,
        "source": "derived",
        "@id": "d9852a72-fc11-4f19-a4b9-3157fa0ff024"
      }
    },
    {
      "type": "Feature",
      "bbox": [
        -118.41694712708265,
        34.3121207001242,
        -118.41694712708265,
        34.3121207001242
      ],
      "geometry": {
        "type": "Point",
        "coordinates": [
          -118.41694712708265,
          34.3121207001242
        ]
      },
      "properties": {
        "course_id": "el_cariso_sylmar",
        "course_name": "El Cariso Golf Course",
        "hole_number": 5,
        "feature_type": "green_front",
        "name": "hole_5_green_front",
        "feature-color": "#5aae5a",
        "is_approximate": true,
        "source": "derived",
        "@id": "851a7f50-d544-4455-8a9c-b33e742c5e0c"
      }
    },
    {
      "type": "Feature",
      "bbox": [
        -118.41715901651824,
        34.312264158199326,
        -118.41715901651824,
        34.312264158199326
      ],
      "geometry": {
        "type": "Point",
        "coordinates": [
          -118.41715901651824,
          34.312264158199326
        ]
      },
      "properties": {
        "course_id": "el_cariso_sylmar",
        "course_name": "El Cariso Golf Course",
        "hole_number": 5,
        "feature_type": "green_back",
        "name": "hole_5_green_back",
        "feature-color": "#5aae5a",
        "is_approximate": true,
        "source": "derived",
        "@id": "3c9626e3-d416-4b34-b613-7f14b901eaf8"
      }
    },
    {
      "type": "Feature",
      "bbox": [
        -118.41164362940086,
        34.312722981185395,
        -118.41164362940086,
        34.312722981185395
      ],
      "geometry": {
        "type": "Point",
        "coordinates": [
          -118.41164362940086,
          34.312722981185395
        ]
      },
      "properties": {
        "course_id": "el_cariso_sylmar",
        "course_name": "El Cariso Golf Course",
        "hole_number": 18,
        "feature_type": "tee_center",
        "name": "hole_18_tee_center",
        "feature-color": "#c8a055",
        "is_approximate": true,
        "source": "derived",
        "@id": "31dc6841-1e6f-4704-858d-f12098e1feb7"
      }
    },
    {
      "type": "Feature",
      "bbox": [
        -118.41528426378623,
        34.31390203215134,
        -118.41528426378623,
        34.31390203215134
      ],
      "geometry": {
        "type": "Point",
        "coordinates": [
          -118.41528426378623,
          34.31390203215134
        ]
      },
      "properties": {
        "course_id": "el_cariso_sylmar",
        "course_name": "El Cariso Golf Course",
        "hole_number": 18,
        "feature_type": "green_center",
        "name": "hole_18_green_center",
        "feature-color": "#5aae5a",
        "is_approximate": true,
        "source": "derived",
        "@id": "753efe78-4eff-4c05-8bcb-6e75bd7294f1"
      }
    },
    {
      "type": "Feature",
      "bbox": [
        -118.41517024153879,
        34.313867685068,
        -118.41517024153879,
        34.313867685068
      ],
      "geometry": {
        "type": "Point",
        "coordinates": [
          -118.41517024153879,
          34.313867685068
        ]
      },
      "properties": {
        "course_id": "el_cariso_sylmar",
        "course_name": "El Cariso Golf Course",
        "hole_number": 18,
        "feature_type": "green_front",
        "name": "hole_18_green_front",
        "feature-color": "#5aae5a",
        "is_approximate": true,
        "source": "derived",
        "@id": "63c31873-89eb-4f34-93c7-27386b6e0c59"
      }
    },
    {
      "type": "Feature",
      "bbox": [
        -118.41539226062349,
        34.313934564191825,
        -118.41539226062349,
        34.313934564191825
      ],
      "geometry": {
        "type": "Point",
        "coordinates": [
          -118.41539226062349,
          34.313934564191825
        ]
      },
      "properties": {
        "course_id": "el_cariso_sylmar",
        "course_name": "El Cariso Golf Course",
        "hole_number": 18,
        "feature_type": "green_back",
        "name": "hole_18_green_back",
        "feature-color": "#5aae5a",
        "is_approximate": true,
        "source": "derived",
        "@id": "e1e34893-7b4b-4f19-8320-bf204bacedf9"
      }
    },
    {
      "type": "Feature",
      "bbox": [
        -118.41234530648525,
        34.31463098171864,
        -118.41234530648525,
        34.31463098171864
      ],
      "geometry": {
        "type": "Point",
        "coordinates": [
          -118.41234530648525,
          34.31463098171864
        ]
      },
      "properties": {
        "course_id": "el_cariso_sylmar",
        "course_name": "El Cariso Golf Course",
        "hole_number": 14,
        "feature_type": "tee_center",
        "name": "hole_14_tee_center",
        "feature-color": "#c8a055",
        "is_approximate": true,
        "source": "derived",
        "@id": "11099cb4-2d72-42e5-ab43-4ae72ec02bb2"
      }
    },
    {
      "type": "Feature",
      "bbox": [
        -118.41188930865461,
        34.31329461661737,
        -118.41188930865461,
        34.31329461661737
      ],
      "geometry": {
        "type": "Point",
        "coordinates": [
          -118.41188930865461,
          34.31329461661737
        ]
      },
      "properties": {
        "course_id": "el_cariso_sylmar",
        "course_name": "El Cariso Golf Course",
        "hole_number": 14,
        "feature_type": "green_center",
        "name": "hole_14_green_center",
        "feature-color": "#5aae5a",
        "is_approximate": true,
        "source": "derived",
        "@id": "ebbf6ea6-a171-4dcc-a905-3c7db1ba520e"
      }
    },
    {
      "type": "Feature",
      "bbox": [
        -118.41193086079477,
        34.313399278630634,
        -118.41193086079477,
        34.313399278630634
      ],
      "geometry": {
        "type": "Point",
        "coordinates": [
          -118.41193086079477,
          34.313399278630634
        ]
      },
      "properties": {
        "course_id": "el_cariso_sylmar",
        "course_name": "El Cariso Golf Course",
        "hole_number": 14,
        "feature_type": "green_front",
        "name": "hole_14_green_front",
        "feature-color": "#5aae5a",
        "is_approximate": true,
        "source": "derived",
        "@id": "ff52e705-eddc-4c23-a509-12543627f757"
      }
    },
    {
      "type": "Feature",
      "bbox": [
        -118.41184949068519,
        34.31319432265346,
        -118.41184949068519,
        34.31319432265346
      ],
      "geometry": {
        "type": "Point",
        "coordinates": [
          -118.41184949068519,
          34.31319432265346
        ]
      },
      "properties": {
        "course_id": "el_cariso_sylmar",
        "course_name": "El Cariso Golf Course",
        "hole_number": 14,
        "feature_type": "green_back",
        "name": "hole_14_green_back",
        "feature-color": "#5aae5a",
        "is_approximate": true,
        "source": "derived",
        "@id": "24023ff4-2aaf-4e57-a644-6b2f8ce88c7d"
      }
    },
    {
      "type": "Feature",
      "bbox": [
        -118.41148746754519,
        34.31499336861484,
        -118.41148746754519,
        34.31499336861484
      ],
      "geometry": {
        "type": "Point",
        "coordinates": [
          -118.41148746754519,
          34.31499336861484
        ]
      },
      "properties": {
        "course_id": "el_cariso_sylmar",
        "course_name": "El Cariso Golf Course",
        "hole_number": 11,
        "feature_type": "tee_center",
        "name": "hole_11_tee_center",
        "feature-color": "#c8a055",
        "is_approximate": true,
        "source": "derived",
        "@id": "85196ebf-46e4-445f-9b8e-2762564d637d"
      }
    },
    {
      "type": "Feature",
      "bbox": [
        -118.4107863916381,
        34.31397843552379,
        -118.4107863916381,
        34.31397843552379
      ],
      "geometry": {
        "type": "Point",
        "coordinates": [
          -118.4107863916381,
          34.31397843552379
        ]
      },
      "properties": {
        "course_id": "el_cariso_sylmar",
        "course_name": "El Cariso Golf Course",
        "hole_number": 11,
        "feature_type": "green_center",
        "name": "hole_11_green_center",
        "feature-color": "#5aae5a",
        "is_approximate": true,
        "source": "derived",
        "@id": "ecf0392c-a50a-414e-a933-a05e4803f0a4"
      }
    },
    {
      "type": "Feature",
      "bbox": [
        -118.41083969579539,
        34.31405088810994,
        -118.41083969579539,
        34.31405088810994
      ],
      "geometry": {
        "type": "Point",
        "coordinates": [
          -118.41083969579539,
          34.31405088810994
        ]
      },
      "properties": {
        "course_id": "el_cariso_sylmar",
        "course_name": "El Cariso Golf Course",
        "hole_number": 11,
        "feature_type": "green_front",
        "name": "hole_11_green_front",
        "feature-color": "#5aae5a",
        "is_approximate": true,
        "source": "derived",
        "@id": "d80773a1-c09c-4094-a49d-8b9fbdc7edde"
      }
    },
    {
      "type": "Feature",
      "bbox": [
        -118.41073365557247,
        34.31390675510462,
        -118.41073365557247,
        34.31390675510462
      ],
      "geometry": {
        "type": "Point",
        "coordinates": [
          -118.41073365557247,
          34.31390675510462
        ]
      },
      "properties": {
        "course_id": "el_cariso_sylmar",
        "course_name": "El Cariso Golf Course",
        "hole_number": 11,
        "feature_type": "green_back",
        "name": "hole_11_green_back",
        "feature-color": "#5aae5a",
        "is_approximate": true,
        "source": "derived",
        "@id": "f3943f45-e312-4d93-a022-42e7ec9a4559"
      }
    },
    {
      "type": "Feature",
      "bbox": [
        -118.41579132270347,
        34.3136900946095,
        -118.41579132270347,
        34.3136900946095
      ],
      "geometry": {
        "type": "Point",
        "coordinates": [
          -118.41579132270347,
          34.3136900946095
        ]
      },
      "properties": {
        "course_id": "el_cariso_sylmar",
        "course_name": "El Cariso Golf Course",
        "hole_number": 1,
        "feature_type": "tee_center",
        "name": "hole_1_tee_center",
        "feature-color": "#c8a055",
        "is_approximate": true,
        "source": "derived",
        "@id": "3f72e93d-f5e7-4f67-8bc2-c6bd6a1adab5"
      }
    },
    {
      "type": "Feature",
      "bbox": [
        -118.4127067420043,
        34.31259149708493,
        -118.4127067420043,
        34.31259149708493
      ],
      "geometry": {
        "type": "Point",
        "coordinates": [
          -118.4127067420043,
          34.31259149708493
        ]
      },
      "properties": {
        "course_id": "el_cariso_sylmar",
        "course_name": "El Cariso Golf Course",
        "hole_number": 1,
        "feature_type": "green_center",
        "name": "hole_1_green_center",
        "feature-color": "#5aae5a",
        "is_approximate": true,
        "source": "derived",
        "@id": "f0c3d66a-b653-4b39-8b77-d681e05b70a5"
      }
    },
    {
      "type": "Feature",
      "bbox": [
        -118.41284761515281,
        34.31263948391144,
        -118.41284761515281,
        34.31263948391144
      ],
      "geometry": {
        "type": "Point",
        "coordinates": [
          -118.41284761515281,
          34.31263948391144
        ]
      },
      "properties": {
        "course_id": "el_cariso_sylmar",
        "course_name": "El Cariso Golf Course",
        "hole_number": 1,
        "feature_type": "green_front",
        "name": "hole_1_green_front",
        "feature-color": "#5aae5a",
        "is_approximate": true,
        "source": "derived",
        "@id": "8538c945-32cc-4b42-9275-023d9c3a7329"
      }
    },
    {
      "type": "Feature",
      "bbox": [
        -118.41255933515004,
        34.31254128462629,
        -118.41255933515004,
        34.31254128462629
      ],
      "geometry": {
        "type": "Point",
        "coordinates": [
          -118.41255933515004,
          34.31254128462629
        ]
      },
      "properties": {
        "course_id": "el_cariso_sylmar",
        "course_name": "El Cariso Golf Course",
        "hole_number": 1,
        "feature_type": "green_back",
        "name": "hole_1_green_back",
        "feature-color": "#5aae5a",
        "is_approximate": true,
        "source": "derived",
        "@id": "beb315a9-6377-4d62-aa4d-22039121b103"
      }
    },
    {
      "type": "Feature",
      "bbox": [
        -118.41748686887583,
        34.31271246521687,
        -118.41748686887583,
        34.31271246521687
      ],
      "geometry": {
        "type": "Point",
        "coordinates": [
          -118.41748686887583,
          34.31271246521687
        ]
      },
      "properties": {
        "course_id": "el_cariso_sylmar",
        "course_name": "El Cariso Golf Course",
        "hole_number": 6,
        "feature_type": "tee_center",
        "name": "hole_6_tee_center",
        "feature-color": "#c8a055",
        "is_approximate": true,
        "source": "derived",
        "@id": "5a9e8494-db27-4e36-a2ba-f7161318f3f1"
      }
    },
    {
      "type": "Feature",
      "bbox": [
        -118.41652003450022,
        34.31267503606822,
        -118.41652003450022,
        34.31267503606822
      ],
      "geometry": {
        "type": "Point",
        "coordinates": [
          -118.41652003450022,
          34.31267503606822
        ]
      },
      "properties": {
        "course_id": "el_cariso_sylmar",
        "course_name": "El Cariso Golf Course",
        "hole_number": 6,
        "feature_type": "green_center",
        "name": "hole_6_green_center",
        "feature-color": "#5aae5a",
        "is_approximate": true,
        "source": "derived",
        "@id": "f0d044c6-7c3b-4338-9c7f-6584873e0621"
      }
    },
    {
      "type": "Feature",
      "bbox": [
        -118.41663111772782,
        34.312686120887705,
        -118.41663111772782,
        34.312686120887705
      ],
      "geometry": {
        "type": "Point",
        "coordinates": [
          -118.41663111772782,
          34.312686120887705
        ]
      },
      "properties": {
        "course_id": "el_cariso_sylmar",
        "course_name": "El Cariso Golf Course",
        "hole_number": 6,
        "feature_type": "green_front",
        "name": "hole_6_green_front",
        "feature-color": "#5aae5a",
        "is_approximate": true,
        "source": "derived",
        "@id": "286a5e1b-49d6-40a7-8a8a-6fdcdfd0adaf"
      }
    },
    {
      "type": "Feature",
      "bbox": [
        -118.41641271473355,
        34.31266432679855,
        -118.41641271473355,
        34.31266432679855
      ],
      "geometry": {
        "type": "Point",
        "coordinates": [
          -118.41641271473355,
          34.31266432679855
        ]
      },
      "properties": {
        "course_id": "el_cariso_sylmar",
        "course_name": "El Cariso Golf Course",
        "hole_number": 6,
        "feature_type": "green_back",
        "name": "hole_6_green_back",
        "feature-color": "#5aae5a",
        "is_approximate": true,
        "source": "derived",
        "@id": "57ee52af-0fae-4744-9f25-b4d98b3e1916"
      }
    },
    {
      "type": "Feature",
      "bbox": [
        -118.41129725853769,
        34.31302010496054,
        -118.41129725853769,
        34.31302010496054
      ],
      "geometry": {
        "type": "Point",
        "coordinates": [
          -118.41129725853769,
          34.31302010496054
        ]
      },
      "properties": {
        "course_id": "el_cariso_sylmar",
        "course_name": "El Cariso Golf Course",
        "hole_number": 13,
        "feature_type": "tee_center",
        "name": "hole_13_tee_center",
        "feature-color": "#c8a055",
        "is_approximate": true,
        "source": "derived",
        "@id": "38820848-a7ff-4074-b4d6-04f8c8eb9607"
      }
    },
    {
      "type": "Feature",
      "bbox": [
        -118.41177390458114,
        34.314357857226,
        -118.41177390458114,
        34.314357857226
      ],
      "geometry": {
        "type": "Point",
        "coordinates": [
          -118.41177390458114,
          34.314357857226
        ]
      },
      "properties": {
        "course_id": "el_cariso_sylmar",
        "course_name": "El Cariso Golf Course",
        "hole_number": 13,
        "feature_type": "green_center",
        "name": "hole_13_green_center",
        "feature-color": "#5aae5a",
        "is_approximate": true,
        "source": "derived",
        "@id": "7f183de2-2796-48ee-b1ff-c58190cc6d17"
      }
    },
    {
      "type": "Feature",
      "bbox": [
        -118.41173999668223,
        34.314254599386395,
        -118.41173999668223,
        34.314254599386395
      ],
      "geometry": {
        "type": "Point",
        "coordinates": [
          -118.41173999668223,
          34.314254599386395
        ]
      },
      "properties": {
        "course_id": "el_cariso_sylmar",
        "course_name": "El Cariso Golf Course",
        "hole_number": 13,
        "feature_type": "green_front",
        "name": "hole_13_green_front",
        "feature-color": "#5aae5a",
        "is_approximate": true,
        "source": "derived",
        "@id": "4bbf4bea-b3f4-434e-adf4-8d412469151d"
      }
    },
    {
      "type": "Feature",
      "bbox": [
        -118.41180986246913,
        34.31446735778342,
        -118.41180986246913,
        34.31446735778342
      ],
      "geometry": {
        "type": "Point",
        "coordinates": [
          -118.41180986246913,
          34.31446735778342
        ]
      },
      "properties": {
        "course_id": "el_cariso_sylmar",
        "course_name": "El Cariso Golf Course",
        "hole_number": 13,
        "feature_type": "green_back",
        "name": "hole_13_green_back",
        "feature-color": "#5aae5a",
        "is_approximate": true,
        "source": "derived",
        "@id": "0cac4f11-66c4-4169-bc46-2e6d9d60b748"
      }
    },
    {
      "type": "Feature",
      "bbox": [
        -118.41353780490748,
        34.310452201013,
        -118.41353780490748,
        34.310452201013
      ],
      "geometry": {
        "type": "Point",
        "coordinates": [
          -118.41353780490748,
          34.310452201013
        ]
      },
      "properties": {
        "course_id": "el_cariso_sylmar",
        "course_name": "El Cariso Golf Course",
        "hole_number": 3,
        "feature_type": "tee_center",
        "name": "hole_3_tee_center",
        "feature-color": "#c8a055",
        "is_approximate": true,
        "source": "derived",
        "@id": "fa669ed9-f00d-4b1d-8ac5-50ea9e59401a"
      }
    },
    {
      "type": "Feature",
      "bbox": [
        -118.41336809075746,
        34.309272294822804,
        -118.41336809075746,
        34.309272294822804
      ],
      "geometry": {
        "type": "Point",
        "coordinates": [
          -118.41336809075746,
          34.309272294822804
        ]
      },
      "properties": {
        "course_id": "el_cariso_sylmar",
        "course_name": "El Cariso Golf Course",
        "hole_number": 3,
        "feature_type": "green_center",
        "name": "hole_3_green_center",
        "feature-color": "#5aae5a",
        "is_approximate": true,
        "source": "derived",
        "@id": "912e7230-3054-4eb5-9236-26b6c751b861"
      }
    },
    {
      "type": "Feature",
      "bbox": [
        -118.41338346564466,
        34.30940036996435,
        -118.41338346564466,
        34.30940036996435
      ],
      "geometry": {
        "type": "Point",
        "coordinates": [
          -118.41338346564466,
          34.30940036996435
        ]
      },
      "properties": {
        "course_id": "el_cariso_sylmar",
        "course_name": "El Cariso Golf Course",
        "hole_number": 3,
        "feature_type": "green_front",
        "name": "hole_3_green_front",
        "feature-color": "#5aae5a",
        "is_approximate": true,
        "source": "derived",
        "@id": "5d321376-914b-4aed-8304-2f4bb42ba674"
      }
    },
    {
      "type": "Feature",
      "bbox": [
        -118.4133551231505,
        34.3091642726906,
        -118.4133551231505,
        34.3091642726906
      ],
      "geometry": {
        "type": "Point",
        "coordinates": [
          -118.4133551231505,
          34.3091642726906
        ]
      },
      "properties": {
        "course_id": "el_cariso_sylmar",
        "course_name": "El Cariso Golf Course",
        "hole_number": 3,
        "feature_type": "green_back",
        "name": "hole_3_green_back",
        "feature-color": "#5aae5a",
        "is_approximate": true,
        "source": "derived",
        "@id": "c40379e5-78a2-4000-9226-2e51e5285dde"
      }
    },
    {
      "type": "Feature",
      "bbox": [
        -118.41031790753972,
        34.314120748693234,
        -118.41031790753972,
        34.314120748693234
      ],
      "geometry": {
        "type": "Point",
        "coordinates": [
          -118.41031790753972,
          34.314120748693234
        ]
      },
      "properties": {
        "course_id": "el_cariso_sylmar",
        "course_name": "El Cariso Golf Course",
        "hole_number": 12,
        "feature_type": "tee_center",
        "name": "hole_12_tee_center",
        "feature-color": "#c8a055",
        "is_approximate": true,
        "source": "derived",
        "@id": "89dffa15-fad0-4a3f-992d-44d2d0a6370e"
      }
    },
    {
      "type": "Feature",
      "bbox": [
        -118.41114456338128,
        34.31199875118622,
        -118.41114456338128,
        34.31199875118622
      ],
      "geometry": {
        "type": "Point",
        "coordinates": [
          -118.41114456338128,
          34.31199875118622
        ]
      },
      "properties": {
        "course_id": "el_cariso_sylmar",
        "course_name": "El Cariso Golf Course",
        "hole_number": 12,
        "feature_type": "green_center",
        "name": "hole_12_green_center",
        "feature-color": "#5aae5a",
        "is_approximate": true,
        "source": "derived",
        "@id": "0355c432-0ed6-4e50-bf0a-70e06601071e"
      }
    },
    {
      "type": "Feature",
      "bbox": [
        -118.41109409387565,
        34.3120979,
        -118.41109409387565,
        34.3120979
      ],
      "geometry": {
        "type": "Point",
        "coordinates": [
          -118.41109409387565,
          34.3120979
        ]
      },
      "properties": {
        "course_id": "el_cariso_sylmar",
        "course_name": "El Cariso Golf Course",
        "hole_number": 12,
        "feature_type": "green_front",
        "name": "hole_12_green_front",
        "feature-color": "#5aae5a",
        "is_approximate": true,
        "source": "derived",
        "@id": "b8a74393-6aa9-4f9a-8998-97a9fa57ee35"
      }
    },
    {
      "type": "Feature",
      "bbox": [
        -118.41119945251015,
        34.31189091989392,
        -118.41119945251015,
        34.31189091989392
      ],
      "geometry": {
        "type": "Point",
        "coordinates": [
          -118.41119945251015,
          34.31189091989392
        ]
      },
      "properties": {
        "course_id": "el_cariso_sylmar",
        "course_name": "El Cariso Golf Course",
        "hole_number": 12,
        "feature_type": "green_back",
        "name": "hole_12_green_back",
        "feature-color": "#5aae5a",
        "is_approximate": true,
        "source": "derived",
        "@id": "e4ce527f-2c68-4fcd-b1cd-f177e35bd99f"
      }
    },
    {
      "type": "Feature",
      "properties": {
        "course_id": "el_cariso_sylmar",
        "course_name": "El Cariso Golf Course",
        "hole_number": 1,
        "feature_type": "fairway",
        "name": "hole_1_fairway",
        "feature-color": "#4a7c3f",
        "is_approximate": true,
        "source": "osm",
        "@id": "61a67d10-8940-47c3-9f5e-f19722c858d5",
        "osm_id": 5593750
      },
      "geometry": {
        "type": "Polygon",
        "coordinates": [
          [
            [
              -118.415314,
              34.313335
            ],
            [
              -118.4149116,
              34.3129602
            ],
            [
              -118.4145758,
              34.3126928
            ],
            [
              -118.4142399,
              34.3125729
            ],
            [
              -118.4139283,
              34.3125779
            ],
            [
              -118.4134775,
              34.3125254
            ],
            [
              -118.4129692,
              34.3125279
            ],
            [
              -118.4129723,
              34.3126928
            ],
            [
              -118.4129934,
              34.3127703
            ],
            [
              -118.4133565,
              34.3128003
            ],
            [
              -118.4135622,
              34.3129277
            ],
            [
              -118.413886,
              34.3130352
            ],
            [
              -118.4142611,
              34.3131476
            ],
            [
              -118.4146968,
              34.3132201
            ],
            [
              -118.4150114,
              34.3133001
            ],
            [
              -118.4152232,
              34.313395
            ],
            [
              -118.415314,
              34.313335
            ]
          ],
          [
            [
              -118.4137434,
              34.3128942
            ],
            [
              -118.4137875,
              34.3128748
            ],
            [
              -118.4138048,
              34.3128631
            ],
            [
              -118.413811,
              34.3128332
            ],
            [
              -118.4138299,
              34.3128306
            ],
            [
              -118.413852,
              34.3128371
            ],
            [
              -118.4138724,
              34.3128579
            ],
            [
              -118.4138803,
              34.3129462
            ],
            [
              -118.4138755,
              34.312967
            ],
            [
              -118.4138504,
              34.3129735
            ],
            [
              -118.4138362,
              34.3129644
            ],
            [
              -118.4138252,
              34.3129397
            ],
            [
              -118.4137969,
              34.3129358
            ],
            [
              -118.4137544,
              34.3129371
            ],
            [
              -118.4137418,
              34.3129228
            ],
            [
              -118.4137434,
              34.3128942
            ]
          ]
        ]
      }
    },
    {
      "type": "Feature",
      "bbox": [
        -118.41097288320633,
        34.31200767246658,
        -118.410892370511,
        34.312094292530915
      ],
      "geometry": {
        "coordinates": [
          [
            [
              -118.41095055615617,
              34.312094292530915
            ],
            [
              -118.41092890568349,
              34.31209149833664
            ],
            [
              -118.41090048943803,
              34.31206187987206
            ],
            [
              -118.410892370511,
              34.31203002604043
            ],
            [
              -118.41090184259266,
              34.31201829041501
            ],
            [
              -118.4109194336018,
              34.31200767246658
            ],
            [
              -118.41094514353799,
              34.31201046666364
            ],
            [
              -118.41096408770176,
              34.312041761664204
            ],
            [
              -118.41097288320633,
              34.312069144779784
            ],
            [
              -118.41097288320633,
              34.31208926298166
            ],
            [
              -118.41095055615617,
              34.312094292530915
            ]
          ]
        ],
        "type": "Polygon"
      },
      "properties": {
        "course_id": "el_cariso_sylmar",
        "course_name": "El Cariso Golf Course",
        "hole_number": 12,
        "feature_type": "bunker",
        "name": "hole_12_bunker",
        "feature-color": "#c8b560",
        "is_approximate": false,
        "source": "user_draw",
        "@id": "73e00a36-8fc6-4f18-bb9c-e8df722cc898"
      }
    },
    {
      "type": "Feature",
      "bbox": [
        -118.41307491128461,
        34.31244443402154,
        -118.41296942065767,
        34.31251341405812
      ],
      "geometry": {
        "coordinates": [
          [
            [
              -118.41301484023327,
              34.31250615300385
            ],
            [
              -118.41298553728107,
              34.312498891949645
            ],
            [
              -118.41296942065767,
              34.31246137649171
            ],
            [
              -118.41298993272414,
              34.3124492747274
            ],
            [
              -118.41303828259474,
              34.31244443402154
            ],
            [
              -118.41307198098923,
              34.31247952913485
            ],
            [
              -118.41307491128461,
              34.31250373265296
            ],
            [
              -118.4130456083324,
              34.31251341405812
            ],
            [
              -118.41301484023327,
              34.31250615300385
            ]
          ]
        ],
        "type": "Polygon"
      },
      "properties": {
        "course_id": "el_cariso_sylmar",
        "course_name": "El Cariso Golf Course",
        "hole_number": 1,
        "feature_type": "bunker",
        "name": "hole_1_bunker_3",
        "feature-color": "#c8b560",
        "is_approximate": false,
        "source": "user_draw",
        "@id": "1f9d2ae3-92df-4767-b8ac-2a203f9259ad"
      }
    }
  ]
}