{
  "type": "FeatureCollection",
  "features": [
    {
      "type": "Feature",
      "bbox": [
        -117.2034299,
        33.1248835,
        -117.2033025,
        33.1251138
      ],
      "geometry": {
        "type": "Polygon",
        "coordinates": [
          [
            [
              -117.2033863,
              33.1248835
            ],
            [
              -117.203401,
              33.1248858
            ],
            [
              -117.2034158,
              33.1248925
            ],
            [
              -117.2034232,
              33.1248998
            ],
            [
              -117.2034285,
              33.124911
            ],
            [
              -117.2034299,
              33.1249279
            ],
            [
              -117.2034272,
              33.1249447
            ],
            [
              -117.2034258,
              33.1250133
            ],
            [
              -117.2034232,
              33.1250425
            ],
            [
              -117.2034165,
              33.1250705
            ],
            [
              -117.2034017,
              33.1250952
            ],
            [
              -117.2033863,
              33.1251059
            ],
            [
              -117.2033688,
              33.1251127
            ],
            [
              -117.2033581,
              33.1251138
            ],
            [
              -117.2033434,
              33.1251104
            ],
            [
              -117.2033286,
              33.1251025
            ],
            [
              -117.2033226,
              33.1250975
            ],
            [
              -117.2033145,
              33.1250863
            ],
            [
              -117.2033038,
              33.1250391
            ],
            [
              -117.2033025,
              33.1250144
            ],
            [
              -117.2033118,
              33.1249638
            ],
            [
              -117.2033279,
              33.1249324
            ],
            [
              -117.2033507,
              33.1249043
            ],
            [
              -117.2033688,
              33.1248914
            ],
            [
              -117.2033809,
              33.1248847
            ],
            [
              -117.2033863,
              33.1248835
            ]
          ]
        ]
      },
      "properties": {
        "course_id": "lakehouse_san_marcos",
        "course_name": "The Links at Lakehouse",
        "hole_number": 18,
        "feature_type": "bunker",
        "name": "hole_18_bunker",
        "feature-color": "#d4b483",
        "is_approximate": true,
        "source": "osm",
        "@id": "d4b6c53a-806a-4188-9f70-cb0a1ca90efa",
        "osm_id": 1497569460
      }
    },
    {
      "type": "Feature",
      "bbox": [
        -117.2036874,
        33.125107,
        -117.2034674,
        33.1252418
      ],
      "geometry": {
        "type": "Polygon",
        "coordinates": [
          [
            [
              -117.2036679,
              33.125107
            ],
            [
              -117.20368,
              33.125107
            ],
            [
              -117.2036874,
              33.1251121
            ],
            [
              -117.2036874,
              33.1251267
            ],
            [
              -117.2036833,
              33.1251368
            ],
            [
              -117.2036646,
              33.1251593
            ],
            [
              -117.2036116,
              33.1252025
            ],
            [
              -117.2035915,
              33.1252137
            ],
            [
              -117.2035459,
              33.1252328
            ],
            [
              -117.2035177,
              33.1252418
            ],
            [
              -117.2034909,
              33.1252418
            ],
            [
              -117.2034815,
              33.1252384
            ],
            [
              -117.2034714,
              33.1252311
            ],
            [
              -117.2034674,
              33.1252188
            ],
            [
              -117.2034688,
              33.1252087
            ],
            [
              -117.2034728,
              33.1251997
            ],
            [
              -117.2034922,
              33.1251789
            ],
            [
              -117.2035016,
              33.1251733
            ],
            [
              -117.2035204,
              33.1251666
            ],
            [
              -117.2035579,
              33.1251654
            ],
            [
              -117.2035874,
              33.1251587
            ],
            [
              -117.2036183,
              33.1251419
            ],
            [
              -117.2036491,
              33.1251149
            ],
            [
              -117.2036679,
              33.125107
            ]
          ]
        ]
      },
      "properties": {
        "course_id": "lakehouse_san_marcos",
        "course_name": "The Links at Lakehouse",
        "hole_number": 18,
        "feature_type": "bunker",
        "name": "hole_18_bunker_2",
        "feature-color": "#d4b483",
        "is_approximate": true,
        "source": "osm",
        "@id": "bab205e3-8937-4b59-8dcd-18b3a1bb10ab",
        "osm_id": 1497569461
      }
    },
    {
      "type": "Feature",
      "bbox": [
        -117.2036596,
        33.1248198,
        -117.203455,
        33.1251083
      ],
      "geometry": {
        "type": "Polygon",
        "coordinates": [
          [
            [
              -117.2036545,
              33.1250225
            ],
            [
              -117.2036452,
              33.1250372
            ],
            [
              -117.2036326,
              33.125054
            ],
            [
              -117.203622,
              33.1250673
            ],
            [
              -117.2036065,
              33.1250817
            ],
            [
              -117.2035847,
              33.125097
            ],
            [
              -117.2035662,
              33.1251063
            ],
            [
              -117.2035458,
              33.1251083
            ],
            [
              -117.2035277,
              33.1251078
            ],
            [
              -117.2035151,
              33.1251045
            ],
            [
              -117.2035015,
              33.1250988
            ],
            [
              -117.2034879,
              33.1250893
            ],
            [
              -117.2034784,
              33.1250787
            ],
            [
              -117.2034689,
              33.1250643
            ],
            [
              -117.2034582,
              33.1250391
            ],
            [
              -117.2034566,
              33.1250229
            ],
            [
              -117.203455,
              33.1250026
            ],
            [
              -117.2034576,
              33.1249829
            ],
            [
              -117.2034585,
              33.1249578
            ],
            [
              -117.2034607,
              33.1249421
            ],
            [
              -117.2034607,
              33.1249224
            ],
            [
              -117.2034631,
              33.1249013
            ],
            [
              -117.2034685,
              33.1248859
            ],
            [
              -117.2034788,
              33.1248597
            ],
            [
              -117.2034859,
              33.1248446
            ],
            [
              -117.2034971,
              33.1248332
            ],
            [
              -117.2035186,
              33.1248219
            ],
            [
              -117.2035348,
              33.1248201
            ],
            [
              -117.2035599,
              33.1248198
            ],
            [
              -117.2035803,
              33.1248215
            ],
            [
              -117.2035979,
              33.1248276
            ],
            [
              -117.2036088,
              33.124835
            ],
            [
              -117.2036254,
              33.1248488
            ],
            [
              -117.2036431,
              33.1248776
            ],
            [
              -117.2036486,
              33.1249062
            ],
            [
              -117.2036539,
              33.1249339
            ],
            [
              -117.2036584,
              33.1249615
            ],
            [
              -117.2036596,
              33.1249815
            ],
            [
              -117.2036594,
              33.1250007
            ],
            [
              -117.2036545,
              33.1250225
            ]
          ]
        ]
      },
      "properties": {
        "course_id": "lakehouse_san_marcos",
        "course_name": "The Links at Lakehouse",
        "hole_number": 18,
        "feature_type": "green",
        "name": "hole_18_green",
        "feature-color": "#2d6e2d",
        "is_approximate": true,
        "source": "osm",
        "@id": "88109717-e4a0-458f-aadc-0ae95fe962f5",
        "osm_id": 1497569462
      }
    },
    {
      "type": "Feature",
      "bbox": [
        -117.2032148,
        33.1246574,
        -117.202743,
        33.1250124
      ],
      "geometry": {
        "type": "Polygon",
        "coordinates": [
          [
            [
              -117.2031449,
              33.1247385
            ],
            [
              -117.2031307,
              33.1247478
            ],
            [
              -117.2031421,
              33.1247573
            ],
            [
              -117.2027788,
              33.1250124
            ],
            [
              -117.202743,
              33.1249827
            ],
            [
              -117.2030216,
              33.1247855
            ],
            [
              -117.2031132,
              33.1247259
            ],
            [
              -117.2031036,
              33.1247144
            ],
            [
              -117.2031827,
              33.1246574
            ],
            [
              -117.2032148,
              33.1246889
            ],
            [
              -117.2031449,
              33.1247385
            ]
          ]
        ]
      },
      "properties": {
        "course_id": "lakehouse_san_marcos",
        "course_name": "The Links at Lakehouse",
        "hole_number": 10,
        "feature_type": "tee_box",
        "name": "hole_10_tee_box",
        "feature-color": "#8b7355",
        "is_approximate": true,
        "source": "osm",
        "@id": "d06b1c93-a038-4d26-838f-5617b797b061",
        "osm_id": 1497569463
      }
    },
    {
      "type": "Feature",
      "bbox": [
        -117.2021206,
        33.1264888,
        -117.2019945,
        33.1266269
      ],
      "geometry": {
        "type": "Polygon",
        "coordinates": [
          [
            [
              -117.2020733,
              33.1264888
            ],
            [
              -117.2020861,
              33.1264888
            ],
            [
              -117.2020935,
              33.1264905
            ],
            [
              -117.2021062,
              33.1264966
            ],
            [
              -117.2021152,
              33.1265042
            ],
            [
              -117.2021199,
              33.1265126
            ],
            [
              -117.2021206,
              33.1265317
            ],
            [
              -117.2021193,
              33.1265357
            ],
            [
              -117.2021045,
              33.1265598
            ],
            [
              -117.2020938,
              33.1265727
            ],
            [
              -117.2020918,
              33.1265767
            ],
            [
              -117.202065,
              33.126612
            ],
            [
              -117.2020539,
              33.1266202
            ],
            [
              -117.2020411,
              33.1266252
            ],
            [
              -117.2020311,
              33.1266269
            ],
            [
              -117.202019,
              33.1266269
            ],
            [
              -117.202013,
              33.1266258
            ],
            [
              -117.2020083,
              33.1266241
            ],
            [
              -117.2020033,
              33.1266199
            ],
            [
              -117.2019986,
              33.1266132
            ],
            [
              -117.2019945,
              33.1266031
            ],
            [
              -117.2019945,
              33.1265907
            ],
            [
              -117.2019986,
              33.1265767
            ],
            [
              -117.2020106,
              33.1265576
            ],
            [
              -117.2020133,
              33.1265508
            ],
            [
              -117.2020261,
              33.1265379
            ],
            [
              -117.2020294,
              33.1265317
            ],
            [
              -117.2020328,
              33.1265222
            ],
            [
              -117.2020428,
              33.1265076
            ],
            [
              -117.2020509,
              33.1264986
            ],
            [
              -117.2020566,
              33.1264944
            ],
            [
              -117.2020619,
              33.1264916
            ],
            [
              -117.2020733,
              33.1264888
            ]
          ]
        ]
      },
      "properties": {
        "course_id": "lakehouse_san_marcos",
        "course_name": "The Links at Lakehouse",
        "hole_number": 18,
        "feature_type": "bunker",
        "name": "hole_18_bunker_3",
        "feature-color": "#d4b483",
        "is_approximate": true,
        "source": "osm",
        "@id": "9367a3ca-4290-4aec-8325-cfce8e1acde7",
        "osm_id": 1497569464
      }
    },
    {
      "type": "Feature",
      "bbox": [
        -117.2023305,
        33.1263209,
        -117.2021722,
        33.1264394
      ],
      "geometry": {
        "type": "Polygon",
        "coordinates": [
          [
            [
              -117.2022765,
              33.126322
            ],
            [
              -117.202298,
              33.1263209
            ],
            [
              -117.202308,
              33.1263237
            ],
            [
              -117.2023241,
              33.1263332
            ],
            [
              -117.2023292,
              33.1263386
            ],
            [
              -117.2023305,
              33.1263475
            ],
            [
              -117.2023285,
              33.1263593
            ],
            [
              -117.2023245,
              33.1263706
            ],
            [
              -117.2023184,
              33.1263796
            ],
            [
              -117.2023107,
              33.126386
            ],
            [
              -117.2022983,
              33.1263936
            ],
            [
              -117.2022869,
              33.1264054
            ],
            [
              -117.2022695,
              33.1264211
            ],
            [
              -117.2022601,
              33.1264318
            ],
            [
              -117.2022497,
              33.1264388
            ],
            [
              -117.2022477,
              33.1264394
            ],
            [
              -117.202239,
              33.1264349
            ],
            [
              -117.2022256,
              33.1264248
            ],
            [
              -117.2022148,
              33.1264214
            ],
            [
              -117.2022041,
              33.1264225
            ],
            [
              -117.2021974,
              33.126427
            ],
            [
              -117.2021927,
              33.1264281
            ],
            [
              -117.202188,
              33.1264309
            ],
            [
              -117.2021806,
              33.1264309
            ],
            [
              -117.2021739,
              33.1264281
            ],
            [
              -117.2021722,
              33.1264239
            ],
            [
              -117.2021722,
              33.1264194
            ],
            [
              -117.2021749,
              33.1264099
            ],
            [
              -117.2021749,
              33.1264065
            ],
            [
              -117.2021823,
              33.1263919
            ],
            [
              -117.2021937,
              33.1263739
            ],
            [
              -117.2022014,
              33.1263675
            ],
            [
              -117.2022048,
              33.1263658
            ],
            [
              -117.2022101,
              33.1263641
            ],
            [
              -117.2022162,
              33.1263636
            ],
            [
              -117.202241,
              33.1263512
            ],
            [
              -117.2022487,
              33.1263447
            ],
            [
              -117.2022654,
              33.1263273
            ],
            [
              -117.2022718,
              33.1263231
            ],
            [
              -117.2022765,
              33.126322
            ]
          ]
        ]
      },
      "properties": {
        "course_id": "lakehouse_san_marcos",
        "course_name": "The Links at Lakehouse",
        "hole_number": 18,
        "feature_type": "bunker",
        "name": "hole_18_bunker_4",
        "feature-color": "#d4b483",
        "is_approximate": true,
        "source": "osm",
        "@id": "b98cc2e9-4cb4-4fc4-8a84-f1d1b049978d",
        "osm_id": 1497569465
      }
    },
    {
      "type": "Feature",
      "bbox": [
        -117.2012824,
        33.1265837,
        -117.2011208,
        33.1267611
      ],
      "geometry": {
        "type": "Polygon",
        "coordinates": [
          [
            [
              -117.2012385,
              33.1265837
            ],
            [
              -117.2012459,
              33.1265837
            ],
            [
              -117.2012519,
              33.1265859
            ],
            [
              -117.2012556,
              33.1265896
            ],
            [
              -117.2012583,
              33.1265941
            ],
            [
              -117.2012596,
              33.1265991
            ],
            [
              -117.2012596,
              33.1266193
            ],
            [
              -117.2012583,
              33.1266295
            ],
            [
              -117.2012536,
              33.1266412
            ],
            [
              -117.2012476,
              33.1266654
            ],
            [
              -117.2012476,
              33.1266733
            ],
            [
              -117.2012502,
              33.1266822
            ],
            [
              -117.2012502,
              33.1266856
            ],
            [
              -117.201261,
              33.1267036
            ],
            [
              -117.2012717,
              33.1267137
            ],
            [
              -117.2012784,
              33.1267215
            ],
            [
              -117.2012824,
              33.1267317
            ],
            [
              -117.2012824,
              33.1267378
            ],
            [
              -117.2012797,
              33.126744
            ],
            [
              -117.201272,
              33.1267499
            ],
            [
              -117.2012613,
              33.126755
            ],
            [
              -117.2012499,
              33.1267583
            ],
            [
              -117.2012284,
              33.1267611
            ],
            [
              -117.201205,
              33.1267611
            ],
            [
              -117.2011895,
              33.1267595
            ],
            [
              -117.2011667,
              33.1267533
            ],
            [
              -117.2011594,
              33.1267505
            ],
            [
              -117.201144,
              33.1267426
            ],
            [
              -117.2011309,
              33.1267328
            ],
            [
              -117.2011255,
              33.1267255
            ],
            [
              -117.2011208,
              33.1267137
            ],
            [
              -117.2011208,
              33.1267002
            ],
            [
              -117.2011222,
              33.126694
            ],
            [
              -117.2011329,
              33.1266688
            ],
            [
              -117.2011543,
              33.1266446
            ],
            [
              -117.2011678,
              33.1266317
            ],
            [
              -117.2012063,
              33.1265988
            ],
            [
              -117.2012251,
              33.1265876
            ],
            [
              -117.2012385,
              33.1265837
            ]
          ]
        ]
      },
      "properties": {
        "course_id": "lakehouse_san_marcos",
        "course_name": "The Links at Lakehouse",
        "hole_number": 10,
        "feature_type": "bunker",
        "name": "hole_10_bunker",
        "feature-color": "#d4b483",
        "is_approximate": true,
        "source": "osm",
        "@id": "f9eab491-5ce6-496a-a605-17547372c9d7",
        "osm_id": 1497569466
      }
    },
    {
      "type": "Feature",
      "bbox": [
        -117.2003604,
        33.1273334,
        -117.2002545,
        33.1274373
      ],
      "geometry": {
        "type": "Polygon",
        "coordinates": [
          [
            [
              -117.2002997,
              33.1273334
            ],
            [
              -117.2003091,
              33.1273334
            ],
            [
              -117.2003178,
              33.1273351
            ],
            [
              -117.2003292,
              33.1273407
            ],
            [
              -117.2003373,
              33.127348
            ],
            [
              -117.200342,
              33.1273502
            ],
            [
              -117.2003517,
              33.1273589
            ],
            [
              -117.2003557,
              33.1273651
            ],
            [
              -117.2003597,
              33.1273752
            ],
            [
              -117.2003604,
              33.1273876
            ],
            [
              -117.2003591,
              33.1273932
            ],
            [
              -117.2003504,
              33.1274111
            ],
            [
              -117.200339,
              33.1274297
            ],
            [
              -117.2003326,
              33.127435
            ],
            [
              -117.2003252,
              33.1274373
            ],
            [
              -117.2003192,
              33.1274373
            ],
            [
              -117.2003145,
              33.1274361
            ],
            [
              -117.2003044,
              33.1274328
            ],
            [
              -117.2002937,
              33.1274277
            ],
            [
              -117.2002769,
              33.1274232
            ],
            [
              -117.2002702,
              33.1274204
            ],
            [
              -117.2002625,
              33.1274145
            ],
            [
              -117.2002571,
              33.1274072
            ],
            [
              -117.2002545,
              33.127401
            ],
            [
              -117.2002545,
              33.1273819
            ],
            [
              -117.2002632,
              33.1273606
            ],
            [
              -117.2002692,
              33.1273499
            ],
            [
              -117.2002732,
              33.1273449
            ],
            [
              -117.2002823,
              33.1273384
            ],
            [
              -117.2002997,
              33.1273334
            ]
          ]
        ]
      },
      "properties": {
        "course_id": "lakehouse_san_marcos",
        "course_name": "The Links at Lakehouse",
        "hole_number": 10,
        "feature_type": "bunker",
        "name": "hole_10_bunker_2",
        "feature-color": "#d4b483",
        "is_approximate": true,
        "source": "osm",
        "@id": "a7fca640-b556-40df-b9e6-43e6f57d2bba",
        "osm_id": 1497569467
      }
    },
    {
      "type": "Feature",
      "bbox": [
        -117.1996764,
        33.1248327,
        -117.1995189,
        33.1249478
      ],
      "geometry": {
        "type": "Polygon",
        "coordinates": [
          [
            [
              -117.1996506,
              33.1248327
            ],
            [
              -117.199656,
              33.1248338
            ],
            [
              -117.1996661,
              33.12484
            ],
            [
              -117.1996718,
              33.1248448
            ],
            [
              -117.1996758,
              33.1248515
            ],
            [
              -117.1996764,
              33.1248588
            ],
            [
              -117.1996604,
              33.1248858
            ],
            [
              -117.1996563,
              33.1248976
            ],
            [
              -117.199655,
              33.1249082
            ],
            [
              -117.199649,
              33.1249217
            ],
            [
              -117.1996446,
              33.1249242
            ],
            [
              -117.1996392,
              33.1249231
            ],
            [
              -117.1996278,
              33.1249254
            ],
            [
              -117.1996225,
              33.1249226
            ],
            [
              -117.1996205,
              33.1249198
            ],
            [
              -117.1996137,
              33.1249192
            ],
            [
              -117.1996107,
              33.12492
            ],
            [
              -117.1996127,
              33.1249223
            ],
            [
              -117.1996087,
              33.1249301
            ],
            [
              -117.1996057,
              33.1249332
            ],
            [
              -117.1996017,
              33.1249344
            ],
            [
              -117.199599,
              33.1249366
            ],
            [
              -117.199595,
              33.1249377
            ],
            [
              -117.1995916,
              33.1249372
            ],
            [
              -117.1995883,
              33.1249383
            ],
            [
              -117.1995809,
              33.1249366
            ],
            [
              -117.1995749,
              33.1249388
            ],
            [
              -117.1995698,
              33.1249447
            ],
            [
              -117.1995648,
              33.1249478
            ],
            [
              -117.1995581,
              33.1249478
            ],
            [
              -117.19955,
              33.124945
            ],
            [
              -117.1995447,
              33.1249461
            ],
            [
              -117.1995393,
              33.1249461
            ],
            [
              -117.1995366,
              33.124945
            ],
            [
              -117.1995242,
              33.1249341
            ],
            [
              -117.1995189,
              33.1249251
            ],
            [
              -117.1995189,
              33.1249172
            ],
            [
              -117.1995236,
              33.1249082
            ],
            [
              -117.1995319,
              33.1249012
            ],
            [
              -117.1995467,
              33.1248945
            ],
            [
              -117.1995568,
              33.1248922
            ],
            [
              -117.1995608,
              33.1248922
            ],
            [
              -117.1995708,
              33.1248889
            ],
            [
              -117.1995772,
              33.124883
            ],
            [
              -117.1995859,
              33.1248661
            ],
            [
              -117.1995913,
              33.1248583
            ],
            [
              -117.1996057,
              33.1248451
            ],
            [
              -117.1996124,
              33.1248417
            ],
            [
              -117.1996298,
              33.1248366
            ],
            [
              -117.1996506,
              33.1248327
            ]
          ]
        ]
      },
      "properties": {
        "course_id": "lakehouse_san_marcos",
        "course_name": "The Links at Lakehouse",
        "hole_number": 1,
        "feature_type": "bunker",
        "name": "hole_1_bunker",
        "feature-color": "#d4b483",
        "is_approximate": true,
        "source": "osm",
        "@id": "a94b9be3-fe5d-40da-92b1-fd543a3ab2de",
        "osm_id": 1497569468
      }
    },
    {
      "type": "Feature",
      "bbox": [
        -117.1996637,
        33.124621,
        -117.1995551,
        33.1247288
      ],
      "geometry": {
        "type": "Polygon",
        "coordinates": [
          [
            [
              -117.1995762,
              33.124621
            ],
            [
              -117.199595,
              33.1246221
            ],
            [
              -117.1995983,
              33.1246232
            ],
            [
              -117.1996007,
              33.1246252
            ],
            [
              -117.1996101,
              33.1246465
            ],
            [
              -117.1996094,
              33.124651
            ],
            [
              -117.1996054,
              33.1246572
            ],
            [
              -117.1996054,
              33.1246589
            ],
            [
              -117.1996124,
              33.1246626
            ],
            [
              -117.1996238,
              33.1246637
            ],
            [
              -117.1996288,
              33.1246662
            ],
            [
              -117.1996308,
              33.124669
            ],
            [
              -117.1996308,
              33.1246735
            ],
            [
              -117.1996322,
              33.1246769
            ],
            [
              -117.1996362,
              33.1246814
            ],
            [
              -117.1996362,
              33.1246853
            ],
            [
              -117.1996342,
              33.1246898
            ],
            [
              -117.1996342,
              33.1246926
            ],
            [
              -117.1996439,
              33.1246968
            ],
            [
              -117.1996513,
              33.1247013
            ],
            [
              -117.199656,
              33.1247019
            ],
            [
              -117.1996614,
              33.1247007
            ],
            [
              -117.199663,
              33.1247021
            ],
            [
              -117.1996637,
              33.1247044
            ],
            [
              -117.19966,
              33.1247092
            ],
            [
              -117.1996439,
              33.1247181
            ],
            [
              -117.1996144,
              33.1247283
            ],
            [
              -117.1996003,
              33.1247288
            ],
            [
              -117.1995943,
              33.1247271
            ],
            [
              -117.1995886,
              33.1247229
            ],
            [
              -117.1995819,
              33.1247123
            ],
            [
              -117.1995765,
              33.1246977
            ],
            [
              -117.1995698,
              33.1246864
            ],
            [
              -117.1995625,
              33.1246774
            ],
            [
              -117.1995591,
              33.124669
            ],
            [
              -117.1995551,
              33.1246527
            ],
            [
              -117.1995557,
              33.1246387
            ],
            [
              -117.1995618,
              33.1246269
            ],
            [
              -117.1995682,
              33.1246227
            ],
            [
              -117.1995762,
              33.124621
            ]
          ]
        ]
      },
      "properties": {
        "course_id": "lakehouse_san_marcos",
        "course_name": "The Links at Lakehouse",
        "hole_number": 1,
        "feature_type": "bunker",
        "name": "hole_1_bunker_2",
        "feature-color": "#d4b483",
        "is_approximate": true,
        "source": "osm",
        "@id": "5bb1fda1-105c-4698-a608-7de9a379b24c",
        "osm_id": 1497569469
      }
    },
    {
      "type": "Feature",
      "bbox": [
        -117.1964296,
        33.1206865,
        -117.1962767,
        33.1207449
      ],
      "geometry": {
        "type": "Polygon",
        "coordinates": [
          [
            [
              -117.1963006,
              33.1206865
            ],
            [
              -117.1963254,
              33.1206865
            ],
            [
              -117.1963327,
              33.1206882
            ],
            [
              -117.1963408,
              33.1206916
            ],
            [
              -117.1963549,
              33.1206944
            ],
            [
              -117.1963663,
              33.1206977
            ],
            [
              -117.1963958,
              33.1206977
            ],
            [
              -117.1964045,
              33.1207
            ],
            [
              -117.1964206,
              33.1207073
            ],
            [
              -117.1964256,
              33.1207121
            ],
            [
              -117.196429,
              33.1207199
            ],
            [
              -117.1964296,
              33.120725
            ],
            [
              -117.1964283,
              33.1207311
            ],
            [
              -117.1964206,
              33.1207376
            ],
            [
              -117.1964125,
              33.1207404
            ],
            [
              -117.1964018,
              33.1207427
            ],
            [
              -117.1963857,
              33.1207427
            ],
            [
              -117.1963629,
              33.1207382
            ],
            [
              -117.1963441,
              33.120737
            ],
            [
              -117.196318,
              33.1207393
            ],
            [
              -117.1963086,
              33.1207415
            ],
            [
              -117.1963012,
              33.1207449
            ],
            [
              -117.1962925,
              33.1207449
            ],
            [
              -117.1962895,
              33.1207424
            ],
            [
              -117.1962868,
              33.1207379
            ],
            [
              -117.1962841,
              33.1207295
            ],
            [
              -117.1962781,
              33.1207205
            ],
            [
              -117.1962767,
              33.1207165
            ],
            [
              -117.1962767,
              33.1207059
            ],
            [
              -117.1962801,
              33.1206963
            ],
            [
              -117.1962871,
              33.1206899
            ],
            [
              -117.1962932,
              33.1206876
            ],
            [
              -117.1963006,
              33.1206865
            ]
          ]
        ]
      },
      "properties": {
        "course_id": "lakehouse_san_marcos",
        "course_name": "The Links at Lakehouse",
        "hole_number": 12,
        "feature_type": "bunker",
        "name": "hole_12_bunker",
        "feature-color": "#d4b483",
        "is_approximate": true,
        "source": "osm",
        "@id": "4e7109f3-b6be-41bd-8774-6baef473b496",
        "osm_id": 1497569470
      }
    },
    {
      "type": "Feature",
      "bbox": [
        -117.1966643,
        33.1207893,
        -117.1965644,
        33.1208522
      ],
      "geometry": {
        "type": "Polygon",
        "coordinates": [
          [
            [
              -117.1965875,
              33.1207893
            ],
            [
              -117.1965996,
              33.1207898
            ],
            [
              -117.1966103,
              33.1207921
            ],
            [
              -117.1966311,
              33.1208005
            ],
            [
              -117.1966452,
              33.1208095
            ],
            [
              -117.1966543,
              33.1208176
            ],
            [
              -117.1966603,
              33.1208266
            ],
            [
              -117.1966643,
              33.1208423
            ],
            [
              -117.196663,
              33.1208474
            ],
            [
              -117.1966593,
              33.1208499
            ],
            [
              -117.1966479,
              33.1208522
            ],
            [
              -117.1966345,
              33.1208522
            ],
            [
              -117.1966264,
              33.1208511
            ],
            [
              -117.1966177,
              33.1208488
            ],
            [
              -117.196607,
              33.1208443
            ],
            [
              -117.1965956,
              33.1208415
            ],
            [
              -117.1965855,
              33.120837
            ],
            [
              -117.1965728,
              33.1208297
            ],
            [
              -117.1965691,
              33.1208261
            ],
            [
              -117.1965644,
              33.1208165
            ],
            [
              -117.1965644,
              33.1208075
            ],
            [
              -117.1965658,
              33.120803
            ],
            [
              -117.1965684,
              33.1207985
            ],
            [
              -117.1965735,
              33.1207943
            ],
            [
              -117.1965808,
              33.1207904
            ],
            [
              -117.1965875,
              33.1207893
            ]
          ]
        ]
      },
      "properties": {
        "course_id": "lakehouse_san_marcos",
        "course_name": "The Links at Lakehouse",
        "hole_number": 12,
        "feature_type": "bunker",
        "name": "hole_12_bunker_2",
        "feature-color": "#d4b483",
        "is_approximate": true,
        "source": "osm",
        "@id": "637ac5bc-cf29-4e8a-84f4-f98ffcb39693",
        "osm_id": 1497569471
      }
    },
    {
      "type": "Feature",
      "bbox": [
        -117.1973801,
        33.1225058,
        -117.1972179,
        33.1225631
      ],
      "geometry": {
        "type": "Polygon",
        "coordinates": [
          [
            [
              -117.1973392,
              33.1225058
            ],
            [
              -117.1973473,
              33.1225058
            ],
            [
              -117.1973533,
              33.1225086
            ],
            [
              -117.1973547,
              33.1225108
            ],
            [
              -117.197352,
              33.1225153
            ],
            [
              -117.197352,
              33.1225232
            ],
            [
              -117.1973594,
              33.1225305
            ],
            [
              -117.1973647,
              33.1225305
            ],
            [
              -117.1973741,
              33.122526
            ],
            [
              -117.1973781,
              33.1225271
            ],
            [
              -117.1973801,
              33.1225299
            ],
            [
              -117.1973788,
              33.1225344
            ],
            [
              -117.197362,
              33.122544
            ],
            [
              -117.1973124,
              33.122553
            ],
            [
              -117.1972883,
              33.1225608
            ],
            [
              -117.1972695,
              33.1225631
            ],
            [
              -117.1972561,
              33.1225631
            ],
            [
              -117.1972346,
              33.1225575
            ],
            [
              -117.1972266,
              33.1225541
            ],
            [
              -117.1972205,
              33.1225468
            ],
            [
              -117.1972179,
              33.1225367
            ],
            [
              -117.1972179,
              33.1225254
            ],
            [
              -117.1972205,
              33.122521
            ],
            [
              -117.1972346,
              33.1225103
            ],
            [
              -117.1972722,
              33.1225092
            ],
            [
              -117.1972936,
              33.1225137
            ],
            [
              -117.1973097,
              33.1225137
            ],
            [
              -117.1973392,
              33.1225058
            ]
          ]
        ]
      },
      "properties": {
        "course_id": "lakehouse_san_marcos",
        "course_name": "The Links at Lakehouse",
        "hole_number": 13,
        "feature_type": "bunker",
        "name": "hole_13_bunker",
        "feature-color": "#d4b483",
        "is_approximate": true,
        "source": "osm",
        "@id": "af25b30c-10ef-474c-a5a3-aa737556e6d6",
        "osm_id": 1497569472
      }
    },
    {
      "type": "Feature",
      "bbox": [
        -117.1974244,
        33.1221958,
        -117.1972594,
        33.1223216
      ],
      "geometry": {
        "type": "Polygon",
        "coordinates": [
          [
            [
              -117.1973164,
              33.1221958
            ],
            [
              -117.1973285,
              33.1221958
            ],
            [
              -117.1973366,
              33.122198
            ],
            [
              -117.1973533,
              33.122211
            ],
            [
              -117.197356,
              33.1222154
            ],
            [
              -117.1973547,
              33.122248
            ],
            [
              -117.1973573,
              33.1222514
            ],
            [
              -117.197362,
              33.1222531
            ],
            [
              -117.1973714,
              33.1222609
            ],
            [
              -117.1973875,
              33.1222654
            ],
            [
              -117.1974063,
              33.1222823
            ],
            [
              -117.1974204,
              33.1222918
            ],
            [
              -117.1974244,
              33.1222997
            ],
            [
              -117.1974244,
              33.1223075
            ],
            [
              -117.1974231,
              33.1223109
            ],
            [
              -117.197409,
              33.1223216
            ],
            [
              -117.1973956,
              33.1223216
            ],
            [
              -117.1973741,
              33.1223126
            ],
            [
              -117.1973607,
              33.1223025
            ],
            [
              -117.1973352,
              33.1222901
            ],
            [
              -117.1973218,
              33.1222901
            ],
            [
              -117.1973164,
              33.1222924
            ],
            [
              -117.1972977,
              33.1222901
            ],
            [
              -117.1972829,
              33.1222823
            ],
            [
              -117.1972621,
              33.1222626
            ],
            [
              -117.1972594,
              33.1222559
            ],
            [
              -117.1972594,
              33.1222402
            ],
            [
              -117.1972621,
              33.1222301
            ],
            [
              -117.1972675,
              33.1222222
            ],
            [
              -117.1972936,
              33.1222025
            ],
            [
              -117.1973164,
              33.1221958
            ]
          ]
        ]
      },
      "properties": {
        "course_id": "lakehouse_san_marcos",
        "course_name": "The Links at Lakehouse",
        "hole_number": 13,
        "feature_type": "bunker",
        "name": "hole_13_bunker_2",
        "feature-color": "#d4b483",
        "is_approximate": true,
        "source": "osm",
        "@id": "7cc2d146-52c8-49fd-9969-e8c59ab4c6ad",
        "osm_id": 1497569473
      }
    },
    {
      "type": "Feature",
      "bbox": [
        -117.1965631,
        33.1240493,
        -117.1962922,
        33.1242071
      ],
      "geometry": {
        "type": "Polygon",
        "coordinates": [
          [
            [
              -117.1963502,
              33.1240493
            ],
            [
              -117.1963636,
              33.1240493
            ],
            [
              -117.196379,
              33.1240527
            ],
            [
              -117.1963931,
              33.1240583
            ],
            [
              -117.1964139,
              33.1240701
            ],
            [
              -117.1964233,
              33.124074
            ],
            [
              -117.1964327,
              33.1240763
            ],
            [
              -117.1964394,
              33.1240763
            ],
            [
              -117.1964494,
              33.1240746
            ],
            [
              -117.1964655,
              33.1240701
            ],
            [
              -117.1964729,
              33.1240667
            ],
            [
              -117.1965031,
              33.1240583
            ],
            [
              -117.1965272,
              33.1240617
            ],
            [
              -117.1965379,
              33.1240645
            ],
            [
              -117.19655,
              33.1240701
            ],
            [
              -117.196556,
              33.1240718
            ],
            [
              -117.1965604,
              33.1240754
            ],
            [
              -117.1965631,
              33.1240816
            ],
            [
              -117.1965631,
              33.1240883
            ],
            [
              -117.1965584,
              33.1241024
            ],
            [
              -117.196549,
              33.1241175
            ],
            [
              -117.1965376,
              33.1241305
            ],
            [
              -117.1965141,
              33.1241709
            ],
            [
              -117.1965108,
              33.1241759
            ],
            [
              -117.1965051,
              33.1241818
            ],
            [
              -117.1964937,
              33.1241886
            ],
            [
              -117.1964809,
              33.1241942
            ],
            [
              -117.1964736,
              33.1241964
            ],
            [
              -117.1964561,
              33.1241998
            ],
            [
              -117.1964528,
              33.1242015
            ],
            [
              -117.1964327,
              33.1242066
            ],
            [
              -117.1964099,
              33.1242071
            ],
            [
              -117.1963938,
              33.1242043
            ],
            [
              -117.1963609,
              33.1241903
            ],
            [
              -117.1963354,
              33.1241762
            ],
            [
              -117.1963217,
              33.1241658
            ],
            [
              -117.1963089,
              33.1241524
            ],
            [
              -117.1963016,
              33.1241406
            ],
            [
              -117.1962995,
              33.1241355
            ],
            [
              -117.1962922,
              33.1241119
            ],
            [
              -117.1962922,
              33.1240906
            ],
            [
              -117.1962942,
              33.1240855
            ],
            [
              -117.1962995,
              33.1240771
            ],
            [
              -117.196316,
              33.1240622
            ],
            [
              -117.1963213,
              33.1240589
            ],
            [
              -117.1963327,
              33.1240538
            ],
            [
              -117.1963502,
              33.1240493
            ]
          ]
        ]
      },
      "properties": {
        "course_id": "lakehouse_san_marcos",
        "course_name": "The Links at Lakehouse",
        "hole_number": 14,
        "feature_type": "bunker",
        "name": "hole_14_bunker",
        "feature-color": "#d4b483",
        "is_approximate": true,
        "source": "osm",
        "@id": "ed39d4bb-59f3-4aa2-93e4-ca59f09ee7c4",
        "osm_id": 1497569474
      }
    },
    {
      "type": "Feature",
      "bbox": [
        -117.1967364,
        33.1242052,
        -117.196208,
        33.1244298
      ],
      "geometry": {
        "type": "Polygon",
        "coordinates": [
          [
            [
              -117.1967364,
              33.1243259
            ],
            [
              -117.1967351,
              33.1243068
            ],
            [
              -117.1967203,
              33.1242664
            ],
            [
              -117.1967082,
              33.1242506
            ],
            [
              -117.196688,
              33.1242381
            ],
            [
              -117.1966808,
              33.1242277
            ],
            [
              -117.1966311,
              33.1242085
            ],
            [
              -117.1965829,
              33.1242052
            ],
            [
              -117.1965547,
              33.1242085
            ],
            [
              -117.1965359,
              33.1242153
            ],
            [
              -117.1964586,
              33.1242579
            ],
            [
              -117.1964399,
              33.1242567
            ],
            [
              -117.1963656,
              33.1242321
            ],
            [
              -117.1963187,
              33.124231
            ],
            [
              -117.1962744,
              33.1242445
            ],
            [
              -117.1962355,
              33.1242669
            ],
            [
              -117.1962187,
              33.1242855
            ],
            [
              -117.1962094,
              33.1243124
            ],
            [
              -117.196208,
              33.1243607
            ],
            [
              -117.1962134,
              33.1243731
            ],
            [
              -117.1962422,
              33.1244006
            ],
            [
              -117.1962798,
              33.1244208
            ],
            [
              -117.1963146,
              33.1244298
            ],
            [
              -117.1963508,
              33.1244275
            ],
            [
              -117.1963911,
              33.1244197
            ],
            [
              -117.1964652,
              33.1243849
            ],
            [
              -117.1964888,
              33.1243862
            ],
            [
              -117.1965614,
              33.1244141
            ],
            [
              -117.1965909,
              33.1244197
            ],
            [
              -117.196615,
              33.1244197
            ],
            [
              -117.1966365,
              33.1244174
            ],
            [
              -117.1966889,
              33.1243938
            ],
            [
              -117.1967243,
              33.1243596
            ],
            [
              -117.1967364,
              33.1243259
            ]
          ]
        ]
      },
      "properties": {
        "course_id": "lakehouse_san_marcos",
        "course_name": "The Links at Lakehouse",
        "hole_number": 14,
        "feature_type": "water",
        "name": "hole_14_water",
        "feature-color": "#2255cc",
        "is_approximate": true,
        "source": "osm",
        "@id": "df730a9a-c580-4289-b796-8dc86b532f60",
        "osm_id": 1497569475
      }
    },
    {
      "type": "Feature",
      "bbox": [
        -117.1968414,
        33.1251315,
        -117.196773,
        33.1253314
      ],
      "geometry": {
        "type": "Polygon",
        "coordinates": [
          [
            [
              -117.1968041,
              33.1251315
            ],
            [
              -117.1968155,
              33.1251315
            ],
            [
              -117.1968202,
              33.1251326
            ],
            [
              -117.1968263,
              33.125136
            ],
            [
              -117.1968333,
              33.1251435
            ],
            [
              -117.1968373,
              33.1251497
            ],
            [
              -117.1968393,
              33.1251559
            ],
            [
              -117.1968414,
              33.1251688
            ],
            [
              -117.1968414,
              33.1251795
            ],
            [
              -117.1968393,
              33.1251918
            ],
            [
              -117.196836,
              33.1252014
            ],
            [
              -117.1968259,
              33.1252463
            ],
            [
              -117.1968246,
              33.1252806
            ],
            [
              -117.1968219,
              33.1252969
            ],
            [
              -117.1968219,
              33.125303
            ],
            [
              -117.1968192,
              33.1253126
            ],
            [
              -117.1968186,
              33.1253204
            ],
            [
              -117.1968165,
              33.1253249
            ],
            [
              -117.1968108,
              33.1253297
            ],
            [
              -117.1968061,
              33.1253314
            ],
            [
              -117.1967974,
              33.1253314
            ],
            [
              -117.196788,
              33.125328
            ],
            [
              -117.1967823,
              33.1253232
            ],
            [
              -117.1967776,
              33.1253165
            ],
            [
              -117.1967736,
              33.125303
            ],
            [
              -117.196773,
              33.1252896
            ],
            [
              -117.1967756,
              33.1252626
            ],
            [
              -117.1967783,
              33.1252519
            ],
            [
              -117.196781,
              33.1252317
            ],
            [
              -117.1967817,
              33.1252154
            ],
            [
              -117.196781,
              33.1251896
            ],
            [
              -117.1967783,
              33.1251649
            ],
            [
              -117.196779,
              33.1251514
            ],
            [
              -117.1967817,
              33.1251452
            ],
            [
              -117.196788,
              33.1251388
            ],
            [
              -117.1967961,
              33.1251337
            ],
            [
              -117.1968041,
              33.1251315
            ]
          ]
        ]
      },
      "properties": {
        "course_id": "lakehouse_san_marcos",
        "course_name": "The Links at Lakehouse",
        "hole_number": 14,
        "feature_type": "bunker",
        "name": "hole_14_bunker_2",
        "feature-color": "#d4b483",
        "is_approximate": true,
        "source": "osm",
        "@id": "581dd289-a82d-438e-9be6-62b80fbf8322",
        "osm_id": 1497569476
      }
    },
    {
      "type": "Feature",
      "bbox": [
        -117.1985513,
        33.1259626,
        -117.1984507,
        33.1260962
      ],
      "geometry": {
        "type": "Polygon",
        "coordinates": [
          [
            [
              -117.1984859,
              33.1259626
            ],
            [
              -117.1984946,
              33.1259626
            ],
            [
              -117.1985006,
              33.1259648
            ],
            [
              -117.1985144,
              33.1259752
            ],
            [
              -117.1985244,
              33.1259915
            ],
            [
              -117.1985311,
              33.1260067
            ],
            [
              -117.1985459,
              33.1260258
            ],
            [
              -117.1985506,
              33.1260381
            ],
            [
              -117.1985513,
              33.1260527
            ],
            [
              -117.1985439,
              33.1260746
            ],
            [
              -117.1985399,
              33.1260802
            ],
            [
              -117.1985254,
              33.1260929
            ],
            [
              -117.1985167,
              33.1260962
            ],
            [
              -117.1985047,
              33.1260962
            ],
            [
              -117.1984953,
              33.126094
            ],
            [
              -117.1984852,
              33.1260889
            ],
            [
              -117.1984741,
              33.1260786
            ],
            [
              -117.1984708,
              33.1260718
            ],
            [
              -117.1984701,
              33.1260656
            ],
            [
              -117.1984708,
              33.1260606
            ],
            [
              -117.1984735,
              33.1260538
            ],
            [
              -117.1984728,
              33.1260404
            ],
            [
              -117.1984587,
              33.1260168
            ],
            [
              -117.1984507,
              33.1259999
            ],
            [
              -117.1984513,
              33.1259876
            ],
            [
              -117.1984547,
              33.1259803
            ],
            [
              -117.1984601,
              33.125973
            ],
            [
              -117.1984658,
              33.1259693
            ],
            [
              -117.1984778,
              33.1259643
            ],
            [
              -117.1984859,
              33.1259626
            ]
          ]
        ]
      },
      "properties": {
        "course_id": "lakehouse_san_marcos",
        "course_name": "The Links at Lakehouse",
        "hole_number": 11,
        "feature_type": "bunker",
        "name": "hole_11_bunker",
        "feature-color": "#d4b483",
        "is_approximate": true,
        "source": "osm",
        "@id": "1e4b1eff-4654-4b3e-9dfd-c9c5b6d03124",
        "osm_id": 1497569477
      }
    },
    {
      "type": "Feature",
      "bbox": [
        -117.1986126,
        33.1278843,
        -117.198131,
        33.1282731
      ],
      "geometry": {
        "type": "Polygon",
        "coordinates": [
          [
            [
              -117.1986126,
              33.1282299
            ],
            [
              -117.1986059,
              33.1282097
            ],
            [
              -117.1985596,
              33.1281676
            ],
            [
              -117.1985221,
              33.1281474
            ],
            [
              -117.1984525,
              33.1281269
            ],
            [
              -117.198425,
              33.1281142
            ],
            [
              -117.1983734,
              33.1280734
            ],
            [
              -117.1983219,
              33.1279928
            ],
            [
              -117.1982854,
              33.1279154
            ],
            [
              -117.1982673,
              33.127898
            ],
            [
              -117.1982472,
              33.1278913
            ],
            [
              -117.198218,
              33.1278843
            ],
            [
              -117.1981982,
              33.1278873
            ],
            [
              -117.1981734,
              33.1278938
            ],
            [
              -117.198152,
              33.1279022
            ],
            [
              -117.1981352,
              33.1279089
            ],
            [
              -117.198131,
              33.1279245
            ],
            [
              -117.1981407,
              33.1279367
            ],
            [
              -117.198154,
              33.1279548
            ],
            [
              -117.1982439,
              33.1280345
            ],
            [
              -117.1984385,
              33.1281941
            ],
            [
              -117.1985181,
              33.1282686
            ],
            [
              -117.1985381,
              33.1282731
            ],
            [
              -117.198565,
              33.1282675
            ],
            [
              -117.1985973,
              33.1282495
            ],
            [
              -117.1986126,
              33.1282299
            ]
          ]
        ]
      },
      "properties": {
        "course_id": "lakehouse_san_marcos",
        "course_name": "The Links at Lakehouse",
        "hole_number": 15,
        "feature_type": "water",
        "name": "hole_15_water",
        "feature-color": "#2255cc",
        "is_approximate": true,
        "source": "osm",
        "@id": "f39a88ac-4f61-468b-bbfc-7f628e49bf97",
        "osm_id": 1497569479
      }
    },
    {
      "type": "Feature",
      "bbox": [
        -117.1987239,
        33.1277262,
        -117.1985764,
        33.1278834
      ],
      "geometry": {
        "type": "Polygon",
        "coordinates": [
          [
            [
              -117.198616,
              33.1277262
            ],
            [
              -117.1986307,
              33.1277273
            ],
            [
              -117.1986394,
              33.1277346
            ],
            [
              -117.198673,
              33.1277717
            ],
            [
              -117.1987105,
              33.1278031
            ],
            [
              -117.1987226,
              33.1278188
            ],
            [
              -117.1987239,
              33.1278435
            ],
            [
              -117.1987199,
              33.127857
            ],
            [
              -117.1987105,
              33.1278705
            ],
            [
              -117.1987031,
              33.1278767
            ],
            [
              -117.1986938,
              33.1278812
            ],
            [
              -117.1986844,
              33.1278834
            ],
            [
              -117.198671,
              33.1278834
            ],
            [
              -117.1986173,
              33.1278632
            ],
            [
              -117.1985938,
              33.1278447
            ],
            [
              -117.1985791,
              33.1278245
            ],
            [
              -117.1985764,
              33.1278054
            ],
            [
              -117.1985791,
              33.1277616
            ],
            [
              -117.1985831,
              33.1277514
            ],
            [
              -117.1985938,
              33.1277368
            ],
            [
              -117.1986039,
              33.1277295
            ],
            [
              -117.198616,
              33.1277262
            ]
          ]
        ]
      },
      "properties": {
        "course_id": "lakehouse_san_marcos",
        "course_name": "The Links at Lakehouse",
        "hole_number": 15,
        "feature_type": "bunker",
        "name": "hole_15_bunker",
        "feature-color": "#d4b483",
        "is_approximate": true,
        "source": "osm",
        "@id": "0c7bb045-af1f-409f-ba2b-5b2ee3d0060d",
        "osm_id": 1497569480
      }
    },
    {
      "type": "Feature",
      "bbox": [
        -117.1984155,
        33.1274836,
        -117.1982733,
        33.1276442
      ],
      "geometry": {
        "type": "Polygon",
        "coordinates": [
          [
            [
              -117.1983182,
              33.1274836
            ],
            [
              -117.1983397,
              33.127487
            ],
            [
              -117.1983652,
              33.1275016
            ],
            [
              -117.1983819,
              33.1275178
            ],
            [
              -117.1984114,
              33.127556
            ],
            [
              -117.1984155,
              33.1275673
            ],
            [
              -117.1984141,
              33.1276077
            ],
            [
              -117.1984088,
              33.1276313
            ],
            [
              -117.1984034,
              33.1276391
            ],
            [
              -117.1983947,
              33.1276442
            ],
            [
              -117.1983826,
              33.1276442
            ],
            [
              -117.1983638,
              33.1276375
            ],
            [
              -117.1983243,
              33.1276066
            ],
            [
              -117.1983122,
              33.1275897
            ],
            [
              -117.1983068,
              33.1275762
            ],
            [
              -117.1983015,
              33.1275527
            ],
            [
              -117.1982827,
              33.1275302
            ],
            [
              -117.198276,
              33.127519
            ],
            [
              -117.1982733,
              33.1275066
            ],
            [
              -117.1982773,
              33.1274987
            ],
            [
              -117.1982847,
              33.1274926
            ],
            [
              -117.1982941,
              33.1274881
            ],
            [
              -117.1983182,
              33.1274836
            ]
          ]
        ]
      },
      "properties": {
        "course_id": "lakehouse_san_marcos",
        "course_name": "The Links at Lakehouse",
        "hole_number": 15,
        "feature_type": "bunker",
        "name": "hole_15_bunker_2",
        "feature-color": "#d4b483",
        "is_approximate": true,
        "source": "osm",
        "@id": "2c523afd-d95c-4f4c-83e8-bfe8cf246635",
        "osm_id": 1497569481
      }
    },
    {
      "type": "Feature",
      "bbox": [
        -117.1997487,
        33.1288865,
        -117.1996039,
        33.1290364
      ],
      "geometry": {
        "type": "Polygon",
        "coordinates": [
          [
            [
              -117.1996691,
              33.1288865
            ],
            [
              -117.1996966,
              33.1288868
            ],
            [
              -117.19971,
              33.1288893
            ],
            [
              -117.1997224,
              33.1288932
            ],
            [
              -117.1997314,
              33.1288977
            ],
            [
              -117.19974,
              33.1289052
            ],
            [
              -117.199744,
              33.1289097
            ],
            [
              -117.1997467,
              33.1289141
            ],
            [
              -117.1997484,
              33.1289184
            ],
            [
              -117.1997487,
              33.128922
            ],
            [
              -117.1997477,
              33.1289307
            ],
            [
              -117.1997464,
              33.1289349
            ],
            [
              -117.199743,
              33.12894
            ],
            [
              -117.1997391,
              33.1289426
            ],
            [
              -117.1997318,
              33.1289446
            ],
            [
              -117.1997237,
              33.128948
            ],
            [
              -117.199715,
              33.1289497
            ],
            [
              -117.1997103,
              33.1289516
            ],
            [
              -117.1997041,
              33.1289568
            ],
            [
              -117.1996997,
              33.1289619
            ],
            [
              -117.1996974,
              33.1289658
            ],
            [
              -117.1996957,
              33.12897
            ],
            [
              -117.1996957,
              33.1289798
            ],
            [
              -117.1996964,
              33.1289815
            ],
            [
              -117.1996964,
              33.1289852
            ],
            [
              -117.1996971,
              33.128988
            ],
            [
              -117.1996967,
              33.1289947
            ],
            [
              -117.1996981,
              33.1290003
            ],
            [
              -117.1996994,
              33.1290023
            ],
            [
              -117.1997008,
              33.1290062
            ],
            [
              -117.1997011,
              33.1290144
            ],
            [
              -117.1997004,
              33.1290166
            ],
            [
              -117.1997004,
              33.1290192
            ],
            [
              -117.1996997,
              33.1290206
            ],
            [
              -117.1996991,
              33.1290251
            ],
            [
              -117.1996961,
              33.1290312
            ],
            [
              -117.1996939,
              33.1290331
            ],
            [
              -117.1996915,
              33.1290339
            ],
            [
              -117.1996895,
              33.1290353
            ],
            [
              -117.1996848,
              33.1290364
            ],
            [
              -117.1996781,
              33.1290359
            ],
            [
              -117.1996644,
              33.1290322
            ],
            [
              -117.199661,
              33.1290305
            ],
            [
              -117.199657,
              33.1290294
            ],
            [
              -117.1996516,
              33.1290266
            ],
            [
              -117.1996506,
              33.1290266
            ],
            [
              -117.1996456,
              33.1290246
            ],
            [
              -117.1996402,
              33.1290215
            ],
            [
              -117.1996379,
              33.1290196
            ],
            [
              -117.1996332,
              33.1290173
            ],
            [
              -117.199623,
              33.1290082
            ],
            [
              -117.1996173,
              33.1290012
            ],
            [
              -117.1996106,
              33.12899
            ],
            [
              -117.1996089,
              33.1289855
            ],
            [
              -117.1996079,
              33.1289841
            ],
            [
              -117.1996052,
              33.1289768
            ],
            [
              -117.1996045,
              33.1289717
            ],
            [
              -117.1996039,
              33.1289647
            ],
            [
              -117.1996039,
              33.1289574
            ],
            [
              -117.1996052,
              33.1289532
            ],
            [
              -117.1996099,
              33.1289448
            ],
            [
              -117.1996116,
              33.12894
            ],
            [
              -117.1996149,
              33.1289352
            ],
            [
              -117.1996223,
              33.1289226
            ],
            [
              -117.1996303,
              33.1289125
            ],
            [
              -117.199635,
              33.1289085
            ],
            [
              -117.1996411,
              33.1289018
            ],
            [
              -117.1996476,
              33.1288963
            ],
            [
              -117.199651,
              33.1288941
            ],
            [
              -117.1996587,
              33.1288901
            ],
            [
              -117.1996661,
              33.1288871
            ],
            [
              -117.1996691,
              33.1288865
            ]
          ]
        ]
      },
      "properties": {
        "course_id": "lakehouse_san_marcos",
        "course_name": "The Links at Lakehouse",
        "hole_number": 15,
        "feature_type": "bunker",
        "name": "hole_15_bunker_3",
        "feature-color": "#d4b483",
        "is_approximate": true,
        "source": "osm",
        "@id": "652e2ec0-d98f-4fdd-a180-fda46738b5bb",
        "osm_id": 1497569482
      }
    },
    {
      "type": "Feature",
      "bbox": [
        -117.1998981,
        33.1290114,
        -117.19971,
        33.1292843
      ],
      "geometry": {
        "type": "Polygon",
        "coordinates": [
          [
            [
              -117.199713,
              33.1290895
            ],
            [
              -117.1997173,
              33.1290732
            ],
            [
              -117.1997211,
              33.1290634
            ],
            [
              -117.1997331,
              33.1290552
            ],
            [
              -117.1997421,
              33.1290435
            ],
            [
              -117.1997463,
              33.1290349
            ],
            [
              -117.1997551,
              33.1290274
            ],
            [
              -117.1997709,
              33.1290175
            ],
            [
              -117.1997884,
              33.1290117
            ],
            [
              -117.1998063,
              33.1290114
            ],
            [
              -117.199823,
              33.1290125
            ],
            [
              -117.1998394,
              33.1290172
            ],
            [
              -117.1998529,
              33.1290273
            ],
            [
              -117.1998645,
              33.1290443
            ],
            [
              -117.1998824,
              33.1290732
            ],
            [
              -117.199889,
              33.1291029
            ],
            [
              -117.1998949,
              33.1291319
            ],
            [
              -117.1998976,
              33.1291668
            ],
            [
              -117.1998981,
              33.1291898
            ],
            [
              -117.1998903,
              33.1292124
            ],
            [
              -117.1998783,
              33.1292319
            ],
            [
              -117.1998578,
              33.1292541
            ],
            [
              -117.1998341,
              33.1292734
            ],
            [
              -117.1998177,
              33.1292816
            ],
            [
              -117.1997943,
              33.1292843
            ],
            [
              -117.1997735,
              33.1292837
            ],
            [
              -117.1997549,
              33.1292776
            ],
            [
              -117.1997416,
              33.1292708
            ],
            [
              -117.1997289,
              33.1292559
            ],
            [
              -117.1997173,
              33.1292386
            ],
            [
              -117.1997109,
              33.1292165
            ],
            [
              -117.19971,
              33.1292007
            ],
            [
              -117.1997119,
              33.1291898
            ],
            [
              -117.1997173,
              33.1291768
            ],
            [
              -117.1997215,
              33.1291649
            ],
            [
              -117.199723,
              33.1291491
            ],
            [
              -117.1997225,
              33.1291388
            ],
            [
              -117.1997212,
              33.1291254
            ],
            [
              -117.1997176,
              33.1291131
            ],
            [
              -117.1997154,
              33.129103
            ],
            [
              -117.199713,
              33.1290895
            ]
          ]
        ]
      },
      "properties": {
        "course_id": "lakehouse_san_marcos",
        "course_name": "The Links at Lakehouse",
        "hole_number": 15,
        "feature_type": "green",
        "name": "hole_15_green",
        "feature-color": "#2d6e2d",
        "is_approximate": true,
        "source": "osm",
        "@id": "27b114b1-8cc4-441f-a532-7fbf3fb58870",
        "osm_id": 1497569483
      }
    },
    {
      "type": "Feature",
      "bbox": [
        -117.2021263,
        33.1284607,
        -117.20196,
        33.1287796
      ],
      "geometry": {
        "type": "Polygon",
        "coordinates": [
          [
            [
              -117.2021263,
              33.1285095
            ],
            [
              -117.2021196,
              33.1284972
            ],
            [
              -117.2020935,
              33.1284775
            ],
            [
              -117.2020666,
              33.1284641
            ],
            [
              -117.2020426,
              33.1284607
            ],
            [
              -117.2020143,
              33.1284652
            ],
            [
              -117.2019982,
              33.1284731
            ],
            [
              -117.2019694,
              33.1285118
            ],
            [
              -117.2019614,
              33.1285365
            ],
            [
              -117.20196,
              33.1286073
            ],
            [
              -117.2019788,
              33.1286847
            ],
            [
              -117.2019855,
              33.1287544
            ],
            [
              -117.2019935,
              33.1287735
            ],
            [
              -117.2020023,
              33.1287785
            ],
            [
              -117.2020237,
              33.1287796
            ],
            [
              -117.2020425,
              33.1287729
            ],
            [
              -117.202066,
              33.1287499
            ],
            [
              -117.202066,
              33.1287383
            ],
            [
              -117.2020767,
              33.1287196
            ],
            [
              -117.202082,
              33.128696
            ],
            [
              -117.2020821,
              33.1286305
            ],
            [
              -117.2020904,
              33.1286029
            ],
            [
              -117.2021209,
              33.1285444
            ],
            [
              -117.2021223,
              33.1285354
            ],
            [
              -117.2021253,
              33.1285217
            ],
            [
              -117.2021263,
              33.1285095
            ]
          ]
        ]
      },
      "properties": {
        "course_id": "lakehouse_san_marcos",
        "course_name": "The Links at Lakehouse",
        "hole_number": 17,
        "feature_type": "water",
        "name": "hole_17_water",
        "feature-color": "#2255cc",
        "is_approximate": true,
        "source": "osm",
        "@id": "4d22a78f-4d96-415f-9f2d-5508de7943c2",
        "osm_id": 1497569492
      }
    },
    {
      "type": "Feature",
      "bbox": [
        -117.2017882,
        33.1284869,
        -117.2017,
        33.1285799
      ],
      "geometry": {
        "type": "Polygon",
        "coordinates": [
          [
            [
              -117.20176,
              33.1284952
            ],
            [
              -117.2017619,
              33.1284962
            ],
            [
              -117.2017687,
              33.1285017
            ],
            [
              -117.2017744,
              33.128507
            ],
            [
              -117.2017778,
              33.1285112
            ],
            [
              -117.2017821,
              33.1285202
            ],
            [
              -117.2017842,
              33.1285275
            ],
            [
              -117.2017852,
              33.1285289
            ],
            [
              -117.2017855,
              33.1285309
            ],
            [
              -117.2017878,
              33.1285345
            ],
            [
              -117.2017882,
              33.1285371
            ],
            [
              -117.2017882,
              33.1285475
            ],
            [
              -117.2017875,
              33.1285491
            ],
            [
              -117.2017875,
              33.1285511
            ],
            [
              -117.2017862,
              33.1285564
            ],
            [
              -117.2017838,
              33.1285607
            ],
            [
              -117.2017835,
              33.1285632
            ],
            [
              -117.2017818,
              33.1285663
            ],
            [
              -117.2017801,
              33.1285738
            ],
            [
              -117.2017788,
              33.1285764
            ],
            [
              -117.2017763,
              33.1285785
            ],
            [
              -117.2017682,
              33.1285799
            ],
            [
              -117.2017639,
              33.1285799
            ],
            [
              -117.2017568,
              33.128579
            ],
            [
              -117.2017488,
              33.1285762
            ],
            [
              -117.2017428,
              33.1285729
            ],
            [
              -117.2017357,
              33.1285672
            ],
            [
              -117.2017347,
              33.128567
            ],
            [
              -117.2017307,
              33.1285633
            ],
            [
              -117.2017297,
              33.128563
            ],
            [
              -117.2017267,
              33.1285602
            ],
            [
              -117.2017243,
              33.1285591
            ],
            [
              -117.2017158,
              33.1285505
            ],
            [
              -117.2017141,
              33.1285486
            ],
            [
              -117.2017121,
              33.1285449
            ],
            [
              -117.2017104,
              33.1285435
            ],
            [
              -117.2017074,
              33.1285393
            ],
            [
              -117.2017047,
              33.1285348
            ],
            [
              -117.2017024,
              33.1285289
            ],
            [
              -117.201701,
              33.128527
            ],
            [
              -117.2017,
              33.128523
            ],
            [
              -117.2017,
              33.128518
            ],
            [
              -117.2017027,
              33.1285079
            ],
            [
              -117.201707,
              33.1285006
            ],
            [
              -117.2017091,
              33.128498
            ],
            [
              -117.2017127,
              33.1284952
            ],
            [
              -117.2017258,
              33.1284872
            ],
            [
              -117.2017406,
              33.1284869
            ],
            [
              -117.2017493,
              33.1284905
            ],
            [
              -117.20176,
              33.1284952
            ]
          ]
        ]
      },
      "properties": {
        "course_id": "lakehouse_san_marcos",
        "course_name": "The Links at Lakehouse",
        "hole_number": 17,
        "feature_type": "bunker",
        "name": "hole_17_bunker",
        "feature-color": "#d4b483",
        "is_approximate": true,
        "source": "osm",
        "@id": "8e4c470f-ca93-471a-9203-54873625a377",
        "osm_id": 1497569493
      }
    },
    {
      "type": "Feature",
      "bbox": [
        -117.2016802,
        33.1285945,
        -117.201587,
        33.1286753
      ],
      "geometry": {
        "type": "Polygon",
        "coordinates": [
          [
            [
              -117.2016479,
              33.1285945
            ],
            [
              -117.2016556,
              33.1285945
            ],
            [
              -117.2016653,
              33.1285967
            ],
            [
              -117.2016717,
              33.1285998
            ],
            [
              -117.2016755,
              33.128603
            ],
            [
              -117.2016769,
              33.128605
            ],
            [
              -117.2016782,
              33.1286075
            ],
            [
              -117.2016796,
              33.1286123
            ],
            [
              -117.2016802,
              33.1286174
            ],
            [
              -117.2016802,
              33.1286249
            ],
            [
              -117.2016789,
              33.1286311
            ],
            [
              -117.2016759,
              33.128639
            ],
            [
              -117.2016685,
              33.1286466
            ],
            [
              -117.2016583,
              33.1286554
            ],
            [
              -117.2016408,
              33.1286672
            ],
            [
              -117.2016361,
              33.1286689
            ],
            [
              -117.2016314,
              33.1286714
            ],
            [
              -117.2016278,
              33.1286728
            ],
            [
              -117.201617,
              33.1286753
            ],
            [
              -117.2016093,
              33.1286753
            ],
            [
              -117.2016029,
              33.1286737
            ],
            [
              -117.2015972,
              33.1286709
            ],
            [
              -117.2015942,
              33.1286686
            ],
            [
              -117.201591,
              33.1286659
            ],
            [
              -117.2015884,
              33.1286617
            ],
            [
              -117.201587,
              33.1286561
            ],
            [
              -117.201587,
              33.1286513
            ],
            [
              -117.2015877,
              33.1286463
            ],
            [
              -117.2015897,
              33.1286398
            ],
            [
              -117.2015944,
              33.1286322
            ],
            [
              -117.2015988,
              33.1286272
            ],
            [
              -117.2016004,
              33.1286238
            ],
            [
              -117.2016028,
              33.1286207
            ],
            [
              -117.201621,
              33.1286037
            ],
            [
              -117.2016251,
              33.1286009
            ],
            [
              -117.2016345,
              33.128597
            ],
            [
              -117.2016408,
              33.1285953
            ],
            [
              -117.2016479,
              33.1285945
            ]
          ]
        ]
      },
      "properties": {
        "course_id": "lakehouse_san_marcos",
        "course_name": "The Links at Lakehouse",
        "hole_number": 17,
        "feature_type": "bunker",
        "name": "hole_17_bunker_2",
        "feature-color": "#d4b483",
        "is_approximate": true,
        "source": "osm",
        "@id": "550631b8-2793-496d-9695-8dc88cd391fc",
        "osm_id": 1497569494
      }
    },
    {
      "type": "Feature",
      "bbox": [
        -117.2027871,
        33.1279258,
        -117.2026959,
        33.1280859
      ],
      "geometry": {
        "type": "Polygon",
        "coordinates": [
          [
            [
              -117.2027439,
              33.1279258
            ],
            [
              -117.2027519,
              33.1279264
            ],
            [
              -117.2027573,
              33.1279281
            ],
            [
              -117.2027727,
              33.1279365
            ],
            [
              -117.2027791,
              33.1279429
            ],
            [
              -117.2027858,
              33.1279553
            ],
            [
              -117.2027871,
              33.1279806
            ],
            [
              -117.2027838,
              33.1280081
            ],
            [
              -117.2027838,
              33.1280266
            ],
            [
              -117.2027845,
              33.1280362
            ],
            [
              -117.2027858,
              33.1280407
            ],
            [
              -117.2027858,
              33.1280553
            ],
            [
              -117.2027818,
              33.128067
            ],
            [
              -117.2027771,
              33.1280727
            ],
            [
              -117.20277,
              33.128078
            ],
            [
              -117.2027566,
              33.1280842
            ],
            [
              -117.2027405,
              33.1280859
            ],
            [
              -117.2027365,
              33.1280853
            ],
            [
              -117.2027311,
              33.128083
            ],
            [
              -117.2027197,
              33.1280769
            ],
            [
              -117.2027114,
              33.1280699
            ],
            [
              -117.2027067,
              33.1280631
            ],
            [
              -117.2027013,
              33.1280502
            ],
            [
              -117.202698,
              33.128035
            ],
            [
              -117.2026966,
              33.1280272
            ],
            [
              -117.2026959,
              33.128003
            ],
            [
              -117.2027,
              33.1279867
            ],
            [
              -117.202714,
              33.1279536
            ],
            [
              -117.2027187,
              33.127948
            ],
            [
              -117.2027241,
              33.1279384
            ],
            [
              -117.2027308,
              33.1279311
            ],
            [
              -117.2027365,
              33.1279275
            ],
            [
              -117.2027439,
              33.1279258
            ]
          ]
        ]
      },
      "properties": {
        "course_id": "lakehouse_san_marcos",
        "course_name": "The Links at Lakehouse",
        "hole_number": 16,
        "feature_type": "bunker",
        "name": "hole_16_bunker",
        "feature-color": "#d4b483",
        "is_approximate": true,
        "source": "osm",
        "@id": "aebb9837-674c-483d-ac26-d6f257d33435",
        "osm_id": 1497569495
      }
    },
    {
      "type": "Feature",
      "bbox": [
        -117.2031734,
        33.128142,
        -117.2029045,
        33.1282863
      ],
      "geometry": {
        "type": "Polygon",
        "coordinates": [
          [
            [
              -117.2031556,
              33.128142
            ],
            [
              -117.203163,
              33.1281426
            ],
            [
              -117.203167,
              33.1281443
            ],
            [
              -117.2031694,
              33.1281462
            ],
            [
              -117.2031734,
              33.128153
            ],
            [
              -117.2031714,
              33.1281765
            ],
            [
              -117.2031647,
              33.1281984
            ],
            [
              -117.2031626,
              33.1282091
            ],
            [
              -117.2031586,
              33.1282203
            ],
            [
              -117.203158,
              33.1282254
            ],
            [
              -117.2031519,
              33.1282423
            ],
            [
              -117.2031452,
              33.1282535
            ],
            [
              -117.2031295,
              33.1282672
            ],
            [
              -117.2031174,
              33.1282734
            ],
            [
              -117.2031033,
              33.1282785
            ],
            [
              -117.2030879,
              33.1282824
            ],
            [
              -117.2030691,
              33.1282858
            ],
            [
              -117.2030316,
              33.1282863
            ],
            [
              -117.2030128,
              33.128283
            ],
            [
              -117.2029893,
              33.1282802
            ],
            [
              -117.2029826,
              33.1282802
            ],
            [
              -117.2029477,
              33.1282751
            ],
            [
              -117.2029343,
              33.1282712
            ],
            [
              -117.2029263,
              33.1282672
            ],
            [
              -117.2029152,
              33.1282585
            ],
            [
              -117.2029125,
              33.1282552
            ],
            [
              -117.2029078,
              33.1282467
            ],
            [
              -117.2029045,
              33.1282361
            ],
            [
              -117.2029045,
              33.1282097
            ],
            [
              -117.2029072,
              33.1282018
            ],
            [
              -117.2029152,
              33.1281878
            ],
            [
              -117.2029186,
              33.1281833
            ],
            [
              -117.2029229,
              33.1281796
            ],
            [
              -117.202929,
              33.128178
            ],
            [
              -117.202937,
              33.128178
            ],
            [
              -117.2029444,
              33.1281791
            ],
            [
              -117.2029679,
              33.1281858
            ],
            [
              -117.2029873,
              33.1281903
            ],
            [
              -117.2029987,
              33.1281942
            ],
            [
              -117.2030416,
              33.1282027
            ],
            [
              -117.2030637,
              33.1282032
            ],
            [
              -117.2030725,
              33.1282021
            ],
            [
              -117.2030812,
              33.1281999
            ],
            [
              -117.2030973,
              33.1281931
            ],
            [
              -117.2031083,
              33.1281833
            ],
            [
              -117.2031204,
              33.1281664
            ],
            [
              -117.2031298,
              33.1281558
            ],
            [
              -117.2031395,
              33.1281476
            ],
            [
              -117.2031455,
              33.1281443
            ],
            [
              -117.2031556,
              33.128142
            ]
          ]
        ]
      },
      "properties": {
        "course_id": "lakehouse_san_marcos",
        "course_name": "The Links at Lakehouse",
        "hole_number": 16,
        "feature_type": "bunker",
        "name": "hole_16_bunker_2",
        "feature-color": "#d4b483",
        "is_approximate": true,
        "source": "osm",
        "@id": "3188bccd-882e-4f3d-9953-e7eda7f5fe27",
        "osm_id": 1497569496
      }
    },
    {
      "type": "Feature",
      "bbox": [
        -117.2028137,
        33.1236277,
        -117.2025821,
        33.1238155
      ],
      "geometry": {
        "type": "Polygon",
        "coordinates": [
          [
            [
              -117.2027739,
              33.1238072
            ],
            [
              -117.2027887,
              33.1237951
            ],
            [
              -117.2028028,
              33.1237809
            ],
            [
              -117.2028115,
              33.1237662
            ],
            [
              -117.2028137,
              33.1237579
            ],
            [
              -117.202813,
              33.1237422
            ],
            [
              -117.2028132,
              33.1237238
            ],
            [
              -117.2028099,
              33.1237008
            ],
            [
              -117.2028007,
              33.1236741
            ],
            [
              -117.2027909,
              33.1236638
            ],
            [
              -117.2027742,
              33.1236526
            ],
            [
              -117.2027658,
              33.1236463
            ],
            [
              -117.2027526,
              33.1236374
            ],
            [
              -117.20274,
              33.1236314
            ],
            [
              -117.2027243,
              33.1236277
            ],
            [
              -117.2027073,
              33.1236279
            ],
            [
              -117.2026912,
              33.1236302
            ],
            [
              -117.2026587,
              33.1236341
            ],
            [
              -117.202628,
              33.1236397
            ],
            [
              -117.2026112,
              33.1236488
            ],
            [
              -117.2026,
              33.1236669
            ],
            [
              -117.2025905,
              33.1236845
            ],
            [
              -117.2025839,
              33.1237018
            ],
            [
              -117.2025821,
              33.1237176
            ],
            [
              -117.2025851,
              33.1237361
            ],
            [
              -117.2025916,
              33.1237541
            ],
            [
              -117.2026007,
              33.1237691
            ],
            [
              -117.202614,
              33.1237853
            ],
            [
              -117.2026295,
              33.1237962
            ],
            [
              -117.2026461,
              33.1238042
            ],
            [
              -117.2026696,
              33.1238119
            ],
            [
              -117.2026919,
              33.1238143
            ],
            [
              -117.202712,
              33.1238155
            ],
            [
              -117.2027335,
              33.1238138
            ],
            [
              -117.2027545,
              33.1238126
            ],
            [
              -117.2027739,
              33.1238072
            ]
          ]
        ]
      },
      "properties": {
        "course_id": "lakehouse_san_marcos",
        "course_name": "The Links at Lakehouse",
        "hole_number": 9,
        "feature_type": "green",
        "name": "hole_9_green",
        "feature-color": "#2d6e2d",
        "is_approximate": true,
        "source": "osm",
        "@id": "a42fd566-2f5f-4393-962d-a776c5a1b0f6",
        "osm_id": 1497569497
      }
    },
    {
      "type": "Feature",
      "bbox": [
        -117.2026467,
        33.1235279,
        -117.2025125,
        33.1236323
      ],
      "geometry": {
        "type": "Polygon",
        "coordinates": [
          [
            [
              -117.2025977,
              33.1235279
            ],
            [
              -117.2026205,
              33.1235279
            ],
            [
              -117.2026326,
              33.1235335
            ],
            [
              -117.2026386,
              33.1235397
            ],
            [
              -117.2026467,
              33.1235599
            ],
            [
              -117.2026467,
              33.1235734
            ],
            [
              -117.2026426,
              33.1235812
            ],
            [
              -117.2026286,
              33.1235919
            ],
            [
              -117.2026138,
              33.1235975
            ],
            [
              -117.2026058,
              33.1235986
            ],
            [
              -117.202591,
              33.1236054
            ],
            [
              -117.2025655,
              33.1236267
            ],
            [
              -117.2025575,
              33.1236312
            ],
            [
              -117.2025441,
              33.1236323
            ],
            [
              -117.2025253,
              33.1236267
            ],
            [
              -117.2025166,
              33.1236205
            ],
            [
              -117.2025125,
              33.1236149
            ],
            [
              -117.2025125,
              33.1236048
            ],
            [
              -117.2025193,
              33.1235913
            ],
            [
              -117.2025407,
              33.1235711
            ],
            [
              -117.2025501,
              33.1235509
            ],
            [
              -117.2025588,
              33.1235425
            ],
            [
              -117.2025722,
              33.1235357
            ],
            [
              -117.2025977,
              33.1235279
            ]
          ]
        ]
      },
      "properties": {
        "course_id": "lakehouse_san_marcos",
        "course_name": "The Links at Lakehouse",
        "hole_number": 9,
        "feature_type": "bunker",
        "name": "hole_9_bunker",
        "feature-color": "#d4b483",
        "is_approximate": true,
        "source": "osm",
        "@id": "610bc5ed-b043-4669-8af7-bcac744eb732",
        "osm_id": 1497569498
      }
    },
    {
      "type": "Feature",
      "bbox": [
        -117.2028599,
        33.1235436,
        -117.2027325,
        33.123657
      ],
      "geometry": {
        "type": "Polygon",
        "coordinates": [
          [
            [
              -117.2027573,
              33.1235436
            ],
            [
              -117.2027734,
              33.1235436
            ],
            [
              -117.2027881,
              33.1235492
            ],
            [
              -117.2028284,
              33.1235717
            ],
            [
              -117.2028492,
              33.1235913
            ],
            [
              -117.2028572,
              33.1236082
            ],
            [
              -117.2028599,
              33.1236228
            ],
            [
              -117.2028572,
              33.1236441
            ],
            [
              -117.2028545,
              33.1236497
            ],
            [
              -117.2028472,
              33.1236559
            ],
            [
              -117.2028364,
              33.123657
            ],
            [
              -117.2028176,
              33.1236514
            ],
            [
              -117.2028116,
              33.1236453
            ],
            [
              -117.2028062,
              33.1236273
            ],
            [
              -117.2028002,
              33.1236211
            ],
            [
              -117.2027908,
              33.1236177
            ],
            [
              -117.2027761,
              33.1236166
            ],
            [
              -117.2027586,
              33.1236121
            ],
            [
              -117.2027466,
              33.1236065
            ],
            [
              -117.2027392,
              33.1236003
            ],
            [
              -117.2027325,
              33.123588
            ],
            [
              -117.2027338,
              33.1235644
            ],
            [
              -117.2027365,
              33.1235576
            ],
            [
              -117.2027493,
              33.123547
            ],
            [
              -117.2027573,
              33.1235436
            ]
          ]
        ]
      },
      "properties": {
        "course_id": "lakehouse_san_marcos",
        "course_name": "The Links at Lakehouse",
        "hole_number": 9,
        "feature_type": "bunker",
        "name": "hole_9_bunker_2",
        "feature-color": "#d4b483",
        "is_approximate": true,
        "source": "osm",
        "@id": "c154e566-0c73-4d91-a43f-acc518387661",
        "osm_id": 1497569499
      }
    },
    {
      "type": "Feature",
      "bbox": [
        -117.2028492,
        33.1238424,
        -117.2026212,
        33.1239536
      ],
      "geometry": {
        "type": "Polygon",
        "coordinates": [
          [
            [
              -117.202819,
              33.1238424
            ],
            [
              -117.2028337,
              33.1238435
            ],
            [
              -117.2028431,
              33.1238469
            ],
            [
              -117.2028492,
              33.1238575
            ],
            [
              -117.2028411,
              33.1238777
            ],
            [
              -117.2028203,
              33.123894
            ],
            [
              -117.2027908,
              33.1239064
            ],
            [
              -117.202756,
              33.1239154
            ],
            [
              -117.202709,
              33.1239378
            ],
            [
              -117.2026688,
              33.1239513
            ],
            [
              -117.2026581,
              33.1239536
            ],
            [
              -117.202642,
              33.1239536
            ],
            [
              -117.2026353,
              33.1239513
            ],
            [
              -117.2026252,
              33.1239418
            ],
            [
              -117.2026212,
              33.1239328
            ],
            [
              -117.2026225,
              33.1239159
            ],
            [
              -117.2026319,
              33.1239013
            ],
            [
              -117.2026433,
              33.1238929
            ],
            [
              -117.2026661,
              33.1238839
            ],
            [
              -117.2027425,
              33.1238637
            ],
            [
              -117.2027881,
              33.123848
            ],
            [
              -117.202819,
              33.1238424
            ]
          ]
        ]
      },
      "properties": {
        "course_id": "lakehouse_san_marcos",
        "course_name": "The Links at Lakehouse",
        "hole_number": 9,
        "feature_type": "bunker",
        "name": "hole_9_bunker_3",
        "feature-color": "#d4b483",
        "is_approximate": true,
        "source": "osm",
        "@id": "fd84ec6c-8e47-4a66-8813-8203da6759db",
        "osm_id": 1497569500
      }
    },
    {
      "type": "Feature",
      "bbox": [
        -117.2027208,
        33.1229447,
        -117.2024794,
        33.1230373
      ],
      "geometry": {
        "type": "Polygon",
        "coordinates": [
          [
            [
              -117.2026359,
              33.1229447
            ],
            [
              -117.202656,
              33.1229447
            ],
            [
              -117.2026842,
              33.1229486
            ],
            [
              -117.202703,
              33.1229576
            ],
            [
              -117.2027087,
              33.1229624
            ],
            [
              -117.2027147,
              33.1229697
            ],
            [
              -117.2027181,
              33.1229753
            ],
            [
              -117.2027208,
              33.1229837
            ],
            [
              -117.2027201,
              33.1230011
            ],
            [
              -117.2027154,
              33.1230129
            ],
            [
              -117.2027107,
              33.1230202
            ],
            [
              -117.202699,
              33.12303
            ],
            [
              -117.2026889,
              33.1230345
            ],
            [
              -117.2026835,
              33.1230357
            ],
            [
              -117.2026748,
              33.1230357
            ],
            [
              -117.2026674,
              33.123034
            ],
            [
              -117.2026581,
              33.12303
            ],
            [
              -117.2026473,
              33.1230239
            ],
            [
              -117.2026218,
              33.1230036
            ],
            [
              -117.2026178,
              33.123002
            ],
            [
              -117.2026104,
              33.123002
            ],
            [
              -117.2026051,
              33.1230042
            ],
            [
              -117.202597,
              33.1230109
            ],
            [
              -117.202589,
              33.123016
            ],
            [
              -117.2025689,
              33.1230261
            ],
            [
              -117.2025548,
              33.1230357
            ],
            [
              -117.2025481,
              33.1230373
            ],
            [
              -117.202536,
              33.1230368
            ],
            [
              -117.2025193,
              33.12303
            ],
            [
              -117.2025112,
              33.1230244
            ],
            [
              -117.2024901,
              33.1230056
            ],
            [
              -117.2024807,
              33.1229927
            ],
            [
              -117.2024794,
              33.1229888
            ],
            [
              -117.2024794,
              33.1229775
            ],
            [
              -117.2024827,
              33.1229674
            ],
            [
              -117.2024884,
              33.122961
            ],
            [
              -117.2024991,
              33.1229559
            ],
            [
              -117.2025085,
              33.1229542
            ],
            [
              -117.2025226,
              33.1229542
            ],
            [
              -117.202532,
              33.1229548
            ],
            [
              -117.2025481,
              33.1229576
            ],
            [
              -117.2025649,
              33.122957
            ],
            [
              -117.2025729,
              33.1229559
            ],
            [
              -117.2025997,
              33.1229486
            ],
            [
              -117.2026185,
              33.1229458
            ],
            [
              -117.2026359,
              33.1229447
            ]
          ]
        ]
      },
      "properties": {
        "course_id": "lakehouse_san_marcos",
        "course_name": "The Links at Lakehouse",
        "hole_number": 9,
        "feature_type": "bunker",
        "name": "hole_9_bunker_4",
        "feature-color": "#d4b483",
        "is_approximate": true,
        "source": "osm",
        "@id": "4138e7c7-0339-4a94-bcfb-2b7a72a91809",
        "osm_id": 1497569501
      }
    },
    {
      "type": "Feature",
      "bbox": [
        -117.2015413,
        33.1208567,
        -117.2011953,
        33.1210661
      ],
      "geometry": {
        "type": "Polygon",
        "coordinates": [
          [
            [
              -117.2015413,
              33.1209827
            ],
            [
              -117.2015352,
              33.1209592
            ],
            [
              -117.2015258,
              33.1209429
            ],
            [
              -117.2015208,
              33.1209375
            ],
            [
              -117.2015051,
              33.1209327
            ],
            [
              -117.2014963,
              33.1209232
            ],
            [
              -117.2014867,
              33.1209168
            ],
            [
              -117.2014751,
              33.1209037
            ],
            [
              -117.2014698,
              33.1208904
            ],
            [
              -117.2014591,
              33.1208847
            ],
            [
              -117.2014495,
              33.1208867
            ],
            [
              -117.2014323,
              33.1208853
            ],
            [
              -117.2014068,
              33.1208808
            ],
            [
              -117.2013958,
              33.1208813
            ],
            [
              -117.2013787,
              33.1208773
            ],
            [
              -117.201375,
              33.1208741
            ],
            [
              -117.2013709,
              33.1208586
            ],
            [
              -117.2013653,
              33.1208567
            ],
            [
              -117.2013438,
              33.1208612
            ],
            [
              -117.2013183,
              33.1208696
            ],
            [
              -117.2013105,
              33.1208772
            ],
            [
              -117.2013029,
              33.120878
            ],
            [
              -117.2012915,
              33.1208831
            ],
            [
              -117.2012857,
              33.1208895
            ],
            [
              -117.201266,
              33.120896
            ],
            [
              -117.2012418,
              33.1209117
            ],
            [
              -117.2012362,
              33.1209176
            ],
            [
              -117.2012351,
              33.120925
            ],
            [
              -117.2012261,
              33.1209316
            ],
            [
              -117.201215,
              33.1209466
            ],
            [
              -117.201204,
              33.1209569
            ],
            [
              -117.2012012,
              33.1209706
            ],
            [
              -117.2011973,
              33.1209749
            ],
            [
              -117.2011975,
              33.1209827
            ],
            [
              -117.2011953,
              33.1209867
            ],
            [
              -117.2011986,
              33.1210086
            ],
            [
              -117.2012059,
              33.1210104
            ],
            [
              -117.2012073,
              33.1210164
            ],
            [
              -117.2012128,
              33.1210182
            ],
            [
              -117.2012204,
              33.1210246
            ],
            [
              -117.2012465,
              33.1210285
            ],
            [
              -117.2012725,
              33.1210224
            ],
            [
              -117.2012801,
              33.121024
            ],
            [
              -117.2012895,
              33.1210229
            ],
            [
              -117.2013045,
              33.1210074
            ],
            [
              -117.2012892,
              33.120991
            ],
            [
              -117.2012892,
              33.120982
            ],
            [
              -117.2012921,
              33.1209764
            ],
            [
              -117.2012968,
              33.1209725
            ],
            [
              -117.2013071,
              33.1209696
            ],
            [
              -117.2013183,
              33.1209707
            ],
            [
              -117.2013294,
              33.1209575
            ],
            [
              -117.2013368,
              33.1209544
            ],
            [
              -117.2013469,
              33.1209545
            ],
            [
              -117.2013525,
              33.1209578
            ],
            [
              -117.2013629,
              33.1209749
            ],
            [
              -117.2013753,
              33.1209836
            ],
            [
              -117.2013824,
              33.1209857
            ],
            [
              -117.2014065,
              33.1210125
            ],
            [
              -117.2014201,
              33.1210211
            ],
            [
              -117.2014232,
              33.1210282
            ],
            [
              -117.2014363,
              33.1210437
            ],
            [
              -117.2014585,
              33.1210529
            ],
            [
              -117.2014658,
              33.1210594
            ],
            [
              -117.2014725,
              33.1210611
            ],
            [
              -117.2014796,
              33.12106
            ],
            [
              -117.2014846,
              33.1210639
            ],
            [
              -117.2014873,
              33.1210639
            ],
            [
              -117.2014886,
              33.1210601
            ],
            [
              -117.2014912,
              33.1210595
            ],
            [
              -117.2014923,
              33.1210653
            ],
            [
              -117.2014953,
              33.1210661
            ],
            [
              -117.2015014,
              33.1210645
            ],
            [
              -117.2015111,
              33.121058
            ],
            [
              -117.2015167,
              33.1210439
            ],
            [
              -117.2015278,
              33.1210305
            ],
            [
              -117.2015352,
              33.1210136
            ],
            [
              -117.2015346,
              33.1210028
            ],
            [
              -117.2015413,
              33.1209827
            ]
          ]
        ]
      },
      "properties": {
        "course_id": "lakehouse_san_marcos",
        "course_name": "The Links at Lakehouse",
        "hole_number": 8,
        "feature_type": "water",
        "name": "hole_8_water",
        "feature-color": "#2255cc",
        "is_approximate": true,
        "source": "osm",
        "@id": "9a18c62c-5f4a-41ef-aac4-de182168daec",
        "osm_id": 1497569502
      }
    },
    {
      "type": "Feature",
      "bbox": [
        -117.2024098,
        33.1203106,
        -117.2023035,
        33.1204704
      ],
      "geometry": {
        "type": "Polygon",
        "coordinates": [
          [
            [
              -117.2023265,
              33.1203106
            ],
            [
              -117.2023308,
              33.1203106
            ],
            [
              -117.2023369,
              33.1203121
            ],
            [
              -117.2023402,
              33.1203135
            ],
            [
              -117.2023521,
              33.120322
            ],
            [
              -117.2023545,
              33.1203282
            ],
            [
              -117.2023602,
              33.1203372
            ],
            [
              -117.2023652,
              33.1203417
            ],
            [
              -117.2023682,
              33.1203459
            ],
            [
              -117.2023711,
              33.1203483
            ],
            [
              -117.2023768,
              33.1203514
            ],
            [
              -117.2023804,
              33.1203528
            ],
            [
              -117.2023861,
              33.1203542
            ],
            [
              -117.2023885,
              33.1203542
            ],
            [
              -117.2023929,
              33.120355
            ],
            [
              -117.2023999,
              33.120357
            ],
            [
              -117.2024063,
              33.1203604
            ],
            [
              -117.2024081,
              33.1203619
            ],
            [
              -117.2024098,
              33.1203647
            ],
            [
              -117.2024098,
              33.1203723
            ],
            [
              -117.2024088,
              33.1203768
            ],
            [
              -117.2024068,
              33.1203807
            ],
            [
              -117.2023975,
              33.120389
            ],
            [
              -117.202392,
              33.1203922
            ],
            [
              -117.2023908,
              33.1203943
            ],
            [
              -117.2023838,
              33.120398
            ],
            [
              -117.2023794,
              33.1203988
            ],
            [
              -117.2023758,
              33.1204002
            ],
            [
              -117.2023684,
              33.1204016
            ],
            [
              -117.2023657,
              33.1204028
            ],
            [
              -117.202361,
              33.1204039
            ],
            [
              -117.2023553,
              33.1204064
            ],
            [
              -117.2023489,
              33.1204101
            ],
            [
              -117.2023471,
              33.1204116
            ],
            [
              -117.2023454,
              33.1204155
            ],
            [
              -117.2023457,
              33.1204217
            ],
            [
              -117.2023481,
              33.1204268
            ],
            [
              -117.2023525,
              33.1204313
            ],
            [
              -117.2023571,
              33.1204383
            ],
            [
              -117.2023598,
              33.1204464
            ],
            [
              -117.2023612,
              33.1204489
            ],
            [
              -117.2023612,
              33.1204537
            ],
            [
              -117.2023595,
              33.1204588
            ],
            [
              -117.2023558,
              33.1204641
            ],
            [
              -117.2023516,
              33.1204673
            ],
            [
              -117.2023476,
              33.120469
            ],
            [
              -117.2023422,
              33.1204704
            ],
            [
              -117.2023325,
              33.1204699
            ],
            [
              -117.2023292,
              33.120469
            ],
            [
              -117.2023221,
              33.1204645
            ],
            [
              -117.2023186,
              33.1204616
            ],
            [
              -117.2023166,
              33.1204588
            ],
            [
              -117.2023142,
              33.1204518
            ],
            [
              -117.2023139,
              33.1204481
            ],
            [
              -117.2023112,
              33.1204408
            ],
            [
              -117.2023102,
              33.1204287
            ],
            [
              -117.2023105,
              33.1204259
            ],
            [
              -117.2023089,
              33.1204195
            ],
            [
              -117.2023079,
              33.1204074
            ],
            [
              -117.2023052,
              33.1203894
            ],
            [
              -117.2023052,
              33.1203818
            ],
            [
              -117.2023045,
              33.1203799
            ],
            [
              -117.2023045,
              33.1203759
            ],
            [
              -117.2023038,
              33.1203731
            ],
            [
              -117.2023035,
              33.1203639
            ],
            [
              -117.2023042,
              33.1203582
            ],
            [
              -117.2023042,
              33.120345
            ],
            [
              -117.2023065,
              33.120331
            ],
            [
              -117.2023115,
              33.1203226
            ],
            [
              -117.2023139,
              33.1203201
            ],
            [
              -117.2023146,
              33.1203184
            ],
            [
              -117.2023172,
              33.1203147
            ],
            [
              -117.2023204,
              33.1203123
            ],
            [
              -117.2023265,
              33.1203106
            ]
          ]
        ]
      },
      "properties": {
        "course_id": "lakehouse_san_marcos",
        "course_name": "The Links at Lakehouse",
        "hole_number": 8,
        "feature_type": "bunker",
        "name": "hole_8_bunker",
        "feature-color": "#d4b483",
        "is_approximate": true,
        "source": "osm",
        "@id": "b793bfc0-dc15-41c4-9f8b-9ffe55e0c772",
        "osm_id": 1497569503
      }
    },
    {
      "type": "Feature",
      "bbox": [
        -117.2027512,
        33.1208477,
        -117.2024993,
        33.1212
      ],
      "geometry": {
        "type": "Polygon",
        "coordinates": [
          [
            [
              -117.2024993,
              33.1211714
            ],
            [
              -117.2025103,
              33.1211868
            ],
            [
              -117.2025267,
              33.1211981
            ],
            [
              -117.2025471,
              33.1212
            ],
            [
              -117.2025717,
              33.1211982
            ],
            [
              -117.2027512,
              33.1208777
            ],
            [
              -117.2026885,
              33.1208477
            ],
            [
              -117.2025995,
              33.1209945
            ],
            [
              -117.202527,
              33.121111
            ],
            [
              -117.2024993,
              33.1211714
            ]
          ]
        ]
      },
      "properties": {
        "course_id": "lakehouse_san_marcos",
        "course_name": "The Links at Lakehouse",
        "hole_number": 9,
        "feature_type": "tee_box",
        "name": "hole_9_tee_box",
        "feature-color": "#8b7355",
        "is_approximate": true,
        "source": "osm",
        "@id": "1d6d2577-0894-4ec8-a0c6-e28326b000c3",
        "osm_id": 1497569504
      }
    },
    {
      "type": "Feature",
      "bbox": [
        -117.2006052,
        33.1208224,
        -117.200518,
        33.1209134
      ],
      "geometry": {
        "type": "Polygon",
        "coordinates": [
          [
            [
              -117.2005519,
              33.1208224
            ],
            [
              -117.2005599,
              33.1208224
            ],
            [
              -117.2005666,
              33.1208235
            ],
            [
              -117.20058,
              33.1208286
            ],
            [
              -117.2005938,
              33.1208412
            ],
            [
              -117.2005998,
              33.1208496
            ],
            [
              -117.2006031,
              33.1208558
            ],
            [
              -117.2006052,
              33.1208648
            ],
            [
              -117.2006052,
              33.120876
            ],
            [
              -117.2006038,
              33.120885
            ],
            [
              -117.2006018,
              33.1208912
            ],
            [
              -117.2005985,
              33.1208963
            ],
            [
              -117.2005934,
              33.120901
            ],
            [
              -117.2005814,
              33.1209089
            ],
            [
              -117.2005733,
              33.1209117
            ],
            [
              -117.2005639,
              33.1209134
            ],
            [
              -117.2005425,
              33.1209134
            ],
            [
              -117.2005358,
              33.1209117
            ],
            [
              -117.200525,
              33.1209066
            ],
            [
              -117.2005213,
              33.1209036
            ],
            [
              -117.2005187,
              33.1208991
            ],
            [
              -117.200518,
              33.1208957
            ],
            [
              -117.200518,
              33.120871
            ],
            [
              -117.2005213,
              33.1208547
            ],
            [
              -117.200522,
              33.1208457
            ],
            [
              -117.2005254,
              33.120835
            ],
            [
              -117.2005324,
              33.1208286
            ],
            [
              -117.2005364,
              33.1208263
            ],
            [
              -117.2005519,
              33.1208224
            ]
          ]
        ]
      },
      "properties": {
        "course_id": "lakehouse_san_marcos",
        "course_name": "The Links at Lakehouse",
        "hole_number": 8,
        "feature_type": "bunker",
        "name": "hole_8_bunker_2",
        "feature-color": "#d4b483",
        "is_approximate": true,
        "source": "osm",
        "@id": "3fd7b4d8-2c1e-45be-9e5f-55bde5c40c6c",
        "osm_id": 1497569505
      }
    },
    {
      "type": "Feature",
      "bbox": [
        -117.2005857,
        33.1210358,
        -117.2005066,
        33.1211526
      ],
      "geometry": {
        "type": "Polygon",
        "coordinates": [
          [
            [
              -117.2005344,
              33.1210358
            ],
            [
              -117.2005465,
              33.1210364
            ],
            [
              -117.2005545,
              33.1210409
            ],
            [
              -117.2005659,
              33.1210454
            ],
            [
              -117.2005757,
              33.1210529
            ],
            [
              -117.2005797,
              33.1210574
            ],
            [
              -117.200585,
              33.1210675
            ],
            [
              -117.2005857,
              33.1210883
            ],
            [
              -117.2005837,
              33.1211035
            ],
            [
              -117.2005837,
              33.1211209
            ],
            [
              -117.2005824,
              33.1211299
            ],
            [
              -117.2005797,
              33.1211366
            ],
            [
              -117.200573,
              33.1211456
            ],
            [
              -117.2005666,
              33.1211509
            ],
            [
              -117.2005612,
              33.1211526
            ],
            [
              -117.2005451,
              33.1211526
            ],
            [
              -117.2005311,
              33.1211487
            ],
            [
              -117.200527,
              33.1211465
            ],
            [
              -117.2005133,
              33.1211327
            ],
            [
              -117.2005093,
              33.1211226
            ],
            [
              -117.2005066,
              33.1211085
            ],
            [
              -117.2005086,
              33.1210625
            ],
            [
              -117.2005099,
              33.1210586
            ],
            [
              -117.200516,
              33.1210496
            ],
            [
              -117.2005264,
              33.1210409
            ],
            [
              -117.2005344,
              33.1210358
            ]
          ]
        ]
      },
      "properties": {
        "course_id": "lakehouse_san_marcos",
        "course_name": "The Links at Lakehouse",
        "hole_number": 8,
        "feature_type": "bunker",
        "name": "hole_8_bunker_3",
        "feature-color": "#d4b483",
        "is_approximate": true,
        "source": "osm",
        "@id": "efa0b7b7-67b7-4d26-85ee-d582d80cd3b5",
        "osm_id": 1497569506
      }
    },
    {
      "type": "Feature",
      "bbox": [
        -117.1988701,
        33.1207772,
        -117.1986596,
        33.1209423
      ],
      "geometry": {
        "type": "Polygon",
        "coordinates": [
          [
            [
              -117.1987005,
              33.1207772
            ],
            [
              -117.1987192,
              33.1207783
            ],
            [
              -117.1987326,
              33.1207839
            ],
            [
              -117.1987454,
              33.1207957
            ],
            [
              -117.1987668,
              33.1208238
            ],
            [
              -117.198793,
              33.120848
            ],
            [
              -117.1988131,
              33.1208603
            ],
            [
              -117.1988238,
              33.1208637
            ],
            [
              -117.1988507,
              33.1208772
            ],
            [
              -117.1988647,
              33.120889
            ],
            [
              -117.1988701,
              33.1208991
            ],
            [
              -117.1988701,
              33.1209148
            ],
            [
              -117.1988674,
              33.1209271
            ],
            [
              -117.198856,
              33.1209389
            ],
            [
              -117.1988426,
              33.1209423
            ],
            [
              -117.1988319,
              33.1209412
            ],
            [
              -117.198801,
              33.1209288
            ],
            [
              -117.1987648,
              33.1209198
            ],
            [
              -117.1987514,
              33.1209142
            ],
            [
              -117.1987367,
              33.1209052
            ],
            [
              -117.1986944,
              33.1208665
            ],
            [
              -117.1986676,
              33.1208317
            ],
            [
              -117.1986609,
              33.1208182
            ],
            [
              -117.1986596,
              33.1208025
            ],
            [
              -117.1986649,
              33.1207924
            ],
            [
              -117.1986736,
              33.1207851
            ],
            [
              -117.1986857,
              33.1207794
            ],
            [
              -117.1987005,
              33.1207772
            ]
          ]
        ]
      },
      "properties": {
        "course_id": "lakehouse_san_marcos",
        "course_name": "The Links at Lakehouse",
        "hole_number": 2,
        "feature_type": "bunker",
        "name": "hole_2_bunker",
        "feature-color": "#d4b483",
        "is_approximate": true,
        "source": "osm",
        "@id": "6d04b3f3-b4a8-456c-acbc-eeafa898b4a9",
        "osm_id": 1497569507
      }
    },
    {
      "type": "Feature",
      "bbox": [
        -117.1991464,
        33.1205818,
        -117.1990284,
        33.1206772
      ],
      "geometry": {
        "type": "Polygon",
        "coordinates": [
          [
            [
              -117.1990532,
              33.1205818
            ],
            [
              -117.1990733,
              33.1205818
            ],
            [
              -117.1990907,
              33.1205874
            ],
            [
              -117.1991216,
              33.1206042
            ],
            [
              -117.199137,
              33.1206194
            ],
            [
              -117.1991464,
              33.1206374
            ],
            [
              -117.1991464,
              33.120652
            ],
            [
              -117.1991424,
              33.1206621
            ],
            [
              -117.199131,
              33.1206727
            ],
            [
              -117.1991216,
              33.1206772
            ],
            [
              -117.1991082,
              33.1206772
            ],
            [
              -117.1990934,
              33.1206727
            ],
            [
              -117.1990518,
              33.1206435
            ],
            [
              -117.1990351,
              33.1206284
            ],
            [
              -117.1990284,
              33.1206149
            ],
            [
              -117.1990284,
              33.1205992
            ],
            [
              -117.199031,
              33.1205924
            ],
            [
              -117.1990371,
              33.1205863
            ],
            [
              -117.1990532,
              33.1205818
            ]
          ]
        ]
      },
      "properties": {
        "course_id": "lakehouse_san_marcos",
        "course_name": "The Links at Lakehouse",
        "hole_number": 2,
        "feature_type": "bunker",
        "name": "hole_2_bunker_2",
        "feature-color": "#d4b483",
        "is_approximate": true,
        "source": "osm",
        "@id": "9012b6b0-2001-439e-8813-32c5bafddcf9",
        "osm_id": 1497569508
      }
    },
    {
      "type": "Feature",
      "bbox": [
        -117.1999527,
        33.1195453,
        -117.1997482,
        33.1196391
      ],
      "geometry": {
        "type": "Polygon",
        "coordinates": [
          [
            [
              -117.1999115,
              33.1195453
            ],
            [
              -117.1999262,
              33.1195459
            ],
            [
              -117.1999396,
              33.1195526
            ],
            [
              -117.1999467,
              33.1195591
            ],
            [
              -117.199952,
              33.1195664
            ],
            [
              -117.1999527,
              33.1195759
            ],
            [
              -117.1999487,
              33.1195844
            ],
            [
              -117.1999443,
              33.119588
            ],
            [
              -117.1999269,
              33.1195959
            ],
            [
              -117.1999199,
              33.1196012
            ],
            [
              -117.1999132,
              33.119618
            ],
            [
              -117.1999095,
              33.1196217
            ],
            [
              -117.1998994,
              33.1196279
            ],
            [
              -117.1998867,
              33.1196312
            ],
            [
              -117.1998726,
              33.1196318
            ],
            [
              -117.1998578,
              33.1196284
            ],
            [
              -117.1998437,
              33.1196239
            ],
            [
              -117.1998397,
              33.1196239
            ],
            [
              -117.1998243,
              33.1196284
            ],
            [
              -117.1998042,
              33.1196374
            ],
            [
              -117.1997968,
              33.1196391
            ],
            [
              -117.1997921,
              33.1196391
            ],
            [
              -117.1997854,
              33.1196385
            ],
            [
              -117.1997774,
              33.1196363
            ],
            [
              -117.1997646,
              33.1196296
            ],
            [
              -117.1997589,
              33.1196248
            ],
            [
              -117.1997576,
              33.119622
            ],
            [
              -117.1997569,
              33.119613
            ],
            [
              -117.1997556,
              33.1196107
            ],
            [
              -117.1997489,
              33.1196051
            ],
            [
              -117.1997482,
              33.1195984
            ],
            [
              -117.1997515,
              33.1195888
            ],
            [
              -117.1997536,
              33.119586
            ],
            [
              -117.1997686,
              33.1195745
            ],
            [
              -117.1997834,
              33.1195695
            ],
            [
              -117.1997901,
              33.1195683
            ],
            [
              -117.1997975,
              33.1195683
            ],
            [
              -117.1998176,
              33.1195751
            ],
            [
              -117.1998283,
              33.1195756
            ],
            [
              -117.199835,
              33.1195734
            ],
            [
              -117.1998434,
              33.1195658
            ],
            [
              -117.1998501,
              33.1195574
            ],
            [
              -117.1998592,
              33.1195509
            ],
            [
              -117.1998746,
              33.1195476
            ],
            [
              -117.1999007,
              33.1195476
            ],
            [
              -117.1999115,
              33.1195453
            ]
          ]
        ]
      },
      "properties": {
        "course_id": "lakehouse_san_marcos",
        "course_name": "The Links at Lakehouse",
        "hole_number": 4,
        "feature_type": "bunker",
        "name": "hole_4_bunker",
        "feature-color": "#d4b483",
        "is_approximate": true,
        "source": "osm",
        "@id": "77893e8a-f03e-4268-aa81-a581abb236ea",
        "osm_id": 1497569509
      }
    },
    {
      "type": "Feature",
      "bbox": [
        -117.200694,
        33.1190284,
        -117.2006122,
        33.1191227
      ],
      "geometry": {
        "type": "Polygon",
        "coordinates": [
          [
            [
              -117.2006424,
              33.1190284
            ],
            [
              -117.2006638,
              33.1190295
            ],
            [
              -117.2006793,
              33.1190379
            ],
            [
              -117.2006846,
              33.1190458
            ],
            [
              -117.2006846,
              33.119066
            ],
            [
              -117.200694,
              33.119084
            ],
            [
              -117.200694,
              33.1190952
            ],
            [
              -117.2006873,
              33.1191087
            ],
            [
              -117.2006732,
              33.1191182
            ],
            [
              -117.2006544,
              33.1191227
            ],
            [
              -117.2006303,
              33.1191171
            ],
            [
              -117.2006243,
              33.1191132
            ],
            [
              -117.2006202,
              33.1190974
            ],
            [
              -117.2006202,
              33.1190783
            ],
            [
              -117.2006122,
              33.1190615
            ],
            [
              -117.2006122,
              33.1190514
            ],
            [
              -117.2006162,
              33.1190413
            ],
            [
              -117.2006276,
              33.1190328
            ],
            [
              -117.2006424,
              33.1190284
            ]
          ]
        ]
      },
      "properties": {
        "course_id": "lakehouse_san_marcos",
        "course_name": "The Links at Lakehouse",
        "hole_number": 4,
        "feature_type": "bunker",
        "name": "hole_4_bunker_2",
        "feature-color": "#d4b483",
        "is_approximate": true,
        "source": "osm",
        "@id": "df6232c7-e171-4577-b870-748773431511",
        "osm_id": 1497569510
      }
    },
    {
      "type": "Feature",
      "bbox": [
        -117.2008697,
        33.1191598,
        -117.2007892,
        33.1192294
      ],
      "geometry": {
        "type": "Polygon",
        "coordinates": [
          [
            [
              -117.2008234,
              33.1191598
            ],
            [
              -117.2008355,
              33.1191598
            ],
            [
              -117.2008476,
              33.1191643
            ],
            [
              -117.200863,
              33.1191817
            ],
            [
              -117.2008697,
              33.1191963
            ],
            [
              -117.2008697,
              33.1192064
            ],
            [
              -117.2008643,
              33.1192165
            ],
            [
              -117.200857,
              33.1192227
            ],
            [
              -117.2008489,
              33.119226
            ],
            [
              -117.2008328,
              33.1192294
            ],
            [
              -117.2008167,
              33.1192272
            ],
            [
              -117.2008114,
              33.1192249
            ],
            [
              -117.2008013,
              33.1192165
            ],
            [
              -117.2007946,
              33.1192064
            ],
            [
              -117.2007892,
              33.1191884
            ],
            [
              -117.2007892,
              33.1191806
            ],
            [
              -117.2007919,
              33.1191749
            ],
            [
              -117.200802,
              33.1191665
            ],
            [
              -117.2008234,
              33.1191598
            ]
          ]
        ]
      },
      "properties": {
        "course_id": "lakehouse_san_marcos",
        "course_name": "The Links at Lakehouse",
        "hole_number": 4,
        "feature_type": "bunker",
        "name": "hole_4_bunker_3",
        "feature-color": "#d4b483",
        "is_approximate": true,
        "source": "osm",
        "@id": "9b9ba1bd-eca7-4f48-9a21-31f51a787c39",
        "osm_id": 1497569511
      }
    },
    {
      "type": "Feature",
      "bbox": [
        -117.2009086,
        33.118925,
        -117.2008268,
        33.1189845
      ],
      "geometry": {
        "type": "Polygon",
        "coordinates": [
          [
            [
              -117.2008744,
              33.118925
            ],
            [
              -117.2008878,
              33.118925
            ],
            [
              -117.2009046,
              33.1189346
            ],
            [
              -117.2009086,
              33.1189413
            ],
            [
              -117.2009072,
              33.118957
            ],
            [
              -117.2008945,
              33.1189688
            ],
            [
              -117.2008677,
              33.1189823
            ],
            [
              -117.2008596,
              33.1189845
            ],
            [
              -117.2008435,
              33.1189823
            ],
            [
              -117.2008295,
              33.1189705
            ],
            [
              -117.2008268,
              33.1189649
            ],
            [
              -117.2008268,
              33.1189469
            ],
            [
              -117.2008382,
              33.1189374
            ],
            [
              -117.2008637,
              33.1189273
            ],
            [
              -117.2008744,
              33.118925
            ]
          ]
        ]
      },
      "properties": {
        "course_id": "lakehouse_san_marcos",
        "course_name": "The Links at Lakehouse",
        "hole_number": 4,
        "feature_type": "bunker",
        "name": "hole_4_bunker_4",
        "feature-color": "#d4b483",
        "is_approximate": true,
        "source": "osm",
        "@id": "1d64e451-219f-4a45-8c2b-863278e10f5f",
        "osm_id": 1497569512
      }
    },
    {
      "type": "Feature",
      "bbox": [
        -117.1971133,
        33.1193575,
        -117.1970395,
        33.1194608
      ],
      "geometry": {
        "type": "Polygon",
        "coordinates": [
          [
            [
              -117.1970643,
              33.1193575
            ],
            [
              -117.1970777,
              33.1193586
            ],
            [
              -117.1970945,
              33.1193726
            ],
            [
              -117.1971052,
              33.1193928
            ],
            [
              -117.1971119,
              33.1194119
            ],
            [
              -117.1971133,
              33.1194322
            ],
            [
              -117.1971106,
              33.1194445
            ],
            [
              -117.1970992,
              33.1194541
            ],
            [
              -117.1970817,
              33.1194608
            ],
            [
              -117.1970643,
              33.1194608
            ],
            [
              -117.1970563,
              33.1194585
            ],
            [
              -117.1970462,
              33.1194501
            ],
            [
              -117.1970422,
              33.1194411
            ],
            [
              -117.1970422,
              33.119422
            ],
            [
              -117.1970449,
              33.1194074
            ],
            [
              -117.1970395,
              33.1193895
            ],
            [
              -117.1970408,
              33.119376
            ],
            [
              -117.1970462,
              33.1193648
            ],
            [
              -117.1970509,
              33.1193608
            ],
            [
              -117.1970643,
              33.1193575
            ]
          ]
        ]
      },
      "properties": {
        "course_id": "lakehouse_san_marcos",
        "course_name": "The Links at Lakehouse",
        "hole_number": 3,
        "feature_type": "bunker",
        "name": "hole_3_bunker",
        "feature-color": "#d4b483",
        "is_approximate": true,
        "source": "osm",
        "@id": "5ee8eaa0-2d4b-477f-80d7-f2b67850b8ef",
        "osm_id": 1497569513
      }
    },
    {
      "type": "Feature",
      "bbox": [
        -117.1969832,
        33.1196315,
        -117.1968477,
        33.1196978
      ],
      "geometry": {
        "type": "Polygon",
        "coordinates": [
          [
            [
              -117.1969396,
              33.1196315
            ],
            [
              -117.196953,
              33.1196315
            ],
            [
              -117.1969624,
              33.1196349
            ],
            [
              -117.1969765,
              33.1196478
            ],
            [
              -117.1969818,
              33.119659
            ],
            [
              -117.1969832,
              33.1196736
            ],
            [
              -117.1969805,
              33.1196793
            ],
            [
              -117.1969731,
              33.1196854
            ],
            [
              -117.196953,
              33.1196922
            ],
            [
              -117.1969087,
              33.1196978
            ],
            [
              -117.1968685,
              33.1196967
            ],
            [
              -117.1968578,
              33.1196922
            ],
            [
              -117.1968531,
              33.1196882
            ],
            [
              -117.1968477,
              33.1196748
            ],
            [
              -117.1968504,
              33.1196635
            ],
            [
              -117.1968591,
              33.1196529
            ],
            [
              -117.1968699,
              33.1196472
            ],
            [
              -117.1968859,
              33.1196461
            ],
            [
              -117.1969396,
              33.1196315
            ]
          ]
        ]
      },
      "properties": {
        "course_id": "lakehouse_san_marcos",
        "course_name": "The Links at Lakehouse",
        "hole_number": 3,
        "feature_type": "bunker",
        "name": "hole_3_bunker_2",
        "feature-color": "#d4b483",
        "is_approximate": true,
        "source": "osm",
        "@id": "93add315-0a7c-4c32-a5fd-e405dce0b10d",
        "osm_id": 1497569514
      }
    },
    {
      "type": "Feature",
      "bbox": [
        -117.2038027,
        33.1185117,
        -117.2036203,
        33.118606
      ],
      "geometry": {
        "type": "Polygon",
        "coordinates": [
          [
            [
              -117.203692,
              33.1185117
            ],
            [
              -117.2037068,
              33.1185117
            ],
            [
              -117.2037162,
              33.118515
            ],
            [
              -117.2037289,
              33.1185291
            ],
            [
              -117.203735,
              33.118533
            ],
            [
              -117.2037457,
              33.1185296
            ],
            [
              -117.2037658,
              33.1185184
            ],
            [
              -117.2037819,
              33.1185162
            ],
            [
              -117.203794,
              33.1185207
            ],
            [
              -117.2038027,
              33.118528
            ],
            [
              -117.2038027,
              33.1185414
            ],
            [
              -117.2037893,
              33.1185628
            ],
            [
              -117.2037779,
              33.1185723
            ],
            [
              -117.2037658,
              33.1185791
            ],
            [
              -117.203739,
              33.1185836
            ],
            [
              -117.2037283,
              33.1185791
            ],
            [
              -117.2037148,
              33.1185701
            ],
            [
              -117.2037088,
              33.118574
            ],
            [
              -117.2037115,
              33.1185864
            ],
            [
              -117.2037102,
              33.1185942
            ],
            [
              -117.2036974,
              33.1186038
            ],
            [
              -117.2036894,
              33.118606
            ],
            [
              -117.2036639,
              33.118606
            ],
            [
              -117.2036491,
              33.1186027
            ],
            [
              -117.2036357,
              33.1185959
            ],
            [
              -117.2036243,
              33.1185864
            ],
            [
              -117.2036216,
              33.1185819
            ],
            [
              -117.2036203,
              33.1185639
            ],
            [
              -117.203623,
              33.118556
            ],
            [
              -117.2036317,
              33.1185465
            ],
            [
              -117.2036532,
              33.1185319
            ],
            [
              -117.20368,
              33.1185162
            ],
            [
              -117.203692,
              33.1185117
            ]
          ]
        ]
      },
      "properties": {
        "course_id": "lakehouse_san_marcos",
        "course_name": "The Links at Lakehouse",
        "hole_number": 5,
        "feature_type": "bunker",
        "name": "hole_5_bunker",
        "feature-color": "#d4b483",
        "is_approximate": true,
        "source": "osm",
        "@id": "fb703009-5c4c-408a-af03-5b2fb8bb8c18",
        "osm_id": 1497569516
      }
    },
    {
      "type": "Feature",
      "bbox": [
        -117.2034379,
        33.1185768,
        -117.2033025,
        33.1186554
      ],
      "geometry": {
        "type": "Polygon",
        "coordinates": [
          [
            [
              -117.2033943,
              33.1185768
            ],
            [
              -117.2034037,
              33.1185768
            ],
            [
              -117.2034158,
              33.1185802
            ],
            [
              -117.2034292,
              33.1185869
            ],
            [
              -117.2034352,
              33.118592
            ],
            [
              -117.2034379,
              33.1185998
            ],
            [
              -117.2034366,
              33.1186077
            ],
            [
              -117.2034272,
              33.1186223
            ],
            [
              -117.2033983,
              33.1186442
            ],
            [
              -117.2033823,
              33.1186498
            ],
            [
              -117.2033675,
              33.118651
            ],
            [
              -117.2033474,
              33.1186554
            ],
            [
              -117.2033206,
              33.1186554
            ],
            [
              -117.2033125,
              33.1186521
            ],
            [
              -117.2033038,
              33.1186425
            ],
            [
              -117.2033025,
              33.1186313
            ],
            [
              -117.2033118,
              33.1186077
            ],
            [
              -117.2033172,
              33.118601
            ],
            [
              -117.2033232,
              33.118597
            ],
            [
              -117.2033353,
              33.1185937
            ],
            [
              -117.2033621,
              33.1186049
            ],
            [
              -117.2033695,
              33.1185998
            ],
            [
              -117.2033802,
              33.1185852
            ],
            [
              -117.2033943,
              33.1185768
            ]
          ]
        ]
      },
      "properties": {
        "course_id": "lakehouse_san_marcos",
        "course_name": "The Links at Lakehouse",
        "hole_number": 5,
        "feature_type": "bunker",
        "name": "hole_5_bunker_2",
        "feature-color": "#d4b483",
        "is_approximate": true,
        "source": "osm",
        "@id": "d7191df3-acf2-4d4b-a357-7bc21e844492",
        "osm_id": 1497569517
      }
    },
    {
      "type": "Feature",
      "bbox": [
        -117.2045152,
        33.1185215,
        -117.2043388,
        33.1186069
      ],
      "geometry": {
        "type": "Polygon",
        "coordinates": [
          [
            [
              -117.2043914,
              33.1185215
            ],
            [
              -117.2044002,
              33.1185215
            ],
            [
              -117.2044082,
              33.1185237
            ],
            [
              -117.2044139,
              33.1185291
            ],
            [
              -117.2044173,
              33.1185364
            ],
            [
              -117.2044253,
              33.1185482
            ],
            [
              -117.204433,
              33.1185524
            ],
            [
              -117.2044437,
              33.1185524
            ],
            [
              -117.2044565,
              33.1185462
            ],
            [
              -117.2044625,
              33.1185451
            ],
            [
              -117.2044692,
              33.1185451
            ],
            [
              -117.2044786,
              33.1185462
            ],
            [
              -117.204492,
              33.1185496
            ],
            [
              -117.2045061,
              33.1185558
            ],
            [
              -117.2045111,
              33.1185605
            ],
            [
              -117.2045152,
              33.1185706
            ],
            [
              -117.2045152,
              33.1185847
            ],
            [
              -117.2045111,
              33.1185914
            ],
            [
              -117.2045014,
              33.1186007
            ],
            [
              -117.2044867,
              33.1186057
            ],
            [
              -117.2044799,
              33.1186069
            ],
            [
              -117.2044518,
              33.1186057
            ],
            [
              -117.2044364,
              33.1186029
            ],
            [
              -117.2044095,
              33.1185917
            ],
            [
              -117.2043753,
              33.1185844
            ],
            [
              -117.2043579,
              33.1185771
            ],
            [
              -117.2043522,
              33.1185729
            ],
            [
              -117.2043489,
              33.1185673
            ],
            [
              -117.2043421,
              33.11856
            ],
            [
              -117.2043388,
              33.1185538
            ],
            [
              -117.2043401,
              33.1185487
            ],
            [
              -117.2043438,
              33.1185456
            ],
            [
              -117.2043478,
              33.118544
            ],
            [
              -117.2043613,
              33.11854
            ],
            [
              -117.2043747,
              33.1185282
            ],
            [
              -117.2043834,
              33.1185237
            ],
            [
              -117.2043914,
              33.1185215
            ]
          ]
        ]
      },
      "properties": {
        "course_id": "lakehouse_san_marcos",
        "course_name": "The Links at Lakehouse",
        "hole_number": 5,
        "feature_type": "bunker",
        "name": "hole_5_bunker_3",
        "feature-color": "#d4b483",
        "is_approximate": true,
        "source": "osm",
        "@id": "563c570f-69af-450e-9e33-4d2745dfa6b5",
        "osm_id": 1497569519
      }
    },
    {
      "type": "Feature",
      "bbox": [
        -117.2045044,
        33.1183423,
        -117.2044206,
        33.1183845
      ],
      "geometry": {
        "type": "Polygon",
        "coordinates": [
          [
            [
              -117.2044605,
              33.1183423
            ],
            [
              -117.2044773,
              33.1183423
            ],
            [
              -117.204484,
              33.1183435
            ],
            [
              -117.2044913,
              33.1183463
            ],
            [
              -117.2044977,
              33.1183505
            ],
            [
              -117.2045031,
              33.1183572
            ],
            [
              -117.2045044,
              33.1183668
            ],
            [
              -117.2045024,
              33.1183741
            ],
            [
              -117.2044974,
              33.1183794
            ],
            [
              -117.2044913,
              33.1183828
            ],
            [
              -117.204484,
              33.1183845
            ],
            [
              -117.2044732,
              33.1183845
            ],
            [
              -117.2044612,
              33.1183828
            ],
            [
              -117.2044451,
              33.1183777
            ],
            [
              -117.2044283,
              33.1183693
            ],
            [
              -117.2044206,
              33.118364
            ],
            [
              -117.2044206,
              33.1183572
            ],
            [
              -117.2044219,
              33.118355
            ],
            [
              -117.204427,
              33.1183513
            ],
            [
              -117.2044417,
              33.1183457
            ],
            [
              -117.2044605,
              33.1183423
            ]
          ]
        ]
      },
      "properties": {
        "course_id": "lakehouse_san_marcos",
        "course_name": "The Links at Lakehouse",
        "hole_number": 5,
        "feature_type": "bunker",
        "name": "hole_5_bunker_4",
        "feature-color": "#d4b483",
        "is_approximate": true,
        "source": "osm",
        "@id": "6d51f46b-3559-4899-966a-46e123b0c5fa",
        "osm_id": 1497569520
      }
    },
    {
      "type": "Feature",
      "bbox": [
        -117.2035737,
        33.1182564,
        -117.203335,
        33.1183474
      ],
      "geometry": {
        "type": "Polygon",
        "coordinates": [
          [
            [
              -117.2034379,
              33.1182564
            ],
            [
              -117.2034466,
              33.118257
            ],
            [
              -117.2034527,
              33.1182598
            ],
            [
              -117.203459,
              33.1182651
            ],
            [
              -117.2034617,
              33.1182696
            ],
            [
              -117.2034651,
              33.1182792
            ],
            [
              -117.2034657,
              33.1182893
            ],
            [
              -117.2034677,
              33.1182932
            ],
            [
              -117.2034708,
              33.1182952
            ],
            [
              -117.2034788,
              33.1182946
            ],
            [
              -117.2034989,
              33.1182884
            ],
            [
              -117.203509,
              33.1182879
            ],
            [
              -117.2035197,
              33.1182901
            ],
            [
              -117.2035385,
              33.1182969
            ],
            [
              -117.2035626,
              33.118303
            ],
            [
              -117.2035673,
              33.1183053
            ],
            [
              -117.2035703,
              33.1183078
            ],
            [
              -117.203573,
              33.1183145
            ],
            [
              -117.2035737,
              33.1183286
            ],
            [
              -117.203571,
              33.1183348
            ],
            [
              -117.2035646,
              33.118339
            ],
            [
              -117.2035512,
              33.118344
            ],
            [
              -117.2034708,
              33.1183429
            ],
            [
              -117.2034634,
              33.1183407
            ],
            [
              -117.2034527,
              33.118339
            ],
            [
              -117.203448,
              33.1183367
            ],
            [
              -117.2034393,
              33.1183345
            ],
            [
              -117.2034359,
              33.1183345
            ],
            [
              -117.2034285,
              33.1183317
            ],
            [
              -117.2034185,
              33.1183317
            ],
            [
              -117.2034138,
              33.1183328
            ],
            [
              -117.2033963,
              33.1183412
            ],
            [
              -117.2033762,
              33.1183468
            ],
            [
              -117.2033588,
              33.1183474
            ],
            [
              -117.203344,
              33.1183412
            ],
            [
              -117.2033383,
              33.1183353
            ],
            [
              -117.203335,
              33.1183252
            ],
            [
              -117.2033357,
              33.1183168
            ],
            [
              -117.203339,
              33.1183084
            ],
            [
              -117.2033424,
              33.1183033
            ],
            [
              -117.2033494,
              33.118298
            ],
            [
              -117.2033742,
              33.1182896
            ],
            [
              -117.2033937,
              33.1182806
            ],
            [
              -117.2033977,
              33.11828
            ],
            [
              -117.2034064,
              33.118275
            ],
            [
              -117.2034138,
              33.1182682
            ],
            [
              -117.2034225,
              33.1182637
            ],
            [
              -117.2034279,
              33.1182598
            ],
            [
              -117.2034379,
              33.1182564
            ]
          ]
        ]
      },
      "properties": {
        "course_id": "lakehouse_san_marcos",
        "course_name": "The Links at Lakehouse",
        "hole_number": 5,
        "feature_type": "bunker",
        "name": "hole_5_bunker_5",
        "feature-color": "#d4b483",
        "is_approximate": true,
        "source": "osm",
        "@id": "187a0ead-b234-424d-a821-7a1df348156e",
        "osm_id": 1497569521
      }
    },
    {
      "type": "Feature",
      "bbox": [
        -117.2033926,
        33.1191174,
        -117.203229,
        33.1192611
      ],
      "geometry": {
        "type": "Polygon",
        "coordinates": [
          [
            [
              -117.2033413,
              33.1191174
            ],
            [
              -117.2033541,
              33.1191174
            ],
            [
              -117.2033662,
              33.1191196
            ],
            [
              -117.2033789,
              33.1191264
            ],
            [
              -117.2033859,
              33.1191323
            ],
            [
              -117.2033893,
              33.1191367
            ],
            [
              -117.2033926,
              33.119148
            ],
            [
              -117.2033926,
              33.1191587
            ],
            [
              -117.203388,
              33.1191693
            ],
            [
              -117.2033833,
              33.1191755
            ],
            [
              -117.2033688,
              33.1191859
            ],
            [
              -117.2033527,
              33.1191932
            ],
            [
              -117.2033346,
              33.1191966
            ],
            [
              -117.2033293,
              33.1191988
            ],
            [
              -117.2033249,
              33.119203
            ],
            [
              -117.2033229,
              33.1192075
            ],
            [
              -117.2033236,
              33.1192148
            ],
            [
              -117.203331,
              33.1192289
            ],
            [
              -117.2033323,
              33.1192333
            ],
            [
              -117.2033323,
              33.1192384
            ],
            [
              -117.203331,
              33.1192429
            ],
            [
              -117.2033269,
              33.1192491
            ],
            [
              -117.2033165,
              33.1192578
            ],
            [
              -117.2033098,
              33.1192606
            ],
            [
              -117.2033045,
              33.1192611
            ],
            [
              -117.2032877,
              33.1192606
            ],
            [
              -117.203283,
              33.1192595
            ],
            [
              -117.2032696,
              33.1192533
            ],
            [
              -117.2032589,
              33.119251
            ],
            [
              -117.2032528,
              33.1192488
            ],
            [
              -117.2032448,
              33.1192437
            ],
            [
              -117.2032344,
              33.119235
            ],
            [
              -117.2032317,
              33.1192317
            ],
            [
              -117.2032297,
              33.1192266
            ],
            [
              -117.203229,
              33.1192165
            ],
            [
              -117.2032357,
              33.119203
            ],
            [
              -117.2032441,
              33.1191943
            ],
            [
              -117.2032709,
              33.1191791
            ],
            [
              -117.2032813,
              33.119171
            ],
            [
              -117.203288,
              33.1191637
            ],
            [
              -117.2032907,
              33.1191592
            ],
            [
              -117.2032934,
              33.1191513
            ],
            [
              -117.2032968,
              33.1191474
            ],
            [
              -117.2033008,
              33.1191401
            ],
            [
              -117.2033041,
              33.1191356
            ],
            [
              -117.2033118,
              33.1191292
            ],
            [
              -117.2033253,
              33.1191224
            ],
            [
              -117.2033413,
              33.1191174
            ]
          ]
        ]
      },
      "properties": {
        "course_id": "lakehouse_san_marcos",
        "course_name": "The Links at Lakehouse",
        "hole_number": 6,
        "feature_type": "bunker",
        "name": "hole_6_bunker",
        "feature-color": "#d4b483",
        "is_approximate": true,
        "source": "osm",
        "@id": "6f91cdd2-3d0e-409e-b49a-3e16f88c529c",
        "osm_id": 1497569522
      }
    },
    {
      "type": "Feature",
      "bbox": [
        -117.2032778,
        33.1190453,
        -117.2030393,
        33.1192056
      ],
      "geometry": {
        "type": "Polygon",
        "coordinates": [
          [
            [
              -117.2031652,
              33.1192056
            ],
            [
              -117.2031768,
              33.1192045
            ],
            [
              -117.2031905,
              33.1191999
            ],
            [
              -117.2032015,
              33.1191916
            ],
            [
              -117.2032114,
              33.1191796
            ],
            [
              -117.2032242,
              33.1191679
            ],
            [
              -117.2032336,
              33.1191592
            ],
            [
              -117.2032451,
              33.1191523
            ],
            [
              -117.2032583,
              33.1191418
            ],
            [
              -117.2032674,
              33.1191314
            ],
            [
              -117.2032757,
              33.1191147
            ],
            [
              -117.2032778,
              33.1191002
            ],
            [
              -117.2032776,
              33.1190853
            ],
            [
              -117.2032707,
              33.1190739
            ],
            [
              -117.2032613,
              33.1190624
            ],
            [
              -117.2032429,
              33.1190508
            ],
            [
              -117.203229,
              33.1190458
            ],
            [
              -117.2032064,
              33.1190454
            ],
            [
              -117.2031773,
              33.1190453
            ],
            [
              -117.2031562,
              33.119047
            ],
            [
              -117.2031263,
              33.1190507
            ],
            [
              -117.2030992,
              33.1190575
            ],
            [
              -117.2030794,
              33.1190651
            ],
            [
              -117.2030643,
              33.1190756
            ],
            [
              -117.2030544,
              33.119087
            ],
            [
              -117.2030446,
              33.1191042
            ],
            [
              -117.2030403,
              33.1191173
            ],
            [
              -117.2030393,
              33.1191297
            ],
            [
              -117.2030419,
              33.1191425
            ],
            [
              -117.2030476,
              33.1191507
            ],
            [
              -117.2030641,
              33.119166
            ],
            [
              -117.2030759,
              33.1191762
            ],
            [
              -117.2030904,
              33.1191836
            ],
            [
              -117.203104,
              33.1191899
            ],
            [
              -117.2031209,
              33.1191967
            ],
            [
              -117.2031345,
              33.1192015
            ],
            [
              -117.2031496,
              33.1192046
            ],
            [
              -117.2031652,
              33.1192056
            ]
          ]
        ]
      },
      "properties": {
        "course_id": "lakehouse_san_marcos",
        "course_name": "The Links at Lakehouse",
        "hole_number": 6,
        "feature_type": "green",
        "name": "hole_6_green",
        "feature-color": "#2d6e2d",
        "is_approximate": true,
        "source": "osm",
        "@id": "ea80ae08-4d18-43df-abe5-c2151f436597",
        "osm_id": 1497569523
      }
    },
    {
      "type": "Feature",
      "bbox": [
        -117.2004165,
        33.1274839,
        -117.200189,
        33.1276886
      ],
      "geometry": {
        "type": "Polygon",
        "coordinates": [
          [
            [
              -117.2002133,
              33.1274919
            ],
            [
              -117.2002292,
              33.1274881
            ],
            [
              -117.2002489,
              33.1274858
            ],
            [
              -117.2002791,
              33.1274839
            ],
            [
              -117.2002998,
              33.1274843
            ],
            [
              -117.200321,
              33.1274858
            ],
            [
              -117.2003412,
              33.12749
            ],
            [
              -117.2003589,
              33.127498
            ],
            [
              -117.2003804,
              33.1275082
            ],
            [
              -117.2003928,
              33.1275175
            ],
            [
              -117.2003997,
              33.1275266
            ],
            [
              -117.2004068,
              33.1275381
            ],
            [
              -117.2004116,
              33.1275474
            ],
            [
              -117.2004162,
              33.1275609
            ],
            [
              -117.2004162,
              33.1275761
            ],
            [
              -117.2004165,
              33.1275905
            ],
            [
              -117.2004165,
              33.1276013
            ],
            [
              -117.200415,
              33.1276137
            ],
            [
              -117.2004124,
              33.127623
            ],
            [
              -117.2004032,
              33.1276396
            ],
            [
              -117.2003954,
              33.1276511
            ],
            [
              -117.2003874,
              33.1276606
            ],
            [
              -117.2003769,
              33.1276709
            ],
            [
              -117.2003658,
              33.1276784
            ],
            [
              -117.200353,
              33.1276846
            ],
            [
              -117.2003372,
              33.1276882
            ],
            [
              -117.2003272,
              33.1276886
            ],
            [
              -117.2003108,
              33.1276885
            ],
            [
              -117.2002956,
              33.1276855
            ],
            [
              -117.2002821,
              33.1276821
            ],
            [
              -117.2002662,
              33.1276747
            ],
            [
              -117.2002514,
              33.1276673
            ],
            [
              -117.2002324,
              33.1276527
            ],
            [
              -117.2002196,
              33.1276379
            ],
            [
              -117.200213,
              33.1276273
            ],
            [
              -117.2002091,
              33.1276135
            ],
            [
              -117.2002046,
              33.1276005
            ],
            [
              -117.2001994,
              33.127585
            ],
            [
              -117.2001928,
              33.1275685
            ],
            [
              -117.2001901,
              33.1275564
            ],
            [
              -117.200189,
              33.1275437
            ],
            [
              -117.2001912,
              33.1275289
            ],
            [
              -117.2001947,
              33.1275146
            ],
            [
              -117.2002014,
              33.1275005
            ],
            [
              -117.2002133,
              33.1274919
            ]
          ]
        ]
      },
      "properties": {
        "course_id": "lakehouse_san_marcos",
        "course_name": "The Links at Lakehouse",
        "hole_number": 10,
        "feature_type": "green",
        "name": "hole_10_green",
        "feature-color": "#2d6e2d",
        "is_approximate": true,
        "source": "osm",
        "@id": "90adbb28-179c-418c-9d26-632e687e3678",
        "osm_id": 1497570874
      }
    },
    {
      "type": "Feature",
      "bbox": [
        -117.2009212,
        33.1274895,
        -117.2008448,
        33.1275569
      ],
      "geometry": {
        "type": "Polygon",
        "coordinates": [
          [
            [
              -117.2008864,
              33.1275569
            ],
            [
              -117.2009212,
              33.1275229
            ],
            [
              -117.2008801,
              33.1274895
            ],
            [
              -117.2008448,
              33.1275209
            ],
            [
              -117.2008864,
              33.1275569
            ]
          ]
        ]
      },
      "properties": {
        "course_id": "lakehouse_san_marcos",
        "course_name": "The Links at Lakehouse",
        "hole_number": 18,
        "feature_type": "tee_box",
        "name": "hole_18_tee_box",
        "feature-color": "#8b7355",
        "is_approximate": true,
        "source": "osm",
        "@id": "46732163-ba4d-49e1-ae69-6f08f057c9c6",
        "osm_id": 1497570875
      }
    },
    {
      "type": "Feature",
      "bbox": [
        -117.2007806,
        33.1277863,
        -117.2005506,
        33.128004
      ],
      "geometry": {
        "type": "Polygon",
        "coordinates": [
          [
            [
              -117.2006268,
              33.128004
            ],
            [
              -117.2006116,
              33.1279941
            ],
            [
              -117.200597,
              33.1279896
            ],
            [
              -117.20058,
              33.1279854
            ],
            [
              -117.2005506,
              33.1279769
            ],
            [
              -117.2005532,
              33.1279582
            ],
            [
              -117.2005686,
              33.1279285
            ],
            [
              -117.20062,
              33.1278692
            ],
            [
              -117.2006938,
              33.1277863
            ],
            [
              -117.2007465,
              33.1278169
            ],
            [
              -117.2007646,
              33.1278278
            ],
            [
              -117.2007806,
              33.1278395
            ],
            [
              -117.2007422,
              33.1278779
            ],
            [
              -117.2006947,
              33.1279307
            ],
            [
              -117.2006268,
              33.128004
            ]
          ]
        ]
      },
      "properties": {
        "course_id": "lakehouse_san_marcos",
        "course_name": "The Links at Lakehouse",
        "hole_number": 18,
        "feature_type": "tee_box",
        "name": "hole_18_tee_box_2",
        "feature-color": "#8b7355",
        "is_approximate": true,
        "source": "osm",
        "@id": "9546d324-b178-46ee-8cd3-6f288f31027a",
        "osm_id": 1497570876
      }
    },
    {
      "type": "Feature",
      "bbox": [
        -117.1995824,
        33.1246853,
        -117.1993471,
        33.1248761
      ],
      "geometry": {
        "type": "Polygon",
        "coordinates": [
          [
            [
              -117.1995575,
              33.124731
            ],
            [
              -117.1995652,
              33.1247405
            ],
            [
              -117.1995749,
              33.124754
            ],
            [
              -117.1995786,
              33.124759
            ],
            [
              -117.1995824,
              33.1247701
            ],
            [
              -117.1995817,
              33.1247815
            ],
            [
              -117.1995772,
              33.1247975
            ],
            [
              -117.1995719,
              33.1248103
            ],
            [
              -117.1995652,
              33.124823
            ],
            [
              -117.1995533,
              33.1248409
            ],
            [
              -117.1995446,
              33.1248513
            ],
            [
              -117.1995287,
              33.124864
            ],
            [
              -117.1995135,
              33.124871
            ],
            [
              -117.1994952,
              33.1248749
            ],
            [
              -117.1994675,
              33.1248761
            ],
            [
              -117.199445,
              33.1248749
            ],
            [
              -117.199422,
              33.1248692
            ],
            [
              -117.199401,
              33.1248596
            ],
            [
              -117.1993826,
              33.1248457
            ],
            [
              -117.199369,
              33.1248302
            ],
            [
              -117.1993556,
              33.1248093
            ],
            [
              -117.1993504,
              33.1247915
            ],
            [
              -117.1993471,
              33.1247728
            ],
            [
              -117.1993516,
              33.1247588
            ],
            [
              -117.1993601,
              33.1247484
            ],
            [
              -117.1993787,
              33.1247335
            ],
            [
              -117.1993976,
              33.1247193
            ],
            [
              -117.1994168,
              33.1247083
            ],
            [
              -117.1994363,
              33.1247005
            ],
            [
              -117.199457,
              33.1246903
            ],
            [
              -117.1994736,
              33.1246862
            ],
            [
              -117.1994864,
              33.1246853
            ],
            [
              -117.199497,
              33.1246862
            ],
            [
              -117.1995092,
              33.1246917
            ],
            [
              -117.1995227,
              33.1246992
            ],
            [
              -117.1995371,
              33.124708
            ],
            [
              -117.199551,
              33.1247199
            ],
            [
              -117.1995575,
              33.124731
            ]
          ]
        ]
      },
      "properties": {
        "course_id": "lakehouse_san_marcos",
        "course_name": "The Links at Lakehouse",
        "hole_number": 1,
        "feature_type": "green",
        "name": "hole_1_green",
        "feature-color": "#2d6e2d",
        "is_approximate": true,
        "source": "osm",
        "@id": "70a6e029-9d97-4717-9cc9-b900a7547598",
        "osm_id": 1497822194
      }
    },
    {
      "type": "Feature",
      "bbox": [
        -117.2024821,
        33.1241902,
        -117.2022848,
        33.1243006
      ],
      "geometry": {
        "type": "Polygon",
        "coordinates": [
          [
            [
              -117.2024821,
              33.1242733
            ],
            [
              -117.202473,
              33.1242071
            ],
            [
              -117.2024233,
              33.1242142
            ],
            [
              -117.2024168,
              33.1241902
            ],
            [
              -117.2022848,
              33.1242166
            ],
            [
              -117.2023043,
              33.1243006
            ],
            [
              -117.2024821,
              33.1242733
            ]
          ]
        ]
      },
      "properties": {
        "course_id": "lakehouse_san_marcos",
        "course_name": "The Links at Lakehouse",
        "hole_number": 1,
        "feature_type": "tee_box",
        "name": "hole_1_tee_box",
        "feature-color": "#8b7355",
        "is_approximate": true,
        "source": "osm",
        "@id": "5e5efb3a-3cfb-4068-860c-95e3000afed5",
        "osm_id": 1497822196
      }
    },
    {
      "type": "Feature",
      "bbox": [
        -117.2021755,
        33.1242482,
        -117.202013,
        33.1243213
      ],
      "geometry": {
        "type": "Polygon",
        "coordinates": [
          [
            [
              -117.2021436,
              33.1242504
            ],
            [
              -117.2021529,
              33.1242489
            ],
            [
              -117.2021621,
              33.1242482
            ],
            [
              -117.2021698,
              33.1242515
            ],
            [
              -117.2021733,
              33.1242566
            ],
            [
              -117.2021752,
              33.1242676
            ],
            [
              -117.2021755,
              33.1242782
            ],
            [
              -117.2021752,
              33.1242861
            ],
            [
              -117.2021699,
              33.1242928
            ],
            [
              -117.2021571,
              33.1242991
            ],
            [
              -117.2021249,
              33.1243088
            ],
            [
              -117.2020185,
              33.1243213
            ],
            [
              -117.202013,
              33.1242713
            ],
            [
              -117.2021064,
              33.1242567
            ],
            [
              -117.2021436,
              33.1242504
            ]
          ]
        ]
      },
      "properties": {
        "course_id": "lakehouse_san_marcos",
        "course_name": "The Links at Lakehouse",
        "hole_number": 1,
        "feature_type": "tee_box",
        "name": "hole_1_tee_box_2",
        "feature-color": "#8b7355",
        "is_approximate": true,
        "source": "osm",
        "@id": "383ea5b2-394b-4b4e-a9d9-182b917ce17e",
        "osm_id": 1497822197
      }
    },
    {
      "type": "Feature",
      "bbox": [
        -117.2025849,
        33.1251131,
        -117.2024753,
        33.1252097
      ],
      "geometry": {
        "type": "Polygon",
        "coordinates": [
          [
            [
              -117.2025801,
              33.1251644
            ],
            [
              -117.2025583,
              33.1251844
            ],
            [
              -117.2025231,
              33.1252062
            ],
            [
              -117.2025012,
              33.1252097
            ],
            [
              -117.2024847,
              33.1252053
            ],
            [
              -117.2024787,
              33.1251939
            ],
            [
              -117.2024753,
              33.1251792
            ],
            [
              -117.2024798,
              33.1251627
            ],
            [
              -117.2024983,
              33.1251451
            ],
            [
              -117.2025172,
              33.1251282
            ],
            [
              -117.2025368,
              33.1251169
            ],
            [
              -117.2025552,
              33.1251131
            ],
            [
              -117.2025658,
              33.1251178
            ],
            [
              -117.2025773,
              33.1251275
            ],
            [
              -117.202584,
              33.1251395
            ],
            [
              -117.2025849,
              33.1251518
            ],
            [
              -117.2025801,
              33.1251644
            ]
          ]
        ]
      },
      "properties": {
        "course_id": "lakehouse_san_marcos",
        "course_name": "The Links at Lakehouse",
        "hole_number": 10,
        "feature_type": "tee_box",
        "name": "hole_10_tee_box_2",
        "feature-color": "#8b7355",
        "is_approximate": true,
        "source": "osm",
        "@id": "64c3172f-c7aa-4697-97ea-01cc8bdfb928",
        "osm_id": 1497822203
      }
    },
    {
      "type": "Feature",
      "bbox": [
        -117.2032727,
        33.1253141,
        -117.2009274,
        33.1275024
      ],
      "geometry": {
        "type": "Polygon",
        "coordinates": [
          [
            [
              -117.2014883,
              33.1271726
            ],
            [
              -117.2014691,
              33.1272173
            ],
            [
              -117.2014423,
              33.127254
            ],
            [
              -117.201403,
              33.1272943
            ],
            [
              -117.2013115,
              33.1273693
            ],
            [
              -117.201258,
              33.1274143
            ],
            [
              -117.2011961,
              33.1274507
            ],
            [
              -117.201139,
              33.1274817
            ],
            [
              -117.201107,
              33.1274972
            ],
            [
              -117.2010815,
              33.1275024
            ],
            [
              -117.2010553,
              33.1275021
            ],
            [
              -117.2010391,
              33.1274987
            ],
            [
              -117.2010107,
              33.1274862
            ],
            [
              -117.2009824,
              33.1274703
            ],
            [
              -117.2009649,
              33.1274553
            ],
            [
              -117.2009443,
              33.1274281
            ],
            [
              -117.2009356,
              33.1274061
            ],
            [
              -117.2009274,
              33.1273767
            ],
            [
              -117.2009294,
              33.1273407
            ],
            [
              -117.2009477,
              33.1273049
            ],
            [
              -117.2010365,
              33.1272019
            ],
            [
              -117.2011133,
              33.1271199
            ],
            [
              -117.2012744,
              33.1269361
            ],
            [
              -117.2013903,
              33.1268058
            ],
            [
              -117.2015807,
              33.126593
            ],
            [
              -117.2016952,
              33.1264607
            ],
            [
              -117.2017784,
              33.1263691
            ],
            [
              -117.2018683,
              33.1262796
            ],
            [
              -117.2019875,
              33.1261595
            ],
            [
              -117.2021373,
              33.1260065
            ],
            [
              -117.2022701,
              33.1258707
            ],
            [
              -117.2023562,
              33.1257909
            ],
            [
              -117.2024144,
              33.1257259
            ],
            [
              -117.2025021,
              33.1256245
            ],
            [
              -117.202559,
              33.125551
            ],
            [
              -117.2026207,
              33.1254874
            ],
            [
              -117.2027043,
              33.1254257
            ],
            [
              -117.2028466,
              33.1253477
            ],
            [
              -117.2029391,
              33.1253171
            ],
            [
              -117.2029709,
              33.1253141
            ],
            [
              -117.2030018,
              33.1253202
            ],
            [
              -117.2031071,
              33.1253694
            ],
            [
              -117.2032624,
              33.1254668
            ],
            [
              -117.2032727,
              33.1254944
            ],
            [
              -117.203271,
              33.1255172
            ],
            [
              -117.20325,
              33.1255408
            ],
            [
              -117.2032054,
              33.1255749
            ],
            [
              -117.2031188,
              33.1256293
            ],
            [
              -117.203065,
              33.1256698
            ],
            [
              -117.2029192,
              33.1258043
            ],
            [
              -117.2028753,
              33.1258481
            ],
            [
              -117.2027946,
              33.1259036
            ],
            [
              -117.2027369,
              33.1259427
            ],
            [
              -117.2027034,
              33.1259695
            ],
            [
              -117.2026507,
              33.126037
            ],
            [
              -117.2026169,
              33.1260951
            ],
            [
              -117.2025817,
              33.12616
            ],
            [
              -117.2025547,
              33.1261984
            ],
            [
              -117.2025228,
              33.1262291
            ],
            [
              -117.2024992,
              33.1262426
            ],
            [
              -117.2024716,
              33.1262515
            ],
            [
              -117.2024233,
              33.1262629
            ],
            [
              -117.20235,
              33.1262835
            ],
            [
              -117.2022915,
              33.1263003
            ],
            [
              -117.2022508,
              33.1263153
            ],
            [
              -117.2022113,
              33.1263485
            ],
            [
              -117.2021724,
              33.1263893
            ],
            [
              -117.2021253,
              33.1264386
            ],
            [
              -117.2020711,
              33.1264716
            ],
            [
              -117.2020435,
              33.1264909
            ],
            [
              -117.2020329,
              33.1265097
            ],
            [
              -117.2020146,
              33.1265362
            ],
            [
              -117.2019811,
              33.1265783
            ],
            [
              -117.2019732,
              33.1266014
            ],
            [
              -117.2019636,
              33.126647
            ],
            [
              -117.2019448,
              33.1266825
            ],
            [
              -117.2018933,
              33.126743
            ],
            [
              -117.2018012,
              33.1268445
            ],
            [
              -117.2016801,
              33.1269728
            ],
            [
              -117.2016224,
              33.1270354
            ],
            [
              -117.2015797,
              33.1270682
            ],
            [
              -117.2015452,
              33.1270882
            ],
            [
              -117.2015164,
              33.1271144
            ],
            [
              -117.2015058,
              33.1271347
            ],
            [
              -117.2014883,
              33.1271726
            ]
          ]
        ]
      },
      "properties": {
        "course_id": "lakehouse_san_marcos",
        "course_name": "The Links at Lakehouse",
        "hole_number": 18,
        "feature_type": "fairway",
        "name": "hole_18_fairway",
        "feature-color": "#4a7c3f",
        "is_approximate": true,
        "source": "osm",
        "@id": "cc73c8f5-d7b3-4b34-b572-001720fbedff",
        "osm_id": 1497822204
      }
    },
    {
      "type": "Feature",
      "bbox": [
        -117.20166,
        33.1228367,
        -117.2014591,
        33.1231809
      ],
      "geometry": {
        "type": "Polygon",
        "coordinates": [
          [
            [
              -117.2016313,
              33.1231809
            ],
            [
              -117.20166,
              33.1228563
            ],
            [
              -117.2014864,
              33.1228367
            ],
            [
              -117.2014757,
              33.1229309
            ],
            [
              -117.2014591,
              33.1231789
            ],
            [
              -117.2016313,
              33.1231809
            ]
          ]
        ]
      },
      "properties": {
        "course_id": "lakehouse_san_marcos",
        "course_name": "The Links at Lakehouse",
        "hole_number": 8,
        "feature_type": "tee_box",
        "name": "hole_8_tee_box",
        "feature-color": "#8b7355",
        "is_approximate": true,
        "source": "osm",
        "@id": "bfb29c00-c30d-4515-9941-75de1bf7ab9b",
        "osm_id": 1497822208
      }
    },
    {
      "type": "Feature",
      "bbox": [
        -117.2011627,
        33.1229829,
        -117.200816,
        33.123169
      ],
      "geometry": {
        "type": "Polygon",
        "coordinates": [
          [
            [
              -117.2010792,
              33.1229881
            ],
            [
              -117.2010672,
              33.123003
            ],
            [
              -117.2010498,
              33.1230197
            ],
            [
              -117.2010347,
              33.1230283
            ],
            [
              -117.2010151,
              33.1230372
            ],
            [
              -117.2009993,
              33.12304
            ],
            [
              -117.2009861,
              33.1230389
            ],
            [
              -117.2009627,
              33.1230329
            ],
            [
              -117.2009403,
              33.12302
            ],
            [
              -117.2009232,
              33.1229981
            ],
            [
              -117.2009069,
              33.1229907
            ],
            [
              -117.2008859,
              33.1229907
            ],
            [
              -117.2008665,
              33.1229929
            ],
            [
              -117.2008473,
              33.1229976
            ],
            [
              -117.2008338,
              33.1230087
            ],
            [
              -117.2008253,
              33.123025
            ],
            [
              -117.2008186,
              33.1230422
            ],
            [
              -117.200816,
              33.1230651
            ],
            [
              -117.2008228,
              33.1230811
            ],
            [
              -117.2008405,
              33.1231008
            ],
            [
              -117.2008571,
              33.1231181
            ],
            [
              -117.2008768,
              33.1231361
            ],
            [
              -117.200898,
              33.1231531
            ],
            [
              -117.200912,
              33.1231602
            ],
            [
              -117.2009336,
              33.1231664
            ],
            [
              -117.2009601,
              33.123169
            ],
            [
              -117.2009911,
              33.1231684
            ],
            [
              -117.201015,
              33.1231654
            ],
            [
              -117.2010405,
              33.1231586
            ],
            [
              -117.2010679,
              33.1231472
            ],
            [
              -117.2010905,
              33.1231356
            ],
            [
              -117.2011074,
              33.1231236
            ],
            [
              -117.2011224,
              33.1231101
            ],
            [
              -117.2011333,
              33.1230958
            ],
            [
              -117.2011494,
              33.1230718
            ],
            [
              -117.2011564,
              33.1230561
            ],
            [
              -117.201161,
              33.1230413
            ],
            [
              -117.2011627,
              33.1230261
            ],
            [
              -117.2011585,
              33.1230116
            ],
            [
              -117.2011494,
              33.1229986
            ],
            [
              -117.2011393,
              33.1229923
            ],
            [
              -117.201126,
              33.1229857
            ],
            [
              -117.2011013,
              33.1229829
            ],
            [
              -117.2010792,
              33.1229881
            ]
          ]
        ]
      },
      "properties": {
        "course_id": "lakehouse_san_marcos",
        "course_name": "The Links at Lakehouse",
        "hole_number": 7,
        "feature_type": "green",
        "name": "hole_7_green",
        "feature-color": "#2d6e2d",
        "is_approximate": true,
        "source": "osm",
        "@id": "fa73285a-1208-4f3c-a1f5-93bd4ee6c2a6",
        "osm_id": 1497822209
      }
    },
    {
      "type": "Feature",
      "bbox": [
        -117.2026975,
        33.1197711,
        -117.2023387,
        33.1199706
      ],
      "geometry": {
        "type": "Polygon",
        "coordinates": [
          [
            [
              -117.2026975,
              33.1198434
            ],
            [
              -117.2026941,
              33.1197818
            ],
            [
              -117.2026913,
              33.1197711
            ],
            [
              -117.2025518,
              33.1198177
            ],
            [
              -117.2023387,
              33.1199032
            ],
            [
              -117.2023846,
              33.1199706
            ],
            [
              -117.2026975,
              33.1198434
            ]
          ]
        ]
      },
      "properties": {
        "course_id": "lakehouse_san_marcos",
        "course_name": "The Links at Lakehouse",
        "hole_number": 7,
        "feature_type": "tee_box",
        "name": "hole_7_tee_box",
        "feature-color": "#8b6914",
        "is_approximate": true,
        "source": "osm",
        "@id": "d967894a-68bc-4624-aad8-a3bc5aad6620",
        "osm_id": 1497822211
      }
    },
    {
      "type": "Feature",
      "bbox": [
        -117.2026308,
        33.1202847,
        -117.2024467,
        33.1206088
      ],
      "geometry": {
        "type": "Polygon",
        "coordinates": [
          [
            [
              -117.2024906,
              33.1205926
            ],
            [
              -117.2025109,
              33.1206066
            ],
            [
              -117.2025314,
              33.1206088
            ],
            [
              -117.2025526,
              33.1206045
            ],
            [
              -117.202574,
              33.1205936
            ],
            [
              -117.2025933,
              33.1205737
            ],
            [
              -117.202605,
              33.1205552
            ],
            [
              -117.2026077,
              33.1205269
            ],
            [
              -117.2026043,
              33.1204922
            ],
            [
              -117.202597,
              33.1204603
            ],
            [
              -117.202592,
              33.120431
            ],
            [
              -117.2025945,
              33.1204114
            ],
            [
              -117.2026056,
              33.1203932
            ],
            [
              -117.202622,
              33.1203711
            ],
            [
              -117.2026292,
              33.1203535
            ],
            [
              -117.2026308,
              33.1203387
            ],
            [
              -117.202626,
              33.1203226
            ],
            [
              -117.2026158,
              33.1203075
            ],
            [
              -117.2025996,
              33.1202954
            ],
            [
              -117.2025764,
              33.1202878
            ],
            [
              -117.2025518,
              33.1202847
            ],
            [
              -117.2025332,
              33.120286
            ],
            [
              -117.2025172,
              33.1202895
            ],
            [
              -117.2025055,
              33.120298
            ],
            [
              -117.2024929,
              33.1203126
            ],
            [
              -117.2024867,
              33.1203296
            ],
            [
              -117.2024808,
              33.1203485
            ],
            [
              -117.2024748,
              33.1203792
            ],
            [
              -117.2024688,
              33.1204044
            ],
            [
              -117.2024626,
              33.1204299
            ],
            [
              -117.2024567,
              33.1204523
            ],
            [
              -117.2024512,
              33.1204825
            ],
            [
              -117.2024467,
              33.1205095
            ],
            [
              -117.2024467,
              33.1205315
            ],
            [
              -117.2024531,
              33.1205521
            ],
            [
              -117.2024709,
              33.1205737
            ],
            [
              -117.2024906,
              33.1205926
            ]
          ]
        ]
      },
      "properties": {
        "course_id": "lakehouse_san_marcos",
        "course_name": "The Links at Lakehouse",
        "hole_number": 8,
        "feature_type": "green",
        "name": "hole_8_green",
        "feature-color": "#2d6e2d",
        "is_approximate": true,
        "source": "osm",
        "@id": "a50db27a-82a7-4816-b041-7a26066f761b",
        "osm_id": 1497822213
      }
    },
    {
      "type": "Feature",
      "bbox": [
        -117.2047584,
        33.1187989,
        -117.2044082,
        33.118926
      ],
      "geometry": {
        "type": "Polygon",
        "coordinates": [
          [
            [
              -117.2047584,
              33.1188675
            ],
            [
              -117.204743,
              33.1187989
            ],
            [
              -117.2046088,
              33.1188212
            ],
            [
              -117.2045129,
              33.1188348
            ],
            [
              -117.2044082,
              33.1188482
            ],
            [
              -117.2044305,
              33.118926
            ],
            [
              -117.2047584,
              33.1188675
            ]
          ]
        ]
      },
      "properties": {
        "course_id": "lakehouse_san_marcos",
        "course_name": "The Links at Lakehouse",
        "hole_number": 6,
        "feature_type": "tee_box",
        "name": "hole_6_tee_box",
        "feature-color": "#8b7355",
        "is_approximate": true,
        "source": "osm",
        "@id": "00aba3e2-bf73-4a4f-bc1a-7a9e010f331f",
        "osm_id": 1497822215
      }
    },
    {
      "type": "Feature",
      "bbox": [
        -117.2043807,
        33.1188836,
        -117.2043002,
        33.118947
      ],
      "geometry": {
        "type": "Polygon",
        "coordinates": [
          [
            [
              -117.2043807,
              33.118934
            ],
            [
              -117.2043657,
              33.1188836
            ],
            [
              -117.2043002,
              33.118897
            ],
            [
              -117.2043141,
              33.118947
            ],
            [
              -117.2043807,
              33.118934
            ]
          ]
        ]
      },
      "properties": {
        "course_id": "lakehouse_san_marcos",
        "course_name": "The Links at Lakehouse",
        "hole_number": 6,
        "feature_type": "tee_box",
        "name": "hole_6_tee_box_2",
        "feature-color": "#8b7355",
        "is_approximate": true,
        "source": "osm",
        "@id": "e6b5dc8d-6eea-4e4f-a667-3d685e188510",
        "osm_id": 1497822216
      }
    },
    {
      "type": "Feature",
      "bbox": [
        -117.2046831,
        33.1183959,
        -117.2043932,
        33.118557
      ],
      "geometry": {
        "type": "Polygon",
        "coordinates": [
          [
            [
              -117.2046831,
              33.1184427
            ],
            [
              -117.2046829,
              33.1184549
            ],
            [
              -117.2046819,
              33.1184645
            ],
            [
              -117.2046776,
              33.1184754
            ],
            [
              -117.2046682,
              33.1184913
            ],
            [
              -117.2046591,
              33.1185035
            ],
            [
              -117.2046481,
              33.1185181
            ],
            [
              -117.2046295,
              33.1185323
            ],
            [
              -117.2046174,
              33.1185434
            ],
            [
              -117.2046065,
              33.1185502
            ],
            [
              -117.204592,
              33.1185558
            ],
            [
              -117.2045783,
              33.118557
            ],
            [
              -117.2045474,
              33.1185542
            ],
            [
              -117.2045307,
              33.1185474
            ],
            [
              -117.2045024,
              33.1185347
            ],
            [
              -117.2044849,
              33.1185285
            ],
            [
              -117.2044323,
              33.1185153
            ],
            [
              -117.2044175,
              33.1185082
            ],
            [
              -117.2044026,
              33.1184954
            ],
            [
              -117.2043936,
              33.1184791
            ],
            [
              -117.2043932,
              33.1184574
            ],
            [
              -117.2043978,
              33.1184425
            ],
            [
              -117.2044124,
              33.1184241
            ],
            [
              -117.2044315,
              33.1184134
            ],
            [
              -117.2044477,
              33.118407
            ],
            [
              -117.2044703,
              33.1184061
            ],
            [
              -117.2044917,
              33.1184082
            ],
            [
              -117.20452,
              33.1184123
            ],
            [
              -117.2045386,
              33.1184118
            ],
            [
              -117.2045615,
              33.1184077
            ],
            [
              -117.2045759,
              33.1184029
            ],
            [
              -117.2045895,
              33.1183987
            ],
            [
              -117.2046039,
              33.1183959
            ],
            [
              -117.2046191,
              33.1183964
            ],
            [
              -117.2046396,
              33.1184014
            ],
            [
              -117.2046621,
              33.1184114
            ],
            [
              -117.2046735,
              33.1184213
            ],
            [
              -117.2046831,
              33.1184427
            ]
          ]
        ]
      },
      "properties": {
        "course_id": "lakehouse_san_marcos",
        "course_name": "The Links at Lakehouse",
        "hole_number": 5,
        "feature_type": "green",
        "name": "hole_5_green",
        "feature-color": "#2d6e2d",
        "is_approximate": true,
        "source": "osm",
        "@id": "66fc3e86-9fbd-4f9a-a67c-1d68d31deb93",
        "osm_id": 1497822218
      }
    },
    {
      "type": "Feature",
      "bbox": [
        -117.202269,
        33.1187966,
        -117.2021497,
        33.1188731
      ],
      "geometry": {
        "type": "Polygon",
        "coordinates": [
          [
            [
              -117.202269,
              33.118864
            ],
            [
              -117.2022616,
              33.1187966
            ],
            [
              -117.2021497,
              33.1188147
            ],
            [
              -117.2021639,
              33.1188731
            ],
            [
              -117.202269,
              33.118864
            ]
          ]
        ]
      },
      "properties": {
        "course_id": "lakehouse_san_marcos",
        "course_name": "The Links at Lakehouse",
        "hole_number": 5,
        "feature_type": "tee_box",
        "name": "hole_5_tee_box",
        "feature-color": "#8b7355",
        "is_approximate": true,
        "source": "osm",
        "@id": "d36017f8-2aec-4e7c-8915-85799e654bfc",
        "osm_id": 1497822220
      }
    },
    {
      "type": "Feature",
      "bbox": [
        -117.2016527,
        33.1188975,
        -117.2012574,
        33.1190119
      ],
      "geometry": {
        "type": "Polygon",
        "coordinates": [
          [
            [
              -117.2016527,
              33.11894
            ],
            [
              -117.2016401,
              33.1188975
            ],
            [
              -117.2012574,
              33.1189616
            ],
            [
              -117.2012685,
              33.1190119
            ],
            [
              -117.2016527,
              33.11894
            ]
          ]
        ]
      },
      "properties": {
        "course_id": "lakehouse_san_marcos",
        "course_name": "The Links at Lakehouse",
        "hole_number": 5,
        "feature_type": "tee_box",
        "name": "hole_5_tee_box_2",
        "feature-color": "#8b7355",
        "is_approximate": true,
        "source": "osm",
        "@id": "c373d4fb-94a8-453f-8692-24cfa4f3059f",
        "osm_id": 1497822221
      }
    },
    {
      "type": "Feature",
      "bbox": [
        -117.2009556,
        33.1190029,
        -117.2006951,
        33.1191758
      ],
      "geometry": {
        "type": "Polygon",
        "coordinates": [
          [
            [
              -117.20084,
              33.1190124
            ],
            [
              -117.2008529,
              33.1190077
            ],
            [
              -117.2008785,
              33.1190045
            ],
            [
              -117.2009136,
              33.1190029
            ],
            [
              -117.2009358,
              33.1190092
            ],
            [
              -117.2009483,
              33.1190173
            ],
            [
              -117.2009556,
              33.1190364
            ],
            [
              -117.2009556,
              33.1190594
            ],
            [
              -117.2009518,
              33.119084
            ],
            [
              -117.2009474,
              33.1190989
            ],
            [
              -117.2009392,
              33.1191109
            ],
            [
              -117.2009236,
              33.119126
            ],
            [
              -117.200905,
              33.1191319
            ],
            [
              -117.2008851,
              33.1191325
            ],
            [
              -117.2008588,
              33.1191276
            ],
            [
              -117.200831,
              33.1191228
            ],
            [
              -117.2008093,
              33.1191298
            ],
            [
              -117.2007879,
              33.1191453
            ],
            [
              -117.2007772,
              33.119158
            ],
            [
              -117.2007624,
              33.1191662
            ],
            [
              -117.200741,
              33.1191758
            ],
            [
              -117.2007247,
              33.1191748
            ],
            [
              -117.2007085,
              33.1191678
            ],
            [
              -117.2006985,
              33.1191575
            ],
            [
              -117.2006951,
              33.1191384
            ],
            [
              -117.2007003,
              33.1191257
            ],
            [
              -117.2007149,
              33.1191124
            ],
            [
              -117.200722,
              33.1191024
            ],
            [
              -117.2007251,
              33.1190906
            ],
            [
              -117.2007256,
              33.1190742
            ],
            [
              -117.2007256,
              33.1190626
            ],
            [
              -117.2007322,
              33.1190473
            ],
            [
              -117.2007521,
              33.1190289
            ],
            [
              -117.2007809,
              33.1190212
            ],
            [
              -117.200809,
              33.1190165
            ],
            [
              -117.20084,
              33.1190124
            ]
          ]
        ]
      },
      "properties": {
        "course_id": "lakehouse_san_marcos",
        "course_name": "The Links at Lakehouse",
        "hole_number": 4,
        "feature_type": "green",
        "name": "hole_4_green",
        "feature-color": "#2d6e2d",
        "is_approximate": true,
        "source": "osm",
        "@id": "ef5391c7-cd56-4171-a675-3d1282d7b48e",
        "osm_id": 1497822222
      }
    },
    {
      "type": "Feature",
      "bbox": [
        -117.1973797,
        33.119062,
        -117.1973063,
        33.1191204
      ],
      "geometry": {
        "type": "Polygon",
        "coordinates": [
          [
            [
              -117.1973754,
              33.1191204
            ],
            [
              -117.1973797,
              33.1190661
            ],
            [
              -117.1973074,
              33.119062
            ],
            [
              -117.1973063,
              33.1191156
            ],
            [
              -117.1973754,
              33.1191204
            ]
          ]
        ]
      },
      "properties": {
        "course_id": "lakehouse_san_marcos",
        "course_name": "The Links at Lakehouse",
        "hole_number": 4,
        "feature_type": "tee_box",
        "name": "hole_4_tee_box",
        "feature-color": "#8b7355",
        "is_approximate": true,
        "source": "osm",
        "@id": "eb88eaa4-48d4-4abe-a658-a6c0890c6094",
        "osm_id": 1497822224
      }
    },
    {
      "type": "Feature",
      "bbox": [
        -117.1968909,
        33.1189509,
        -117.1967649,
        33.1190665
      ],
      "geometry": {
        "type": "Polygon",
        "coordinates": [
          [
            [
              -117.1968526,
              33.1190665
            ],
            [
              -117.1968909,
              33.1189777
            ],
            [
              -117.196799,
              33.1189509
            ],
            [
              -117.1967649,
              33.1190377
            ],
            [
              -117.1968526,
              33.1190665
            ]
          ]
        ]
      },
      "properties": {
        "course_id": "lakehouse_san_marcos",
        "course_name": "The Links at Lakehouse",
        "hole_number": 4,
        "feature_type": "tee_box",
        "name": "hole_4_tee_box_2",
        "feature-color": "#8b7355",
        "is_approximate": true,
        "source": "osm",
        "@id": "59e06259-3d08-43ed-af9f-ba2c7ab4391a",
        "osm_id": 1497822225
      }
    },
    {
      "type": "Feature",
      "bbox": [
        -117.1970064,
        33.1193562,
        -117.1968103,
        33.1196107
      ],
      "geometry": {
        "type": "Polygon",
        "coordinates": [
          [
            [
              -117.1968103,
              33.1195659
            ],
            [
              -117.1968229,
              33.1195875
            ],
            [
              -117.1968362,
              33.1195996
            ],
            [
              -117.1968603,
              33.1196097
            ],
            [
              -117.1968826,
              33.1196107
            ],
            [
              -117.1969081,
              33.1196057
            ],
            [
              -117.196935,
              33.1195852
            ],
            [
              -117.1969632,
              33.1195586
            ],
            [
              -117.1969962,
              33.1195071
            ],
            [
              -117.1970015,
              33.119489
            ],
            [
              -117.1970064,
              33.1194612
            ],
            [
              -117.1970064,
              33.1194234
            ],
            [
              -117.1970016,
              33.1193936
            ],
            [
              -117.1969886,
              33.119372
            ],
            [
              -117.1969703,
              33.1193615
            ],
            [
              -117.1969536,
              33.1193562
            ],
            [
              -117.1969247,
              33.1193568
            ],
            [
              -117.1969084,
              33.119363
            ],
            [
              -117.1968862,
              33.1193762
            ],
            [
              -117.1968693,
              33.1193974
            ],
            [
              -117.1968524,
              33.1194257
            ],
            [
              -117.1968438,
              33.1194435
            ],
            [
              -117.1968301,
              33.1194678
            ],
            [
              -117.1968212,
              33.1194958
            ],
            [
              -117.1968147,
              33.1195174
            ],
            [
              -117.1968123,
              33.1195348
            ],
            [
              -117.1968103,
              33.1195659
            ]
          ]
        ]
      },
      "properties": {
        "course_id": "lakehouse_san_marcos",
        "course_name": "The Links at Lakehouse",
        "hole_number": 3,
        "feature_type": "green",
        "name": "hole_3_green",
        "feature-color": "#2d6e2d",
        "is_approximate": true,
        "source": "osm",
        "@id": "95b7498f-e8d2-4351-bc21-0d2ee24f6198",
        "osm_id": 1497822226
      }
    },
    {
      "type": "Feature",
      "bbox": [
        -117.1979888,
        33.1200745,
        -117.1978812,
        33.1201551
      ],
      "geometry": {
        "type": "Polygon",
        "coordinates": [
          [
            [
              -117.1978911,
              33.1200745
            ],
            [
              -117.1979042,
              33.1200748
            ],
            [
              -117.1979116,
              33.1200767
            ],
            [
              -117.1979206,
              33.1200804
            ],
            [
              -117.197924,
              33.1200824
            ],
            [
              -117.1979268,
              33.1200847
            ],
            [
              -117.1979288,
              33.1200876
            ],
            [
              -117.1979302,
              33.1200915
            ],
            [
              -117.1979312,
              33.1200929
            ],
            [
              -117.197934,
              33.1200956
            ],
            [
              -117.1979377,
              33.1200972
            ],
            [
              -117.1979421,
              33.1200967
            ],
            [
              -117.1979471,
              33.1200967
            ],
            [
              -117.1979548,
              33.1200975
            ],
            [
              -117.1979742,
              33.1200972
            ],
            [
              -117.1979799,
              33.1200989
            ],
            [
              -117.1979838,
              33.1201013
            ],
            [
              -117.1979858,
              33.1201041
            ],
            [
              -117.1979868,
              33.1201092
            ],
            [
              -117.1979882,
              33.1201111
            ],
            [
              -117.1979888,
              33.120117
            ],
            [
              -117.1979872,
              33.120119
            ],
            [
              -117.1979848,
              33.1201204
            ],
            [
              -117.1979845,
              33.1201232
            ],
            [
              -117.197982,
              33.1201239
            ],
            [
              -117.1979808,
              33.1201252
            ],
            [
              -117.1979801,
              33.1201269
            ],
            [
              -117.1979778,
              33.1201283
            ],
            [
              -117.1979784,
              33.1201294
            ],
            [
              -117.1979781,
              33.1201308
            ],
            [
              -117.1979791,
              33.1201316
            ],
            [
              -117.1979801,
              33.1201342
            ],
            [
              -117.1979831,
              33.1201375
            ],
            [
              -117.1979845,
              33.1201403
            ],
            [
              -117.1979848,
              33.1201432
            ],
            [
              -117.1979862,
              33.1201451
            ],
            [
              -117.1979862,
              33.1201502
            ],
            [
              -117.1979833,
              33.1201537
            ],
            [
              -117.1979803,
              33.1201548
            ],
            [
              -117.1979766,
              33.1201551
            ],
            [
              -117.1979732,
              33.1201542
            ],
            [
              -117.1979675,
              33.1201517
            ],
            [
              -117.1979551,
              33.1201424
            ],
            [
              -117.1979478,
              33.1201377
            ],
            [
              -117.197931,
              33.1201239
            ],
            [
              -117.1979233,
              33.1201191
            ],
            [
              -117.1979162,
              33.1201135
            ],
            [
              -117.1979102,
              33.1201096
            ],
            [
              -117.1979074,
              33.1201066
            ],
            [
              -117.1978911,
              33.1200933
            ],
            [
              -117.1978842,
              33.1200898
            ],
            [
              -117.1978812,
              33.1200853
            ],
            [
              -117.1978819,
              33.1200791
            ],
            [
              -117.1978826,
              33.120078
            ],
            [
              -117.1978851,
              33.1200759
            ],
            [
              -117.1978911,
              33.1200745
            ]
          ]
        ]
      },
      "properties": {
        "course_id": "lakehouse_san_marcos",
        "course_name": "The Links at Lakehouse",
        "hole_number": 3,
        "feature_type": "bunker",
        "name": "hole_3_bunker_3",
        "feature-color": "#d4b483",
        "is_approximate": true,
        "source": "osm",
        "@id": "2ea5629a-0cab-4ea8-93b7-1b782015bbf6",
        "osm_id": 1497822227
      }
    },
    {
      "type": "Feature",
      "bbox": [
        -117.1985444,
        33.1203326,
        -117.1980711,
        33.120606
      ],
      "geometry": {
        "type": "Polygon",
        "coordinates": [
          [
            [
              -117.1980711,
              33.120379
            ],
            [
              -117.1981082,
              33.1203475
            ],
            [
              -117.1981324,
              33.1203326
            ],
            [
              -117.1981841,
              33.1203541
            ],
            [
              -117.198234,
              33.120387
            ],
            [
              -117.1982693,
              33.1204075
            ],
            [
              -117.1983192,
              33.1204445
            ],
            [
              -117.1983579,
              33.1204711
            ],
            [
              -117.1983997,
              33.1204943
            ],
            [
              -117.1984376,
              33.1205187
            ],
            [
              -117.1984655,
              33.1205346
            ],
            [
              -117.1984856,
              33.1205449
            ],
            [
              -117.1984964,
              33.1205342
            ],
            [
              -117.1985145,
              33.1205432
            ],
            [
              -117.1985338,
              33.1205551
            ],
            [
              -117.1985441,
              33.1205694
            ],
            [
              -117.1985444,
              33.1205832
            ],
            [
              -117.198536,
              33.1205966
            ],
            [
              -117.1985198,
              33.1206054
            ],
            [
              -117.1985061,
              33.120606
            ],
            [
              -117.1984721,
              33.120604
            ],
            [
              -117.198444,
              33.1205987
            ],
            [
              -117.1984093,
              33.1205847
            ],
            [
              -117.198353,
              33.1205557
            ],
            [
              -117.1980711,
              33.120379
            ]
          ]
        ]
      },
      "properties": {
        "course_id": "lakehouse_san_marcos",
        "course_name": "The Links at Lakehouse",
        "hole_number": 3,
        "feature_type": "tee_box",
        "name": "hole_3_tee_box",
        "feature-color": "#8b7355",
        "is_approximate": true,
        "source": "osm",
        "@id": "e6bebfda-3d1f-4f21-8950-9d90be4818a1",
        "osm_id": 1497822229
      }
    },
    {
      "type": "Feature",
      "bbox": [
        -117.1990082,
        33.1206625,
        -117.1987548,
        33.1208331
      ],
      "geometry": {
        "type": "Polygon",
        "coordinates": [
          [
            [
              -117.1989869,
              33.1208018
            ],
            [
              -117.1989816,
              33.1208136
            ],
            [
              -117.1989719,
              33.1208236
            ],
            [
              -117.1989529,
              33.1208303
            ],
            [
              -117.1989249,
              33.1208329
            ],
            [
              -117.1988973,
              33.1208331
            ],
            [
              -117.198846,
              33.1208282
            ],
            [
              -117.1988182,
              33.1208133
            ],
            [
              -117.1988014,
              33.1207964
            ],
            [
              -117.1987732,
              33.1207626
            ],
            [
              -117.1987563,
              33.1207311
            ],
            [
              -117.1987548,
              33.1207119
            ],
            [
              -117.1987627,
              33.1206921
            ],
            [
              -117.1987871,
              33.1206762
            ],
            [
              -117.1988228,
              33.1206642
            ],
            [
              -117.1988688,
              33.1206625
            ],
            [
              -117.1989082,
              33.1206672
            ],
            [
              -117.1989513,
              33.1206784
            ],
            [
              -117.1989754,
              33.1206929
            ],
            [
              -117.1989968,
              33.120714
            ],
            [
              -117.1990082,
              33.1207463
            ],
            [
              -117.1990024,
              33.120773
            ],
            [
              -117.1989869,
              33.1208018
            ]
          ]
        ]
      },
      "properties": {
        "course_id": "lakehouse_san_marcos",
        "course_name": "The Links at Lakehouse",
        "hole_number": 2,
        "feature_type": "green",
        "name": "hole_2_green",
        "feature-color": "#2d6e2d",
        "is_approximate": true,
        "source": "osm",
        "@id": "f2312899-40dd-47dc-8abd-43d7e64865f2",
        "osm_id": 1497822230
      }
    },
    {
      "type": "Feature",
      "bbox": [
        -117.1995162,
        33.1236287,
        -117.1994196,
        33.1238958
      ],
      "geometry": {
        "type": "Polygon",
        "coordinates": [
          [
            [
              -117.1995162,
              33.1238843
            ],
            [
              -117.1994982,
              33.1236354
            ],
            [
              -117.1994334,
              33.1236287
            ],
            [
              -117.1994196,
              33.1238958
            ],
            [
              -117.1995162,
              33.1238843
            ]
          ]
        ]
      },
      "properties": {
        "course_id": "lakehouse_san_marcos",
        "course_name": "The Links at Lakehouse",
        "hole_number": 2,
        "feature_type": "tee_box",
        "name": "hole_2_tee_box",
        "feature-color": "#8b6914",
        "is_approximate": true,
        "source": "osm",
        "@id": "986817a1-bdef-4f2c-85aa-0072607fce47",
        "osm_id": 1497822232
      }
    },
    {
      "type": "Feature",
      "bbox": [
        -117.1980286,
        33.1250452,
        -117.1978843,
        33.1254005
      ],
      "geometry": {
        "type": "Polygon",
        "coordinates": [
          [
            [
              -117.197919,
              33.1252141
            ],
            [
              -117.1978985,
              33.1253944
            ],
            [
              -117.1979732,
              33.1254005
            ],
            [
              -117.1979833,
              33.1253928
            ],
            [
              -117.1979881,
              33.1253613
            ],
            [
              -117.1980283,
              33.125128
            ],
            [
              -117.1980286,
              33.1251033
            ],
            [
              -117.1980212,
              33.1250766
            ],
            [
              -117.1980064,
              33.1250596
            ],
            [
              -117.1979736,
              33.1250472
            ],
            [
              -117.1979431,
              33.1250452
            ],
            [
              -117.1979204,
              33.1250513
            ],
            [
              -117.1978999,
              33.1250603
            ],
            [
              -117.1978887,
              33.1250711
            ],
            [
              -117.1978843,
              33.125089
            ],
            [
              -117.1978843,
              33.1251245
            ],
            [
              -117.1978897,
              33.125203
            ],
            [
              -117.197919,
              33.1252141
            ]
          ]
        ]
      },
      "properties": {
        "course_id": "lakehouse_san_marcos",
        "course_name": "The Links at Lakehouse",
        "hole_number": 12,
        "feature_type": "tee_box",
        "name": "hole_12_tee_box",
        "feature-color": "#8b7355",
        "is_approximate": true,
        "source": "osm",
        "@id": "f641fba1-9954-4324-bc4b-220f30b2ca45",
        "osm_id": 1497822683
      }
    },
    {
      "type": "Feature",
      "bbox": [
        -117.1982307,
        33.124401,
        -117.1981646,
        33.124557
      ],
      "geometry": {
        "type": "Polygon",
        "coordinates": [
          [
            [
              -117.1982283,
              33.124557
            ],
            [
              -117.1982307,
              33.1244069
            ],
            [
              -117.1981646,
              33.124401
            ],
            [
              -117.1981651,
              33.1245517
            ],
            [
              -117.1982283,
              33.124557
            ]
          ]
        ]
      },
      "properties": {
        "course_id": "lakehouse_san_marcos",
        "course_name": "The Links at Lakehouse",
        "hole_number": 12,
        "feature_type": "tee_box",
        "name": "hole_12_tee_box_2",
        "feature-color": "#8b7355",
        "is_approximate": true,
        "source": "osm",
        "@id": "ea123f18-05e1-4e2e-a75d-ffdd3f8e1cf0",
        "osm_id": 1497822684
      }
    },
    {
      "type": "Feature",
      "bbox": [
        -117.196599,
        33.1207679,
        -117.1962976,
        33.1209748
      ],
      "geometry": {
        "type": "Polygon",
        "coordinates": [
          [
            [
              -117.196599,
              33.1209062
            ],
            [
              -117.196596,
              33.1209194
            ],
            [
              -117.1965927,
              33.1209329
            ],
            [
              -117.1965859,
              33.1209441
            ],
            [
              -117.196571,
              33.1209573
            ],
            [
              -117.1965489,
              33.1209675
            ],
            [
              -117.1965153,
              33.1209748
            ],
            [
              -117.1964788,
              33.1209742
            ],
            [
              -117.1964533,
              33.1209653
            ],
            [
              -117.1964144,
              33.1209412
            ],
            [
              -117.1963795,
              33.1209167
            ],
            [
              -117.1963461,
              33.1208872
            ],
            [
              -117.1963155,
              33.1208648
            ],
            [
              -117.1963031,
              33.1208497
            ],
            [
              -117.1962976,
              33.1208314
            ],
            [
              -117.1962997,
              33.1208074
            ],
            [
              -117.1963147,
              33.1207887
            ],
            [
              -117.1963321,
              33.1207776
            ],
            [
              -117.1963596,
              33.12077
            ],
            [
              -117.1963873,
              33.1207679
            ],
            [
              -117.1964114,
              33.1207693
            ],
            [
              -117.1964491,
              33.1207734
            ],
            [
              -117.1964701,
              33.1207798
            ],
            [
              -117.1964965,
              33.1207863
            ],
            [
              -117.1965189,
              33.1207959
            ],
            [
              -117.1965303,
              33.1208066
            ],
            [
              -117.1965462,
              33.1208249
            ],
            [
              -117.196564,
              33.1208496
            ],
            [
              -117.1965821,
              33.1208732
            ],
            [
              -117.1965923,
              33.1208877
            ],
            [
              -117.196599,
              33.1209062
            ]
          ]
        ]
      },
      "properties": {
        "course_id": "lakehouse_san_marcos",
        "course_name": "The Links at Lakehouse",
        "hole_number": 12,
        "feature_type": "green",
        "name": "hole_12_green",
        "feature-color": "#2d6e2d",
        "is_approximate": true,
        "source": "osm",
        "@id": "97ac69b3-0d7a-49b3-9a5a-b99d261cac9f",
        "osm_id": 1498066178
      }
    },
    {
      "type": "Feature",
      "bbox": [
        -117.1965268,
        33.1212696,
        -117.1962734,
        33.1214682
      ],
      "geometry": {
        "type": "Polygon",
        "coordinates": [
          [
            [
              -117.1964811,
              33.1214682
            ],
            [
              -117.1965105,
              33.1214585
            ],
            [
              -117.1965268,
              33.1214453
            ],
            [
              -117.1964333,
              33.1213906
            ],
            [
              -117.1964502,
              33.1213743
            ],
            [
              -117.1963061,
              33.1212696
            ],
            [
              -117.1962734,
              33.1212992
            ],
            [
              -117.196342,
              33.1213605
            ],
            [
              -117.1964811,
              33.1214682
            ]
          ]
        ]
      },
      "properties": {
        "course_id": "lakehouse_san_marcos",
        "course_name": "The Links at Lakehouse",
        "hole_number": 13,
        "feature_type": "tee_box",
        "name": "hole_13_tee_box",
        "feature-color": "#8b7355",
        "is_approximate": true,
        "source": "osm",
        "@id": "b67f820f-d8e0-4eaf-a8c2-b3be76b58b6b",
        "osm_id": 1498066179
      }
    },
    {
      "type": "Feature",
      "bbox": [
        -117.1973652,
        33.1223124,
        -117.1971817,
        33.122465
      ],
      "geometry": {
        "type": "Polygon",
        "coordinates": [
          [
            [
              -117.1972584,
              33.1224636
            ],
            [
              -117.1972823,
              33.122465
            ],
            [
              -117.1972928,
              33.1224646
            ],
            [
              -117.1973138,
              33.12246
            ],
            [
              -117.1973379,
              33.1224508
            ],
            [
              -117.1973568,
              33.1224307
            ],
            [
              -117.1973652,
              33.1224064
            ],
            [
              -117.1973626,
              33.1223772
            ],
            [
              -117.1973476,
              33.122355
            ],
            [
              -117.1973293,
              33.1223426
            ],
            [
              -117.1973111,
              33.1223289
            ],
            [
              -117.1972919,
              33.1223206
            ],
            [
              -117.1972546,
              33.1223124
            ],
            [
              -117.1972304,
              33.1223197
            ],
            [
              -117.1972019,
              33.122337
            ],
            [
              -117.1971869,
              33.1223551
            ],
            [
              -117.1971818,
              33.1223761
            ],
            [
              -117.1971817,
              33.1223914
            ],
            [
              -117.1971891,
              33.1224111
            ],
            [
              -117.1972053,
              33.1224325
            ],
            [
              -117.1972246,
              33.1224484
            ],
            [
              -117.1972584,
              33.1224636
            ]
          ]
        ]
      },
      "properties": {
        "course_id": "lakehouse_san_marcos",
        "course_name": "The Links at Lakehouse",
        "hole_number": 13,
        "feature_type": "green",
        "name": "hole_13_green",
        "feature-color": "#2d6e2d",
        "is_approximate": true,
        "source": "osm",
        "@id": "dbd535a4-96ff-4706-b280-2f758e47faa2",
        "osm_id": 1498066180
      }
    },
    {
      "type": "Feature",
      "bbox": [
        -117.1966395,
        33.1229335,
        -117.1960258,
        33.1240324
      ],
      "geometry": {
        "type": "Polygon",
        "coordinates": [
          [
            [
              -117.1964819,
              33.1231684
            ],
            [
              -117.1965018,
              33.123336
            ],
            [
              -117.1965299,
              33.1234806
            ],
            [
              -117.196565,
              33.1236764
            ],
            [
              -117.1966153,
              33.1237787
            ],
            [
              -117.1966375,
              33.1238583
            ],
            [
              -117.1966395,
              33.1239212
            ],
            [
              -117.1966298,
              33.1239866
            ],
            [
              -117.1965892,
              33.1240233
            ],
            [
              -117.1965562,
              33.1240302
            ],
            [
              -117.19647,
              33.124032
            ],
            [
              -117.1963649,
              33.1240324
            ],
            [
              -117.1963216,
              33.1240152
            ],
            [
              -117.1962741,
              33.1239864
            ],
            [
              -117.1962232,
              33.1239178
            ],
            [
              -117.1961659,
              33.1237265
            ],
            [
              -117.1961462,
              33.1236423
            ],
            [
              -117.1961094,
              33.1235491
            ],
            [
              -117.1960689,
              33.1234784
            ],
            [
              -117.1960386,
              33.1234024
            ],
            [
              -117.1960467,
              33.123335
            ],
            [
              -117.1960526,
              33.1232944
            ],
            [
              -117.1960383,
              33.1231938
            ],
            [
              -117.1960314,
              33.1231386
            ],
            [
              -117.1960258,
              33.1230701
            ],
            [
              -117.1960347,
              33.1230251
            ],
            [
              -117.1960602,
              33.1229832
            ],
            [
              -117.1960963,
              33.1229557
            ],
            [
              -117.1961724,
              33.1229426
            ],
            [
              -117.1962257,
              33.1229384
            ],
            [
              -117.19627,
              33.1229335
            ],
            [
              -117.1963189,
              33.1229335
            ],
            [
              -117.1963608,
              33.1229411
            ],
            [
              -117.1964182,
              33.1229625
            ],
            [
              -117.1964495,
              33.1229846
            ],
            [
              -117.1964652,
              33.1230375
            ],
            [
              -117.1964819,
              33.1231684
            ]
          ]
        ]
      },
      "properties": {
        "course_id": "lakehouse_san_marcos",
        "course_name": "The Links at Lakehouse",
        "hole_number": 14,
        "feature_type": "fairway",
        "name": "hole_14_fairway",
        "feature-color": "#4a7c3f",
        "is_approximate": true,
        "source": "osm",
        "@id": "c519893e-4fe1-4e95-bb5a-290242077d36",
        "osm_id": 1498066181
      }
    },
    {
      "type": "Feature",
      "bbox": [
        -117.1964575,
        33.1222525,
        -117.1962651,
        33.122353
      ],
      "geometry": {
        "type": "Polygon",
        "coordinates": [
          [
            [
              -117.1964399,
              33.1223317
            ],
            [
              -117.1964575,
              33.1223002
            ],
            [
              -117.1962931,
              33.1222525
            ],
            [
              -117.1962651,
              33.1223035
            ],
            [
              -117.1964253,
              33.122353
            ],
            [
              -117.1964399,
              33.1223317
            ]
          ]
        ]
      },
      "properties": {
        "course_id": "lakehouse_san_marcos",
        "course_name": "The Links at Lakehouse",
        "hole_number": 14,
        "feature_type": "tee_box",
        "name": "hole_14_tee_box",
        "feature-color": "#8b7355",
        "is_approximate": true,
        "source": "osm",
        "@id": "6082a1fd-cf9d-497f-b975-d1f01c468fb2",
        "osm_id": 1498066183
      }
    },
    {
      "type": "Feature",
      "bbox": [
        -117.1962217,
        33.1222756,
        -117.1960835,
        33.1223331
      ],
      "geometry": {
        "type": "Polygon",
        "coordinates": [
          [
            [
              -117.1962217,
              33.1223272
            ],
            [
              -117.1962108,
              33.1222756
            ],
            [
              -117.1960835,
              33.1222803
            ],
            [
              -117.1960887,
              33.1223331
            ],
            [
              -117.1961134,
              33.1223289
            ],
            [
              -117.1962217,
              33.1223272
            ]
          ]
        ]
      },
      "properties": {
        "course_id": "lakehouse_san_marcos",
        "course_name": "The Links at Lakehouse",
        "hole_number": 14,
        "feature_type": "tee_box",
        "name": "hole_14_tee_box_2",
        "feature-color": "#8b7355",
        "is_approximate": true,
        "source": "osm",
        "@id": "3c978570-f8de-4acc-870e-772e1073081a",
        "osm_id": 1498066184
      }
    },
    {
      "type": "Feature",
      "bbox": [
        -117.1966996,
        33.1251885,
        -117.1965201,
        33.1253566
      ],
      "geometry": {
        "type": "Polygon",
        "coordinates": [
          [
            [
              -117.1966996,
              33.1252906
            ],
            [
              -117.196698,
              33.1253091
            ],
            [
              -117.1966853,
              33.1253313
            ],
            [
              -117.1966671,
              33.1253467
            ],
            [
              -117.1966495,
              33.1253541
            ],
            [
              -117.1966313,
              33.1253566
            ],
            [
              -117.1966112,
              33.1253551
            ],
            [
              -117.19658,
              33.1253504
            ],
            [
              -117.1965542,
              33.1253368
            ],
            [
              -117.1965327,
              33.1253157
            ],
            [
              -117.1965219,
              33.1253002
            ],
            [
              -117.1965202,
              33.1252788
            ],
            [
              -117.1965201,
              33.1252533
            ],
            [
              -117.1965278,
              33.1252355
            ],
            [
              -117.196541,
              33.1252224
            ],
            [
              -117.1965523,
              33.1252101
            ],
            [
              -117.1965713,
              33.1251985
            ],
            [
              -117.1965839,
              33.125194
            ],
            [
              -117.1966041,
              33.1251893
            ],
            [
              -117.1966272,
              33.1251885
            ],
            [
              -117.1966509,
              33.1251908
            ],
            [
              -117.1966647,
              33.1251977
            ],
            [
              -117.1966763,
              33.1252057
            ],
            [
              -117.1966833,
              33.1252187
            ],
            [
              -117.1966926,
              33.1252376
            ],
            [
              -117.1966963,
              33.1252598
            ],
            [
              -117.1966996,
              33.1252906
            ]
          ]
        ]
      },
      "properties": {
        "course_id": "lakehouse_san_marcos",
        "course_name": "The Links at Lakehouse",
        "hole_number": 14,
        "feature_type": "green",
        "name": "hole_14_green",
        "feature-color": "#2d6e2d",
        "is_approximate": true,
        "source": "osm",
        "@id": "9dce56f6-c19d-41c4-bb40-cc7d53a04f0c",
        "osm_id": 1498066185
      }
    },
    {
      "type": "Feature",
      "bbox": [
        -117.1965924,
        33.1265084,
        -117.1963624,
        33.1267309
      ],
      "geometry": {
        "type": "Polygon",
        "coordinates": [
          [
            [
              -117.1964747,
              33.1267309
            ],
            [
              -117.1965924,
              33.1266312
            ],
            [
              -117.1964244,
              33.1265084
            ],
            [
              -117.1963624,
              33.1265669
            ],
            [
              -117.196371,
              33.1266449
            ],
            [
              -117.1964747,
              33.1267309
            ]
          ]
        ]
      },
      "properties": {
        "course_id": "lakehouse_san_marcos",
        "course_name": "The Links at Lakehouse",
        "hole_number": 15,
        "feature_type": "tee_box",
        "name": "hole_15_tee_box",
        "feature-color": "#8b7355",
        "is_approximate": true,
        "source": "osm",
        "@id": "c0fae5a7-e316-43e5-8f9c-fcdf7a0c8adc",
        "osm_id": 1498066187
      }
    },
    {
      "type": "Feature",
      "bbox": [
        -117.1968458,
        33.126869,
        -117.1967558,
        33.1269475
      ],
      "geometry": {
        "type": "Polygon",
        "coordinates": [
          [
            [
              -117.196818,
              33.1269475
            ],
            [
              -117.1968458,
              33.1269073
            ],
            [
              -117.1967916,
              33.126869
            ],
            [
              -117.1967558,
              33.1269055
            ],
            [
              -117.196818,
              33.1269475
            ]
          ]
        ]
      },
      "properties": {
        "course_id": "lakehouse_san_marcos",
        "course_name": "The Links at Lakehouse",
        "hole_number": 15,
        "feature_type": "tee_box",
        "name": "hole_15_tee_box_2",
        "feature-color": "#8b7355",
        "is_approximate": true,
        "source": "osm",
        "@id": "171e5308-287b-4bb5-987f-9fb449aacc94",
        "osm_id": 1498066188
      }
    },
    {
      "type": "Feature",
      "bbox": [
        -117.1982174,
        33.1212196,
        -117.1969577,
        33.1242431
      ],
      "geometry": {
        "type": "Polygon",
        "coordinates": [
          [
            [
              -117.1981908,
              33.1240399
            ],
            [
              -117.1981956,
              33.1240869
            ],
            [
              -117.1981995,
              33.1241111
            ],
            [
              -117.1981991,
              33.1241336
            ],
            [
              -117.1981803,
              33.1241694
            ],
            [
              -117.1981516,
              33.1241995
            ],
            [
              -117.1981173,
              33.1242227
            ],
            [
              -117.1980765,
              33.1242359
            ],
            [
              -117.1980414,
              33.124242
            ],
            [
              -117.1980047,
              33.1242431
            ],
            [
              -117.1979801,
              33.1242427
            ],
            [
              -117.1979357,
              33.1242328
            ],
            [
              -117.1978934,
              33.1242138
            ],
            [
              -117.1978633,
              33.1241777
            ],
            [
              -117.1978434,
              33.1241107
            ],
            [
              -117.1978202,
              33.1240276
            ],
            [
              -117.1978117,
              33.1239792
            ],
            [
              -117.1977964,
              33.1238894
            ],
            [
              -117.1977824,
              33.1238308
            ],
            [
              -117.1977862,
              33.1237875
            ],
            [
              -117.197795,
              33.1237628
            ],
            [
              -117.1978229,
              33.1236958
            ],
            [
              -117.1978352,
              33.1236533
            ],
            [
              -117.1978391,
              33.1236066
            ],
            [
              -117.1978443,
              33.1235582
            ],
            [
              -117.1978399,
              33.1235087
            ],
            [
              -117.1978422,
              33.1234647
            ],
            [
              -117.1978455,
              33.1233954
            ],
            [
              -117.1978597,
              33.1233051
            ],
            [
              -117.1978684,
              33.1232563
            ],
            [
              -117.1978785,
              33.1232124
            ],
            [
              -117.1978818,
              33.1231647
            ],
            [
              -117.1978853,
              33.1231044
            ],
            [
              -117.1978946,
              33.1230749
            ],
            [
              -117.1978951,
              33.1230219
            ],
            [
              -117.1978938,
              33.1229752
            ],
            [
              -117.1978868,
              33.1229231
            ],
            [
              -117.1978832,
              33.1228568
            ],
            [
              -117.1978718,
              33.1227973
            ],
            [
              -117.1978539,
              33.1227119
            ],
            [
              -117.1978266,
              33.1226158
            ],
            [
              -117.1978025,
              33.1225354
            ],
            [
              -117.197775,
              33.1224092
            ],
            [
              -117.1977614,
              33.1223303
            ],
            [
              -117.1977479,
              33.1222513
            ],
            [
              -117.1977091,
              33.1221674
            ],
            [
              -117.1976418,
              33.1220446
            ],
            [
              -117.197565,
              33.1219037
            ],
            [
              -117.1975307,
              33.1218332
            ],
            [
              -117.1974961,
              33.1217795
            ],
            [
              -117.197443,
              33.1217136
            ],
            [
              -117.1973812,
              33.1216573
            ],
            [
              -117.1973148,
              33.1215954
            ],
            [
              -117.1971422,
              33.1214595
            ],
            [
              -117.1970787,
              33.1214156
            ],
            [
              -117.1970237,
              33.1213709
            ],
            [
              -117.1969879,
              33.1213376
            ],
            [
              -117.196974,
              33.1213169
            ],
            [
              -117.1969577,
              33.1212788
            ],
            [
              -117.1969671,
              33.1212585
            ],
            [
              -117.1969812,
              33.1212455
            ],
            [
              -117.1970069,
              33.1212281
            ],
            [
              -117.1970548,
              33.1212196
            ],
            [
              -117.1970946,
              33.1212221
            ],
            [
              -117.197149,
              33.121233
            ],
            [
              -117.1972144,
              33.1212592
            ],
            [
              -117.1973012,
              33.1213127
            ],
            [
              -117.1973779,
              33.1213608
            ],
            [
              -117.1974747,
              33.1214581
            ],
            [
              -117.1975812,
              33.121567
            ],
            [
              -117.1976348,
              33.1216022
            ],
            [
              -117.1976683,
              33.121646
            ],
            [
              -117.197706,
              33.1217021
            ],
            [
              -117.1977511,
              33.1217622
            ],
            [
              -117.1977997,
              33.1218313
            ],
            [
              -117.1978444,
              33.1218853
            ],
            [
              -117.1978882,
              33.1219488
            ],
            [
              -117.1979528,
              33.1220771
            ],
            [
              -117.1979875,
              33.1221691
            ],
            [
              -117.1980153,
              33.1222268
            ],
            [
              -117.1980325,
              33.1222671
            ],
            [
              -117.1980532,
              33.1223077
            ],
            [
              -117.1980752,
              33.1223875
            ],
            [
              -117.1980793,
              33.1224611
            ],
            [
              -117.1980793,
              33.1225332
            ],
            [
              -117.1980803,
              33.1226531
            ],
            [
              -117.198085,
              33.1226944
            ],
            [
              -117.1981148,
              33.1227486
            ],
            [
              -117.198135,
              33.1227863
            ],
            [
              -117.1981576,
              33.1229064
            ],
            [
              -117.1981623,
              33.1229608
            ],
            [
              -117.198172,
              33.1231118
            ],
            [
              -117.1981805,
              33.123207
            ],
            [
              -117.1982,
              33.1233363
            ],
            [
              -117.1982174,
              33.1235392
            ],
            [
              -117.1982146,
              33.1237365
            ],
            [
              -117.1982086,
              33.1238424
            ],
            [
              -117.1982073,
              33.1238758
            ],
            [
              -117.1982059,
              33.1239057
            ],
            [
              -117.1981978,
              33.1239408
            ],
            [
              -117.1981953,
              33.1239779
            ],
            [
              -117.1981905,
              33.1239972
            ],
            [
              -117.1981908,
              33.1240399
            ]
          ]
        ]
      },
      "properties": {
        "course_id": "lakehouse_san_marcos",
        "course_name": "The Links at Lakehouse",
        "hole_number": 12,
        "feature_type": "fairway",
        "name": "hole_12_fairway",
        "feature-color": "#4a7c3f",
        "is_approximate": true,
        "source": "osm",
        "@id": "f2000022-6da0-4d13-962f-0b6eeccb06f1",
        "osm_id": 1498066191
      }
    },
    {
      "type": "Feature",
      "bbox": [
        -117.2007675,
        33.1300974,
        -117.2006424,
        33.1302099
      ],
      "geometry": {
        "type": "Polygon",
        "coordinates": [
          [
            [
              -117.2007675,
              33.1301963
            ],
            [
              -117.2007492,
              33.1300974
            ],
            [
              -117.2006424,
              33.1301135
            ],
            [
              -117.2006724,
              33.1302099
            ],
            [
              -117.2007675,
              33.1301963
            ]
          ]
        ]
      },
      "properties": {
        "course_id": "lakehouse_san_marcos",
        "course_name": "The Links at Lakehouse",
        "hole_number": 16,
        "feature_type": "tee_box",
        "name": "hole_16_tee_box",
        "feature-color": "#8b7355",
        "is_approximate": true,
        "source": "osm",
        "@id": "9a844bcf-ed6d-4d7d-8938-ccca9dc4da52",
        "osm_id": 1498066192
      }
    },
    {
      "type": "Feature",
      "bbox": [
        -117.2006032,
        33.1301197,
        -117.2004058,
        33.1302622
      ],
      "geometry": {
        "type": "Polygon",
        "coordinates": [
          [
            [
              -117.2006032,
              33.1302531
            ],
            [
              -117.2005579,
              33.1301197
            ],
            [
              -117.2005218,
              33.13012
            ],
            [
              -117.2005013,
              33.1301336
            ],
            [
              -117.2004766,
              33.1301487
            ],
            [
              -117.2004431,
              33.1301625
            ],
            [
              -117.2004058,
              33.1301778
            ],
            [
              -117.2004541,
              33.1302622
            ],
            [
              -117.2006032,
              33.1302531
            ]
          ]
        ]
      },
      "properties": {
        "course_id": "lakehouse_san_marcos",
        "course_name": "The Links at Lakehouse",
        "hole_number": 16,
        "feature_type": "tee_box",
        "name": "hole_16_tee_box_2",
        "feature-color": "#8b7355",
        "is_approximate": true,
        "source": "osm",
        "@id": "470e8150-e301-4637-b3ae-fe92f6d30ffa",
        "osm_id": 1498066193
      }
    },
    {
      "type": "Feature",
      "bbox": [
        -117.2024569,
        33.1294072,
        -117.2011835,
        33.1300834
      ],
      "geometry": {
        "type": "Polygon",
        "coordinates": [
          [
            [
              -117.2024424,
              33.1295556
            ],
            [
              -117.2024511,
              33.1295717
            ],
            [
              -117.2024569,
              33.1295958
            ],
            [
              -117.2024569,
              33.1296331
            ],
            [
              -117.2024498,
              33.129669
            ],
            [
              -117.2024322,
              33.1297018
            ],
            [
              -117.2024036,
              33.1297439
            ],
            [
              -117.2023294,
              33.129819
            ],
            [
              -117.2022791,
              33.1298511
            ],
            [
              -117.2022417,
              33.1298748
            ],
            [
              -117.2021819,
              33.1299004
            ],
            [
              -117.2021157,
              33.1299276
            ],
            [
              -117.2020474,
              33.1299541
            ],
            [
              -117.202012,
              33.1299701
            ],
            [
              -117.2019791,
              33.1299806
            ],
            [
              -117.2019497,
              33.1299963
            ],
            [
              -117.2019107,
              33.1300172
            ],
            [
              -117.2018712,
              33.1300415
            ],
            [
              -117.2018279,
              33.1300609
            ],
            [
              -117.2017805,
              33.1300761
            ],
            [
              -117.2017356,
              33.1300834
            ],
            [
              -117.2016882,
              33.1300834
            ],
            [
              -117.2016039,
              33.1300735
            ],
            [
              -117.2015342,
              33.1300604
            ],
            [
              -117.2014672,
              33.1300448
            ],
            [
              -117.2014066,
              33.1300399
            ],
            [
              -117.2013652,
              33.1300441
            ],
            [
              -117.2013426,
              33.13005
            ],
            [
              -117.2013102,
              33.1300603
            ],
            [
              -117.2012814,
              33.1300675
            ],
            [
              -117.2012533,
              33.1300708
            ],
            [
              -117.2012225,
              33.1300708
            ],
            [
              -117.2012003,
              33.1300615
            ],
            [
              -117.2011908,
              33.1300456
            ],
            [
              -117.2011835,
              33.1300191
            ],
            [
              -117.2011883,
              33.1299934
            ],
            [
              -117.2011986,
              33.1299689
            ],
            [
              -117.2012218,
              33.1299455
            ],
            [
              -117.2012691,
              33.1299216
            ],
            [
              -117.2012981,
              33.1299095
            ],
            [
              -117.2013776,
              33.1298743
            ],
            [
              -117.2014567,
              33.1298455
            ],
            [
              -117.2015802,
              33.1298149
            ],
            [
              -117.2016793,
              33.1297922
            ],
            [
              -117.201724,
              33.1297863
            ],
            [
              -117.2017576,
              33.1297754
            ],
            [
              -117.2017875,
              33.1297595
            ],
            [
              -117.2018172,
              33.1297316
            ],
            [
              -117.2018462,
              33.1296977
            ],
            [
              -117.2018802,
              33.1296535
            ],
            [
              -117.2019103,
              33.1296034
            ],
            [
              -117.2019383,
              33.1295597
            ],
            [
              -117.2019687,
              33.129522
            ],
            [
              -117.2019992,
              33.1294916
            ],
            [
              -117.2020704,
              33.1294323
            ],
            [
              -117.2021381,
              33.1294146
            ],
            [
              -117.202186,
              33.1294072
            ],
            [
              -117.2022341,
              33.1294118
            ],
            [
              -117.2022822,
              33.12943
            ],
            [
              -117.2023288,
              33.1294563
            ],
            [
              -117.2023764,
              33.1294926
            ],
            [
              -117.2024194,
              33.1295309
            ],
            [
              -117.2024424,
              33.1295556
            ]
          ]
        ]
      },
      "properties": {
        "course_id": "lakehouse_san_marcos",
        "course_name": "The Links at Lakehouse",
        "hole_number": 16,
        "feature_type": "fairway",
        "name": "hole_16_fairway",
        "feature-color": "#4a7c3f",
        "is_approximate": true,
        "source": "osm",
        "@id": "041ed64b-2fe0-4264-9365-3f2739caeac0",
        "osm_id": 1498066194
      }
    },
    {
      "type": "Feature",
      "bbox": [
        -117.2030524,
        33.1278328,
        -117.2028358,
        33.1280919
      ],
      "geometry": {
        "type": "Polygon",
        "coordinates": [
          [
            [
              -117.2029176,
              33.1280891
            ],
            [
              -117.2029344,
              33.1280919
            ],
            [
              -117.20295,
              33.1280919
            ],
            [
              -117.2029721,
              33.1280908
            ],
            [
              -117.2030006,
              33.1280834
            ],
            [
              -117.2030168,
              33.1280759
            ],
            [
              -117.2030329,
              33.1280609
            ],
            [
              -117.2030432,
              33.1280464
            ],
            [
              -117.2030483,
              33.1280292
            ],
            [
              -117.203051,
              33.1280095
            ],
            [
              -117.2030519,
              33.1279744
            ],
            [
              -117.2030524,
              33.1279371
            ],
            [
              -117.2030447,
              33.1278974
            ],
            [
              -117.2030367,
              33.1278724
            ],
            [
              -117.2030223,
              33.1278582
            ],
            [
              -117.2030072,
              33.1278488
            ],
            [
              -117.2029856,
              33.1278398
            ],
            [
              -117.2029521,
              33.1278332
            ],
            [
              -117.2029215,
              33.1278328
            ],
            [
              -117.2029029,
              33.1278411
            ],
            [
              -117.2028861,
              33.1278596
            ],
            [
              -117.202871,
              33.1278816
            ],
            [
              -117.2028556,
              33.1279074
            ],
            [
              -117.2028433,
              33.1279329
            ],
            [
              -117.2028376,
              33.1279634
            ],
            [
              -117.2028358,
              33.1279888
            ],
            [
              -117.2028358,
              33.1280117
            ],
            [
              -117.2028392,
              33.1280333
            ],
            [
              -117.2028468,
              33.1280473
            ],
            [
              -117.2028588,
              33.1280625
            ],
            [
              -117.2028703,
              33.1280697
            ],
            [
              -117.2028926,
              33.1280823
            ],
            [
              -117.2029108,
              33.1280879
            ],
            [
              -117.2029176,
              33.1280891
            ]
          ]
        ]
      },
      "properties": {
        "course_id": "lakehouse_san_marcos",
        "course_name": "The Links at Lakehouse",
        "hole_number": 16,
        "feature_type": "green",
        "name": "hole_16_green",
        "feature-color": "#2d6e2d",
        "is_approximate": true,
        "source": "osm",
        "@id": "3d2d8a96-467e-434d-9f38-1cda32716e07",
        "osm_id": 1498066195
      }
    },
    {
      "type": "Feature",
      "bbox": [
        -117.1992696,
        33.1267317,
        -117.1990949,
        33.1268668
      ],
      "geometry": {
        "type": "Polygon",
        "coordinates": [
          [
            [
              -117.1992696,
              33.1268201
            ],
            [
              -117.1992326,
              33.1268668
            ],
            [
              -117.1991599,
              33.1268148
            ],
            [
              -117.1991373,
              33.1267958
            ],
            [
              -117.1991267,
              33.1267925
            ],
            [
              -117.1991059,
              33.1267925
            ],
            [
              -117.1990949,
              33.1267934
            ],
            [
              -117.1991407,
              33.1267521
            ],
            [
              -117.1991506,
              33.1267317
            ],
            [
              -117.1991958,
              33.1267695
            ],
            [
              -117.1992184,
              33.1267862
            ],
            [
              -117.1992505,
              33.1268087
            ],
            [
              -117.1992696,
              33.1268201
            ]
          ]
        ]
      },
      "properties": {
        "course_id": "lakehouse_san_marcos",
        "course_name": "The Links at Lakehouse",
        "hole_number": 11,
        "feature_type": "tee_box",
        "name": "hole_11_tee_box",
        "feature-color": "#8b7355",
        "is_approximate": true,
        "source": "osm",
        "@id": "6e52d3fd-66d4-47d5-bc7c-aa60d3932372",
        "osm_id": 1498066198
      }
    },
    {
      "type": "Feature",
      "bbox": [
        -117.1984399,
        33.1259573,
        -117.1982523,
        33.1261695
      ],
      "geometry": {
        "type": "Polygon",
        "coordinates": [
          [
            [
              -117.1984206,
              33.1260111
            ],
            [
              -117.1984251,
              33.126026
            ],
            [
              -117.1984305,
              33.1260499
            ],
            [
              -117.1984364,
              33.1260756
            ],
            [
              -117.1984399,
              33.1260986
            ],
            [
              -117.1984379,
              33.1261201
            ],
            [
              -117.1984236,
              33.1261421
            ],
            [
              -117.198398,
              33.1261609
            ],
            [
              -117.1983775,
              33.1261695
            ],
            [
              -117.1983641,
              33.1261695
            ],
            [
              -117.1983427,
              33.1261642
            ],
            [
              -117.1983147,
              33.1261561
            ],
            [
              -117.1982852,
              33.1261419
            ],
            [
              -117.1982715,
              33.1261299
            ],
            [
              -117.1982604,
              33.1261163
            ],
            [
              -117.1982582,
              33.126101
            ],
            [
              -117.1982572,
              33.1260777
            ],
            [
              -117.1982546,
              33.1260551
            ],
            [
              -117.1982523,
              33.126037
            ],
            [
              -117.1982536,
              33.1260198
            ],
            [
              -117.1982589,
              33.1260078
            ],
            [
              -117.1982689,
              33.1259934
            ],
            [
              -117.1982871,
              33.1259786
            ],
            [
              -117.1983038,
              33.1259677
            ],
            [
              -117.1983265,
              33.1259597
            ],
            [
              -117.1983476,
              33.1259573
            ],
            [
              -117.1983663,
              33.1259577
            ],
            [
              -117.1983915,
              33.1259665
            ],
            [
              -117.1984076,
              33.125977
            ],
            [
              -117.1984145,
              33.1259865
            ],
            [
              -117.1984206,
              33.1260111
            ]
          ]
        ]
      },
      "properties": {
        "course_id": "lakehouse_san_marcos",
        "course_name": "The Links at Lakehouse",
        "hole_number": 11,
        "feature_type": "green",
        "name": "hole_11_green",
        "feature-color": "#2d6e2d",
        "is_approximate": true,
        "source": "osm",
        "@id": "eccfa593-dbb9-4262-84a2-7d1e9b861b83",
        "osm_id": 1498066199
      }
    },
    {
      "type": "Feature",
      "bbox": [
        -117.1995043,
        33.1268534,
        -117.1992506,
        33.1270482
      ],
      "geometry": {
        "type": "Polygon",
        "coordinates": [
          [
            [
              -117.1993156,
              33.1268534
            ],
            [
              -117.1995043,
              33.1270007
            ],
            [
              -117.1994889,
              33.1270085
            ],
            [
              -117.199494,
              33.1270158
            ],
            [
              -117.199452,
              33.1270482
            ],
            [
              -117.1992506,
              33.1268844
            ],
            [
              -117.1992692,
              33.1268939
            ],
            [
              -117.1993184,
              33.1268627
            ],
            [
              -117.1993156,
              33.1268534
            ]
          ]
        ]
      },
      "properties": {
        "course_id": "lakehouse_san_marcos",
        "course_name": "The Links at Lakehouse",
        "hole_number": 11,
        "feature_type": "tee_box",
        "name": "hole_11_tee_box_2",
        "feature-color": "#8b7355",
        "is_approximate": true,
        "source": "osm",
        "@id": "c8362e3f-9cb6-4e0e-a723-ae8b607031e5",
        "osm_id": 1498066201
      }
    },
    {
      "type": "Feature",
      "bbox": [
        -117.2018255,
        33.1286399,
        -117.2016182,
        33.1288267
      ],
      "geometry": {
        "type": "Polygon",
        "coordinates": [
          [
            [
              -117.2018093,
              33.1287322
            ],
            [
              -117.2018028,
              33.1287461
            ],
            [
              -117.2017773,
              33.1287794
            ],
            [
              -117.2017526,
              33.1288046
            ],
            [
              -117.2017227,
              33.1288215
            ],
            [
              -117.2017087,
              33.1288267
            ],
            [
              -117.2016802,
              33.1288261
            ],
            [
              -117.2016544,
              33.1288178
            ],
            [
              -117.2016411,
              33.1288062
            ],
            [
              -117.2016338,
              33.1287981
            ],
            [
              -117.2016227,
              33.1287721
            ],
            [
              -117.2016182,
              33.1287382
            ],
            [
              -117.2016231,
              33.1287177
            ],
            [
              -117.2016372,
              33.1286984
            ],
            [
              -117.2016596,
              33.1286756
            ],
            [
              -117.2016715,
              33.1286628
            ],
            [
              -117.2016899,
              33.1286535
            ],
            [
              -117.2017107,
              33.1286454
            ],
            [
              -117.2017307,
              33.1286401
            ],
            [
              -117.2017499,
              33.1286399
            ],
            [
              -117.2017702,
              33.1286435
            ],
            [
              -117.2017917,
              33.1286534
            ],
            [
              -117.2018029,
              33.1286626
            ],
            [
              -117.2018136,
              33.1286768
            ],
            [
              -117.2018246,
              33.1286945
            ],
            [
              -117.2018255,
              33.1287039
            ],
            [
              -117.2018195,
              33.1287155
            ],
            [
              -117.2018093,
              33.1287322
            ]
          ]
        ]
      },
      "properties": {
        "course_id": "lakehouse_san_marcos",
        "course_name": "The Links at Lakehouse",
        "hole_number": 17,
        "feature_type": "green",
        "name": "hole_17_green",
        "feature-color": "#2d6e2d",
        "is_approximate": true,
        "source": "osm",
        "@id": "1748ce82-31a6-4fbd-8d5d-8a3c85abfdc7",
        "osm_id": 1498066202
      }
    },
    {
      "type": "Feature",
      "bbox": [
        -117.2028181,
        33.1272377,
        -117.2027343,
        33.1273153
      ],
      "geometry": {
        "type": "Polygon",
        "coordinates": [
          [
            [
              -117.2027753,
              33.1273153
            ],
            [
              -117.2028181,
              33.1272587
            ],
            [
              -117.2027821,
              33.1272377
            ],
            [
              -117.2027343,
              33.1272955
            ],
            [
              -117.2027753,
              33.1273153
            ]
          ]
        ]
      },
      "properties": {
        "course_id": "lakehouse_san_marcos",
        "course_name": "The Links at Lakehouse",
        "hole_number": 17,
        "feature_type": "tee_box",
        "name": "hole_17_tee_box",
        "feature-color": "#8b7355",
        "is_approximate": true,
        "source": "osm",
        "@id": "2172f0c7-e376-4793-bf4b-4cc05e6e97ea",
        "osm_id": 1498066204
      }
    },
    {
      "type": "Feature",
      "bbox": [
        -117.2027711,
        33.1273285,
        -117.2024612,
        33.1276684
      ],
      "geometry": {
        "type": "Polygon",
        "coordinates": [
          [
            [
              -117.2027711,
              33.127365
            ],
            [
              -117.2025501,
              33.1276684
            ],
            [
              -117.2024612,
              33.1276319
            ],
            [
              -117.2026878,
              33.1273285
            ],
            [
              -117.2027711,
              33.127365
            ]
          ]
        ]
      },
      "properties": {
        "course_id": "lakehouse_san_marcos",
        "course_name": "The Links at Lakehouse",
        "hole_number": 17,
        "feature_type": "tee_box",
        "name": "hole_17_tee_box_2",
        "feature-color": "#8b7355",
        "is_approximate": true,
        "source": "osm",
        "@id": "5987c6ce-79e8-4bc1-96ab-f0181fb47a79",
        "osm_id": 1498066205
      }
    },
    {
      "type": "Feature",
      "bbox": [
        -117.20177161528584,
        33.12428578437748,
        -117.19970478729786,
        33.124834370881274
      ],
      "geometry": {
        "coordinates": [
          [
            [
              -117.20177161528584,
              33.12436755961902
            ],
            [
              -117.20173499892759,
              33.124313894625004
            ],
            [
              -117.2016129444014,
              33.12428578437748
            ],
            [
              -117.20136883534857,
              33.12431900557803
            ],
            [
              -117.20100572313224,
              33.12439055889176
            ],
            [
              -117.20087451451639,
              33.12441611363245
            ],
            [
              -117.2008287440689,
              33.12441611363245
            ],
            [
              -117.20021236871051,
              33.12453877628381
            ],
            [
              -117.19999161543507,
              33.1245430477842
            ],
            [
              -117.19987566363503,
              33.124555825133314
            ],
            [
              -117.1997780200139,
              33.12463760012335
            ],
            [
              -117.19974445501917,
              33.12468359852201
            ],
            [
              -117.19970783866137,
              33.12473470782473
            ],
            [
              -117.19970478729786,
              33.124821593572705
            ],
            [
              -117.1997993795559,
              33.124834370881274
            ],
            [
              -117.19999466679813,
              33.124816482648214
            ],
            [
              -117.20041575491429,
              33.124737263289376
            ],
            [
              -117.20084904848319,
              33.12465037745871
            ],
            [
              -117.2012370651679,
              33.12455545972095
            ],
            [
              -117.20154220148403,
              33.124491572957325
            ],
            [
              -117.20172528327396,
              33.124468573710345
            ],
            [
              -117.20177161528584,
              33.12436755961902
            ]
          ]
        ],
        "type": "Polygon"
      },
      "properties": {
        "course_id": "",
        "course_name": "",
        "hole_number": 1,
        "feature_type": "fairway",
        "name": "hole_1_fairway",
        "feature-color": "#4a7c3f",
        "is_approximate": false,
        "source": "user_draw",
        "@id": "f801972d-18ee-4275-bf3a-f203d20ffa50"
      }
    },
    {
      "type": "Feature",
      "bbox": [
        -117.19956267497486,
        33.12088914216616,
        -117.19890981206409,
        33.1229072753855
      ],
      "geometry": {
        "coordinates": [
          [
            [
              -117.19944953436101,
              33.1229072753855
            ],
            [
              -117.19938446146008,
              33.12287842319334
            ],
            [
              -117.19934618328293,
              33.12275019111695
            ],
            [
              -117.19931173292366,
              33.12243922755202
            ],
            [
              -117.19922369311627,
              33.12204811717497
            ],
            [
              -117.19912799767337,
              33.12157685891586
            ],
            [
              -117.19904761350173,
              33.12133962590994
            ],
            [
              -117.19892895115267,
              33.1211376567651
            ],
            [
              -117.19890981206409,
              33.12094851063658
            ],
            [
              -117.19899785187148,
              33.12091965780087
            ],
            [
              -117.19915574901127,
              33.12088914216616
            ],
            [
              -117.19923495390356,
              33.121001544161885
            ],
            [
              -117.199307558388,
              33.12111947397
            ],
            [
              -117.1993933636881,
              33.12132216545811
            ],
            [
              -117.19953130638855,
              33.12171446418972
            ],
            [
              -117.19955990815504,
              33.121946636463804
            ],
            [
              -117.19953847348003,
              33.12239030161835
            ],
            [
              -117.19953627334388,
              33.12269801951258
            ],
            [
              -117.19956267497486,
              33.122797520876404
            ],
            [
              -117.19950987171323,
              33.122898864742425
            ],
            [
              -117.19944953436101,
              33.1229072753855
            ]
          ]
        ],
        "type": "Polygon"
      },
      "properties": {
        "course_id": "",
        "course_name": "",
        "hole_number": 2,
        "feature_type": "fairway",
        "name": "hole_2_fairway",
        "feature-color": "#4a7c3f",
        "is_approximate": false,
        "source": "user_draw",
        "@id": "607aebbe-9494-444c-be1d-63621d4924e4"
      }
    },
    {
      "type": "Feature",
      "bbox": [
        -117.19778274149357,
        33.11953139759285,
        -117.19705090064532,
        33.1201955432705
      ],
      "geometry": {
        "coordinates": [
          [
            [
              -117.19705090064532,
              33.11966174433695
            ],
            [
              -117.19716391910555,
              33.11953139759285
            ],
            [
              -117.19728620137371,
              33.11958105351856
            ],
            [
              -117.19740848364216,
              33.11972226240232
            ],
            [
              -117.19755114628838,
              33.11980140134834
            ],
            [
              -117.19770863102809,
              33.1199177820215
            ],
            [
              -117.19778274149357,
              33.120024852104464
            ],
            [
              -117.19760117085289,
              33.1201955432705
            ],
            [
              -117.19735290079285,
              33.12002950732217
            ],
            [
              -117.19721209090824,
              33.11992864420931
            ],
            [
              -117.19713056939611,
              33.11985881583256
            ],
            [
              -117.19708054483183,
              33.11973467635899
            ],
            [
              -117.19705090064532,
              33.11966174433695
            ]
          ]
        ],
        "type": "Polygon"
      },
      "properties": {
        "course_id": "",
        "course_name": "",
        "hole_number": 3,
        "feature_type": "fairway",
        "name": "hole_3_fairway",
        "feature-color": "#4a7c3f",
        "is_approximate": false,
        "source": "user_draw",
        "@id": "27285782-68cb-4b3a-b818-c0e8a9db950a"
      }
    },
    {
      "type": "Feature",
      "bbox": [
        -117.20068517691053,
        33.11906965114294,
        -117.19750045418809,
        33.11957142634911
      ],
      "geometry": {
        "coordinates": [
          [
            [
              -117.19750731993506,
              33.11913436530274
            ],
            [
              -117.19760642359621,
              33.11906965114294
            ],
            [
              -117.19785166316473,
              33.11913858578947
            ],
            [
              -117.19808010550202,
              33.119210334037916
            ],
            [
              -117.19832007430247,
              33.1192615367153
            ],
            [
              -117.1985065235634,
              33.119272791331056
            ],
            [
              -117.19877527925519,
              33.11928263911781
            ],
            [
              -117.19923626228966,
              33.119324802157664
            ],
            [
              -117.19950333825821,
              33.11933324311336
            ],
            [
              -117.19967131056514,
              33.11934871819655
            ],
            [
              -117.19990647179546,
              33.11929947928654
            ],
            [
              -117.20015942358926,
              33.11923240472336
            ],
            [
              -117.20033411478826,
              33.119159249664165
            ],
            [
              -117.20045001568018,
              33.119115637966104
            ],
            [
              -117.20060119075683,
              33.1191114174775
            ],
            [
              -117.20066669995651,
              33.11920989548082
            ],
            [
              -117.20068517691053,
              33.11927742319037
            ],
            [
              -117.2005894326954,
              33.11927742319037
            ],
            [
              -117.20047689124956,
              33.11932525528667
            ],
            [
              -117.20042314011127,
              33.1193857487835
            ],
            [
              -117.2003257161729,
              33.11945890365327
            ],
            [
              -117.20014094663526,
              33.11951799023507
            ],
            [
              -117.19990746512818,
              33.11952361752627
            ],
            [
              -117.19967125238027,
              33.11957142634911
            ],
            [
              -117.19942265336573,
              33.11955454448271
            ],
            [
              -117.19900252680404,
              33.11950668616552
            ],
            [
              -117.19867498080512,
              33.11950668616552
            ],
            [
              -117.19835711295481,
              33.119455719231
            ],
            [
              -117.19818746092463,
              33.11942476909958
            ],
            [
              -117.1979506199715,
              33.11937412340686
            ],
            [
              -117.1977188181877,
              33.119334732292785
            ],
            [
              -117.19753236892677,
              33.119268611454345
            ],
            [
              -117.19750045418809,
              33.1192024905653
            ],
            [
              -117.19750731993506,
              33.11913436530274
            ]
          ]
        ],
        "type": "Polygon"
      },
      "properties": {
        "course_id": "",
        "course_name": "",
        "hole_number": 4,
        "feature_type": "fairway",
        "name": "hole_4_fairway",
        "feature-color": "#4a7c3f",
        "is_approximate": false,
        "source": "user_draw",
        "@id": "20c8d3b5-9984-49ee-ab2f-279b0bae79a9"
      }
    },
    {
      "type": "Feature",
      "bbox": [
        -117.20429472122159,
        33.118301916513275,
        -117.20275780348877,
        33.11871616661874
      ],
      "geometry": {
        "coordinates": [
          [
            [
              -117.20280095668667,
              33.11852711312142
            ],
            [
              -117.20290386046536,
              33.11844648724178
            ],
            [
              -117.2032225302332,
              33.1183686414942
            ],
            [
              -117.20349804680265,
              33.118379762319975
            ],
            [
              -117.20380675814008,
              33.11831859776365
            ],
            [
              -117.20416194215161,
              33.118301916513275
            ],
            [
              -117.20429472122159,
              33.1183686414942
            ],
            [
              -117.20429140174446,
              33.11853823392707
            ],
            [
              -117.20402584360498,
              33.11865222209889
            ],
            [
              -117.20361422848889,
              33.11865500229666
            ],
            [
              -117.2032756418611,
              33.1186967052483
            ],
            [
              -117.20296029157038,
              33.11870226564017
            ],
            [
              -117.20283083197705,
              33.11871616661874
            ],
            [
              -117.20275780348877,
              33.11866612308542
            ],
            [
              -117.20275780348877,
              33.11860495872851
            ],
            [
              -117.20280095668667,
              33.11852711312142
            ]
          ]
        ],
        "type": "Polygon"
      },
      "properties": {
        "course_id": "",
        "course_name": "",
        "hole_number": 5,
        "feature_type": "fairway",
        "name": "hole_5_fairway",
        "feature-color": "#4a7c3f",
        "is_approximate": false,
        "source": "user_draw",
        "@id": "5849a756-12d1-4e2c-9524-fb59c375cf37"
      }
    },
    {
      "type": "Feature",
      "bbox": [
        -117.20409740991317,
        33.11892686113083,
        -117.2033750132463,
        33.11916033075707
      ],
      "geometry": {
        "coordinates": [
          [
            [
              -117.20409622371194,
              33.11897752906016
            ],
            [
              -117.20406063766919,
              33.11893878299885
            ],
            [
              -117.20400725860505,
              33.11893282206532
            ],
            [
              -117.20387440404582,
              33.11892686113083
            ],
            [
              -117.20364783957376,
              33.11894971137683
            ],
            [
              -117.20346872315875,
              33.11897852254822
            ],
            [
              -117.20338331665619,
              33.119031177423764
            ],
            [
              -117.2033750132463,
              33.119084825754626
            ],
            [
              -117.20342601990765,
              33.11913648707909
            ],
            [
              -117.2035066816043,
              33.11916033075707
            ],
            [
              -117.2037356184791,
              33.119120591289956
            ],
            [
              -117.20394913473534,
              33.1190788648305
            ],
            [
              -117.20406656867632,
              33.11904906020419
            ],
            [
              -117.20409740991317,
              33.11901826207962
            ],
            [
              -117.20409622371194,
              33.11897752906016
            ]
          ]
        ],
        "type": "Polygon"
      },
      "properties": {
        "course_id": "",
        "course_name": "",
        "hole_number": 6,
        "feature_type": "fairway",
        "name": "hole_6_fairway",
        "feature-color": "#4a7c3f",
        "is_approximate": false,
        "source": "user_draw",
        "@id": "ebb50ca7-beb3-4078-b0fd-2f6243c88773"
      }
    },
    {
      "type": "Feature",
      "bbox": [
        -117.20193442231812,
        33.120169801673626,
        -117.20064233316712,
        33.12300295440308
      ],
      "geometry": {
        "coordinates": [
          [
            [
              -117.20191633352019,
              33.120206833747176
            ],
            [
              -117.20186229172359,
              33.120169801673626
            ],
            [
              -117.20173455656774,
              33.120180088362275
            ],
            [
              -117.20148891203738,
              33.12027266850568
            ],
            [
              -117.20114009680424,
              33.120451656506134
            ],
            [
              -117.2008330411412,
              33.12062241483284
            ],
            [
              -117.20068811086834,
              33.12080345944315
            ],
            [
              -117.20064233316712,
              33.12110674325858
            ],
            [
              -117.20066637991341,
              33.12144301465206
            ],
            [
              -117.20070077014778,
              33.12177424061814
            ],
            [
              -117.20076463772568,
              33.12193882448413
            ],
            [
              -117.20073104377624,
              33.12210509841735
            ],
            [
              -117.20070402287793,
              33.12230671285134
            ],
            [
              -117.20071876154972,
              33.12255564432026
            ],
            [
              -117.20073104377624,
              33.12270171121716
            ],
            [
              -117.2007973677994,
              33.1227696013826
            ],
            [
              -117.20083183306963,
              33.122820729378674
            ],
            [
              -117.2008036569769,
              33.1229413387893
            ],
            [
              -117.20079896096183,
              33.12300295440308
            ],
            [
              -117.20091166533177,
              33.12298591179045
            ],
            [
              -117.20094140676315,
              33.12287579021687
            ],
            [
              -117.20100088962502,
              33.12280761965009
            ],
            [
              -117.20108228722583,
              33.122820729378674
            ],
            [
              -117.2010697645179,
              33.12295707043974
            ],
            [
              -117.20116211948843,
              33.122953137527034
            ],
            [
              -117.20114959678051,
              33.12282597326943
            ],
            [
              -117.2011902955807,
              33.12267652225667
            ],
            [
              -117.20121611653732,
              33.12249761771159
            ],
            [
              -117.20120672450628,
              33.122363897896676
            ],
            [
              -117.20119889781387,
              33.12220264726062
            ],
            [
              -117.20118480976774,
              33.12200599974241
            ],
            [
              -117.2011921752065,
              33.1218158421475
            ],
            [
              -117.2011593030987,
              33.1216519685252
            ],
            [
              -117.20114991023584,
              33.12141389461918
            ],
            [
              -117.20111860346627,
              33.12123035530071
            ],
            [
              -117.20107074744114,
              33.12105935712857
            ],
            [
              -117.2010597900719,
              33.120959721143805
            ],
            [
              -117.20111614225685,
              33.12087057306202
            ],
            [
              -117.20127267610431,
              33.12079584592321
            ],
            [
              -117.20152567284472,
              33.12068726636511
            ],
            [
              -117.20167907601531,
              33.120577141909095
            ],
            [
              -117.20179960707812,
              33.12047488336211
            ],
            [
              -117.20193442231812,
              33.12034647861266
            ],
            [
              -117.20191633352019,
              33.120206833747176
            ]
          ]
        ],
        "type": "Polygon"
      },
      "properties": {
        "course_id": "",
        "course_name": "",
        "hole_number": 7,
        "feature_type": "fairway",
        "name": "hole_7_fairway",
        "feature-color": "#4a7c3f",
        "is_approximate": false,
        "source": "user_draw",
        "@id": "87d81303-efbd-49ca-be49-b72aca9d15cd"
      }
    },
    {
      "type": "Feature",
      "bbox": [
        -117.20248536078829,
        33.12054343610326,
        -117.20145536865635,
        33.12253998766947
      ],
      "geometry": {
        "coordinates": [
          [
            [
              -117.20154425859565,
              33.1225205705729
            ],
            [
              -117.20145536865635,
              33.122419849889425
            ],
            [
              -117.20147889834632,
              33.12233883534262
            ],
            [
              -117.20154948741583,
              33.12222716652005
            ],
            [
              -117.20153380095562,
              33.122012586816325
            ],
            [
              -117.20149280806686,
              33.12169786079707
            ],
            [
              -117.20153463862661,
              33.12144824611771
            ],
            [
              -117.20156078272647,
              33.12127526710805
            ],
            [
              -117.20170365220336,
              33.12108208296951
            ],
            [
              -117.20182391506273,
              33.12096384369606
            ],
            [
              -117.20191541941193,
              33.12082370805538
            ],
            [
              -117.20202522463126,
              33.12068795144077
            ],
            [
              -117.20222130537998,
              33.12058503902816
            ],
            [
              -117.20232326736956,
              33.12054343610326
            ],
            [
              -117.20240692848904,
              33.120631021184536
            ],
            [
              -117.20248536078829,
              33.12071203730686
            ],
            [
              -117.20227882239993,
              33.12088063818672
            ],
            [
              -117.20206966960092,
              33.1211193064113
            ],
            [
              -117.20192849146187,
              33.12143023101487
            ],
            [
              -117.20187990058865,
              33.121753925527486
            ],
            [
              -117.20187728617874,
              33.1220254352518
            ],
            [
              -117.20190865909844,
              33.12229256496855
            ],
            [
              -117.2018589853086,
              33.12243926700825
            ],
            [
              -117.20175179449956,
              33.12253998766947
            ],
            [
              -117.2016419892802,
              33.12253998766947
            ],
            [
              -117.20154425859565,
              33.1225205705729
            ]
          ]
        ],
        "type": "Polygon"
      },
      "properties": {
        "course_id": "",
        "course_name": "",
        "hole_number": 8,
        "feature_type": "fairway",
        "name": "hole_8_fairway",
        "feature-color": "#4a7c3f",
        "is_approximate": false,
        "source": "user_draw",
        "@id": "28ce35db-0715-4c69-9981-24adc0793877"
      }
    },
    {
      "type": "Feature",
      "bbox": [
        -117.20263191472856,
        33.12161725504535,
        -117.2021259179212,
        33.12347942757137
      ],
      "geometry": {
        "coordinates": [
          [
            [
              -117.20249220741988,
              33.123470917383145
            ],
            [
              -117.20237230194832,
              33.12347942757137
            ],
            [
              -117.20224426729216,
              33.123379007298155
            ],
            [
              -117.20217313692754,
              33.123219015439034
            ],
            [
              -117.20218126611212,
              33.12295179434378
            ],
            [
              -117.20214671698832,
              33.12256330314567
            ],
            [
              -117.20214468469223,
              33.122267145021524
            ],
            [
              -117.2021259179212,
              33.12185894917076
            ],
            [
              -117.20218891910123,
              33.12167001931293
            ],
            [
              -117.20232711523806,
              33.12161725504535
            ],
            [
              -117.20249782811263,
              33.121692146253906
            ],
            [
              -117.20251408648181,
              33.12176533532764
            ],
            [
              -117.20252018337001,
              33.12211596120896
            ],
            [
              -117.2025628166603,
              33.12244150128957
            ],
            [
              -117.20262785013641,
              33.12265085413388
            ],
            [
              -117.20263191472856,
              33.12291637409626
            ],
            [
              -117.20260395690954,
              33.12325934692586
            ],
            [
              -117.2025917631328,
              33.12342614686591
            ],
            [
              -117.20249220741988,
              33.123470917383145
            ]
          ]
        ],
        "type": "Polygon"
      },
      "properties": {
        "course_id": "",
        "course_name": "",
        "hole_number": 9,
        "feature_type": "fairway",
        "name": "hole_9_fairway",
        "feature-color": "#4a7c3f",
        "is_approximate": false,
        "source": "user_draw",
        "@id": "62bf7508-1ab3-403c-aa63-fa4562925a53"
      }
    },
    {
      "type": "Feature",
      "bbox": [
        -117.20243138511017,
        33.1253100189293,
        -117.20034282614716,
        33.12745718518774
      ],
      "geometry": {
        "coordinates": [
          [
            [
              -117.20243138511017,
              33.12537695324741
            ],
            [
              -117.20240954172039,
              33.1255050064713
            ],
            [
              -117.2022940838045,
              33.12561215290346
            ],
            [
              -117.20208813184666,
              33.125740205784325
            ],
            [
              -117.20184473407794,
              33.125923138147016
            ],
            [
              -117.20162942066726,
              33.12612436330646
            ],
            [
              -117.20139230063927,
              33.12641130437805
            ],
            [
              -117.20122067400729,
              33.12653674279473
            ],
            [
              -117.2010896136703,
              33.12671967349867
            ],
            [
              -117.20093983042813,
              33.12692351011921
            ],
            [
              -117.2007172842524,
              33.12726118963671
            ],
            [
              -117.20064863359978,
              33.12739446665931
            ],
            [
              -117.20056126004197,
              33.12745718518774
            ],
            [
              -117.20048636842064,
              33.127451958645565
            ],
            [
              -117.20042707922084,
              33.12741014629525
            ],
            [
              -117.20034282614716,
              33.127250736528666
            ],
            [
              -117.20042083825217,
              33.127083486626205
            ],
            [
              -117.20055501907325,
              33.12688226366487
            ],
            [
              -117.20066423602087,
              33.12669410671312
            ],
            [
              -117.20081843763212,
              33.126476188498714
            ],
            [
              -117.20093389554799,
              33.12629587059355
            ],
            [
              -117.20104311249519,
              33.12618872499644
            ],
            [
              -117.20126778735869,
              33.12601885975684
            ],
            [
              -117.20148192525455,
              33.125853590926894
            ],
            [
              -117.20160362413867,
              33.12577257800561
            ],
            [
              -117.20179397367544,
              33.12566543177003
            ],
            [
              -117.20197496175982,
              33.12555567207566
            ],
            [
              -117.20206233531808,
              33.1254851121998
            ],
            [
              -117.20221835952853,
              33.125375352280074
            ],
            [
              -117.20232445599203,
              33.1253100189293
            ],
            [
              -117.20238686567593,
              33.12532831227223
            ],
            [
              -117.20243138511017,
              33.12537695324741
            ]
          ]
        ],
        "type": "Polygon"
      },
      "properties": {
        "course_id": "",
        "course_name": "",
        "hole_number": 10,
        "feature_type": "fairway",
        "name": "hole_10_fairway",
        "feature-color": "#4a7c3f",
        "is_approximate": false,
        "source": "user_draw",
        "@id": "dbe44ee1-9624-4577-8b78-3eecf91677ef"
      }
    },
    {
      "type": "Feature",
      "bbox": [
        -117.19885234153526,
        33.126157822132384,
        -117.19843112520927,
        33.12654301434448
      ],
      "geometry": {
        "coordinates": [
          [
            [
              -117.19846985774501,
              33.1261943140988
            ],
            [
              -117.19843112520927,
              33.12623891537018
            ],
            [
              -117.19853279811562,
              33.126397046968705
            ],
            [
              -117.19862962945483,
              33.126502467875355
            ],
            [
              -117.19874582706204,
              33.12654301434448
            ],
            [
              -117.19885234153526,
              33.12653085040604
            ],
            [
              -117.19884749996842,
              33.12643759348592
            ],
            [
              -117.19868772825862,
              33.12623891537018
            ],
            [
              -117.19852311498161,
              33.126157822132384
            ],
            [
              -117.19846985774501,
              33.1261943140988
            ]
          ]
        ],
        "type": "Polygon"
      },
      "properties": {
        "course_id": "",
        "course_name": "",
        "hole_number": 11,
        "feature_type": "fairway",
        "name": "hole_11_fairway",
        "feature-color": "#4a7c3f",
        "is_approximate": false,
        "source": "user_draw",
        "@id": "7a38f67d-61bd-4dc7-9499-559ff4a5285d"
      }
    },
    {
      "type": "Feature",
      "bbox": [
        -117.19726196018811,
        33.121677112985225,
        -117.19678720919265,
        33.122306097793256
      ],
      "geometry": {
        "coordinates": [
          [
            [
              -117.19678720919265,
              33.121704069569304
            ],
            [
              -117.19678720919265,
              33.12179167841067
            ],
            [
              -117.19693473068831,
              33.12193769295244
            ],
            [
              -117.19704201904909,
              33.12206798264579
            ],
            [
              -117.19714930740946,
              33.122261170456284
            ],
            [
              -117.19717344729071,
              33.122306097793256
            ],
            [
              -117.19726196018811,
              33.12223646041156
            ],
            [
              -117.19717612949965,
              33.12206124352892
            ],
            [
              -117.19708761660225,
              33.12188153354202
            ],
            [
              -117.19702592579503,
              33.12178943203162
            ],
            [
              -117.19691863743428,
              33.12170182318738
            ],
            [
              -117.19683817116407,
              33.121677112985225
            ],
            [
              -117.19678720919265,
              33.121704069569304
            ]
          ]
        ],
        "type": "Polygon"
      },
      "properties": {
        "course_id": "",
        "course_name": "",
        "hole_number": 13,
        "feature_type": "fairway",
        "name": "hole_13_fairway",
        "feature-color": "#4a7c3f",
        "is_approximate": false,
        "source": "user_draw",
        "@id": "b1a6fb04-ae0d-4af5-bb8e-44d86f3d193d"
      }
    },
    {
      "type": "Feature",
      "bbox": [
        -117.19675518097748,
        33.124435788609915,
        -117.19636871865018,
        33.125106737267956
      ],
      "geometry": {
        "coordinates": [
          [
            [
              -117.1964251682036,
              33.125106737267956
            ],
            [
              -117.19636871865018,
              33.12487763342459
            ],
            [
              -117.19637740319695,
              33.1245848887548
            ],
            [
              -117.19641431252026,
              33.12447215452228
            ],
            [
              -117.19652069821699,
              33.124435788609915
            ],
            [
              -117.19664662414382,
              33.12445760815902
            ],
            [
              -117.19673346961075,
              33.12455034118297
            ],
            [
              -117.19675518097748,
              33.12470489600436
            ],
            [
              -117.19675518097748,
              33.12492309058345
            ],
            [
              -117.19672044279078,
              33.125035824237045
            ],
            [
              -117.19657931890703,
              33.125064916769574
            ],
            [
              -117.1964251682036,
              33.125106737267956
            ]
          ]
        ],
        "type": "Polygon"
      },
      "properties": {
        "course_id": "",
        "course_name": "",
        "hole_number": 14,
        "feature_type": "fairway",
        "name": "hole_14_fairway_2",
        "feature-color": "#4a7c3f",
        "is_approximate": false,
        "source": "user_draw",
        "@id": "61c109a1-320c-4b75-a5b1-06aeb1d01403"
      }
    },
    {
      "type": "Feature",
      "bbox": [
        -117.19974745028067,
        33.126926777777584,
        -117.1968523273485,
        33.12903251005598
      ],
      "geometry": {
        "coordinates": [
          [
            [
              -117.19695316391116,
              33.12704428507749
            ],
            [
              -117.19721023215749,
              33.12722987504884
            ],
            [
              -117.19751753213046,
              33.12746000606792
            ],
            [
              -117.19777460037679,
              33.127662916789006
            ],
            [
              -117.19805967935234,
              33.127865727634386
            ],
            [
              -117.19819855530164,
              33.127860778609545
            ],
            [
              -117.1983078831766,
              33.12788552373159
            ],
            [
              -117.19836998535709,
              33.1280347681773
            ],
            [
              -117.19842908150582,
              33.12810900337544
            ],
            [
              -117.19857977668495,
              33.12816344248071
            ],
            [
              -117.19864773725573,
              33.12821540705011
            ],
            [
              -117.19866251129291,
              33.12827479509119
            ],
            [
              -117.1988997992576,
              33.12849023350162
            ],
            [
              -117.19912436462263,
              33.128658498987164
            ],
            [
              -117.19942242146315,
              33.12896075012057
            ],
            [
              -117.19949333684168,
              33.12903251005598
            ],
            [
              -117.19952583972339,
              33.12888404115863
            ],
            [
              -117.19960857433135,
              33.1288493983801
            ],
            [
              -117.19974745028067,
              33.12880238315864
            ],
            [
              -117.19967358009477,
              33.12872814854677
            ],
            [
              -117.19962039356119,
              33.12858462811907
            ],
            [
              -117.19952879453076,
              33.12846585241587
            ],
            [
              -117.1992746810918,
              33.12835450004775
            ],
            [
              -117.19897057717907,
              33.12815456641316
            ],
            [
              -117.19873419258461,
              33.12798877447034
            ],
            [
              -117.19854803971643,
              33.127840303807986
            ],
            [
              -117.19825845989347,
              33.127631577914116
            ],
            [
              -117.19803980414355,
              33.12746083593633
            ],
            [
              -117.19781228397117,
              33.12729009362654
            ],
            [
              -117.19765675813338,
              33.12714527060588
            ],
            [
              -117.19755333987311,
              33.127098254471875
            ],
            [
              -117.19738196104211,
              33.127098254471875
            ],
            [
              -117.19730145807813,
              33.127033182885
            ],
            [
              -117.19717735616598,
              33.12698121761589
            ],
            [
              -117.19707689271351,
              33.126926777777584
            ],
            [
              -117.19695279080139,
              33.1269292523167
            ],
            [
              -117.19687301100036,
              33.12695647223893
            ],
            [
              -117.1968523273485,
              33.126986166690244
            ],
            [
              -117.19695316391116,
              33.12704428507749
            ]
          ]
        ],
        "type": "Polygon"
      },
      "properties": {
        "course_id": "",
        "course_name": "",
        "hole_number": 15,
        "feature_type": "fairway",
        "name": "hole_15_fairway",
        "feature-color": "#4a7c3f",
        "is_approximate": false,
        "source": "user_draw",
        "@id": "04dfbcd9-1b6b-4ed7-aac8-9909ba5f03b8"
      }
    },
    {
      "type": "Feature",
      "bbox": [
        -117.20309762044428,
        33.128200885270616,
        -117.20228719840867,
        33.129496820081314
      ],
      "geometry": {
        "coordinates": [
          [
            [
              -117.2022989153318,
              33.129311883410736
            ],
            [
              -117.20260288295427,
              33.128568419760384
            ],
            [
              -117.2027042054952,
              33.128229010348605
            ],
            [
              -117.2028745253813,
              33.128200885270616
            ],
            [
              -117.20290331184094,
              33.12829128728285
            ],
            [
              -117.20302325542329,
              33.12832744806178
            ],
            [
              -117.20309762044428,
              33.128367626687464
            ],
            [
              -117.2030520418829,
              33.128546421348645
            ],
            [
              -117.20293449717249,
              33.128703117493544
            ],
            [
              -117.202910508456,
              33.128855795519726
            ],
            [
              -117.20284573892168,
              33.12909485663292
            ],
            [
              -117.20272339646777,
              33.12937409525972
            ],
            [
              -117.20264702915537,
              33.12946869540666
            ],
            [
              -117.20255347316106,
              33.129496820081314
            ],
            [
              -117.20242633296398,
              33.12947472212345
            ],
            [
              -117.20232797922652,
              33.129408428217616
            ],
            [
              -117.20228719840867,
              33.129360214435806
            ],
            [
              -117.2022989153318,
              33.129311883410736
            ]
          ]
        ],
        "type": "Polygon"
      },
      "properties": {
        "course_id": "",
        "course_name": "",
        "hole_number": 16,
        "feature_type": "fairway",
        "name": "hole_16_fairway",
        "feature-color": "#4a7c3f",
        "is_approximate": false,
        "source": "user_draw",
        "@id": "1c6eec90-5758-4295-b418-981a6f4f14ab"
      }
    },
    {
      "type": "Feature",
      "bbox": [
        -117.20236078565463,
        33.1279295344756,
        -117.2017353400056,
        33.12854120806452
      ],
      "geometry": {
        "coordinates": [
          [
            [
              -117.20216586937364,
              33.12793850332737
            ],
            [
              -117.20207590801314,
              33.12801384164577
            ],
            [
              -117.20194096597238,
              33.12816272432279
            ],
            [
              -117.20182315942901,
              33.12828649406707
            ],
            [
              -117.2017353400056,
              33.12837797594017
            ],
            [
              -117.20183601105188,
              33.12842820124119
            ],
            [
              -117.2019109788524,
              33.12851968296664
            ],
            [
              -117.2019366820982,
              33.12854120806452
            ],
            [
              -117.20198808858973,
              33.12844972636202
            ],
            [
              -117.20214016612788,
              33.128358244563685
            ],
            [
              -117.20221513392809,
              33.12829546288236
            ],
            [
              -117.20228367591702,
              33.12820577468878
            ],
            [
              -117.2023136630373,
              33.128107117569456
            ],
            [
              -117.20236078565463,
              33.12804792324461
            ],
            [
              -117.20233079853467,
              33.12796002856771
            ],
            [
              -117.20227725010574,
              33.127931328246234
            ],
            [
              -117.20222798555129,
              33.1279295344756
            ],
            [
              -117.20216586937364,
              33.12793850332737
            ]
          ]
        ],
        "type": "Polygon"
      },
      "properties": {
        "course_id": "",
        "course_name": "",
        "hole_number": 17,
        "feature_type": "fairway",
        "name": "hole_17_fairway",
        "feature-color": "#4a7c3f",
        "is_approximate": false,
        "source": "user_draw",
        "@id": "0e594656-1af4-45e2-ae9f-c588613d67ba"
      }
    },
    {
      "type": "Feature",
      "bbox": [
        -117.20066083420576,
        33.12789633630257,
        -117.20066083420576,
        33.12789633630257
      ],
      "geometry": {
        "type": "Point",
        "coordinates": [
          -117.20066083420576,
          33.12789633630257
        ]
      },
      "properties": {
        "course_id": "lakehouse_san_marcos",
        "course_name": "The Links at Lakehouse",
        "hole_number": 18,
        "feature_type": "tee_center",
        "name": "hole_18_tee_center",
        "feature-color": "#c8a055",
        "is_approximate": true,
        "source": "derived",
        "@id": "8541ceab-7922-4394-aaf2-f4bc89f3c450"
      }
    },
    {
      "type": "Feature",
      "bbox": [
        -117.20355442727157,
        33.124963303139715,
        -117.20355442727157,
        33.124963303139715
      ],
      "geometry": {
        "type": "Point",
        "coordinates": [
          -117.20355442727157,
          33.124963303139715
        ]
      },
      "properties": {
        "course_id": "lakehouse_san_marcos",
        "course_name": "The Links at Lakehouse",
        "hole_number": 18,
        "feature_type": "green_center",
        "name": "hole_18_green_center",
        "feature-color": "#5aae5a",
        "is_approximate": true,
        "source": "derived",
        "@id": "dea01cbf-f984-4a3e-92e8-9205a27ee609"
      }
    },
    {
      "type": "Feature",
      "bbox": [
        -117.20346250893867,
        33.12504924815461,
        -117.20346250893867,
        33.12504924815461
      ],
      "geometry": {
        "type": "Point",
        "coordinates": [
          -117.20346250893867,
          33.12504924815461
        ]
      },
      "properties": {
        "course_id": "lakehouse_san_marcos",
        "course_name": "The Links at Lakehouse",
        "hole_number": 18,
        "feature_type": "green_front",
        "name": "hole_18_green_front",
        "feature-color": "#5aae5a",
        "is_approximate": true,
        "source": "derived",
        "@id": "af15d362-aac5-49a1-b78a-d811bd5000e0"
      }
    },
    {
      "type": "Feature",
      "bbox": [
        -117.20364355522521,
        33.12487996717113,
        -117.20364355522521,
        33.12487996717113
      ],
      "geometry": {
        "type": "Point",
        "coordinates": [
          -117.20364355522521,
          33.12487996717113
        ]
      },
      "properties": {
        "course_id": "lakehouse_san_marcos",
        "course_name": "The Links at Lakehouse",
        "hole_number": 18,
        "feature_type": "green_back",
        "name": "hole_18_green_back",
        "feature-color": "#5aae5a",
        "is_approximate": true,
        "source": "derived",
        "@id": "bec0bcd7-349d-40ed-8ffd-be7366e9be88"
      }
    },
    {
      "type": "Feature",
      "bbox": [
        -117.20298119005994,
        33.12483973111392,
        -117.20298119005994,
        33.12483973111392
      ],
      "geometry": {
        "type": "Point",
        "coordinates": [
          -117.20298119005994,
          33.12483973111392
        ]
      },
      "properties": {
        "course_id": "lakehouse_san_marcos",
        "course_name": "The Links at Lakehouse",
        "hole_number": 10,
        "feature_type": "tee_center",
        "name": "hole_10_tee_center",
        "feature-color": "#c8a055",
        "is_approximate": true,
        "source": "derived",
        "@id": "ea6563c4-73f4-496c-bf96-6d3e3e34f69c"
      }
    },
    {
      "type": "Feature",
      "bbox": [
        -117.20030437594518,
        33.12758116681747,
        -117.20030437594518,
        33.12758116681747
      ],
      "geometry": {
        "type": "Point",
        "coordinates": [
          -117.20030437594518,
          33.12758116681747
        ]
      },
      "properties": {
        "course_id": "lakehouse_san_marcos",
        "course_name": "The Links at Lakehouse",
        "hole_number": 10,
        "feature_type": "green_center",
        "name": "hole_10_green_center",
        "feature-color": "#5aae5a",
        "is_approximate": true,
        "source": "derived",
        "@id": "728f2a98-0bff-4b8f-b021-a218af06c705"
      }
    },
    {
      "type": "Feature",
      "bbox": [
        -117.2003662305715,
        33.12750147775951,
        -117.2003662305715,
        33.12750147775951
      ],
      "geometry": {
        "type": "Point",
        "coordinates": [
          -117.2003662305715,
          33.12750147775951
        ]
      },
      "properties": {
        "course_id": "lakehouse_san_marcos",
        "course_name": "The Links at Lakehouse",
        "hole_number": 10,
        "feature_type": "green_front",
        "name": "hole_10_green_front",
        "feature-color": "#5aae5a",
        "is_approximate": true,
        "source": "derived",
        "@id": "cbc70415-871b-4d23-841c-0f5c8ede8845"
      }
    },
    {
      "type": "Feature",
      "bbox": [
        -117.20024270531842,
        33.12766061882362,
        -117.20024270531842,
        33.12766061882362
      ],
      "geometry": {
        "type": "Point",
        "coordinates": [
          -117.20024270531842,
          33.12766061882362
        ]
      },
      "properties": {
        "course_id": "lakehouse_san_marcos",
        "course_name": "The Links at Lakehouse",
        "hole_number": 10,
        "feature_type": "green_back",
        "name": "hole_10_green_back",
        "feature-color": "#5aae5a",
        "is_approximate": true,
        "source": "derived",
        "@id": "d8c694b4-09a6-4e2b-b729-0482a7d3f7f6"
      }
    },
    {
      "type": "Feature",
      "bbox": [
        -117.20238112792511,
        33.124245928384624,
        -117.20238112792511,
        33.124245928384624
      ],
      "geometry": {
        "type": "Point",
        "coordinates": [
          -117.20238112792511,
          33.124245928384624
        ]
      },
      "properties": {
        "course_id": "lakehouse_san_marcos",
        "course_name": "The Links at Lakehouse",
        "hole_number": 1,
        "feature_type": "tee_center",
        "name": "hole_1_tee_center",
        "feature-color": "#c8a055",
        "is_approximate": true,
        "source": "derived",
        "@id": "b2a0947a-640b-456b-a34d-f4cb2e5e4e02"
      }
    },
    {
      "type": "Feature",
      "bbox": [
        -117.19946718994007,
        33.124783801027,
        -117.19946718994007,
        33.124783801027
      ],
      "geometry": {
        "type": "Point",
        "coordinates": [
          -117.19946718994007,
          33.124783801027
        ]
      },
      "properties": {
        "course_id": "lakehouse_san_marcos",
        "course_name": "The Links at Lakehouse",
        "hole_number": 1,
        "feature_type": "green_center",
        "name": "hole_1_green_center",
        "feature-color": "#5aae5a",
        "is_approximate": true,
        "source": "derived",
        "@id": "2c7511bb-888e-4ea3-a326-21ddc257713d"
      }
    },
    {
      "type": "Feature",
      "bbox": [
        -117.19958000286273,
        33.12476309783587,
        -117.19958000286273,
        33.12476309783587
      ],
      "geometry": {
        "type": "Point",
        "coordinates": [
          -117.19958000286273,
          33.12476309783587
        ]
      },
      "properties": {
        "course_id": "lakehouse_san_marcos",
        "course_name": "The Links at Lakehouse",
        "hole_number": 1,
        "feature_type": "green_front",
        "name": "hole_1_green_front",
        "feature-color": "#5aae5a",
        "is_approximate": true,
        "source": "derived",
        "@id": "d9453c89-6816-48d7-9974-b000d3430ad6"
      }
    },
    {
      "type": "Feature",
      "bbox": [
        -117.19935420804407,
        33.12480453522776,
        -117.19935420804407,
        33.12480453522776
      ],
      "geometry": {
        "type": "Point",
        "coordinates": [
          -117.19935420804407,
          33.12480453522776
        ]
      },
      "properties": {
        "course_id": "lakehouse_san_marcos",
        "course_name": "The Links at Lakehouse",
        "hole_number": 1,
        "feature_type": "green_back",
        "name": "hole_1_green_back",
        "feature-color": "#5aae5a",
        "is_approximate": true,
        "source": "derived",
        "@id": "046e9629-efde-44bd-802d-bbf30bffa0d6"
      }
    },
    {
      "type": "Feature",
      "bbox": [
        -117.19795437101038,
        33.12520609868956,
        -117.19795437101038,
        33.12520609868956
      ],
      "geometry": {
        "type": "Point",
        "coordinates": [
          -117.19795437101038,
          33.12520609868956
        ]
      },
      "properties": {
        "course_id": "lakehouse_san_marcos",
        "course_name": "The Links at Lakehouse",
        "hole_number": 12,
        "feature_type": "tee_center",
        "name": "hole_12_tee_center",
        "feature-color": "#c8a055",
        "is_approximate": true,
        "source": "derived",
        "@id": "5f417e05-6ca2-4eb5-972b-f8fcc3634c4c"
      }
    },
    {
      "type": "Feature",
      "bbox": [
        -117.19645209365042,
        33.12086707238215,
        -117.19645209365042,
        33.12086707238215
      ],
      "geometry": {
        "type": "Point",
        "coordinates": [
          -117.19645209365042,
          33.12086707238215
        ]
      },
      "properties": {
        "course_id": "lakehouse_san_marcos",
        "course_name": "The Links at Lakehouse",
        "hole_number": 12,
        "feature_type": "green_center",
        "name": "hole_12_green_center",
        "feature-color": "#5aae5a",
        "is_approximate": true,
        "source": "derived",
        "@id": "d3762101-4155-4f9e-86fd-7c02a27c326e"
      }
    },
    {
      "type": "Feature",
      "bbox": [
        -117.19652796784911,
        33.120972047758976,
        -117.19652796784911,
        33.120972047758976
      ],
      "geometry": {
        "type": "Point",
        "coordinates": [
          -117.19652796784911,
          33.120972047758976
        ]
      },
      "properties": {
        "course_id": "lakehouse_san_marcos",
        "course_name": "The Links at Lakehouse",
        "hole_number": 12,
        "feature_type": "green_front",
        "name": "hole_12_green_front",
        "feature-color": "#5aae5a",
        "is_approximate": true,
        "source": "derived",
        "@id": "eaa52233-d3ef-43c6-9a91-cc9ca0ff5cb8"
      }
    },
    {
      "type": "Feature",
      "bbox": [
        -117.1963807714801,
        33.12076839494194,
        -117.1963807714801,
        33.12076839494194
      ],
      "geometry": {
        "type": "Point",
        "coordinates": [
          -117.1963807714801,
          33.12076839494194
        ]
      },
      "properties": {
        "course_id": "lakehouse_san_marcos",
        "course_name": "The Links at Lakehouse",
        "hole_number": 12,
        "feature_type": "green_back",
        "name": "hole_12_green_back",
        "feature-color": "#5aae5a",
        "is_approximate": true,
        "source": "derived",
        "@id": "a69b0021-0e10-411d-b6d5-c9873ad7cbc5"
      }
    },
    {
      "type": "Feature",
      "bbox": [
        -117.1963934120688,
        33.12136862865853,
        -117.1963934120688,
        33.12136862865853
      ],
      "geometry": {
        "type": "Point",
        "coordinates": [
          -117.1963934120688,
          33.12136862865853
        ]
      },
      "properties": {
        "course_id": "lakehouse_san_marcos",
        "course_name": "The Links at Lakehouse",
        "hole_number": 13,
        "feature_type": "tee_center",
        "name": "hole_13_tee_center",
        "feature-color": "#c8a055",
        "is_approximate": true,
        "source": "derived",
        "@id": "549b5f5a-450c-4c10-93ae-0625dfb019e0"
      }
    },
    {
      "type": "Feature",
      "bbox": [
        -117.19727300177196,
        33.1223905629307,
        -117.19727300177196,
        33.1223905629307
      ],
      "geometry": {
        "type": "Point",
        "coordinates": [
          -117.19727300177196,
          33.1223905629307
        ]
      },
      "properties": {
        "course_id": "lakehouse_san_marcos",
        "course_name": "The Links at Lakehouse",
        "hole_number": 13,
        "feature_type": "green_center",
        "name": "hole_13_green_center",
        "feature-color": "#5aae5a",
        "is_approximate": true,
        "source": "derived",
        "@id": "1671c4ec-917d-4716-b71f-59ee0c6f66f1"
      }
    },
    {
      "type": "Feature",
      "bbox": [
        -117.19723230889689,
        33.122319124175725,
        -117.19723230889689,
        33.122319124175725
      ],
      "geometry": {
        "type": "Point",
        "coordinates": [
          -117.19723230889689,
          33.122319124175725
        ]
      },
      "properties": {
        "course_id": "lakehouse_san_marcos",
        "course_name": "The Links at Lakehouse",
        "hole_number": 13,
        "feature_type": "green_front",
        "name": "hole_13_green_front",
        "feature-color": "#5aae5a",
        "is_approximate": true,
        "source": "derived",
        "@id": "c5316ed9-b2ac-4d60-9b09-baff827ccf7f"
      }
    },
    {
      "type": "Feature",
      "bbox": [
        -117.19731269262059,
        33.12246024256882,
        -117.19731269262059,
        33.12246024256882
      ],
      "geometry": {
        "type": "Point",
        "coordinates": [
          -117.19731269262059,
          33.12246024256882
        ]
      },
      "properties": {
        "course_id": "lakehouse_san_marcos",
        "course_name": "The Links at Lakehouse",
        "hole_number": 13,
        "feature_type": "green_back",
        "name": "hole_13_green_back",
        "feature-color": "#5aae5a",
        "is_approximate": true,
        "source": "derived",
        "@id": "9be875c2-fd94-4668-be82-25fdce67e487"
      }
    },
    {
      "type": "Feature",
      "bbox": [
        -117.19615130852175,
        33.12230346026444,
        -117.19615130852175,
        33.12230346026444
      ],
      "geometry": {
        "type": "Point",
        "coordinates": [
          -117.19615130852175,
          33.12230346026444
        ]
      },
      "properties": {
        "course_id": "lakehouse_san_marcos",
        "course_name": "The Links at Lakehouse",
        "hole_number": 14,
        "feature_type": "tee_center",
        "name": "hole_14_tee_center",
        "feature-color": "#c8a055",
        "is_approximate": true,
        "source": "derived",
        "@id": "7052dc05-eb5b-47f6-9224-6cdc469fd805"
      }
    },
    {
      "type": "Feature",
      "bbox": [
        -117.19661228542348,
        33.12527285215167,
        -117.19661228542348,
        33.12527285215167
      ],
      "geometry": {
        "type": "Point",
        "coordinates": [
          -117.19661228542348,
          33.12527285215167
        ]
      },
      "properties": {
        "course_id": "lakehouse_san_marcos",
        "course_name": "The Links at Lakehouse",
        "hole_number": 14,
        "feature_type": "green_center",
        "name": "hole_14_green_center",
        "feature-color": "#5aae5a",
        "is_approximate": true,
        "source": "derived",
        "@id": "fc8316df-9947-46de-b44f-8f358a8a8a35"
      }
    },
    {
      "type": "Feature",
      "bbox": [
        -117.19660000644924,
        33.12519025245983,
        -117.19660000644924,
        33.12519025245983
      ],
      "geometry": {
        "type": "Point",
        "coordinates": [
          -117.19660000644924,
          33.12519025245983
        ]
      },
      "properties": {
        "course_id": "lakehouse_san_marcos",
        "course_name": "The Links at Lakehouse",
        "hole_number": 14,
        "feature_type": "green_front",
        "name": "hole_14_green_front",
        "feature-color": "#5aae5a",
        "is_approximate": true,
        "source": "derived",
        "@id": "d3dec706-6617-4f33-89f9-52b7f6708309"
      }
    },
    {
      "type": "Feature",
      "bbox": [
        -117.19662466143185,
        33.12535610458447,
        -117.19662466143185,
        33.12535610458447
      ],
      "geometry": {
        "type": "Point",
        "coordinates": [
          -117.19662466143185,
          33.12535610458447
        ]
      },
      "properties": {
        "course_id": "lakehouse_san_marcos",
        "course_name": "The Links at Lakehouse",
        "hole_number": 14,
        "feature_type": "green_back",
        "name": "hole_14_green_back",
        "feature-color": "#5aae5a",
        "is_approximate": true,
        "source": "derived",
        "@id": "726418f5-c212-4662-b8dd-e40f17943dc1"
      }
    },
    {
      "type": "Feature",
      "bbox": [
        -117.1993870311384,
        33.12695229438215,
        -117.1993870311384,
        33.12695229438215
      ],
      "geometry": {
        "type": "Point",
        "coordinates": [
          -117.1993870311384,
          33.12695229438215
        ]
      },
      "properties": {
        "course_id": "lakehouse_san_marcos",
        "course_name": "The Links at Lakehouse",
        "hole_number": 11,
        "feature_type": "tee_center",
        "name": "hole_11_tee_center",
        "feature-color": "#c8a055",
        "is_approximate": true,
        "source": "derived",
        "@id": "375af0a2-7966-48a9-b52b-c7d76aa58af0"
      }
    },
    {
      "type": "Feature",
      "bbox": [
        -117.19834640574406,
        33.12606356573212,
        -117.19834640574406,
        33.12606356573212
      ],
      "geometry": {
        "type": "Point",
        "coordinates": [
          -117.19834640574406,
          33.12606356573212
        ]
      },
      "properties": {
        "course_id": "lakehouse_san_marcos",
        "course_name": "The Links at Lakehouse",
        "hole_number": 11,
        "feature_type": "green_center",
        "name": "hole_11_green_center",
        "feature-color": "#5aae5a",
        "is_approximate": true,
        "source": "derived",
        "@id": "d70e000c-65bc-4ac4-9ddc-3bb0fbf86e55"
      }
    },
    {
      "type": "Feature",
      "bbox": [
        -117.19842461292428,
        33.126140541654955,
        -117.19842461292428,
        33.126140541654955
      ],
      "geometry": {
        "type": "Point",
        "coordinates": [
          -117.19842461292428,
          33.126140541654955
        ]
      },
      "properties": {
        "course_id": "lakehouse_san_marcos",
        "course_name": "The Links at Lakehouse",
        "hole_number": 11,
        "feature_type": "green_front",
        "name": "hole_11_green_front",
        "feature-color": "#5aae5a",
        "is_approximate": true,
        "source": "derived",
        "@id": "ce9e452e-e0a5-49a6-9422-77602b64040d"
      }
    },
    {
      "type": "Feature",
      "bbox": [
        -117.19827230472366,
        33.12599063132362,
        -117.19827230472366,
        33.12599063132362
      ],
      "geometry": {
        "type": "Point",
        "coordinates": [
          -117.19827230472366,
          33.12599063132362
        ]
      },
      "properties": {
        "course_id": "lakehouse_san_marcos",
        "course_name": "The Links at Lakehouse",
        "hole_number": 11,
        "feature_type": "green_back",
        "name": "hole_11_green_back",
        "feature-color": "#5aae5a",
        "is_approximate": true,
        "source": "derived",
        "@id": "b0771c24-408d-4861-82cc-e1272abbe711"
      }
    },
    {
      "type": "Feature",
      "bbox": [
        -117.1964614014637,
        33.12662021049902,
        -117.1964614014637,
        33.12662021049902
      ],
      "geometry": {
        "type": "Point",
        "coordinates": [
          -117.1964614014637,
          33.12662021049902
        ]
      },
      "properties": {
        "course_id": "lakehouse_san_marcos",
        "course_name": "The Links at Lakehouse",
        "hole_number": 15,
        "feature_type": "tee_center",
        "name": "hole_15_tee_center",
        "feature-color": "#c8a055",
        "is_approximate": true,
        "source": "derived",
        "@id": "39cd8992-8dde-456c-95c7-9f9edad0c793"
      }
    },
    {
      "type": "Feature",
      "bbox": [
        -117.19980217765021,
        33.129149482624584,
        -117.19980217765021,
        33.129149482624584
      ],
      "geometry": {
        "type": "Point",
        "coordinates": [
          -117.19980217765021,
          33.129149482624584
        ]
      },
      "properties": {
        "course_id": "lakehouse_san_marcos",
        "course_name": "The Links at Lakehouse",
        "hole_number": 15,
        "feature_type": "green_center",
        "name": "hole_15_green_center",
        "feature-color": "#5aae5a",
        "is_approximate": true,
        "source": "derived",
        "@id": "6f0fbe3e-fb5c-400b-acde-5f387dc47b14"
      }
    },
    {
      "type": "Feature",
      "bbox": [
        -117.1997169153876,
        33.12907465794935,
        -117.1997169153876,
        33.12907465794935
      ],
      "geometry": {
        "type": "Point",
        "coordinates": [
          -117.1997169153876,
          33.12907465794935
        ]
      },
      "properties": {
        "course_id": "lakehouse_san_marcos",
        "course_name": "The Links at Lakehouse",
        "hole_number": 15,
        "feature_type": "green_front",
        "name": "hole_15_green_front",
        "feature-color": "#5aae5a",
        "is_approximate": true,
        "source": "derived",
        "@id": "e72e689d-8a59-48b9-8de5-35d8cddc0448"
      }
    },
    {
      "type": "Feature",
      "bbox": [
        -117.19988453904624,
        33.12922176154986,
        -117.19988453904624,
        33.12922176154986
      ],
      "geometry": {
        "type": "Point",
        "coordinates": [
          -117.19988453904624,
          33.12922176154986
        ]
      },
      "properties": {
        "course_id": "lakehouse_san_marcos",
        "course_name": "The Links at Lakehouse",
        "hole_number": 15,
        "feature_type": "green_back",
        "name": "hole_15_green_back",
        "feature-color": "#5aae5a",
        "is_approximate": true,
        "source": "derived",
        "@id": "40b99811-fff1-4842-88c3-fbbf32f703ae"
      }
    },
    {
      "type": "Feature",
      "bbox": [
        -117.20277701820928,
        33.12727707259227,
        -117.20277701820928,
        33.12727707259227
      ],
      "geometry": {
        "type": "Point",
        "coordinates": [
          -117.20277701820928,
          33.12727707259227
        ]
      },
      "properties": {
        "course_id": "lakehouse_san_marcos",
        "course_name": "The Links at Lakehouse",
        "hole_number": 17,
        "feature_type": "tee_center",
        "name": "hole_17_tee_center",
        "feature-color": "#c8a055",
        "is_approximate": true,
        "source": "derived",
        "@id": "b094d1be-b0a4-4ad6-bfde-3b8fe90ac984"
      }
    },
    {
      "type": "Feature",
      "bbox": [
        -117.20171739419683,
        33.128731011597225,
        -117.20171739419683,
        33.128731011597225
      ],
      "geometry": {
        "type": "Point",
        "coordinates": [
          -117.20171739419683,
          33.128731011597225
        ]
      },
      "properties": {
        "course_id": "lakehouse_san_marcos",
        "course_name": "The Links at Lakehouse",
        "hole_number": 17,
        "feature_type": "green_center",
        "name": "hole_17_green_center",
        "feature-color": "#5aae5a",
        "is_approximate": true,
        "source": "derived",
        "@id": "7ed866d7-9489-45ff-99c4-d2a71b48a311"
      }
    },
    {
      "type": "Feature",
      "bbox": [
        -117.20177585205445,
        33.12864610257392,
        -117.20177585205445,
        33.12864610257392
      ],
      "geometry": {
        "type": "Point",
        "coordinates": [
          -117.20177585205445,
          33.12864610257392
        ]
      },
      "properties": {
        "course_id": "lakehouse_san_marcos",
        "course_name": "The Links at Lakehouse",
        "hole_number": 17,
        "feature_type": "green_front",
        "name": "hole_17_green_front",
        "feature-color": "#5aae5a",
        "is_approximate": true,
        "source": "derived",
        "@id": "7a20a62b-b285-4402-b15a-5918ce253cfd"
      }
    },
    {
      "type": "Feature",
      "bbox": [
        -117.20165705449566,
        33.12881865396566,
        -117.20165705449566,
        33.12881865396566
      ],
      "geometry": {
        "type": "Point",
        "coordinates": [
          -117.20165705449566,
          33.12881865396566
        ]
      },
      "properties": {
        "course_id": "lakehouse_san_marcos",
        "course_name": "The Links at Lakehouse",
        "hole_number": 17,
        "feature_type": "green_back",
        "name": "hole_17_green_back",
        "feature-color": "#5aae5a",
        "is_approximate": true,
        "source": "derived",
        "@id": "d1f8f612-71c3-4092-8fad-0085b05f5474"
      }
    },
    {
      "type": "Feature",
      "bbox": [
        -117.20050977310989,
        33.130198399692134,
        -117.20050977310989,
        33.130198399692134
      ],
      "geometry": {
        "type": "Point",
        "coordinates": [
          -117.20050977310989,
          33.130198399692134
        ]
      },
      "properties": {
        "course_id": "lakehouse_san_marcos",
        "course_name": "The Links at Lakehouse",
        "hole_number": 16,
        "feature_type": "tee_center",
        "name": "hole_16_tee_center",
        "feature-color": "#c8a055",
        "is_approximate": true,
        "source": "derived",
        "@id": "978e7661-df1a-4f45-8701-f53990433565"
      }
    },
    {
      "type": "Feature",
      "bbox": [
        -117.20294729460267,
        33.12796648248519,
        -117.20294729460267,
        33.12796648248519
      ],
      "geometry": {
        "type": "Point",
        "coordinates": [
          -117.20294729460267,
          33.12796648248519
        ]
      },
      "properties": {
        "course_id": "lakehouse_san_marcos",
        "course_name": "The Links at Lakehouse",
        "hole_number": 16,
        "feature_type": "green_center",
        "name": "hole_16_green_center",
        "feature-color": "#5aae5a",
        "is_approximate": true,
        "source": "derived",
        "@id": "02638735-4141-4100-a4b4-54d1d5415f57"
      }
    },
    {
      "type": "Feature",
      "bbox": [
        -117.20289276337647,
        33.128082350269686,
        -117.20289276337647,
        33.128082350269686
      ],
      "geometry": {
        "type": "Point",
        "coordinates": [
          -117.20289276337647,
          33.128082350269686
        ]
      },
      "properties": {
        "course_id": "lakehouse_san_marcos",
        "course_name": "The Links at Lakehouse",
        "hole_number": 16,
        "feature_type": "green_front",
        "name": "hole_16_green_front",
        "feature-color": "#5aae5a",
        "is_approximate": true,
        "source": "derived",
        "@id": "6942ffc8-bf7d-492a-af06-236d2b3e190d"
      }
    },
    {
      "type": "Feature",
      "bbox": [
        -117.20300342094855,
        33.12784722539523,
        -117.20300342094855,
        33.12784722539523
      ],
      "geometry": {
        "type": "Point",
        "coordinates": [
          -117.20300342094855,
          33.12784722539523
        ]
      },
      "properties": {
        "course_id": "lakehouse_san_marcos",
        "course_name": "The Links at Lakehouse",
        "hole_number": 16,
        "feature_type": "green_back",
        "name": "hole_16_green_back",
        "feature-color": "#5aae5a",
        "is_approximate": true,
        "source": "derived",
        "@id": "290ee724-1b84-4d36-9f3e-720884081338"
      }
    },
    {
      "type": "Feature",
      "bbox": [
        -117.20262158586293,
        33.12103115712766,
        -117.20262158586293,
        33.12103115712766
      ],
      "geometry": {
        "type": "Point",
        "coordinates": [
          -117.20262158586293,
          33.12103115712766
        ]
      },
      "properties": {
        "course_id": "lakehouse_san_marcos",
        "course_name": "The Links at Lakehouse",
        "hole_number": 9,
        "feature_type": "tee_center",
        "name": "hole_9_tee_center",
        "feature-color": "#c8a055",
        "is_approximate": true,
        "source": "derived",
        "@id": "37a9bc52-5d9f-4fa4-9dfc-f7ac11e8a1e8"
      }
    },
    {
      "type": "Feature",
      "bbox": [
        -117.20270027322543,
        33.123722559992,
        -117.20270027322543,
        33.123722559992
      ],
      "geometry": {
        "type": "Point",
        "coordinates": [
          -117.20270027322543,
          33.123722559992
        ]
      },
      "properties": {
        "course_id": "lakehouse_san_marcos",
        "course_name": "The Links at Lakehouse",
        "hole_number": 9,
        "feature_type": "green_center",
        "name": "hole_9_green_center",
        "feature-color": "#5aae5a",
        "is_approximate": true,
        "source": "derived",
        "@id": "f7f000e7-0af9-41a1-be97-770ee6bacc96"
      }
    },
    {
      "type": "Feature",
      "bbox": [
        -117.20267433355181,
        33.12363222397378,
        -117.20267433355181,
        33.12363222397378
      ],
      "geometry": {
        "type": "Point",
        "coordinates": [
          -117.20267433355181,
          33.12363222397378
        ]
      },
      "properties": {
        "course_id": "lakehouse_san_marcos",
        "course_name": "The Links at Lakehouse",
        "hole_number": 9,
        "feature_type": "green_front",
        "name": "hole_9_green_front",
        "feature-color": "#5aae5a",
        "is_approximate": true,
        "source": "derived",
        "@id": "68528284-50d5-48b6-af1c-3de93416b9b9"
      }
    },
    {
      "type": "Feature",
      "bbox": [
        -117.20272662849148,
        33.12381434332858,
        -117.20272662849148,
        33.12381434332858
      ],
      "geometry": {
        "type": "Point",
        "coordinates": [
          -117.20272662849148,
          33.12381434332858
        ]
      },
      "properties": {
        "course_id": "lakehouse_san_marcos",
        "course_name": "The Links at Lakehouse",
        "hole_number": 9,
        "feature_type": "green_back",
        "name": "hole_9_green_back",
        "feature-color": "#5aae5a",
        "is_approximate": true,
        "source": "derived",
        "@id": "af394d29-9aea-4f72-bc1c-498d08743eed"
      }
    },
    {
      "type": "Feature",
      "bbox": [
        -117.20155769616679,
        33.1230124085063,
        -117.20155769616679,
        33.1230124085063
      ],
      "geometry": {
        "type": "Point",
        "coordinates": [
          -117.20155769616679,
          33.1230124085063
        ]
      },
      "properties": {
        "course_id": "lakehouse_san_marcos",
        "course_name": "The Links at Lakehouse",
        "hole_number": 8,
        "feature_type": "tee_center",
        "name": "hole_8_tee_center",
        "feature-color": "#c8a055",
        "is_approximate": true,
        "source": "derived",
        "@id": "910472ae-b8b6-4e9b-bf97-a90b988a86fa"
      }
    },
    {
      "type": "Feature",
      "bbox": [
        -117.20253646728978,
        33.12044628777052,
        -117.20253646728978,
        33.12044628777052
      ],
      "geometry": {
        "type": "Point",
        "coordinates": [
          -117.20253646728978,
          33.12044628777052
        ]
      },
      "properties": {
        "course_id": "lakehouse_san_marcos",
        "course_name": "The Links at Lakehouse",
        "hole_number": 8,
        "feature_type": "green_center",
        "name": "hole_8_green_center",
        "feature-color": "#5aae5a",
        "is_approximate": true,
        "source": "derived",
        "@id": "3dc887ed-7adb-4074-a01f-0253cf9573fa"
      }
    },
    {
      "type": "Feature",
      "bbox": [
        -117.20246130946295,
        33.12056206204493,
        -117.20246130946295,
        33.12056206204493
      ],
      "geometry": {
        "type": "Point",
        "coordinates": [
          -117.20246130946295,
          33.12056206204493
        ]
      },
      "properties": {
        "course_id": "lakehouse_san_marcos",
        "course_name": "The Links at Lakehouse",
        "hole_number": 8,
        "feature_type": "green_front",
        "name": "hole_8_green_front",
        "feature-color": "#5aae5a",
        "is_approximate": true,
        "source": "derived",
        "@id": "29f92410-b268-4bf9-8e05-df1a99785d69"
      }
    },
    {
      "type": "Feature",
      "bbox": [
        -117.20262128940674,
        33.12031562647468,
        -117.20262128940674,
        33.12031562647468
      ],
      "geometry": {
        "type": "Point",
        "coordinates": [
          -117.20262128940674,
          33.12031562647468
        ]
      },
      "properties": {
        "course_id": "lakehouse_san_marcos",
        "course_name": "The Links at Lakehouse",
        "hole_number": 8,
        "feature_type": "green_back",
        "name": "hole_8_green_back",
        "feature-color": "#5aae5a",
        "is_approximate": true,
        "source": "derived",
        "@id": "c9a42f27-f403-4f93-9183-608ab8537a9f"
      }
    },
    {
      "type": "Feature",
      "bbox": [
        -117.19946646962437,
        33.12376957289841,
        -117.19946646962437,
        33.12376957289841
      ],
      "geometry": {
        "type": "Point",
        "coordinates": [
          -117.19946646962437,
          33.12376957289841
        ]
      },
      "properties": {
        "course_id": "lakehouse_san_marcos",
        "course_name": "The Links at Lakehouse",
        "hole_number": 2,
        "feature_type": "tee_center",
        "name": "hole_2_tee_center",
        "feature-color": "#c8a055",
        "is_approximate": true,
        "source": "derived",
        "@id": "03662ed2-9c81-4216-a96a-906b8404c05e"
      }
    },
    {
      "type": "Feature",
      "bbox": [
        -117.19888389597665,
        33.12074609324664,
        -117.19888389597665,
        33.12074609324664
      ],
      "geometry": {
        "type": "Point",
        "coordinates": [
          -117.19888389597665,
          33.12074609324664
        ]
      },
      "properties": {
        "course_id": "lakehouse_san_marcos",
        "course_name": "The Links at Lakehouse",
        "hole_number": 2,
        "feature_type": "green_center",
        "name": "hole_2_green_center",
        "feature-color": "#5aae5a",
        "is_approximate": true,
        "source": "derived",
        "@id": "55d61667-0542-4c9e-ac16-536dd89cba19"
      }
    },
    {
      "type": "Feature",
      "bbox": [
        -117.19891902671938,
        33.12083294256001,
        -117.19891902671938,
        33.12083294256001
      ],
      "geometry": {
        "type": "Point",
        "coordinates": [
          -117.19891902671938,
          33.12083294256001
        ]
      },
      "properties": {
        "course_id": "lakehouse_san_marcos",
        "course_name": "The Links at Lakehouse",
        "hole_number": 2,
        "feature_type": "green_front",
        "name": "hole_2_green_front",
        "feature-color": "#5aae5a",
        "is_approximate": true,
        "source": "derived",
        "@id": "ee69cc0c-2190-445a-8fac-21a93aa3e06e"
      }
    },
    {
      "type": "Feature",
      "bbox": [
        -117.19885035800948,
        33.120663181551826,
        -117.19885035800948,
        33.120663181551826
      ],
      "geometry": {
        "type": "Point",
        "coordinates": [
          -117.19885035800948,
          33.120663181551826
        ]
      },
      "properties": {
        "course_id": "lakehouse_san_marcos",
        "course_name": "The Links at Lakehouse",
        "hole_number": 2,
        "feature_type": "green_back",
        "name": "hole_2_green_back",
        "feature-color": "#5aae5a",
        "is_approximate": true,
        "source": "derived",
        "@id": "649f7d26-e17b-4474-be3e-266c26857d96"
      }
    },
    {
      "type": "Feature",
      "bbox": [
        -117.1968272,
        33.11900803333334,
        -117.1968272,
        33.11900803333334
      ],
      "geometry": {
        "type": "Point",
        "coordinates": [
          -117.1968272,
          33.11900803333334
        ]
      },
      "properties": {
        "course_id": "lakehouse_san_marcos",
        "course_name": "The Links at Lakehouse",
        "hole_number": 4,
        "feature_type": "tee_center",
        "name": "hole_4_tee_center",
        "feature-color": "#c8a055",
        "is_approximate": true,
        "source": "derived",
        "@id": "9a6455b6-d74e-4f29-9ed7-47687eb6179d"
      }
    },
    {
      "type": "Feature",
      "bbox": [
        -117.20082887652849,
        33.119080946947946,
        -117.20082887652849,
        33.119080946947946
      ],
      "geometry": {
        "type": "Point",
        "coordinates": [
          -117.20082887652849,
          33.119080946947946
        ]
      },
      "properties": {
        "course_id": "lakehouse_san_marcos",
        "course_name": "The Links at Lakehouse",
        "hole_number": 4,
        "feature_type": "green_center",
        "name": "hole_4_green_center",
        "feature-color": "#5aae5a",
        "is_approximate": true,
        "source": "derived",
        "@id": "f5267a9d-0b14-4b01-9a0b-6b3f8800b12d"
      }
    },
    {
      "type": "Feature",
      "bbox": [
        -117.20072316923651,
        33.11909794935777,
        -117.20072316923651,
        33.11909794935777
      ],
      "geometry": {
        "type": "Point",
        "coordinates": [
          -117.20072316923651,
          33.11909794935777
        ]
      },
      "properties": {
        "course_id": "lakehouse_san_marcos",
        "course_name": "The Links at Lakehouse",
        "hole_number": 4,
        "feature_type": "green_front",
        "name": "hole_4_green_front",
        "feature-color": "#5aae5a",
        "is_approximate": true,
        "source": "derived",
        "@id": "26bf9f87-c9eb-408c-b06a-0f5d982c443f"
      }
    },
    {
      "type": "Feature",
      "bbox": [
        -117.20095541558118,
        33.11906059386925,
        -117.20095541558118,
        33.11906059386925
      ],
      "geometry": {
        "type": "Point",
        "coordinates": [
          -117.20095541558118,
          33.11906059386925
        ]
      },
      "properties": {
        "course_id": "lakehouse_san_marcos",
        "course_name": "The Links at Lakehouse",
        "hole_number": 4,
        "feature_type": "green_back",
        "name": "hole_4_green_back",
        "feature-color": "#5aae5a",
        "is_approximate": true,
        "source": "derived",
        "@id": "935eb1f7-6f74-4143-b791-cd3882fe66b3"
      }
    },
    {
      "type": "Feature",
      "bbox": [
        -117.19830591280193,
        33.12047696278065,
        -117.19830591280193,
        33.12047696278065
      ],
      "geometry": {
        "type": "Point",
        "coordinates": [
          -117.19830591280193,
          33.12047696278065
        ]
      },
      "properties": {
        "course_id": "lakehouse_san_marcos",
        "course_name": "The Links at Lakehouse",
        "hole_number": 3,
        "feature_type": "tee_center",
        "name": "hole_3_tee_center",
        "feature-color": "#c8a055",
        "is_approximate": true,
        "source": "derived",
        "@id": "0c6a831f-8cd8-417f-8d07-3999b4335119"
      }
    },
    {
      "type": "Feature",
      "bbox": [
        -117.19691109206924,
        33.11948432813785,
        -117.19691109206924,
        33.11948432813785
      ],
      "geometry": {
        "type": "Point",
        "coordinates": [
          -117.19691109206924,
          33.11948432813785
        ]
      },
      "properties": {
        "course_id": "lakehouse_san_marcos",
        "course_name": "The Links at Lakehouse",
        "hole_number": 3,
        "feature_type": "green_center",
        "name": "hole_3_green_center",
        "feature-color": "#5aae5a",
        "is_approximate": true,
        "source": "derived",
        "@id": "e01dbbf8-904b-4648-aad6-8984d2c4e9f3"
      }
    },
    {
      "type": "Feature",
      "bbox": [
        -117.1969773255824,
        33.119536555530516,
        -117.1969773255824,
        33.119536555530516
      ],
      "geometry": {
        "type": "Point",
        "coordinates": [
          -117.1969773255824,
          33.119536555530516
        ]
      },
      "properties": {
        "course_id": "lakehouse_san_marcos",
        "course_name": "The Links at Lakehouse",
        "hole_number": 3,
        "feature_type": "green_front",
        "name": "hole_3_green_front",
        "feature-color": "#5aae5a",
        "is_approximate": true,
        "source": "derived",
        "@id": "88598b3d-305e-435d-a3ca-f1ad0596bedd"
      }
    },
    {
      "type": "Feature",
      "bbox": [
        -117.19684808015091,
        33.119434641083,
        -117.19684808015091,
        33.119434641083
      ],
      "geometry": {
        "type": "Point",
        "coordinates": [
          -117.19684808015091,
          33.119434641083
        ]
      },
      "properties": {
        "course_id": "lakehouse_san_marcos",
        "course_name": "The Links at Lakehouse",
        "hole_number": 3,
        "feature_type": "green_back",
        "name": "hole_3_green_back",
        "feature-color": "#5aae5a",
        "is_approximate": true,
        "source": "derived",
        "@id": "05f58157-a6e3-452d-be53-624d99cca200"
      }
    },
    {
      "type": "Feature",
      "bbox": [
        -117.20144971998862,
        33.118953663921694,
        -117.20144971998862,
        33.118953663921694
      ],
      "geometry": {
        "type": "Point",
        "coordinates": [
          -117.20144971998862,
          33.118953663921694
        ]
      },
      "properties": {
        "course_id": "lakehouse_san_marcos",
        "course_name": "The Links at Lakehouse",
        "hole_number": 5,
        "feature_type": "tee_center",
        "name": "hole_5_tee_center",
        "feature-color": "#c8a055",
        "is_approximate": true,
        "source": "derived",
        "@id": "3484edf6-ef7d-4439-978d-772a46869209"
      }
    },
    {
      "type": "Feature",
      "bbox": [
        -117.20454334844639,
        33.1184708671872,
        -117.20454334844639,
        33.1184708671872
      ],
      "geometry": {
        "type": "Point",
        "coordinates": [
          -117.20454334844639,
          33.1184708671872
        ]
      },
      "properties": {
        "course_id": "lakehouse_san_marcos",
        "course_name": "The Links at Lakehouse",
        "hole_number": 5,
        "feature_type": "green_center",
        "name": "hole_5_green_center",
        "feature-color": "#5aae5a",
        "is_approximate": true,
        "source": "derived",
        "@id": "3d0a1452-2909-4915-95b8-3c0dd06a6bb5"
      }
    },
    {
      "type": "Feature",
      "bbox": [
        -117.20439356854412,
        33.1184773935187,
        -117.20439356854412,
        33.1184773935187
      ],
      "geometry": {
        "type": "Point",
        "coordinates": [
          -117.20439356854412,
          33.1184773935187
        ]
      },
      "properties": {
        "course_id": "lakehouse_san_marcos",
        "course_name": "The Links at Lakehouse",
        "hole_number": 5,
        "feature_type": "green_front",
        "name": "hole_5_green_front",
        "feature-color": "#5aae5a",
        "is_approximate": true,
        "source": "derived",
        "@id": "e6253560-e522-41c3-b35f-b082ec0d96d8"
      }
    },
    {
      "type": "Feature",
      "bbox": [
        -117.2046817674969,
        33.118464835879955,
        -117.2046817674969,
        33.118464835879955
      ],
      "geometry": {
        "type": "Point",
        "coordinates": [
          -117.2046817674969,
          33.118464835879955
        ]
      },
      "properties": {
        "course_id": "lakehouse_san_marcos",
        "course_name": "The Links at Lakehouse",
        "hole_number": 5,
        "feature_type": "green_back",
        "name": "hole_5_green_back",
        "feature-color": "#5aae5a",
        "is_approximate": true,
        "source": "derived",
        "@id": "ce521337-4ee2-462e-b3b5-b2f06790f0c4"
      }
    },
    {
      "type": "Feature",
      "bbox": [
        -117.20458137430087,
        33.118861400870166,
        -117.20458137430087,
        33.118861400870166
      ],
      "geometry": {
        "type": "Point",
        "coordinates": [
          -117.20458137430087,
          33.118861400870166
        ]
      },
      "properties": {
        "course_id": "lakehouse_san_marcos",
        "course_name": "The Links at Lakehouse",
        "hole_number": 6,
        "feature_type": "tee_center",
        "name": "hole_6_tee_center",
        "feature-color": "#c8a055",
        "is_approximate": true,
        "source": "derived",
        "@id": "1b57bb88-d15c-4854-b137-53fb9fc2ffda"
      }
    },
    {
      "type": "Feature",
      "bbox": [
        -117.20315872151485,
        33.119119125976056,
        -117.20315872151485,
        33.119119125976056
      ],
      "geometry": {
        "type": "Point",
        "coordinates": [
          -117.20315872151485,
          33.119119125976056
        ]
      },
      "properties": {
        "course_id": "lakehouse_san_marcos",
        "course_name": "The Links at Lakehouse",
        "hole_number": 6,
        "feature_type": "green_center",
        "name": "hole_6_green_center",
        "feature-color": "#5aae5a",
        "is_approximate": true,
        "source": "derived",
        "@id": "f32faf6e-8147-42c3-8254-83659f7ba5a0"
      }
    },
    {
      "type": "Feature",
      "bbox": [
        -117.20327767627356,
        33.11910105430161,
        -117.20327767627356,
        33.11910105430161
      ],
      "geometry": {
        "type": "Point",
        "coordinates": [
          -117.20327767627356,
          33.11910105430161
        ]
      },
      "properties": {
        "course_id": "lakehouse_san_marcos",
        "course_name": "The Links at Lakehouse",
        "hole_number": 6,
        "feature_type": "green_front",
        "name": "hole_6_green_front",
        "feature-color": "#5aae5a",
        "is_approximate": true,
        "source": "derived",
        "@id": "47777862-295d-4263-b6e8-8bb530e82d5c"
      }
    },
    {
      "type": "Feature",
      "bbox": [
        -117.20304079134269,
        33.11913704199473,
        -117.20304079134269,
        33.11913704199473
      ],
      "geometry": {
        "type": "Point",
        "coordinates": [
          -117.20304079134269,
          33.11913704199473
        ]
      },
      "properties": {
        "course_id": "lakehouse_san_marcos",
        "course_name": "The Links at Lakehouse",
        "hole_number": 6,
        "feature_type": "green_back",
        "name": "hole_6_green_back",
        "feature-color": "#5aae5a",
        "is_approximate": true,
        "source": "derived",
        "@id": "5460c418-70d5-4b30-aa84-1543a3418c5c"
      }
    },
    {
      "type": "Feature",
      "bbox": [
        -117.20252465684142,
        33.119871164059326,
        -117.20252465684142,
        33.119871164059326
      ],
      "geometry": {
        "type": "Point",
        "coordinates": [
          -117.20252465684142,
          33.119871164059326
        ]
      },
      "properties": {
        "course_id": "lakehouse_san_marcos",
        "course_name": "The Links at Lakehouse",
        "hole_number": 7,
        "feature_type": "tee_center",
        "name": "hole_7_tee_center",
        "feature-color": "#c8a055",
        "is_approximate": true,
        "source": "derived",
        "@id": "884dec19-7274-4a3e-97a7-68d2116580be"
      }
    },
    {
      "type": "Feature",
      "bbox": [
        -117.20098762833155,
        33.12307560647673,
        -117.20098762833155,
        33.12307560647673
      ],
      "geometry": {
        "type": "Point",
        "coordinates": [
          -117.20098762833155,
          33.12307560647673
        ]
      },
      "properties": {
        "course_id": "lakehouse_san_marcos",
        "course_name": "The Links at Lakehouse",
        "hole_number": 7,
        "feature_type": "green_center",
        "name": "hole_7_green_center",
        "feature-color": "#5aae5a",
        "is_approximate": true,
        "source": "derived",
        "@id": "eb68bf26-3baf-4897-ba6c-cdb967380288"
      }
    },
    {
      "type": "Feature",
      "bbox": [
        -117.2009892419236,
        33.123039161826966,
        -117.2009892419236,
        33.123039161826966
      ],
      "geometry": {
        "type": "Point",
        "coordinates": [
          -117.2009892419236,
          33.123039161826966
        ]
      },
      "properties": {
        "course_id": "lakehouse_san_marcos",
        "course_name": "The Links at Lakehouse",
        "hole_number": 7,
        "feature_type": "green_front",
        "name": "hole_7_green_front",
        "feature-color": "#5aae5a",
        "is_approximate": true,
        "source": "derived",
        "@id": "30e005bf-b4fc-4596-9836-909eea151310"
      }
    },
    {
      "type": "Feature",
      "bbox": [
        -117.20098351338387,
        33.123168546837725,
        -117.20098351338387,
        33.123168546837725
      ],
      "geometry": {
        "type": "Point",
        "coordinates": [
          -117.20098351338387,
          33.123168546837725
        ]
      },
      "properties": {
        "course_id": "lakehouse_san_marcos",
        "course_name": "The Links at Lakehouse",
        "hole_number": 7,
        "feature_type": "green_back",
        "name": "hole_7_green_back",
        "feature-color": "#5aae5a",
        "is_approximate": true,
        "source": "derived",
        "@id": "59f96fb3-06ac-45da-97ad-22a513e10c65"
      }
    }
  ]
}