{"type":"FeatureCollection","features":[{"type":"Feature","bbox":[-117.2170264,32.8002979,-117.2167331,32.8006245],"geometry":{"type":"Polygon","coordinates":[[[-117.2167858,32.8003012],[-117.2167889,32.8003038],[-117.216795,32.8003127],[-117.2168012,32.800322],[-117.2168057,32.8003358],[-117.2168096,32.8003488],[-117.2168141,32.8003622],[-117.2168194,32.8003722],[-117.2168265,32.8003838],[-117.2168331,32.8003938],[-117.2168415,32.8004035],[-117.2168499,32.8004109],[-117.2168601,32.800415],[-117.2168711,32.8004202],[-117.2168804,32.8004247],[-117.2168884,32.8004306],[-117.2169003,32.800441],[-117.2169167,32.8004552],[-117.2169317,32.8004689],[-117.2169539,32.8004899],[-117.2169751,32.8005111],[-117.217007,32.8005401],[-117.2170229,32.8005557],[-117.2170264,32.8005609],[-117.217026,32.8005643],[-117.2169837,32.8005928],[-117.2169662,32.8006046],[-117.2169402,32.8006223],[-117.2169348,32.8006245],[-117.21693,32.8006245],[-117.2169242,32.8006226],[-117.2168632,32.8005594],[-117.2168601,32.800555],[-117.2168601,32.8005498],[-117.2168601,32.8005445],[-117.2168583,32.800539],[-117.2168543,32.800533],[-117.2168495,32.8005274],[-117.2168437,32.8005185],[-117.2168344,32.800507],[-117.2167942,32.800472],[-117.2167676,32.8004453],[-117.2167592,32.8004367],[-117.216753,32.8004232],[-117.2167468,32.8004139],[-117.216742,32.8003983],[-117.2167358,32.8003846],[-117.2167331,32.8003682],[-117.2167336,32.8003511],[-117.216738,32.8003448],[-117.2167402,32.8003411],[-117.2167433,32.8003347],[-117.2167495,32.800315],[-117.2167517,32.8003128],[-117.2167561,32.8003068],[-117.2167614,32.8003016],[-117.2167703,32.8002983],[-117.2167791,32.8002979],[-117.2167858,32.8003012]]]},"properties":{"course_id":"mission_bay_san_diego","course_name":"Mission Bay Golf Course","hole_number":1,"feature_type":"tee_box","name":"hole_1_tee_box","feature-color":"#8b7355","is_approximate":true,"source":"osm","@id":"7bd62e1c-cdb2-4560-99a7-d5f3ee008fe1","osm_id":699108194}},{"type":"Feature","bbox":[-117.2185662,32.8005928,-117.2169662,32.8019527],"geometry":{"type":"Polygon","coordinates":[[[-117.2184537,32.8019527],[-117.2184573,32.8019407],[-117.2184634,32.8019278],[-117.2184714,32.8019171],[-117.2184815,32.8019069],[-117.2184996,32.8018962],[-117.2185116,32.8018923],[-117.2185271,32.8018878],[-117.2185512,32.8018833],[-117.2185662,32.8018819],[-117.2185453,32.8018786],[-117.2185238,32.8018702],[-117.2185117,32.8018559],[-117.2185023,32.8018413],[-117.218495,32.8018199],[-117.2184923,32.8017934],[-117.2184849,32.8017556],[-117.2184749,32.8017274],[-117.2184588,32.8017026],[-117.2184373,32.8016756],[-117.2184165,32.8016564],[-117.2183944,32.8016344],[-117.2183649,32.8016085],[-117.21833,32.8015753],[-117.2183126,32.8015527],[-117.2182965,32.8015375],[-117.2182851,32.8015172],[-117.2182797,32.8014969],[-117.2182703,32.801462],[-117.2182589,32.8014302],[-117.2182455,32.801393],[-117.2182241,32.8013535],[-117.2181946,32.8013135],[-117.2181617,32.8012763],[-117.2181255,32.8012386],[-117.218092,32.8012087],[-117.2180544,32.8011771],[-117.2180229,32.8011523],[-117.2179833,32.8011275],[-117.2179317,32.8010982],[-117.2178527,32.8010547],[-117.2177883,32.8010175],[-117.2177186,32.8009752],[-117.2176763,32.8009453],[-117.21763,32.8009087],[-117.2175804,32.8008659],[-117.2175429,32.8008343],[-117.2175033,32.8008039],[-117.2174477,32.8007746],[-117.2173766,32.8007402],[-117.2173395,32.8007225],[-117.2173241,32.800718],[-117.2173033,32.8007157],[-117.2172745,32.8007152],[-117.2172403,32.8007214],[-117.2171994,32.8007349],[-117.2171699,32.8007496],[-117.2171598,32.8007552],[-117.2170927,32.8006971],[-117.2170418,32.800652],[-117.2169837,32.8005928],[-117.2169662,32.8006046],[-117.2170291,32.8006664],[-117.2170921,32.8007228],[-117.2171561,32.8007796],[-117.2171592,32.8007839],[-117.2171622,32.8007903],[-117.2171622,32.8007984],[-117.2171622,32.800813],[-117.2171592,32.8008271],[-117.2171597,32.8008423],[-117.2171658,32.8008594],[-117.2171795,32.8008761],[-117.2172014,32.8008962],[-117.2172151,32.8009038],[-117.2172405,32.8009137],[-117.2172802,32.8009278],[-117.2173345,32.8009474],[-117.2173666,32.8009602],[-117.2173899,32.80097],[-117.2174225,32.8009892],[-117.2174636,32.8010179],[-117.2176496,32.8011563],[-117.2177218,32.8012118],[-117.2177695,32.8012528],[-117.2177909,32.8012754],[-117.2178087,32.8012972],[-117.2178331,32.8013177],[-117.2178778,32.8013613],[-117.2179342,32.8014303],[-117.2179754,32.8014704],[-117.2180665,32.8015625],[-117.2181208,32.801625],[-117.2181617,32.8016617],[-117.2181791,32.8016831],[-117.2181838,32.8016921],[-117.2181959,32.8017079],[-117.2182073,32.8017203],[-117.2182261,32.8017428],[-117.2182462,32.8017699],[-117.218265,32.8017907],[-117.2182965,32.8018195],[-117.2183079,32.8018302],[-117.2183314,32.801842],[-117.2183622,32.8018538],[-117.2183816,32.8018617],[-117.2184044,32.8018713],[-117.2184179,32.8018803],[-117.218436,32.8018961],[-117.218446,32.8019136],[-117.2184534,32.8019446],[-117.2184537,32.8019527]]]},"properties":{"course_id":"mission_bay_san_diego","course_name":"Mission Bay Golf Course","hole_number":1,"feature_type":"fairway","name":"hole_1_fairway","feature-color":"#4a7c3f","is_approximate":true,"source":"osm","@id":"1e67b99f-e685-4733-8a74-903cb2c88f50","osm_id":699108195}},{"type":"Feature","bbox":[-117.2187195,32.8018819,-117.2184537,32.8020873],"geometry":{"type":"Polygon","coordinates":[[[-117.218625,32.8018917],[-117.2186451,32.8018979],[-117.2186625,32.8019064],[-117.2186766,32.8019165],[-117.2186893,32.8019312],[-117.2186994,32.8019441],[-117.2187061,32.801956],[-117.2187128,32.8019701],[-117.2187175,32.8019864],[-117.2187195,32.8020039],[-117.2187148,32.8020219],[-117.2187061,32.8020399],[-117.2186954,32.8020529],[-117.2186779,32.8020687],[-117.2186625,32.8020777],[-117.2186411,32.802085],[-117.2186229,32.8020873],[-117.2186028,32.8020873],[-117.2185767,32.8020839],[-117.2185458,32.8020738],[-117.2185297,32.8020659],[-117.218511,32.802054],[-117.2184922,32.8020416],[-117.2184761,32.8020247],[-117.2184654,32.8020073],[-117.218458,32.8019909],[-117.2184573,32.8019847],[-117.2184543,32.8019678],[-117.2184537,32.8019527],[-117.2184573,32.8019407],[-117.2184634,32.8019278],[-117.2184714,32.8019171],[-117.2184815,32.8019069],[-117.2184996,32.8018962],[-117.2185116,32.8018923],[-117.2185271,32.8018878],[-117.2185512,32.8018833],[-117.2185662,32.8018819],[-117.2185894,32.8018821],[-117.2186082,32.8018861],[-117.218625,32.8018917]]]},"properties":{"course_id":"mission_bay_san_diego","course_name":"Mission Bay Golf Course","hole_number":1,"feature_type":"green","name":"hole_1_green","feature-color":"#2d6e2d","is_approximate":true,"source":"osm","@id":"645b82f6-dde9-4be0-a188-8c26ee874fc5","osm_id":699108197}},{"type":"Feature","bbox":[-117.2182193,32.8016936,-117.2177812,32.8020794],"geometry":{"type":"Polygon","coordinates":[[[-117.2178714,32.8016936],[-117.2178746,32.8017066],[-117.2178815,32.8017215],[-117.2178939,32.8017376],[-117.2179177,32.8017603],[-117.2179378,32.8017758],[-117.2179547,32.8017823],[-117.217977,32.8017875],[-117.2180017,32.8017933],[-117.2180325,32.8018024],[-117.2180464,32.8018076],[-117.2180695,32.8018173],[-117.2180964,32.8018361],[-117.2181165,32.8018529],[-117.2181311,32.8018697],[-117.2181442,32.8018866],[-117.218155,32.8019105],[-117.218165,32.801939],[-117.2181642,32.8019617],[-117.2181588,32.8019791],[-117.2181511,32.8019914],[-117.2181434,32.8020031],[-117.2182193,32.8020678],[-117.2182039,32.8020794],[-117.218135,32.8020193],[-117.2181118,32.8020374],[-117.2180918,32.8020452],[-117.2180656,32.8020497],[-117.218041,32.8020465],[-117.218014,32.8020329],[-117.2179932,32.8020128],[-117.2179732,32.8019856],[-117.2179586,32.8019688],[-117.2179462,32.8019526],[-117.2179308,32.8019312],[-117.2179123,32.8019105],[-117.2178931,32.8018833],[-117.2178815,32.8018632],[-117.2178677,32.8018367],[-117.2178592,32.8018179],[-117.2178492,32.8017991],[-117.2178384,32.8017849],[-117.2178338,32.8017784],[-117.2178292,32.8017713],[-117.217813,32.8017577],[-117.2177937,32.8017474],[-117.2177812,32.8017444],[-117.2177923,32.8017427],[-117.2178069,32.8017386],[-117.2178211,32.8017323],[-117.2178392,32.8017237],[-117.2178569,32.8017118],[-117.217868,32.8016992],[-117.2178714,32.8016936]]]},"properties":{"course_id":"mission_bay_san_diego","course_name":"Mission Bay Golf Course","hole_number":2,"feature_type":"fairway","name":"hole_2_fairway","feature-color":"#4a7c3f","is_approximate":true,"source":"osm","@id":"cdf5189b-8bdf-43a3-be03-46846f2052e1","osm_id":699114300}},{"type":"Feature","bbox":[-117.2184108,32.8020426,-117.2181755,32.8022514],"geometry":{"type":"Polygon","coordinates":[[[-117.2182491,32.8020455],[-117.2182193,32.8020678],[-117.2182039,32.8020794],[-117.218177,32.8020995],[-117.2181755,32.8021021],[-117.2181767,32.802105],[-117.2182198,32.8021439],[-117.2182487,32.8021714],[-117.2182818,32.8022041],[-117.2183176,32.8022387],[-117.2183257,32.8022468],[-117.2183288,32.8022504],[-117.2183323,32.8022514],[-117.2183376,32.8022478],[-117.2183507,32.8022397],[-117.2183792,32.8022193],[-117.2184054,32.8022012],[-117.2184093,32.8021989],[-117.2184108,32.8021963],[-117.2184093,32.8021921],[-117.2183604,32.8021432],[-117.2182745,32.8020574],[-117.2182595,32.8020442],[-117.2182556,32.8020429],[-117.2182525,32.8020426],[-117.2182491,32.8020455]]]},"properties":{"course_id":"mission_bay_san_diego","course_name":"Mission Bay Golf Course","hole_number":2,"feature_type":"tee_box","name":"hole_2_tee_box","feature-color":"#8b7355","is_approximate":true,"source":"osm","@id":"87f5f278-c53b-4eec-b1ad-61dad92ddfe8","osm_id":699114301}},{"type":"Feature","bbox":[-117.2178795,32.8015568,-117.2176485,32.801746],"geometry":{"type":"Polygon","coordinates":[[[-117.2177109,32.801562],[-117.2177215,32.801559],[-117.2177366,32.8015568],[-117.2177596,32.8015568],[-117.2177777,32.8015582],[-117.2177928,32.8015616],[-117.2178105,32.8015672],[-117.217822,32.801572],[-117.2178374,32.8015813],[-117.2178516,32.8015947],[-117.2178613,32.8016062],[-117.2178697,32.80162],[-117.2178764,32.8016341],[-117.2178795,32.8016534],[-117.2178781,32.8016724],[-117.2178746,32.8016884],[-117.2178714,32.8016936],[-117.217868,32.8016992],[-117.2178569,32.8017118],[-117.2178392,32.8017237],[-117.2178211,32.8017323],[-117.2178069,32.8017386],[-117.2177923,32.8017427],[-117.2177812,32.8017444],[-117.2177728,32.8017457],[-117.2177538,32.801746],[-117.2177308,32.8017416],[-117.2177136,32.8017356],[-117.2176994,32.8017282],[-117.217683,32.8017152],[-117.2176724,32.8017051],[-117.2176614,32.8016914],[-117.2176543,32.8016761],[-117.2176507,32.8016616],[-117.2176485,32.8016464],[-117.217649,32.8016311],[-117.2176507,32.8016174],[-117.2176538,32.8016047],[-117.2176618,32.8015939],[-117.2176711,32.8015839],[-117.2176813,32.8015765],[-117.217695,32.8015675],[-117.2177109,32.801562]]]},"properties":{"course_id":"mission_bay_san_diego","course_name":"Mission Bay Golf Course","hole_number":2,"feature_type":"green","name":"hole_2_green","feature-color":"#2d6e2d","is_approximate":true,"source":"osm","@id":"bb44bbb4-d249-4c06-b1c2-fe0029337886","osm_id":699114302}},{"type":"Feature","bbox":[-117.2176023,32.8014224,-117.2174457,32.8015553],"geometry":{"type":"Polygon","coordinates":[[[-117.2176012,32.8015091],[-117.2175768,32.8015347],[-117.2175626,32.801548],[-117.2175565,32.8015535],[-117.217553,32.8015553],[-117.2175479,32.801554],[-117.2175438,32.8015514],[-117.2175169,32.80153],[-117.2174727,32.8014912],[-117.2174457,32.801469],[-117.2174483,32.8014655],[-117.2174595,32.8014562],[-117.2174788,32.8014382],[-117.2174874,32.801428],[-117.217493,32.8014241],[-117.2174976,32.8014224],[-117.2175057,32.8014245],[-117.2175423,32.8014523],[-117.217587,32.8014903],[-117.2175992,32.801501],[-117.2176023,32.8015048],[-117.2176012,32.8015091]]]},"properties":{"course_id":"mission_bay_san_diego","course_name":"Mission Bay Golf Course","hole_number":3,"feature_type":"tee_box","name":"hole_3_tee_box","feature-color":"#8b7355","is_approximate":true,"source":"osm","@id":"fe56aad7-af1e-4cab-9f1b-92aa83a63b47","osm_id":699117115}},{"type":"Feature","bbox":[-117.2174605,32.8013233,-117.2173283,32.8014339],"geometry":{"type":"Polygon","coordinates":[[[-117.2174549,32.8014023],[-117.2174356,32.8014169],[-117.2174213,32.8014271],[-117.2174127,32.8014335],[-117.2174076,32.8014339],[-117.2174025,32.8014318],[-117.2173939,32.801425],[-117.2173329,32.8013703],[-117.2173283,32.8013656],[-117.2173283,32.8013613],[-117.2173289,32.8013571],[-117.2173394,32.8013482],[-117.2173639,32.8013301],[-117.2173736,32.8013233],[-117.2173787,32.8013237],[-117.2173848,32.801328],[-117.2174341,32.8013707],[-117.2174549,32.8013874],[-117.21746,32.8013916],[-117.2174605,32.8013963],[-117.2174549,32.8014023]]]},"properties":{"course_id":"mission_bay_san_diego","course_name":"Mission Bay Golf Course","hole_number":3,"feature_type":"tee_box","name":"hole_3_tee_box_2","feature-color":"#8b7355","is_approximate":true,"source":"osm","@id":"5a7d8b05-25ef-4ec7-9a5e-e8d35365756f","osm_id":699117116}},{"type":"Feature","bbox":[-117.2173394,32.8006965,-117.2165688,32.8013571],"geometry":{"type":"Polygon","coordinates":[[[-117.2166438,32.8006965],[-117.2166631,32.8007164],[-117.2166692,32.8007401],[-117.2166817,32.8007614],[-117.2166917,32.8007737],[-117.2167056,32.8007866],[-117.2167218,32.8007996],[-117.2167457,32.8008164],[-117.2167711,32.8008294],[-117.216798,32.8008358],[-117.2168396,32.8008494],[-117.2168843,32.8008598],[-117.2169244,32.8008728],[-117.2169675,32.8008902],[-117.2170345,32.8009287],[-117.2170807,32.8009579],[-117.2171062,32.8009779],[-117.2171293,32.8010019],[-117.2171385,32.80102],[-117.2171454,32.8010427],[-117.2171462,32.8010673],[-117.2171393,32.8010971],[-117.2171277,32.8011217],[-117.2171062,32.8011534],[-117.2173394,32.8013482],[-117.2173289,32.8013571],[-117.2170892,32.8011676],[-117.2170784,32.8011693],[-117.2170599,32.8011738],[-117.2170376,32.8011777],[-117.2170191,32.8011771],[-117.2169983,32.8011693],[-117.2169883,32.8011609],[-117.2169814,32.8011518],[-117.2169767,32.8011363],[-117.2169721,32.8011201],[-117.2169714,32.8011026],[-117.2169667,32.8010845],[-117.2169637,32.8010715],[-117.2169529,32.801056],[-117.2169251,32.8010385],[-117.2168905,32.801021],[-117.2168574,32.8010113],[-117.2168188,32.8010074],[-117.2167842,32.8010055],[-117.2167495,32.8009984],[-117.2167233,32.8009886],[-117.2166979,32.8009731],[-117.2166848,32.8009556],[-117.216674,32.8009343],[-117.2166686,32.8009142],[-117.2166609,32.8008987],[-117.2166471,32.8008799],[-117.2166324,32.8008656],[-117.2166163,32.8008572],[-117.2165967,32.8008532],[-117.2165688,32.8008558],[-117.2165993,32.8008447],[-117.2166221,32.8008276],[-117.2166369,32.8008114],[-117.2166481,32.8007926],[-117.2166542,32.8007712],[-117.2166552,32.8007481],[-117.2166531,32.8007264],[-117.2166438,32.8006965]]]},"properties":{"course_id":"mission_bay_san_diego","course_name":"Mission Bay Golf Course","hole_number":3,"feature_type":"fairway","name":"hole_3_fairway","feature-color":"#4a7c3f","is_approximate":true,"source":"osm","@id":"ea4b2728-3f79-44e9-8261-d41fb098495d","osm_id":699117117}},{"type":"Feature","bbox":[-117.2166552,32.8006358,-117.2163757,32.800866],"geometry":{"type":"Polygon","coordinates":[[[-117.2165449,32.8008618],[-117.2165195,32.8008656],[-117.2164925,32.800866],[-117.2164687,32.8008643],[-117.2164453,32.8008596],[-117.2164265,32.8008519],[-117.2164102,32.80084],[-117.216395,32.8008233],[-117.2163843,32.8008062],[-117.2163807,32.8007879],[-117.2163762,32.8007682],[-117.2163757,32.8007481],[-117.2163787,32.8007315],[-117.2163853,32.8007131],[-117.2163935,32.8006947],[-117.2164062,32.8006798],[-117.2164219,32.8006665],[-117.2164397,32.8006542],[-117.2164631,32.8006439],[-117.216488,32.8006371],[-117.2165129,32.8006358],[-117.2165418,32.8006371],[-117.2165601,32.8006413],[-117.2165855,32.8006529],[-117.2166089,32.8006657],[-117.2166293,32.8006802],[-117.2166438,32.8006965],[-117.2166531,32.8007264],[-117.2166552,32.8007481],[-117.2166542,32.8007712],[-117.2166481,32.8007926],[-117.2166369,32.8008114],[-117.2166221,32.8008276],[-117.2165993,32.8008447],[-117.2165688,32.8008558],[-117.2165449,32.8008618]]]},"properties":{"course_id":"mission_bay_san_diego","course_name":"Mission Bay Golf Course","hole_number":3,"feature_type":"green","name":"hole_3_green","feature-color":"#2d6e2d","is_approximate":true,"source":"osm","@id":"9d8da3dd-5880-4b1f-8fe4-caee68e1acb7","osm_id":699117118}},{"type":"Feature","bbox":[-117.2165234,32.8003824,-117.2162761,32.8005805],"geometry":{"type":"Polygon","coordinates":[[[-117.2163678,32.8005779],[-117.2163616,32.8005805],[-117.2163524,32.8005805],[-117.2163385,32.8005747],[-117.2163177,32.8005546],[-117.2162784,32.8005151],[-117.2162761,32.8005093],[-117.2162803,32.800494],[-117.2162885,32.8004834],[-117.2163824,32.8004089],[-117.2164086,32.8003966],[-117.2164294,32.8003889],[-117.2164525,32.800383],[-117.2164733,32.8003824],[-117.2164957,32.8003863],[-117.2165111,32.8004025],[-117.2165203,32.8004193],[-117.2165234,32.8004374],[-117.2165203,32.8004517],[-117.2165141,32.8004672],[-117.2164926,32.8004892],[-117.2164595,32.8005158],[-117.2163678,32.8005779]]]},"properties":{"course_id":"mission_bay_san_diego","course_name":"Mission Bay Golf Course","hole_number":4,"feature_type":"tee_box","name":"hole_4_tee_box","feature-color":"#8b7355","is_approximate":true,"source":"osm","@id":"97755abe-6173-46a2-b79f-b4ef1e8fb7fc","osm_id":699118797}},{"type":"Feature","bbox":[-117.2163616,32.800494,-117.2157766,32.8009306],"geometry":{"type":"Polygon","coordinates":[[[-117.2158795,32.8009306],[-117.2158792,32.8009116],[-117.2158731,32.8008918],[-117.215861,32.8008772],[-117.2158483,32.8008608],[-117.2158248,32.8008389],[-117.2157973,32.800827],[-117.2157766,32.8008197],[-117.2158223,32.8008108],[-117.2158491,32.8007944],[-117.2158838,32.8007572],[-117.2159313,32.8007282],[-117.2159763,32.8007137],[-117.2160182,32.800699],[-117.2160462,32.8006872],[-117.2161187,32.8006397],[-117.2161549,32.8005951],[-117.2161854,32.8005757],[-117.2162378,32.8005527],[-117.2162569,32.8005322],[-117.2162803,32.800494],[-117.2162761,32.8005093],[-117.2162784,32.8005151],[-117.2163177,32.8005546],[-117.2163385,32.8005747],[-117.2163524,32.8005805],[-117.2163616,32.8005805],[-117.2162955,32.8006204],[-117.2162583,32.8006605],[-117.2162424,32.8006769],[-117.2162247,32.8006828],[-117.2162159,32.8006932],[-117.2162088,32.8007126],[-117.2161964,32.8007319],[-117.2161415,32.8007632],[-117.2160938,32.8007825],[-117.2160654,32.8007914],[-117.2160424,32.8008018],[-117.2160141,32.8008301],[-117.2159947,32.8008465],[-117.2159681,32.8008688],[-117.2159363,32.8008836],[-117.2159133,32.8008911],[-117.2158956,32.800903],[-117.215887,32.8009153],[-117.2158795,32.8009306]]]},"properties":{"course_id":"mission_bay_san_diego","course_name":"Mission Bay Golf Course","hole_number":4,"feature_type":"fairway","name":"hole_4_fairway","feature-color":"#4a7c3f","is_approximate":true,"source":"osm","@id":"79c95f89-1ab8-4b07-bfb4-cd8b58cfa4ef","osm_id":699118798}},{"type":"Feature","bbox":[-117.2158795,32.800818,-117.2156129,32.801013],"geometry":{"type":"Polygon","coordinates":[[[-117.215861,32.8008772],[-117.2158731,32.8008918],[-117.2158792,32.8009116],[-117.2158795,32.8009306],[-117.2158711,32.8009555],[-117.2158557,32.8009747],[-117.2158376,32.8009905],[-117.2158141,32.8010034],[-117.2157826,32.801013],[-117.2157471,32.801013],[-117.2157216,32.8010113],[-117.2156901,32.8010018],[-117.2156693,32.8009922],[-117.2156458,32.8009758],[-117.2156284,32.800955],[-117.2156176,32.8009307],[-117.2156129,32.8009099],[-117.215615,32.8008902],[-117.2156217,32.8008699],[-117.2156331,32.8008535],[-117.2156492,32.80084],[-117.2156652,32.8008315],[-117.2156907,32.8008231],[-117.2157122,32.8008186],[-117.2157471,32.800818],[-117.2157766,32.8008197],[-117.2157973,32.800827],[-117.2158248,32.8008389],[-117.2158483,32.8008608],[-117.215861,32.8008772]]]},"properties":{"course_id":"mission_bay_san_diego","course_name":"Mission Bay Golf Course","hole_number":4,"feature_type":"green","name":"hole_4_green","feature-color":"#2d6e2d","is_approximate":true,"source":"osm","@id":"e3d5da38-8117-4e76-8959-221cda873d91","osm_id":699118799}},{"type":"Feature","bbox":[-117.2163222,32.8010546,-117.2160234,32.8012306],"geometry":{"type":"Polygon","coordinates":[[[-117.2160234,32.801102],[-117.2160503,32.8010546],[-117.2163222,32.8011811],[-117.2162981,32.8012141],[-117.2162891,32.8012265],[-117.2162861,32.8012306],[-117.2160234,32.801102]]]},"properties":{"course_id":"mission_bay_san_diego","course_name":"Mission Bay Golf Course","hole_number":5,"feature_type":"tee_box","name":"hole_5_tee_box","feature-color":"#8b7355","is_approximate":true,"source":"osm","@id":"abb4a744-2cb5-4a3b-873d-19dbdc127f96","osm_id":699127104}},{"type":"Feature","bbox":[-117.2170819,32.8012077,-117.2162891,32.8015998],"geometry":{"type":"Polygon","coordinates":[[[-117.2169839,32.8015998],[-117.2169856,32.8015894],[-117.2169926,32.8015722],[-117.2170095,32.8015556],[-117.2170265,32.8015462],[-117.2170457,32.8015404],[-117.2170819,32.8015384],[-117.2170451,32.8015349],[-117.2170166,32.801528],[-117.2169963,32.8015203],[-117.216979,32.8015041],[-117.2169709,32.801487],[-117.2169607,32.8014699],[-117.2169506,32.8014563],[-117.2169353,32.8014358],[-117.2169201,32.8014195],[-117.2168997,32.8014033],[-117.2168835,32.8013939],[-117.216852,32.8013802],[-117.2168215,32.80137],[-117.2167717,32.8013572],[-117.2167432,32.8013478],[-117.2167087,32.8013358],[-117.2166873,32.8013264],[-117.216669,32.8013076],[-117.2166487,32.8012777],[-117.2166345,32.8012615],[-117.2166152,32.8012401],[-117.2165918,32.8012282],[-117.2165704,32.8012153],[-117.216542,32.8012102],[-117.2165064,32.8012077],[-117.2164708,32.801223],[-117.2164495,32.8012376],[-117.2164281,32.8012521],[-117.2164129,32.8012743],[-117.2162981,32.8012141],[-117.2162891,32.8012265],[-117.2164194,32.8012947],[-117.2164187,32.8013071],[-117.2164247,32.801324],[-117.2164328,32.8013364],[-117.2164422,32.801346],[-117.2164596,32.801355],[-117.2164945,32.801368],[-117.216532,32.8013798],[-117.2165696,32.8013984],[-117.2166263,32.8014204],[-117.2166711,32.8014358],[-117.2166934,32.8014452],[-117.216729,32.8014691],[-117.2167656,32.8014913],[-117.2167971,32.8015126],[-117.2168316,32.8015314],[-117.2168672,32.8015477],[-117.2168957,32.8015562],[-117.2169221,32.8015665],[-117.2169597,32.8015767],[-117.216977,32.8015853],[-117.2169839,32.8015998]]]},"properties":{"course_id":"mission_bay_san_diego","course_name":"Mission Bay Golf Course","hole_number":5,"feature_type":"fairway","name":"hole_5_fairway","feature-color":"#4a7c3f","is_approximate":true,"source":"osm","@id":"b5139f16-cee4-4073-bcf1-b695a63ac5c6","osm_id":699127105}},{"type":"Feature","bbox":[-117.2172063,32.8015384,-117.2169821,32.8017248],"geometry":{"type":"Polygon","coordinates":[[[-117.2170095,32.8015556],[-117.2169926,32.8015722],[-117.2169856,32.8015894],[-117.2169839,32.8015998],[-117.2169821,32.801611],[-117.2169827,32.8016326],[-117.2169844,32.8016532],[-117.2169938,32.8016733],[-117.2170049,32.80169],[-117.2170236,32.8017042],[-117.2170463,32.8017145],[-117.2170679,32.8017214],[-117.2170942,32.8017248],[-117.2171146,32.8017248],[-117.2171386,32.8017199],[-117.217159,32.8017121],[-117.2171765,32.8017018],[-117.2171905,32.8016885],[-117.2172022,32.8016699],[-117.2172063,32.8016493],[-117.2172063,32.8016272],[-117.2171969,32.8016007],[-117.2171835,32.8015806],[-117.2171677,32.801561],[-117.2171456,32.8015492],[-117.217128,32.8015413],[-117.2171018,32.8015384],[-117.2170819,32.8015384],[-117.2170457,32.8015404],[-117.2170265,32.8015462],[-117.2170095,32.8015556]]]},"properties":{"course_id":"mission_bay_san_diego","course_name":"Mission Bay Golf Course","hole_number":5,"feature_type":"green","name":"hole_5_green","feature-color":"#2d6e2d","is_approximate":true,"source":"osm","@id":"09974968-d1a8-47bc-ab2d-cb64ee273e34","osm_id":699127106}},{"type":"Feature","bbox":[-117.2174083,32.8014291,-117.2172188,32.8015922],"geometry":{"type":"Polygon","coordinates":[[[-117.2173077,32.8014291],[-117.2172904,32.8014333],[-117.2172677,32.8014443],[-117.2172446,32.8014524],[-117.2172307,32.8014605],[-117.2172188,32.8014686],[-117.2172203,32.8014783],[-117.2172242,32.8014906],[-117.2172323,32.8015007],[-117.2172453,32.8015036],[-117.2172592,32.8015029],[-117.2172738,32.8015029],[-117.2172808,32.8015055],[-117.2172919,32.801511],[-117.2173008,32.8015207],[-117.2173135,32.8015347],[-117.2173278,32.8015554],[-117.2173447,32.801578],[-117.2173524,32.8015897],[-117.2173586,32.8015912],[-117.2173657,32.8015922],[-117.2173763,32.8015894],[-117.2173836,32.8015855],[-117.2173998,32.8015777],[-117.2174075,32.8015725],[-117.2174083,32.8015674],[-117.2174083,32.8015606],[-117.2174025,32.8015528],[-117.2173759,32.8015204],[-117.217352,32.8014887],[-117.2173355,32.8014657],[-117.2173147,32.8014343],[-117.2173116,32.8014314],[-117.2173077,32.8014291]]]},"properties":{"course_id":"mission_bay_san_diego","course_name":"Mission Bay Golf Course","hole_number":6,"feature_type":"tee_box","name":"hole_6_tee_box","feature-color":"#8b7355","is_approximate":true,"source":"osm","@id":"837851ad-0187-4558-b506-0ec02484bfd2","osm_id":699127107}},{"type":"Feature","bbox":[-117.2176049,32.8015894,-117.2173586,32.8019806],"geometry":{"type":"Polygon","coordinates":[[[-117.2176049,32.8019355],[-117.2175941,32.801929],[-117.2175856,32.801918],[-117.2175733,32.801896],[-117.2175617,32.8018623],[-117.2175471,32.8018105],[-117.2175363,32.8017807],[-117.2175147,32.8017419],[-117.2175032,32.8017225],[-117.2174847,32.8017089],[-117.2174731,32.8017056],[-117.2174523,32.8017056],[-117.2174246,32.8017108],[-117.2173763,32.8015894],[-117.2173657,32.8015922],[-117.2173586,32.8015912],[-117.2173635,32.801605],[-117.2173706,32.8016244],[-117.2173843,32.8016575],[-117.2173967,32.8016917],[-117.2174077,32.8017192],[-117.2173938,32.8017302],[-117.2173799,32.8017471],[-117.2173738,32.8017678],[-117.2173699,32.8017904],[-117.2173699,32.8018124],[-117.2173761,32.8018364],[-117.2173899,32.801861],[-117.2174092,32.8018791],[-117.2174339,32.8019011],[-117.2174539,32.8019206],[-117.2174731,32.8019419],[-117.2174778,32.8019523],[-117.2174788,32.801967],[-117.2174767,32.8019806],[-117.2174848,32.8019657],[-117.217496,32.8019576],[-117.2175148,32.8019473],[-117.2175412,32.8019401],[-117.2175681,32.8019354],[-117.2175935,32.8019336],[-117.2176049,32.8019355]]]},"properties":{"course_id":"mission_bay_san_diego","course_name":"Mission Bay Golf Course","hole_number":6,"feature_type":"fairway","name":"hole_6_fairway","feature-color":"#4a7c3f","is_approximate":true,"source":"osm","@id":"d0a0731b-930d-4c17-8872-52abc665f6a0","osm_id":699128029}},{"type":"Feature","bbox":[-117.2176835,32.8019336,-117.2174721,32.8021096],"geometry":{"type":"Polygon","coordinates":[[[-117.2174731,32.8019956],[-117.2174721,32.8020097],[-117.2174777,32.8020319],[-117.2174843,32.8020456],[-117.2174929,32.8020631],[-117.2175077,32.8020806],[-117.2175193,32.8020883],[-117.2175371,32.8020998],[-117.2175514,32.8021054],[-117.2175727,32.8021084],[-117.217592,32.8021096],[-117.2176128,32.8021071],[-117.2176276,32.8021037],[-117.2176428,32.802096],[-117.2176576,32.802087],[-117.2176672,32.8020767],[-117.2176759,32.8020644],[-117.2176814,32.8020486],[-117.2176835,32.8020306],[-117.217682,32.802011],[-117.2176779,32.8019973],[-117.2176698,32.8019798],[-117.217655,32.801964],[-117.2176413,32.8019516],[-117.2176225,32.8019413],[-117.2176118,32.8019366],[-117.2176049,32.8019355],[-117.2175935,32.8019336],[-117.2175681,32.8019354],[-117.2175412,32.8019401],[-117.2175148,32.8019473],[-117.217496,32.8019576],[-117.2174848,32.8019657],[-117.2174767,32.8019806],[-117.2174731,32.8019956]]]},"properties":{"course_id":"mission_bay_san_diego","course_name":"Mission Bay Golf Course","hole_number":6,"feature_type":"green","name":"hole_6_green","feature-color":"#2d6e2d","is_approximate":true,"source":"osm","@id":"ef4368e9-7e63-4a73-82b5-62562829bec5","osm_id":699128030}},{"type":"Feature","bbox":[-117.217292,32.8019406,-117.2169469,32.8021295],"geometry":{"type":"Polygon","coordinates":[[[-117.2169735,32.8019406],[-117.2169664,32.801951],[-117.2169652,32.8019526],[-117.2169563,32.8019643],[-117.216954,32.8019673],[-117.2169487,32.8019763],[-117.2169469,32.8019844],[-117.2169513,32.8019911],[-117.2169779,32.8020045],[-117.2170195,32.8020239],[-117.217031,32.802032],[-117.2170398,32.8020432],[-117.2170513,32.8020536],[-117.2170664,32.8020633],[-117.2171681,32.8021094],[-117.2172239,32.8021295],[-117.2172354,32.802128],[-117.2172495,32.8021287],[-117.217261,32.8021257],[-117.2172734,32.8021183],[-117.2172823,32.8021116],[-117.217292,32.8020982],[-117.2172911,32.8020886],[-117.2172876,32.8020804],[-117.2172778,32.8020685],[-117.2172699,32.8020573],[-117.2172442,32.8020469],[-117.2172079,32.8020372],[-117.2171858,32.8020313],[-117.2171593,32.8020216],[-117.2171168,32.8020008],[-117.2170761,32.801983],[-117.2170549,32.8019718],[-117.2169885,32.8019443],[-117.2169814,32.8019406],[-117.2169735,32.8019406]]]},"properties":{"course_id":"mission_bay_san_diego","course_name":"Mission Bay Golf Course","hole_number":7,"feature_type":"tee_box","name":"hole_7_tee_box","feature-color":"#8b7355","is_approximate":true,"source":"osm","@id":"fc1c6805-5eff-40ea-9527-e3dee98db588","osm_id":699128733}},{"type":"Feature","bbox":[-117.2169652,32.8008827,-117.2150316,32.8019643],"geometry":{"type":"Polygon","coordinates":[[[-117.2150316,32.8010068],[-117.2150559,32.8010085],[-117.2150758,32.8010144],[-117.2150968,32.8010252],[-117.2151073,32.801033],[-117.2151231,32.8010527],[-117.2151307,32.8010689],[-117.2151441,32.8010944],[-117.2151523,32.801115],[-117.2151663,32.801141],[-117.2151809,32.8011675],[-117.2151972,32.80119],[-117.2152089,32.8012023],[-117.2152346,32.8012288],[-117.2152632,32.8012504],[-117.2152799,32.8012602],[-117.2152998,32.8012671],[-117.2153395,32.801274],[-117.2153728,32.8012798],[-117.2153932,32.8012857],[-117.2154142,32.8012946],[-117.215434,32.8013103],[-117.2154597,32.8013314],[-117.215489,32.801357],[-117.2155215,32.8013818],[-117.2155439,32.8014014],[-117.2155866,32.8014313],[-117.2156343,32.8014621],[-117.2156719,32.801486],[-117.2157116,32.8015031],[-117.2157644,32.8015296],[-117.2158153,32.8015535],[-117.2158549,32.8015689],[-117.2159027,32.80158],[-117.2159504,32.8015868],[-117.215988,32.8015902],[-117.21605,32.8015936],[-117.2161029,32.8015979],[-117.2161446,32.8016013],[-117.216171,32.801603],[-117.2162015,32.8016082],[-117.216233,32.8016218],[-117.2162797,32.8016432],[-117.2163082,32.8016637],[-117.216358,32.8016962],[-117.2163905,32.8017209],[-117.2164281,32.8017423],[-117.2164464,32.8017542],[-117.2164637,32.8017619],[-117.216483,32.8017671],[-117.2165023,32.8017688],[-117.2165125,32.8017671],[-117.2165298,32.8017628],[-117.216545,32.801756],[-117.2165541,32.8017491],[-117.2167218,32.8018388],[-117.2168611,32.801914],[-117.2169017,32.8019354],[-117.2169231,32.8019482],[-117.2169563,32.8019643],[-117.2169652,32.8019526],[-117.2168519,32.8018926],[-117.2167706,32.8018465],[-117.2167076,32.8018123],[-117.2166324,32.801773],[-117.2165633,32.8017355],[-117.2165735,32.8017167],[-117.2165779,32.8016953],[-117.2165759,32.801668],[-117.2165637,32.8016406],[-117.2165413,32.8016141],[-117.2165159,32.8015902],[-117.2164621,32.8015586],[-117.2163868,32.8015219],[-117.216333,32.8014903],[-117.216271,32.8014552],[-117.2162009,32.8014117],[-117.2161295,32.8013741],[-117.2160462,32.8013382],[-117.2159527,32.8013057],[-117.2159049,32.8012886],[-117.2158256,32.8012639],[-117.2157894,32.8012605],[-117.2157477,32.8012587],[-117.2157091,32.8012536],[-117.2156705,32.8012434],[-117.2156298,32.8012297],[-117.2155963,32.8012118],[-117.2155729,32.8011853],[-117.2155455,32.8011502],[-117.2155312,32.8011238],[-117.215515,32.8010964],[-117.2154997,32.8010768],[-117.2154885,32.8010665],[-117.2154702,32.8010529],[-117.2154438,32.8010418],[-117.2154042,32.8010298],[-117.2153424,32.8010136],[-117.2152783,32.8009956],[-117.2152102,32.800976],[-117.2151523,32.8009589],[-117.2151279,32.8009469],[-117.2151188,32.8009307],[-117.2151096,32.8009127],[-117.2150971,32.8008827],[-117.2151012,32.8009067],[-117.2151006,32.800918],[-117.215096,32.8009366],[-117.2150895,32.8009543],[-117.2150755,32.8009734],[-117.2150604,32.8009882],[-117.2150446,32.8010009],[-117.2150316,32.8010068]]]},"properties":{"course_id":"mission_bay_san_diego","course_name":"Mission Bay Golf Course","hole_number":7,"feature_type":"fairway","name":"hole_7_fairway","feature-color":"#4a7c3f","is_approximate":true,"source":"osm","@id":"188ef91d-2f85-4428-9282-24ce363c0360","osm_id":699128734}},{"type":"Feature","bbox":[-117.2151012,32.8008228,-117.2148508,32.8010112],"geometry":{"type":"Polygon","coordinates":[[[-117.2150353,32.8008346],[-117.2150183,32.8008297],[-117.2150008,32.8008262],[-117.2149827,32.8008238],[-117.2149664,32.8008228],[-117.2149454,32.8008253],[-117.2149261,32.8008292],[-117.2149045,32.800839],[-117.2148841,32.8008532],[-117.2148712,32.8008665],[-117.214859,32.8008807],[-117.2148514,32.8009018],[-117.2148508,32.8009234],[-117.2148572,32.800943],[-117.2148677,32.8009617],[-117.2148811,32.8009798],[-117.2149022,32.800995],[-117.2149191,32.8010034],[-117.2149372,32.8010083],[-117.2149652,32.8010112],[-117.2149891,32.8010112],[-117.2150119,32.8010097],[-117.2150316,32.8010068],[-117.2150446,32.8010009],[-117.2150604,32.8009882],[-117.2150755,32.8009734],[-117.2150895,32.8009543],[-117.215096,32.8009366],[-117.2151006,32.800918],[-117.2151012,32.8009067],[-117.2150971,32.8008827],[-117.2150895,32.8008704],[-117.2150773,32.8008576],[-117.2150615,32.8008473],[-117.2150481,32.80084],[-117.2150353,32.8008346]]]},"properties":{"course_id":"mission_bay_san_diego","course_name":"Mission Bay Golf Course","hole_number":7,"feature_type":"green","name":"hole_7_green","feature-color":"#2d6e2d","is_approximate":true,"source":"osm","@id":"8a28e964-4cca-413e-9120-70917e15707b","osm_id":699128735}},{"type":"Feature","bbox":[-117.215397,32.801316,-117.2152847,32.8014205],"geometry":{"type":"Polygon","coordinates":[[[-117.2153351,32.8013193],[-117.2153293,32.8013242],[-117.2153245,32.801332],[-117.2153218,32.8013413],[-117.2153201,32.8013498],[-117.2153161,32.8013569],[-117.2153116,32.8013625],[-117.2153024,32.8013695],[-117.2152944,32.8013751],[-117.2152882,32.8013818],[-117.2152847,32.8013881],[-117.215286,32.8013985],[-117.2152939,32.8014093],[-117.215305,32.8014167],[-117.2153201,32.8014205],[-117.2153302,32.8014201],[-117.2153413,32.8014171],[-117.2153612,32.8014019],[-117.2153736,32.8013889],[-117.2153873,32.8013717],[-117.2153953,32.8013598],[-117.215397,32.8013502],[-117.2153957,32.8013383],[-117.21539,32.8013316],[-117.215378,32.8013264],[-117.2153705,32.801323],[-117.2153661,32.8013201],[-117.2153568,32.801316],[-117.2153488,32.801316],[-117.2153417,32.8013167],[-117.2153351,32.8013193]]]},"properties":{"course_id":"mission_bay_san_diego","course_name":"Mission Bay Golf Course","hole_number":7,"feature_type":"bunker","name":"hole_7_bunker","feature-color":"#d4b483","is_approximate":true,"source":"osm","@id":"03cb5add-2e35-4f41-bb10-78d3b2b62448","osm_id":699128736}},{"type":"Feature","bbox":[-117.2157523,32.8011324,-117.21564,32.8012025],"geometry":{"type":"Polygon","coordinates":[[[-117.2156608,32.80114],[-117.2156538,32.8011453],[-117.2156474,32.8011484],[-117.215643,32.8011515],[-117.21564,32.80116],[-117.2156403,32.8011659],[-117.2156424,32.8011715],[-117.215647,32.8011791],[-117.2156511,32.8011856],[-117.2156584,32.8011924],[-117.2156635,32.8011969],[-117.2156715,32.8012003],[-117.2156789,32.8012023],[-117.21569,32.8012025],[-117.2156997,32.8012025],[-117.2157128,32.8012023],[-117.2157181,32.8012011],[-117.2157295,32.8011989],[-117.2157386,32.8011949],[-117.2157439,32.8011924],[-117.215747,32.8011884],[-117.21575,32.8011848],[-117.215751,32.80118],[-117.2157523,32.8011744],[-117.2157506,32.801169],[-117.2157473,32.8011628],[-117.2157399,32.801158],[-117.2157282,32.8011558],[-117.2157128,32.8011549],[-117.2157091,32.8011543],[-117.2157067,32.8011532],[-117.2157027,32.8011493],[-117.2156987,32.8011439],[-117.2156967,32.8011383],[-117.2156926,32.8011346],[-117.2156853,32.8011326],[-117.2156745,32.8011324],[-117.2156675,32.8011341],[-117.2156608,32.80114]]]},"properties":{"course_id":"mission_bay_san_diego","course_name":"Mission Bay Golf Course","hole_number":7,"feature_type":"bunker","name":"hole_7_bunker_2","feature-color":"#d4b483","is_approximate":true,"source":"osm","@id":"6e8a819c-6b8d-4c56-b8aa-bdf49cb115d6","osm_id":699128737}},{"type":"Feature","bbox":[-117.2155913,32.8006709,-117.2154349,32.8007817],"geometry":{"type":"Polygon","coordinates":[[[-117.2155581,32.8007804],[-117.215552,32.8007817],[-117.215545,32.8007817],[-117.2154411,32.8007383],[-117.2154364,32.8007344],[-117.2154349,32.8007279],[-117.2154626,32.8006735],[-117.2154688,32.8006709],[-117.2154803,32.8006722],[-117.2155859,32.8007085],[-117.2155913,32.8007117],[-117.2155913,32.8007189],[-117.2155866,32.8007266],[-117.2155581,32.8007804]]]},"properties":{"course_id":"mission_bay_san_diego","course_name":"Mission Bay Golf Course","hole_number":8,"feature_type":"tee_box","name":"hole_8_tee_box","feature-color":"#8b7355","is_approximate":true,"source":"osm","@id":"c0850fe2-a0d2-4a2b-bcc9-8c172aad2e9a","osm_id":699129130}},{"type":"Feature","bbox":[-117.2154099,32.800625,-117.215302,32.8007095],"geometry":{"type":"Polygon","coordinates":[[[-117.2154079,32.8006619],[-117.2153871,32.8007053],[-117.2153833,32.8007082],[-117.2153783,32.8007095],[-117.2153737,32.8007095],[-117.2153683,32.8007085],[-117.2153051,32.8006852],[-117.215302,32.800682],[-117.2153028,32.8006771],[-117.2153047,32.8006719],[-117.2153107,32.8006602],[-117.215318,32.8006461],[-117.2153274,32.8006279],[-117.2153309,32.800625],[-117.2153378,32.8006256],[-117.2154045,32.8006515],[-117.2154072,32.8006541],[-117.2154099,32.800658],[-117.2154079,32.8006619]]]},"properties":{"course_id":"mission_bay_san_diego","course_name":"Mission Bay Golf Course","hole_number":8,"feature_type":"tee_box","name":"hole_8_tee_box_2","feature-color":"#8b7355","is_approximate":true,"source":"osm","@id":"55a2f4ec-99de-44aa-b7d9-41bc3e038f6f","osm_id":699129131}},{"type":"Feature","bbox":[-117.215318,32.8003397,-117.2143545,32.8006602],"geometry":{"type":"Polygon","coordinates":[[[-117.2143545,32.8004283],[-117.2143583,32.8004234],[-117.2143594,32.8004199],[-117.2143649,32.800408],[-117.2143685,32.8003947],[-117.2143705,32.8003798],[-117.21437,32.8003606],[-117.2143649,32.8003465],[-117.2143749,32.800352],[-117.2143995,32.8003568],[-117.214431,32.8003577],[-117.2144707,32.8003543],[-117.2145093,32.8003457],[-117.2145449,32.8003397],[-117.2145744,32.8003397],[-117.2145937,32.8003406],[-117.2146272,32.8003491],[-117.2146699,32.8003722],[-117.2146872,32.8003867],[-117.2147227,32.8004115],[-117.2147583,32.8004397],[-117.2147837,32.8004559],[-117.214803,32.800467],[-117.2148386,32.8004824],[-117.2148762,32.8004909],[-117.2149118,32.8004935],[-117.2149616,32.8004918],[-117.2150256,32.8004815],[-117.2150571,32.8004764],[-117.2150958,32.8004696],[-117.2151262,32.800473],[-117.2151354,32.8004824],[-117.2151456,32.8005029],[-117.2151517,32.8005217],[-117.2151466,32.8005473],[-117.2151354,32.8005806],[-117.215318,32.8006461],[-117.2153107,32.8006602],[-117.2151198,32.8005926],[-117.2151097,32.8006037],[-117.2150934,32.8006182],[-117.2150771,32.8006276],[-117.2150578,32.8006336],[-117.2150324,32.800637],[-117.2150048,32.800637],[-117.2149753,32.8006293],[-117.2149245,32.8006106],[-117.2148869,32.8005969],[-117.2148574,32.8005883],[-117.2148117,32.8005806],[-117.214766,32.8005781],[-117.2147273,32.8005747],[-117.2146846,32.800573],[-117.2146409,32.8005661],[-117.2146094,32.8005584],[-117.214583,32.8005499],[-117.2145505,32.8005337],[-117.2145306,32.80052],[-117.2145063,32.8005021],[-117.214488,32.8004875],[-117.2144636,32.800467],[-117.2144432,32.8004508],[-117.2144168,32.8004346],[-117.2144046,32.8004303],[-117.2143884,32.8004269],[-117.2143751,32.8004252],[-117.214367,32.8004252],[-117.2143545,32.8004283]]]},"properties":{"course_id":"mission_bay_san_diego","course_name":"Mission Bay Golf Course","hole_number":8,"feature_type":"fairway","name":"hole_8_fairway","feature-color":"#4a7c3f","is_approximate":true,"source":"osm","@id":"20c23477-791b-4971-8c0c-d78d89efc6a3","osm_id":699129132}},{"type":"Feature","bbox":[-117.2143705,32.8002837,-117.2141307,32.8004712],"geometry":{"type":"Polygon","coordinates":[[[-117.2143248,32.8004516],[-117.2143111,32.8004575],[-117.2143004,32.8004614],[-117.2142877,32.8004661],[-117.2142735,32.8004691],[-117.2142572,32.8004712],[-117.2142384,32.8004704],[-117.2142232,32.8004674],[-117.2142064,32.8004635],[-117.2141927,32.8004584],[-117.214179,32.8004507],[-117.2141683,32.800443],[-117.2141556,32.8004302],[-117.2141444,32.8004174],[-117.2141398,32.8004063],[-117.2141332,32.8003888],[-117.2141307,32.8003755],[-117.2141307,32.8003597],[-117.2141332,32.8003418],[-117.2141373,32.8003281],[-117.2141429,32.8003208],[-117.2141535,32.8003089],[-117.2141668,32.8002991],[-117.214182,32.8002918],[-117.2142044,32.8002867],[-117.2142242,32.8002837],[-117.2142435,32.8002837],[-117.2142684,32.8002867],[-117.2142908,32.8002931],[-117.2143024,32.8002974],[-117.2143212,32.8003059],[-117.2143385,32.8003187],[-117.2143512,32.8003285],[-117.2143599,32.8003396],[-117.2143649,32.8003465],[-117.21437,32.8003606],[-117.2143705,32.8003798],[-117.2143685,32.8003947],[-117.2143649,32.800408],[-117.2143594,32.8004199],[-117.2143583,32.8004234],[-117.2143545,32.8004283],[-117.2143502,32.800434],[-117.214339,32.8004434],[-117.2143248,32.8004516]]]},"properties":{"course_id":"mission_bay_san_diego","course_name":"Mission Bay Golf Course","hole_number":8,"feature_type":"green","name":"hole_8_green","feature-color":"#2d6e2d","is_approximate":true,"source":"osm","@id":"00804341-c388-4006-b7fc-02a00712fa9f","osm_id":699129133}},{"type":"Feature","bbox":[-117.2150559,32.800216,-117.2147377,32.8002942],"geometry":{"type":"Polygon","coordinates":[[[-117.2149259,32.8002694],[-117.2149228,32.8002891],[-117.2149213,32.8002925],[-117.2149178,32.8002938],[-117.2149127,32.8002942],[-117.2147536,32.800269],[-117.2147431,32.8002673],[-117.2147384,32.800265],[-117.2147377,32.8002583],[-117.2147445,32.8002222],[-117.2147498,32.8002188],[-117.2147559,32.8002165],[-117.2147632,32.800216],[-117.2149235,32.8002363],[-117.2149268,32.8002397],[-117.2149289,32.8002459],[-117.2149289,32.800256],[-117.2149808,32.8002611],[-117.2149835,32.8002397],[-117.2150217,32.8002402],[-117.2150512,32.8002408],[-117.2150559,32.8002442],[-117.2150532,32.8002671],[-117.2150515,32.8002806],[-117.2150505,32.8002893],[-117.2150479,32.8002938],[-117.2149842,32.8002887],[-117.2149808,32.8002847],[-117.2149788,32.8002808],[-117.2149801,32.800274],[-117.2149259,32.8002694]]]},"properties":{"course_id":"mission_bay_san_diego","course_name":"Mission Bay Golf Course","hole_number":9,"feature_type":"tee_box","name":"hole_9_tee_box","feature-color":"#8b7355","is_approximate":true,"source":"osm","@id":"4d51f6fb-e634-4ed0-9901-dbeb5362da03","osm_id":699129785}},{"type":"Feature","bbox":[-117.2159409,32.8002594,-117.2150515,32.8005361],"geometry":{"type":"Polygon","coordinates":[[[-117.2159065,32.8004782],[-117.2158993,32.8004593],[-117.2158967,32.8004378],[-117.2158975,32.8004199],[-117.2159002,32.8004021],[-117.2159135,32.8003783],[-117.2159267,32.8003619],[-117.2159409,32.8003478],[-117.215911,32.8003581],[-117.2158915,32.8003598],[-117.2158725,32.8003624],[-117.2158563,32.8003574],[-117.2158466,32.8003479],[-117.2158254,32.8003383],[-117.2158023,32.8003301],[-117.2157696,32.8003234],[-117.2157386,32.8003197],[-117.2157139,32.8003197],[-117.215682,32.8003256],[-117.2156617,32.8003308],[-117.2156325,32.8003412],[-117.2156112,32.8003472],[-117.2155847,32.8003516],[-117.2155564,32.8003509],[-117.2155298,32.8003457],[-117.2155059,32.8003375],[-117.2154794,32.8003234],[-117.2154626,32.800313],[-117.2154387,32.8002988],[-117.2154139,32.8002847],[-117.2153953,32.8002765],[-117.2153644,32.8002646],[-117.2153449,32.8002602],[-117.2153228,32.8002594],[-117.215306,32.8002602],[-117.2152918,32.8002639],[-117.215275,32.8002713],[-117.2152644,32.8002817],[-117.215252,32.8002959],[-117.2151599,32.8002802],[-117.2150997,32.8002713],[-117.2150532,32.8002671],[-117.2150515,32.8002806],[-117.2151596,32.8002944],[-117.2152525,32.8003093],[-117.2152472,32.8003197],[-117.2152445,32.8003353],[-117.2152436,32.8003546],[-117.2152507,32.8003762],[-117.2152595,32.8003963],[-117.2152772,32.8004134],[-117.2153056,32.8004253],[-117.2153409,32.8004349],[-117.2153719,32.8004409],[-117.2154047,32.8004543],[-117.2154374,32.8004692],[-117.215463,32.800484],[-117.2154989,32.8005071],[-117.2155183,32.8005168],[-117.215536,32.8005257],[-117.215552,32.8005324],[-117.2155776,32.8005361],[-117.2155944,32.8005339],[-117.2156086,32.8005316],[-117.2156289,32.8005264],[-117.2156794,32.8005101],[-117.2157024,32.8005004],[-117.215751,32.8004833],[-117.2157758,32.8004751],[-117.2158174,32.8004647],[-117.2158457,32.8004617],[-117.2158634,32.800461],[-117.2158873,32.8004654],[-117.2159065,32.8004782]]]},"properties":{"course_id":"mission_bay_san_diego","course_name":"Mission Bay Golf Course","hole_number":9,"feature_type":"fairway","name":"hole_9_fairway","feature-color":"#4a7c3f","is_approximate":true,"source":"osm","@id":"e6c16197-c97c-4ab8-944e-a3d3c2f95dba","osm_id":699129786}},{"type":"Feature","bbox":[-117.2161435,32.8003255,-117.2158967,32.8005389],"geometry":{"type":"Polygon","coordinates":[[[-117.215963,32.8003403],[-117.2159878,32.8003329],[-117.2160135,32.8003284],[-117.2160427,32.8003255],[-117.2160727,32.8003292],[-117.2160887,32.8003344],[-117.2161108,32.800347],[-117.2161258,32.8003604],[-117.2161356,32.800379],[-117.2161409,32.8004013],[-117.2161435,32.8004251],[-117.2161417,32.8004526],[-117.2161373,32.800472],[-117.2161285,32.8004928],[-117.2161134,32.8005099],[-117.2160975,32.8005211],[-117.2160772,32.8005345],[-117.2160568,32.8005389],[-117.216032,32.8005389],[-117.2160002,32.8005367],[-117.2159736,32.8005292],[-117.2159542,32.8005211],[-117.2159347,32.8005077],[-117.2159144,32.8004891],[-117.2159065,32.8004782],[-117.2158993,32.8004593],[-117.2158967,32.8004378],[-117.2158975,32.8004199],[-117.2159002,32.8004021],[-117.2159135,32.8003783],[-117.2159267,32.8003619],[-117.2159409,32.8003478],[-117.215963,32.8003403]]]},"properties":{"course_id":"mission_bay_san_diego","course_name":"Mission Bay Golf Course","hole_number":9,"feature_type":"green","name":"hole_9_green","feature-color":"#2d6e2d","is_approximate":true,"source":"osm","@id":"7da9bc62-fe36-4e9b-9a04-f456de97eadc","osm_id":699129787}},{"type":"Feature","bbox":[-117.2172283,32.7999723,-117.2168868,32.800138],"geometry":{"type":"Polygon","coordinates":[[[-117.2172028,32.7999723],[-117.2172068,32.7999751],[-117.2172135,32.7999858],[-117.2172239,32.8000267],[-117.2172276,32.8000416],[-117.2172283,32.8000472],[-117.2172216,32.8000568],[-117.2172102,32.800063],[-117.2171726,32.8000765],[-117.2171539,32.8000822],[-117.2171076,32.8000901],[-117.2170687,32.8001008],[-117.2170311,32.8001166],[-117.217001,32.800129],[-117.2169527,32.8001346],[-117.2169111,32.800138],[-117.2168996,32.8001265],[-117.2168868,32.8001009],[-117.2168876,32.8000788],[-117.2169131,32.8000579],[-117.2169353,32.8000433],[-117.2169708,32.8000303],[-117.2170291,32.80001],[-117.2171136,32.799988],[-117.2171847,32.7999728],[-117.2172028,32.7999723]]]},"properties":{"course_id":"mission_bay_san_diego","course_name":"Mission Bay Golf Course","hole_number":10,"feature_type":"tee_box","name":"hole_10_tee_box","feature-color":"#8b7355","is_approximate":true,"source":"osm","@id":"9dfcb43c-9e81-446f-a906-d6f85240ce33","osm_id":699138940}},{"type":"Feature","bbox":[-117.2191895,32.7994588,-117.2178007,32.7999447],"geometry":{"type":"Polygon","coordinates":[[[-117.2191895,32.7996059],[-117.2191768,32.7996007],[-117.2191593,32.7995952],[-117.2191392,32.7995952],[-117.2191204,32.7996054],[-117.2191056,32.7996212],[-117.2190882,32.7996358],[-117.2190721,32.799655],[-117.2190574,32.7996753],[-117.219044,32.7996899],[-117.2190265,32.7997023],[-117.2190091,32.7997113],[-117.2189756,32.7997282],[-117.2189461,32.799735],[-117.2189058,32.7997429],[-117.2188911,32.7997452],[-117.2188602,32.7997508],[-117.2188321,32.7997508],[-117.2187918,32.7997531],[-117.2187556,32.7997531],[-117.2187154,32.7997519],[-117.2186912,32.7997508],[-117.2186519,32.7997497],[-117.2186063,32.7997485],[-117.2185674,32.799744],[-117.2185178,32.7997429],[-117.2184816,32.7997429],[-117.2184414,32.7997485],[-117.2184119,32.7997632],[-117.2183824,32.7997756],[-117.2183542,32.7997914],[-117.2183368,32.7997993],[-117.218314,32.799806],[-117.2182751,32.7998117],[-117.2182456,32.7998117],[-117.2182214,32.7998105],[-117.2181906,32.7998105],[-117.2181705,32.7998072],[-117.2181383,32.7998094],[-117.2181168,32.7998139],[-117.2180873,32.7998218],[-117.2180672,32.7998297],[-117.2180431,32.7998432],[-117.2180149,32.7998624],[-117.2179908,32.7998827],[-117.217968,32.7999097],[-117.2179492,32.7999244],[-117.2179331,32.7999368],[-117.2179183,32.7999424],[-117.2178835,32.7999447],[-117.217866,32.7999424],[-117.2178459,32.7999391],[-117.2178177,32.7999233],[-117.2178057,32.7998973],[-117.2178007,32.7998737],[-117.2178021,32.7998511],[-117.2178034,32.7998263],[-117.2178168,32.7997981],[-117.2178356,32.7997632],[-117.2178544,32.7997384],[-117.2178691,32.7997271],[-117.2178852,32.7997204],[-117.217904,32.7997147],[-117.2179375,32.7997001],[-117.2179563,32.799691],[-117.2179711,32.7996753],[-117.2179939,32.7996538],[-117.2180153,32.7996358],[-117.2180354,32.7996144],[-117.2180529,32.7995986],[-117.2180743,32.7995873],[-117.2181172,32.7995738],[-117.2181776,32.7995749],[-117.2182218,32.7995828],[-117.2182777,32.7995828],[-117.2183381,32.7995817],[-117.218377,32.7995783],[-117.2184038,32.7995682],[-117.21844,32.7995524],[-117.2184628,32.7995377],[-117.2184936,32.7995163],[-117.2185205,32.7995028],[-117.2185473,32.799487],[-117.2185661,32.799478],[-117.2186076,32.7994633],[-117.2186398,32.7994622],[-117.2187082,32.7994588],[-117.2187484,32.79946],[-117.2188026,32.7994588],[-117.2188602,32.7994611],[-117.2189112,32.7994633],[-117.2189635,32.7994701],[-117.2190077,32.7994802],[-117.2190413,32.7994938],[-117.2190587,32.7995017],[-117.2190949,32.7995073],[-117.2191124,32.7995084],[-117.2191311,32.7995073],[-117.2191472,32.7994983],[-117.2191606,32.7994926],[-117.219179,32.7994831],[-117.2191723,32.7994995],[-117.219169,32.799517],[-117.2191676,32.7995457],[-117.2191703,32.7995643],[-117.2191723,32.7995773],[-117.2191797,32.7995919],[-117.2191895,32.7996059]]]},"properties":{"course_id":"mission_bay_san_diego","course_name":"Mission Bay Golf Course","hole_number":10,"feature_type":"fairway","name":"hole_10_fairway","feature-color":"#4a7c3f","is_approximate":true,"source":"osm","@id":"cd5ac993-0698-46a8-b7e7-3928dab2ac3d","osm_id":699138941}},{"type":"Feature","bbox":[-117.2194224,32.7993918,-117.2191676,32.7996466],"geometry":{"type":"Polygon","coordinates":[[[-117.2192776,32.7996466],[-117.2192622,32.7996449],[-117.2192441,32.7996415],[-117.219226,32.7996348],[-117.2192179,32.7996302],[-117.2192024,32.7996191],[-117.2191895,32.7996059],[-117.2191797,32.7995919],[-117.2191723,32.7995773],[-117.2191703,32.7995643],[-117.2191676,32.7995457],[-117.219169,32.799517],[-117.2191723,32.7994995],[-117.219179,32.7994831],[-117.2191904,32.7994628],[-117.2192018,32.7994493],[-117.2192199,32.7994335],[-117.219234,32.7994223],[-117.2192568,32.7994087],[-117.2192749,32.7994025],[-117.2192991,32.7993952],[-117.2193185,32.7993918],[-117.2193446,32.7993918],[-117.2193594,32.7993941],[-117.2193735,32.7994025],[-117.2193889,32.7994149],[-117.2194016,32.7994341],[-117.2194124,32.799455],[-117.2194204,32.7994758],[-117.2194224,32.7994984],[-117.2194224,32.7995147],[-117.2194191,32.7995406],[-117.2194097,32.799566],[-117.2193956,32.7995885],[-117.2193795,32.7996083],[-117.2193614,32.7996201],[-117.2193393,32.7996336],[-117.2193185,32.7996404],[-117.2192964,32.799646],[-117.2192776,32.7996466]]]},"properties":{"course_id":"mission_bay_san_diego","course_name":"Mission Bay Golf Course","hole_number":10,"feature_type":"green","name":"hole_10_green","feature-color":"#2d6e2d","is_approximate":true,"source":"osm","@id":"40f76ff8-4155-4cc5-8019-605cb6f5d361","osm_id":699138942}},{"type":"Feature","bbox":[-117.2193179,32.799191,-117.219059,32.7992654],"geometry":{"type":"Polygon","coordinates":[[[-117.2190606,32.7991936],[-117.2193171,32.799191],[-117.2193179,32.7992654],[-117.219059,32.7992641],[-117.2190606,32.7991936]]]},"properties":{"course_id":"mission_bay_san_diego","course_name":"Mission Bay Golf Course","hole_number":11,"feature_type":"tee_box","name":"hole_11_tee_box","feature-color":"#8b7355","is_approximate":true,"source":"osm","@id":"cbb02fdf-e3c7-457e-b940-ca5662520e32","osm_id":699138945}},{"type":"Feature","bbox":[-117.2188588,32.7991098,-117.2181123,32.7993132],"geometry":{"type":"Polygon","coordinates":[[[-117.2181215,32.7992322],[-117.2181304,32.7992178],[-117.2181339,32.7991942],[-117.2181321,32.7991785],[-117.2181275,32.799154],[-117.2181228,32.7991378],[-117.2181123,32.7991226],[-117.2181306,32.7991329],[-117.2181519,32.7991363],[-117.2181702,32.7991337],[-117.2181895,32.7991312],[-117.218217,32.7991261],[-117.2182383,32.7991209],[-117.2182627,32.799115],[-117.2182881,32.7991107],[-117.2183044,32.7991098],[-117.2183196,32.7991098],[-117.218345,32.7991124],[-117.2183806,32.7991209],[-117.2184141,32.7991295],[-117.2185036,32.7991457],[-117.2185544,32.7991534],[-117.2185869,32.7991585],[-117.2186174,32.7991602],[-117.2186449,32.7991594],[-117.2186886,32.7991594],[-117.2187363,32.7991551],[-117.2187587,32.7991542],[-117.2187857,32.7991551],[-117.2188172,32.7991654],[-117.2188344,32.7991816],[-117.2188487,32.7991927],[-117.2188588,32.7992072],[-117.2188563,32.7992328],[-117.2188431,32.7992516],[-117.2188248,32.7992687],[-117.2187984,32.7992892],[-117.2187689,32.7993046],[-117.2187415,32.7993106],[-117.2187029,32.7993132],[-117.2186846,32.7993114],[-117.2186551,32.7993072],[-117.2186195,32.7992978],[-117.218589,32.7992884],[-117.2185596,32.7992858],[-117.2185087,32.7992867],[-117.2184528,32.7992892],[-117.218403,32.7992909],[-117.2183694,32.7992892],[-117.2183349,32.7992815],[-117.2183074,32.7992704],[-117.2182891,32.7992593],[-117.2182617,32.7992405],[-117.2182363,32.7992235],[-117.218217,32.7992141],[-117.2181926,32.7992081],[-117.2181733,32.7992098],[-117.2181529,32.7992106],[-117.2181387,32.7992166],[-117.2181275,32.7992252],[-117.2181215,32.7992322]]]},"properties":{"course_id":"mission_bay_san_diego","course_name":"Mission Bay Golf Course","hole_number":11,"feature_type":"fairway","name":"hole_11_fairway","feature-color":"#4a7c3f","is_approximate":true,"source":"osm","@id":"3ace32d6-fa03-427f-b7d8-fb77468b0dad","osm_id":699138946}},{"type":"Feature","bbox":[-117.2181339,32.7990838,-117.2178934,32.7992826],"geometry":{"type":"Polygon","coordinates":[[[-117.2180784,32.7992693],[-117.2180662,32.7992747],[-117.2180481,32.7992791],[-117.2180294,32.7992826],[-117.2180049,32.7992816],[-117.2179915,32.7992791],[-117.2179751,32.7992767],[-117.2179623,32.7992727],[-117.2179459,32.7992644],[-117.2179307,32.7992536],[-117.2179202,32.7992423],[-117.2179115,32.799232],[-117.2179033,32.7992193],[-117.2178981,32.799208],[-117.2178946,32.7991918],[-117.2178934,32.7991751],[-117.2178975,32.7991589],[-117.2179039,32.7991422],[-117.2179115,32.79913],[-117.2179208,32.7991187],[-117.2179325,32.7991069],[-117.2179453,32.7990986],[-117.2179681,32.7990892],[-117.2179909,32.7990848],[-117.2180119,32.7990838],[-117.2180306,32.7990858],[-117.2180463,32.7990878],[-117.2180749,32.7990971],[-117.2180884,32.7991044],[-117.218103,32.7991152],[-117.2181123,32.7991226],[-117.2181228,32.7991378],[-117.2181275,32.799154],[-117.2181321,32.7991785],[-117.2181339,32.7991942],[-117.2181304,32.7992178],[-117.2181215,32.7992322],[-117.2181088,32.7992492],[-117.2180942,32.7992615],[-117.2180784,32.7992693]]]},"properties":{"course_id":"mission_bay_san_diego","course_name":"Mission Bay Golf Course","hole_number":11,"feature_type":"green","name":"hole_11_green","feature-color":"#2d6e2d","is_approximate":true,"source":"osm","@id":"570d393a-710a-4e2f-9a60-3c92d78ba703","osm_id":699138947}},{"type":"Feature","bbox":[-117.2182616,32.7989206,-117.2178734,32.798986],"geometry":{"type":"Polygon","coordinates":[[[-117.2182616,32.7989808],[-117.2178734,32.798986],[-117.2178734,32.7989329],[-117.2180575,32.7989284],[-117.2181638,32.7989252],[-117.2182562,32.7989206],[-117.2182616,32.7989808]]]},"properties":{"course_id":"mission_bay_san_diego","course_name":"Mission Bay Golf Course","hole_number":12,"feature_type":"tee_box","name":"hole_12_tee_box","feature-color":"#8b7355","is_approximate":true,"source":"osm","@id":"366cd930-2e70-4ab3-b021-fc8f96658cf2","osm_id":699138949}},{"type":"Feature","bbox":[-117.2191945,32.7988378,-117.2184582,32.7990469],"geometry":{"type":"Polygon","coordinates":[[[-117.2191863,32.7988754],[-117.2191829,32.798883],[-117.2191782,32.7988953],[-117.2191747,32.7989129],[-117.2191735,32.798933],[-117.2191759,32.7989522],[-117.2191829,32.7989718],[-117.2191899,32.7989841],[-117.2191945,32.798991],[-117.2191765,32.7989789],[-117.2191634,32.7989731],[-117.2191519,32.7989724],[-117.2191388,32.7989744],[-117.2191249,32.7989783],[-117.2191088,32.7989841],[-117.2190895,32.7989919],[-117.2190718,32.7990029],[-117.219044,32.7990197],[-117.2190185,32.7990326],[-117.2189885,32.7990404],[-117.21896,32.7990462],[-117.2189315,32.7990469],[-117.2188938,32.7990456],[-117.218856,32.7990359],[-117.2188198,32.7990242],[-117.2187767,32.7990139],[-117.2187513,32.799008],[-117.2187235,32.7990048],[-117.2186796,32.7989977],[-117.218655,32.7989944],[-117.2186118,32.7989893],[-117.2185818,32.798988],[-117.2185518,32.798988],[-117.218524,32.798986],[-117.2185048,32.7989808],[-117.2184909,32.798977],[-117.2184755,32.7989679],[-117.2184647,32.798955],[-117.2184597,32.7989388],[-117.2184582,32.7989219],[-117.2184605,32.798909],[-117.2184705,32.7988967],[-117.2184836,32.7988883],[-117.2184944,32.7988844],[-117.2185129,32.7988811],[-117.2185275,32.7988798],[-117.2185545,32.7988792],[-117.218613,32.7988766],[-117.2186608,32.7988785],[-117.2186962,32.7988779],[-117.2187486,32.7988747],[-117.2187923,32.7988688],[-117.2188486,32.7988572],[-117.2188933,32.7988475],[-117.2189433,32.798841],[-117.2189734,32.7988378],[-117.218988,32.7988378],[-117.2190157,32.7988429],[-117.2190427,32.7988533],[-117.2190612,32.7988624],[-117.219082,32.7988714],[-117.2191097,32.7988818],[-117.219122,32.7988844],[-117.2191396,32.798887],[-117.2191573,32.7988863],[-117.2191735,32.7988844],[-117.2191863,32.7988754]]]},"properties":{"course_id":"mission_bay_san_diego","course_name":"Mission Bay Golf Course","hole_number":12,"feature_type":"fairway","name":"hole_12_fairway","feature-color":"#4a7c3f","is_approximate":true,"source":"osm","@id":"f744921a-9b40-4b22-b533-d4337b07c0ef","osm_id":699138950}},{"type":"Feature","bbox":[-117.2194549,32.7988006,-117.2191735,32.7990425],"geometry":{"type":"Polygon","coordinates":[[[-117.219264,32.7990366],[-117.2192465,32.7990307],[-117.2192319,32.7990228],[-117.2192179,32.7990145],[-117.2192033,32.7990013],[-117.2191986,32.7989973],[-117.2191945,32.798991],[-117.2191899,32.7989841],[-117.2191829,32.7989718],[-117.2191759,32.7989522],[-117.2191735,32.798933],[-117.2191747,32.7989129],[-117.2191782,32.7988953],[-117.2191829,32.798883],[-117.2191863,32.7988754],[-117.2191899,32.7988673],[-117.2191986,32.7988536],[-117.2192103,32.7988388],[-117.219222,32.7988271],[-117.2192366,32.7988163],[-117.2192553,32.7988079],[-117.2192798,32.7988025],[-117.2193043,32.7988006],[-117.2193242,32.7988006],[-117.2193458,32.7988006],[-117.2193621,32.798802],[-117.2193843,32.7988064],[-117.2193965,32.7988128],[-117.2194082,32.7988207],[-117.2194228,32.7988339],[-117.2194357,32.7988511],[-117.219445,32.7988663],[-117.2194502,32.798882],[-117.2194543,32.7988982],[-117.2194549,32.7989149],[-117.2194532,32.798933],[-117.2194473,32.7989483],[-117.2194386,32.7989669],[-117.219431,32.7989777],[-117.2194216,32.7989914],[-117.2194076,32.7990047],[-117.219393,32.7990165],[-117.2193808,32.7990248],[-117.2193615,32.7990331],[-117.2193458,32.799039],[-117.2193224,32.7990425],[-117.2193049,32.7990425],[-117.2192845,32.799041],[-117.219264,32.7990366]]]},"properties":{"course_id":"mission_bay_san_diego","course_name":"Mission Bay Golf Course","hole_number":12,"feature_type":"green","name":"hole_12_green","feature-color":"#2d6e2d","is_approximate":true,"source":"osm","@id":"504a5505-1e52-4c69-88fb-15f2df421a96","osm_id":699138951}},{"type":"Feature","bbox":[-117.2196234,32.7987464,-117.2194272,32.7991693],"geometry":{"type":"Polygon","coordinates":[[[-117.2195309,32.7991693],[-117.2195136,32.7989933],[-117.2195024,32.7989224],[-117.219476,32.7988507],[-117.2194465,32.798802],[-117.2194272,32.7987687],[-117.2194394,32.7987593],[-117.2194598,32.7987524],[-117.2194872,32.7987473],[-117.2195167,32.7987464],[-117.2195248,32.7987541],[-117.2195543,32.7988473],[-117.2195787,32.7989353],[-117.219597,32.7990173],[-117.2196153,32.7991078],[-117.2196234,32.799154],[-117.2195309,32.7991693]]]},"properties":{"course_id":"mission_bay_san_diego","course_name":"Mission Bay Golf Course","hole_number":13,"feature_type":"tee_box","name":"hole_13_tee_box","feature-color":"#8b7355","is_approximate":true,"source":"osm","@id":"c2526786-4005-4f6d-b6f3-15bea63a9ea4","osm_id":699139141}},{"type":"Feature","bbox":[-117.2197623,32.7992814,-117.2195415,32.799848],"geometry":{"type":"Polygon","coordinates":[[[-117.2197623,32.799848],[-117.219748,32.7998364],[-117.2197385,32.799824],[-117.2197354,32.7998097],[-117.2197331,32.7997929],[-117.2197393,32.7997677],[-117.2197447,32.7997463],[-117.2197524,32.799721],[-117.2197493,32.7997049],[-117.2197454,32.7996938],[-117.2197293,32.7996673],[-117.2197154,32.7996401],[-117.2197046,32.7996149],[-117.2196969,32.7995967],[-117.2196931,32.7995728],[-117.2196875,32.7995287],[-117.2196828,32.7994856],[-117.2196863,32.7994561],[-117.2196898,32.7994139],[-117.2196933,32.7993815],[-117.219698,32.7993501],[-117.2196968,32.7993334],[-117.2196898,32.7993168],[-117.2196723,32.7993011],[-117.2196466,32.7992903],[-117.2196244,32.7992844],[-117.2196034,32.7992814],[-117.2195847,32.7992824],[-117.219573,32.7992854],[-117.2195602,32.7992942],[-117.2195485,32.7993138],[-117.2195415,32.7993344],[-117.2195415,32.7993609],[-117.2195427,32.7993855],[-117.2195544,32.7994208],[-117.2195707,32.7994542],[-117.2195824,32.7994914],[-117.2195894,32.7995199],[-117.2195882,32.7995543],[-117.2195789,32.7995925],[-117.2195649,32.7996426],[-117.219559,32.7996779],[-117.2195637,32.7997034],[-117.2195777,32.7997397],[-117.2195964,32.7997613],[-117.2196162,32.7997859],[-117.2196314,32.7998055],[-117.2196396,32.7998231],[-117.2196361,32.7998351],[-117.2196297,32.7998475],[-117.2196489,32.7998387],[-117.2196618,32.7998333],[-117.2196787,32.7998299],[-117.219698,32.7998299],[-117.2197184,32.7998308],[-117.2197382,32.7998377],[-117.2197623,32.799848]]]},"properties":{"course_id":"mission_bay_san_diego","course_name":"Mission Bay Golf Course","hole_number":13,"feature_type":"fairway","name":"hole_13_fairway","feature-color":"#4a7c3f","is_approximate":true,"source":"osm","@id":"1398325e-2848-4916-9897-fdb2c53d756a","osm_id":699139142}},{"type":"Feature","bbox":[-117.2198188,32.7998299,-117.219597,32.8000197],"geometry":{"type":"Polygon","coordinates":[[[-117.219698,32.7998299],[-117.2197184,32.7998308],[-117.2197382,32.7998377],[-117.2197623,32.799848],[-117.2197768,32.7998583],[-117.2197919,32.7998721],[-117.2198019,32.7998863],[-117.2198118,32.7999044],[-117.2198176,32.7999201],[-117.2198188,32.7999437],[-117.2198118,32.7999638],[-117.2198007,32.799982],[-117.2197908,32.7999937],[-117.2197738,32.8000065],[-117.2197522,32.8000144],[-117.2197289,32.8000193],[-117.2197061,32.8000197],[-117.2196857,32.8000163],[-117.2196659,32.8000104],[-117.219646,32.7999996],[-117.2196279,32.7999864],[-117.2196127,32.7999697],[-117.219604,32.7999545],[-117.2195993,32.7999354],[-117.2195976,32.7999187],[-117.219597,32.799901],[-117.2195993,32.7998833],[-117.2196034,32.7998725],[-117.2196151,32.7998603],[-117.2196297,32.7998475],[-117.2196489,32.7998387],[-117.2196618,32.7998333],[-117.2196787,32.7998299],[-117.219698,32.7998299]]]},"properties":{"course_id":"mission_bay_san_diego","course_name":"Mission Bay Golf Course","hole_number":13,"feature_type":"green","name":"hole_13_green","feature-color":"#2d6e2d","is_approximate":true,"source":"osm","@id":"6feee0e2-fefd-4dc8-8d9e-12fde0fe6e84","osm_id":699139143}},{"type":"Feature","bbox":[-117.2199499,32.8000656,-117.2197349,32.8001551],"geometry":{"type":"Polygon","coordinates":[[[-117.2199499,32.8001218],[-117.2199103,32.8001256],[-117.2198569,32.800135],[-117.2198386,32.8001402],[-117.2198086,32.8001449],[-117.2197756,32.8001496],[-117.2197588,32.8001551],[-117.2197532,32.8001551],[-117.2197349,32.8000919],[-117.2197403,32.800091],[-117.2198563,32.8000761],[-117.2199412,32.8000656],[-117.2199499,32.8001218]]]},"properties":{"course_id":"mission_bay_san_diego","course_name":"Mission Bay Golf Course","hole_number":14,"feature_type":"tee_box","name":"hole_14_tee_box","feature-color":"#8b7355","is_approximate":true,"source":"osm","@id":"5533ffdf-e4f2-4b1e-bf3a-64f12561af02","osm_id":699139348}},{"type":"Feature","bbox":[-117.2194705,32.8000825,-117.2189703,32.8002653],"geometry":{"type":"Polygon","coordinates":[[[-117.2190041,32.8002433],[-117.2190101,32.8002306],[-117.2190119,32.8002158],[-117.2190114,32.8002042],[-117.2190101,32.8001975],[-117.2190057,32.8001864],[-117.2189982,32.8001748],[-117.2189906,32.8001648],[-117.2189853,32.8001577],[-117.2189703,32.8001466],[-117.2189907,32.8001551],[-117.219004,32.8001602],[-117.2190142,32.8001624],[-117.2190274,32.8001624],[-117.2190416,32.8001607],[-117.2190579,32.8001577],[-117.2190747,32.80015],[-117.2190868,32.800144],[-117.2191006,32.800135],[-117.2191143,32.8001243],[-117.2191376,32.8001124],[-117.2191564,32.8001021],[-117.2191849,32.8000944],[-117.2192118,32.8000902],[-117.2192438,32.8000876],[-117.2192738,32.8000868],[-117.2193343,32.8000829],[-117.2193759,32.8000825],[-117.2193902,32.8000846],[-117.2193983,32.8000868],[-117.2194186,32.8000936],[-117.2194329,32.8001047],[-117.2194476,32.8001158],[-117.2194603,32.8001299],[-117.2194664,32.8001487],[-117.2194705,32.8001636],[-117.2194695,32.8001837],[-117.2194644,32.8001982],[-117.2194558,32.8002136],[-117.2194441,32.8002264],[-117.2194238,32.8002375],[-117.2194106,32.8002418],[-117.2193852,32.8002465],[-117.2193648,32.8002482],[-117.2193425,32.8002516],[-117.219315,32.8002559],[-117.2193003,32.8002585],[-117.2192876,32.800261],[-117.2192708,32.8002619],[-117.2192459,32.8002649],[-117.2192256,32.8002653],[-117.2192098,32.8002649],[-117.2191986,32.8002632],[-117.2191875,32.8002602],[-117.2191687,32.8002508],[-117.2191534,32.8002448],[-117.2191316,32.8002367],[-117.2191138,32.8002294],[-117.2190996,32.800226],[-117.2190823,32.8002239],[-117.2190696,32.800223],[-117.2190518,32.8002234],[-117.2190345,32.8002264],[-117.2190213,32.8002303],[-117.2190111,32.800235],[-117.2190041,32.8002433]]]},"properties":{"course_id":"mission_bay_san_diego","course_name":"Mission Bay Golf Course","hole_number":14,"feature_type":"fairway","name":"hole_14_fairway","feature-color":"#4a7c3f","is_approximate":true,"source":"osm","@id":"a4782a70-8233-4c8f-a4ec-b47916e65f1e","osm_id":699139349}},{"type":"Feature","bbox":[-117.2190119,32.8001351,-117.2188,32.8003017],"geometry":{"type":"Polygon","coordinates":[[[-117.2190114,32.8002042],[-117.2190119,32.8002158],[-117.2190101,32.8002306],[-117.2190041,32.8002433],[-117.2190021,32.8002477],[-117.2189924,32.8002604],[-117.2189752,32.8002756],[-117.2189583,32.8002853],[-117.218938,32.8002946],[-117.2189221,32.8002987],[-117.2189119,32.8003005],[-117.2188946,32.8003017],[-117.2188805,32.8003005],[-117.2188703,32.8002991],[-117.2188553,32.8002935],[-117.2188442,32.8002879],[-117.2188309,32.800279],[-117.2188177,32.8002674],[-117.2188106,32.8002589],[-117.2188044,32.8002455],[-117.2188013,32.8002329],[-117.2188,32.8002221],[-117.2188013,32.8002072],[-117.2188084,32.8001927],[-117.2188163,32.8001808],[-117.2188287,32.8001678],[-117.2188393,32.8001589],[-117.2188513,32.800151],[-117.2188623,32.8001458],[-117.2188831,32.8001384],[-117.2188942,32.8001369],[-117.2189154,32.8001354],[-117.2189362,32.8001351],[-117.2189579,32.800141],[-117.2189703,32.8001466],[-117.2189853,32.8001577],[-117.2189906,32.8001648],[-117.2189982,32.8001748],[-117.2190057,32.8001864],[-117.2190101,32.8001975],[-117.2190114,32.8002042]]]},"properties":{"course_id":"mission_bay_san_diego","course_name":"Mission Bay Golf Course","hole_number":14,"feature_type":"green","name":"hole_14_green","feature-color":"#2d6e2d","is_approximate":true,"source":"osm","@id":"7b789f31-0f4c-4656-bb5c-e6a8ea24cea2","osm_id":699139350}},{"type":"Feature","bbox":[-117.219469,32.7997845,-117.219154,32.7999166],"geometry":{"type":"Polygon","coordinates":[[[-117.2194675,32.7998512],[-117.2193612,32.7998751],[-117.2192418,32.7999036],[-117.2191809,32.7999166],[-117.2191763,32.7999133],[-117.219154,32.7998564],[-117.2191578,32.7998518],[-117.2193797,32.7997987],[-117.219439,32.7997845],[-117.2194482,32.7997858],[-117.219469,32.7998441],[-117.2194675,32.7998512]]]},"properties":{"course_id":"mission_bay_san_diego","course_name":"Mission Bay Golf Course","hole_number":15,"feature_type":"tee_box","name":"hole_15_tee_box","feature-color":"#8b7355","is_approximate":true,"source":"osm","@id":"72b89dc4-30a3-4062-a894-abe5c17b341e","osm_id":699139435}},{"type":"Feature","bbox":[-117.2189398,32.7998622,-117.2183833,32.8000992],"geometry":{"type":"Polygon","coordinates":[[[-117.2184216,32.8000992],[-117.2184237,32.8000857],[-117.2184212,32.8000729],[-117.2184176,32.8000626],[-117.2184094,32.8000481],[-117.2183991,32.800037],[-117.2183917,32.8000276],[-117.2183833,32.8000203],[-117.2183923,32.8000228],[-117.2184054,32.8000253],[-117.2184162,32.800024],[-117.2184354,32.8000189],[-117.2184516,32.8000117],[-117.2184701,32.8000001],[-117.2184886,32.7999852],[-117.2185086,32.7999716],[-117.2185225,32.7999574],[-117.2185348,32.7999438],[-117.2185525,32.7999308],[-117.2185656,32.7999243],[-117.2185787,32.7999185],[-117.218591,32.7999159],[-117.2186118,32.799914],[-117.218628,32.7999153],[-117.2186511,32.7999179],[-117.2186734,32.7999205],[-117.2186896,32.7999198],[-117.2187012,32.7999179],[-117.2187212,32.7999127],[-117.2187477,32.799903],[-117.2187869,32.7998874],[-117.2188101,32.7998777],[-117.2188401,32.7998674],[-117.2188547,32.7998641],[-117.2188709,32.7998622],[-117.2188894,32.7998641],[-117.2189063,32.7998693],[-117.2189187,32.7998764],[-117.2189318,32.7998907],[-117.2189379,32.799901],[-117.2189398,32.7999146],[-117.2189398,32.7999276],[-117.2189352,32.7999476],[-117.2189252,32.7999677],[-117.2189052,32.7999943],[-117.218889,32.8000111],[-117.2188628,32.8000312],[-117.2188382,32.8000441],[-117.218812,32.8000493],[-117.2187858,32.8000493],[-117.2187473,32.8000525],[-117.2187165,32.8000525],[-117.2186926,32.8000532],[-117.2186725,32.8000577],[-117.2186448,32.8000674],[-117.2186194,32.8000791],[-117.2185948,32.8000888],[-117.2185716,32.8000933],[-117.2185378,32.8000927],[-117.2185116,32.8000901],[-117.2184908,32.800083],[-117.2184738,32.8000804],[-117.2184607,32.8000804],[-117.2184415,32.8000836],[-117.2184293,32.8000901],[-117.2184216,32.8000992]]]},"properties":{"course_id":"mission_bay_san_diego","course_name":"Mission Bay Golf Course","hole_number":15,"feature_type":"fairway","name":"hole_15_fairway","feature-color":"#4a7c3f","is_approximate":true,"source":"osm","@id":"a003f886-9be9-4569-a6b4-25cd26a657b3","osm_id":699139436}},{"type":"Feature","bbox":[-117.2184237,32.79999,-117.2181188,32.8001886],"geometry":{"type":"Polygon","coordinates":[[[-117.2184176,32.8000626],[-117.2184212,32.8000729],[-117.2184237,32.8000857],[-117.2184216,32.8000992],[-117.2184166,32.800116],[-117.218408,32.800134],[-117.2183968,32.8001489],[-117.218378,32.8001643],[-117.2183587,32.8001758],[-117.2183343,32.8001835],[-117.218316,32.8001878],[-117.218288,32.8001886],[-117.218256,32.8001869],[-117.2182255,32.8001797],[-117.2182022,32.8001715],[-117.2181864,32.8001626],[-117.2181676,32.8001523],[-117.2181508,32.8001412],[-117.2181371,32.8001288],[-117.2181259,32.800116],[-117.2181198,32.8001032],[-117.2181188,32.8000904],[-117.2181214,32.8000759],[-117.218129,32.8000566],[-117.2181381,32.8000421],[-117.2181508,32.8000289],[-117.2181676,32.8000165],[-117.2181823,32.8000084],[-117.2181986,32.8000015],[-117.2182159,32.799996],[-117.2182352,32.7999917],[-117.2182575,32.79999],[-117.2182789,32.79999],[-117.2182962,32.79999],[-117.2183251,32.7999926],[-117.2183455,32.7999964],[-117.2183602,32.8000041],[-117.2183729,32.8000114],[-117.2183833,32.8000203],[-117.2183917,32.8000276],[-117.2183991,32.800037],[-117.2184094,32.8000481],[-117.2184176,32.8000626]]]},"properties":{"course_id":"mission_bay_san_diego","course_name":"Mission Bay Golf Course","hole_number":15,"feature_type":"green","name":"hole_15_green","feature-color":"#2d6e2d","is_approximate":true,"source":"osm","@id":"d46d74dc-4cce-429a-a1e0-0c15021a1dc7","osm_id":699139437}},{"type":"Feature","bbox":[-117.2179902,32.8001172,-117.2177438,32.800305],"geometry":{"type":"Polygon","coordinates":[[[-117.2179402,32.800305],[-117.2177438,32.8001813],[-117.2178,32.8001172],[-117.2179902,32.8002552],[-117.2179402,32.800305]]]},"properties":{"course_id":"mission_bay_san_diego","course_name":"Mission Bay Golf Course","hole_number":16,"feature_type":"tee_box","name":"hole_16_tee_box","feature-color":"#8b7355","is_approximate":true,"source":"osm","@id":"c6b18579-7d82-433c-a93b-5a3c4e20996f","osm_id":699141574}},{"type":"Feature","bbox":[-117.2187916,32.8003681,-117.2180501,32.8007446],"geometry":{"type":"Polygon","coordinates":[[[-117.2186919,32.8007446],[-117.2186899,32.8007351],[-117.2186805,32.8007213],[-117.2186689,32.8007135],[-117.2186432,32.8007007],[-117.2186093,32.8006919],[-117.2185544,32.8006821],[-117.2185241,32.8006801],[-117.2184937,32.8006713],[-117.2184704,32.8006536],[-117.2184552,32.8006262],[-117.2184494,32.8006055],[-117.2184389,32.8005859],[-117.2184167,32.8005633],[-117.2184038,32.8005516],[-117.218377,32.80053],[-117.218349,32.8005192],[-117.2183163,32.8005094],[-117.2182649,32.8005005],[-117.2182322,32.8004976],[-117.2181797,32.8004976],[-117.218154,32.8005035],[-117.2181201,32.8005074],[-117.2181026,32.8005074],[-117.2180863,32.8005064],[-117.2180711,32.8004976],[-117.2180583,32.8004858],[-117.2180513,32.8004731],[-117.2180501,32.8004574],[-117.2180524,32.8004407],[-117.2180548,32.800426],[-117.2180676,32.8004024],[-117.2180746,32.8003955],[-117.2180886,32.8003818],[-117.218098,32.8003769],[-117.2181178,32.80037],[-117.21814,32.8003681],[-117.2181785,32.800373],[-117.2182077,32.8003789],[-117.2182416,32.8003926],[-117.2182684,32.8003985],[-117.2183046,32.8004073],[-117.2183396,32.8004112],[-117.2183782,32.8004103],[-117.218419,32.8004034],[-117.218447,32.8004034],[-117.2184937,32.8004044],[-117.2185439,32.8004112],[-117.2185825,32.8004171],[-117.2186163,32.8004269],[-117.2186513,32.8004407],[-117.218677,32.8004534],[-117.2187004,32.8004701],[-117.2187214,32.8004888],[-117.2187319,32.8005113],[-117.2187424,32.8005418],[-117.2187424,32.800581],[-117.2187447,32.8006055],[-117.2187482,32.8006203],[-117.2187564,32.8006389],[-117.2187693,32.8006576],[-117.2187791,32.8006645],[-117.2187916,32.8006709],[-117.2187716,32.8006707],[-117.2187523,32.8006756],[-117.2187366,32.800682],[-117.218722,32.8006913],[-117.2187097,32.8007026],[-117.2187015,32.8007148],[-117.2186945,32.8007276],[-117.2186919,32.8007446]]]},"properties":{"course_id":"mission_bay_san_diego","course_name":"Mission Bay Golf Course","hole_number":16,"feature_type":"fairway","name":"hole_16_fairway","feature-color":"#4a7c3f","is_approximate":true,"source":"osm","@id":"222df1fa-30e9-4259-bdcb-efeefef6a27e","osm_id":699141575}},{"type":"Feature","bbox":[-117.2189047,32.8006707,-117.2186904,32.8008503],"geometry":{"type":"Polygon","coordinates":[[[-117.2188387,32.8008458],[-117.2188259,32.8008488],[-117.2188101,32.8008503],[-117.2187879,32.8008493],[-117.2187681,32.8008454],[-117.2187523,32.80084],[-117.2187371,32.8008316],[-117.2187266,32.8008238],[-117.218715,32.8008135],[-117.2187056,32.8008022],[-117.2186969,32.8007889],[-117.2186916,32.8007732],[-117.2186904,32.8007585],[-117.2186919,32.8007446],[-117.2186945,32.8007276],[-117.2187015,32.8007148],[-117.2187097,32.8007026],[-117.218722,32.8006913],[-117.2187366,32.800682],[-117.2187523,32.8006756],[-117.2187716,32.8006707],[-117.2187916,32.8006709],[-117.218806,32.8006731],[-117.2188212,32.8006766],[-117.2188428,32.8006834],[-117.2188603,32.8006937],[-117.2188761,32.8007075],[-117.218886,32.8007202],[-117.2188977,32.8007403],[-117.2189023,32.800758],[-117.2189047,32.8007752],[-117.2189012,32.8007933],[-117.2188953,32.8008086],[-117.2188825,32.8008228],[-117.2188667,32.8008341],[-117.2188539,32.8008409],[-117.2188387,32.8008458]]]},"properties":{"course_id":"mission_bay_san_diego","course_name":"Mission Bay Golf Course","hole_number":16,"feature_type":"green","name":"hole_16_green","feature-color":"#2d6e2d","is_approximate":true,"source":"osm","@id":"c25ea795-07bc-4962-bbf3-efabd9f00dd3","osm_id":699141576}},{"type":"Feature","bbox":[-117.2191039,32.800919,-117.2189772,32.8010306],"geometry":{"type":"Polygon","coordinates":[[[-117.2190255,32.8010306],[-117.2189772,32.8009556],[-117.2189806,32.8009505],[-117.2190516,32.800919],[-117.2190597,32.8009201],[-117.2191039,32.8009917],[-117.2190999,32.800999],[-117.2190315,32.8010306],[-117.2190255,32.8010306]]]},"properties":{"course_id":"mission_bay_san_diego","course_name":"Mission Bay Golf Course","hole_number":17,"feature_type":"tee_box","name":"hole_17_tee_box","feature-color":"#8b7355","is_approximate":true,"source":"osm","@id":"471d1eac-8b85-46f9-9700-6d1b051133ea","osm_id":699141578}},{"type":"Feature","bbox":[-117.2192146,32.8010531,-117.2191194,32.8011399],"geometry":{"type":"Polygon","coordinates":[[[-117.2191194,32.8010785],[-117.2191221,32.8010734],[-117.219169,32.8010531],[-117.219177,32.8010554],[-117.2192146,32.8011123],[-117.2192132,32.8011191],[-117.2191643,32.8011399],[-117.2191549,32.8011377],[-117.2191194,32.8010785]]]},"properties":{"course_id":"mission_bay_san_diego","course_name":"Mission Bay Golf Course","hole_number":17,"feature_type":"tee_box","name":"hole_17_tee_box_2","feature-color":"#8b7355","is_approximate":true,"source":"osm","@id":"5950febf-7f8c-48f7-b237-99bd760dd35e","osm_id":699141579}},{"type":"Feature","bbox":[-117.2195797,32.8012538,-117.2191986,32.8018828],"geometry":{"type":"Polygon","coordinates":[[[-117.2194784,32.8018828],[-117.2194873,32.8018766],[-117.2195095,32.8018687],[-117.2195303,32.8018648],[-117.219545,32.8018631],[-117.2195591,32.8018608],[-117.2195797,32.8018603],[-117.2195695,32.8018492],[-117.2195624,32.8018381],[-117.2195594,32.8018295],[-117.2195584,32.8018124],[-117.2195574,32.8017919],[-117.2195553,32.8017714],[-117.2195502,32.8017544],[-117.219537,32.8017339],[-117.2195228,32.8017168],[-117.2195075,32.801704],[-117.2194872,32.8016928],[-117.2194699,32.8016826],[-117.2194496,32.8016587],[-117.2194415,32.8016348],[-117.2194364,32.8016108],[-117.2194344,32.8015903],[-117.2194354,32.8015681],[-117.2194384,32.8015322],[-117.2194384,32.80151],[-117.2194395,32.8014904],[-117.2194334,32.8014519],[-117.2194242,32.8014323],[-117.219412,32.8014033],[-117.2193917,32.8013623],[-117.2193663,32.801323],[-117.2193388,32.8012888],[-117.2193104,32.8012624],[-117.2192951,32.8012581],[-117.2192768,32.8012538],[-117.2192585,32.8012572],[-117.2192372,32.8012708],[-117.2192209,32.8012819],[-117.2192077,32.8013024],[-117.2191986,32.8013187],[-117.2192016,32.8013417],[-117.2192057,32.8013682],[-117.219224,32.8013896],[-117.2192413,32.8014075],[-117.2192545,32.8014246],[-117.2192657,32.8014391],[-117.2192768,32.8014562],[-117.2192921,32.8014818],[-117.2192982,32.8015058],[-117.2192982,32.8015322],[-117.2192951,32.8015596],[-117.2192951,32.8015835],[-117.2192961,32.8016168],[-117.2193022,32.8016459],[-117.2193124,32.8016766],[-117.2193246,32.801704],[-117.2193439,32.8017364],[-117.2193744,32.8017663],[-117.2194029,32.801786],[-117.2194323,32.8018048],[-117.2194608,32.8018227],[-117.219472,32.8018338],[-117.2194771,32.8018466],[-117.2194811,32.8018543],[-117.2194832,32.8018646],[-117.2194832,32.8018748],[-117.2194784,32.8018828]]]},"properties":{"course_id":"mission_bay_san_diego","course_name":"Mission Bay Golf Course","hole_number":17,"feature_type":"fairway","name":"hole_17_fairway","feature-color":"#4a7c3f","is_approximate":true,"source":"osm","@id":"10367056-5fcc-4f4c-9038-00b58daa3905","osm_id":699141580}},{"type":"Feature","bbox":[-117.2196771,32.8018603,-117.2194176,32.8020688],"geometry":{"type":"Polygon","coordinates":[[[-117.2195303,32.8018648],[-117.2195095,32.8018687],[-117.2194873,32.8018766],[-117.2194784,32.8018828],[-117.2194686,32.8018896],[-117.2194538,32.8019019],[-117.2194384,32.80192],[-117.2194257,32.8019408],[-117.2194176,32.8019656],[-117.2194183,32.8019871],[-117.2194236,32.8020068],[-117.2194357,32.8020254],[-117.2194538,32.8020429],[-117.2194759,32.8020541],[-117.2195021,32.8020626],[-117.2195209,32.8020665],[-117.2195497,32.8020688],[-117.2195799,32.8020654],[-117.2195966,32.8020603],[-117.2196141,32.8020536],[-117.2196288,32.8020451],[-117.2196416,32.8020333],[-117.2196523,32.8020214],[-117.2196684,32.8019972],[-117.2196751,32.8019809],[-117.2196771,32.8019628],[-117.2196771,32.801942],[-117.2196684,32.8019217],[-117.2196624,32.8019081],[-117.2196436,32.8018907],[-117.2196248,32.8018772],[-117.2196047,32.8018681],[-117.2195797,32.8018603],[-117.2195591,32.8018608],[-117.219545,32.8018631],[-117.2195303,32.8018648]]]},"properties":{"course_id":"mission_bay_san_diego","course_name":"Mission Bay Golf Course","hole_number":17,"feature_type":"green","name":"hole_17_green","feature-color":"#2d6e2d","is_approximate":true,"source":"osm","@id":"eb2394b1-71b1-4d08-b44c-400ce6a85fcb","osm_id":699141581}},{"type":"Feature","bbox":[-117.2193423,32.8020386,-117.2191713,32.8021986],"geometry":{"type":"Polygon","coordinates":[[[-117.2193423,32.8021495],[-117.2193412,32.8021539],[-117.2192594,32.8021981],[-117.2192536,32.8021986],[-117.2192489,32.8021956],[-117.2191719,32.8020911],[-117.2191713,32.8020857],[-117.219176,32.8020794],[-117.2192548,32.8020386],[-117.2192612,32.8020386],[-117.2192694,32.8020406],[-117.2193417,32.8021446],[-117.2193423,32.8021495]]]},"properties":{"course_id":"mission_bay_san_diego","course_name":"Mission Bay Golf Course","hole_number":18,"feature_type":"tee_box","name":"hole_18_tee_box","feature-color":"#8b7355","is_approximate":true,"source":"osm","@id":"f26d1548-2981-4fdf-a5b2-9c52683bc236","osm_id":699142067}},{"type":"Feature","bbox":[-117.2189902,32.8003851,-117.2174843,32.8017326],"geometry":{"type":"Polygon","coordinates":[[[-117.2174843,32.800447],[-117.2175016,32.8004431],[-117.2175175,32.8004353],[-117.217533,32.800426],[-117.2175498,32.800413],[-117.2175635,32.8003974],[-117.2175715,32.8003851],[-117.2175716,32.8004021],[-117.2175781,32.8004119],[-117.2175868,32.8004198],[-117.2176055,32.8004325],[-117.2176289,32.8004414],[-117.2176592,32.8004551],[-117.2176896,32.8004664],[-117.2177316,32.8004845],[-117.2177853,32.8005051],[-117.2178086,32.8005155],[-117.2178684,32.800539],[-117.2178988,32.8005513],[-117.217939,32.8005655],[-117.2179857,32.8005852],[-117.2180091,32.8005964],[-117.2180313,32.8006092],[-117.2180529,32.8006259],[-117.2180657,32.8006372],[-117.2180786,32.8006475],[-117.2180867,32.8006588],[-117.2180961,32.8006789],[-117.2181072,32.8007005],[-117.2181194,32.8007245],[-117.2181375,32.8007515],[-117.2181562,32.8007765],[-117.2181778,32.8007971],[-117.2181994,32.8008172],[-117.2182175,32.8008305],[-117.218242,32.8008467],[-117.2182712,32.8008614],[-117.2182969,32.8008717],[-117.2183191,32.8008805],[-117.2183675,32.8008972],[-117.2183955,32.8009119],[-117.2184166,32.8009232],[-117.2184419,32.8009496],[-117.2184595,32.8009761],[-117.2184746,32.8010026],[-117.2184992,32.8010301],[-117.2185283,32.8010585],[-117.218554,32.8010742],[-117.2186101,32.8011056],[-117.2186521,32.8011253],[-117.2187058,32.8011537],[-117.2187572,32.8011792],[-117.2187764,32.8011921],[-117.2188109,32.8012176],[-117.2188383,32.8012485],[-117.2188634,32.8012858],[-117.2188809,32.8013167],[-117.2189025,32.8013638],[-117.2189101,32.8014041],[-117.2189142,32.8014423],[-117.21892,32.8014762],[-117.2189276,32.801511],[-117.2189381,32.8015424],[-117.2189566,32.8015787],[-117.2189787,32.8016218],[-117.2189893,32.8016419],[-117.2189902,32.8016619],[-117.2189875,32.8016783],[-117.218976,32.8016954],[-117.2189575,32.8017118],[-117.2189221,32.8017252],[-117.218892,32.8017319],[-117.218853,32.8017326],[-117.2188203,32.8017259],[-117.2187911,32.8017155],[-117.2187672,32.8016991],[-117.2187486,32.8016791],[-117.2187354,32.8016582],[-117.2187186,32.8016262],[-117.2187079,32.8016024],[-117.2187017,32.8015668],[-117.2186991,32.8015377],[-117.2186982,32.801505],[-117.2186956,32.8014686],[-117.2186876,32.8014381],[-117.2186805,32.8014165],[-117.2186725,32.8013957],[-117.2186593,32.8013712],[-117.2186487,32.8013533],[-117.2186248,32.8013236],[-117.218592,32.8012975],[-117.2185566,32.8012693],[-117.2185106,32.801247],[-117.2184805,32.8012321],[-117.2184602,32.8012217],[-117.2184204,32.8012046],[-117.2183602,32.8011867],[-117.2183036,32.8011681],[-117.218247,32.8011489],[-117.2182151,32.8011333],[-117.2181788,32.8011087],[-117.2181541,32.8010849],[-117.2181231,32.8010544],[-117.2181027,32.8010299],[-117.2180735,32.8010009],[-117.2180417,32.8009741],[-117.2180081,32.8009473],[-117.2179762,32.8009265],[-117.2179382,32.8009057],[-117.2178966,32.8008774],[-117.2178568,32.8008462],[-117.2178231,32.8008217],[-117.217801,32.8008068],[-117.2177143,32.8007428],[-117.2176577,32.8006974],[-117.2176179,32.8006684],[-117.2175949,32.8006409],[-117.2175798,32.8006171],[-117.2175727,32.8005933],[-117.2175657,32.8005658],[-117.2175612,32.8005368],[-117.2175586,32.8005175],[-117.2175471,32.8004952],[-117.2175338,32.8004773],[-117.217517,32.8004617],[-117.2174923,32.8004498],[-117.2174843,32.800447]]]},"properties":{"course_id":"mission_bay_san_diego","course_name":"Mission Bay Golf Course","hole_number":18,"feature_type":"fairway","name":"hole_18_fairway","feature-color":"#4a7c3f","is_approximate":true,"source":"osm","@id":"b7999855-7bed-4504-95a2-7006c1c4981f","osm_id":699142068}},{"type":"Feature","bbox":[-117.217579,32.8002337,-117.2173233,32.8004483],"geometry":{"type":"Polygon","coordinates":[[[-117.2174671,32.8004483],[-117.2174441,32.8004476],[-117.2174136,32.8004431],[-117.2173897,32.800436],[-117.2173689,32.8004264],[-117.2173565,32.8004167],[-117.2173428,32.8004011],[-117.2173326,32.800384],[-117.2173269,32.8003676],[-117.2173233,32.8003457],[-117.217326,32.8003245],[-117.2173331,32.8003029],[-117.2173432,32.8002839],[-117.2173534,32.8002709],[-117.2173671,32.8002601],[-117.217376,32.8002553],[-117.2173906,32.8002479],[-117.2174074,32.8002412],[-117.2174291,32.8002352],[-117.2174463,32.8002337],[-117.217464,32.8002345],[-117.2174813,32.8002356],[-117.2175012,32.8002408],[-117.2175149,32.8002479],[-117.2175286,32.8002557],[-117.2175414,32.800265],[-117.217552,32.800275],[-117.2175605,32.8002873],[-117.2175671,32.8002996],[-117.2175737,32.8003167],[-117.2175773,32.8003353],[-117.2175781,32.8003475],[-117.217579,32.8003598],[-117.217575,32.8003754],[-117.2175715,32.8003851],[-117.2175635,32.8003974],[-117.2175498,32.800413],[-117.217533,32.800426],[-117.2175175,32.8004353],[-117.2175016,32.8004431],[-117.2174843,32.800447],[-117.2174671,32.8004483]]]},"properties":{"course_id":"mission_bay_san_diego","course_name":"Mission Bay Golf Course","hole_number":18,"feature_type":"green","name":"hole_18_green","feature-color":"#2d6e2d","is_approximate":true,"source":"osm","@id":"bb860bbf-d16f-487c-9660-94b84239083a","osm_id":699142069}},{"type":"Feature","bbox":[-117.2192117,32.801918,-117.2188306,32.802211],"geometry":{"type":"Polygon","coordinates":[[[-117.2190247,32.8019195],[-117.2190093,32.8019185],[-117.2189922,32.8019215],[-117.2189675,32.8019279],[-117.2189244,32.8019606],[-117.2189049,32.8019815],[-117.2189008,32.8020003],[-117.2189014,32.8020157],[-117.2189108,32.8020281],[-117.2189297,32.8020643],[-117.2189273,32.8020806],[-117.2189209,32.802101],[-117.218833,32.8021803],[-117.2188306,32.8021892],[-117.2188324,32.8022001],[-117.21884,32.8022061],[-117.2188471,32.802209],[-117.2189285,32.802211],[-117.2190123,32.802211],[-117.2190831,32.8022046],[-117.2191249,32.8021962],[-117.219148,32.8021818],[-117.2191544,32.8021659],[-117.2191562,32.8021565],[-117.2191574,32.8021476],[-117.219148,32.8021208],[-117.2191208,32.8020782],[-117.2191208,32.8020598],[-117.2191244,32.8020494],[-117.219135,32.8020479],[-117.219155,32.8020449],[-117.2191951,32.802036],[-117.2192117,32.8020177],[-117.2192081,32.8020077],[-117.2191934,32.8019939],[-117.2191285,32.8019547],[-117.2190866,32.8019349],[-117.2190418,32.801918],[-117.2190247,32.8019195]]]},"properties":{"course_id":"mission_bay_san_diego","course_name":"Mission Bay Golf Course","hole_number":18,"feature_type":"water","name":"hole_18_water","feature-color":"#2255cc","is_approximate":true,"source":"osm","@id":"95a68777-4be2-4873-a949-c9f59ecefc17","osm_id":885612523}},{"type":"Feature","bbox":[-117.2168669955704,32.800474866830875,-117.2168669955704,32.800474866830875],"geometry":{"type":"Point","coordinates":[-117.2168669955704,32.800474866830875]},"properties":{"course_id":"mission_bay_san_diego","course_name":"Mission Bay Golf Course","hole_number":1,"feature_type":"tee_center","name":"hole_1_tee_center","feature-color":"#c8a055","is_approximate":true,"source":"derived","@id":"f20cd10d-74cf-40ed-968c-4afa01bb2c43"}},{"type":"Feature","bbox":[-117.21858701055167,32.80198333274242,-117.21858701055167,32.80198333274242],"geometry":{"type":"Point","coordinates":[-117.21858701055167,32.80198333274242]},"properties":{"course_id":"mission_bay_san_diego","course_name":"Mission Bay Golf Course","hole_number":1,"feature_type":"green_center","name":"hole_1_green_center","feature-color":"#5aae5a","is_approximate":true,"source":"derived","@id":"15def210-45f7-44c4-9956-6c501108d097"}},{"type":"Feature","bbox":[-117.21850117223299,32.80189568902428,-117.21850117223299,32.80189568902428],"geometry":{"type":"Point","coordinates":[-117.21850117223299,32.80189568902428]},"properties":{"course_id":"mission_bay_san_diego","course_name":"Mission Bay Golf Course","hole_number":1,"feature_type":"green_front","name":"hole_1_green_front","feature-color":"#5aae5a","is_approximate":true,"source":"derived","@id":"5ce25e98-6e98-41ef-8ef7-7b093fdfe823"}},{"type":"Feature","bbox":[-117.2186732696241,32.80207140606384,-117.2186732696241,32.80207140606384],"geometry":{"type":"Point","coordinates":[-117.2186732696241,32.80207140606384]},"properties":{"course_id":"mission_bay_san_diego","course_name":"Mission Bay Golf Course","hole_number":1,"feature_type":"green_back","name":"hole_1_green_back","feature-color":"#5aae5a","is_approximate":true,"source":"derived","@id":"28bc3f38-0b6f-4753-b615-76d52c1cfbc1"}},{"type":"Feature","bbox":[-117.21829365515612,32.80214669999203,-117.21829365515612,32.80214669999203],"geometry":{"type":"Point","coordinates":[-117.21829365515612,32.80214669999203]},"properties":{"course_id":"mission_bay_san_diego","course_name":"Mission Bay Golf Course","hole_number":2,"feature_type":"tee_center","name":"hole_2_tee_center","feature-color":"#c8a055","is_approximate":true,"source":"derived","@id":"ba01475f-de68-4135-a320-b460c9749f99"}},{"type":"Feature","bbox":[-117.21776245288002,32.801650335368684,-117.21776245288002,32.801650335368684],"geometry":{"type":"Point","coordinates":[-117.21776245288002,32.801650335368684]},"properties":{"course_id":"mission_bay_san_diego","course_name":"Mission Bay Golf Course","hole_number":2,"feature_type":"green_center","name":"hole_2_green_center","feature-color":"#5aae5a","is_approximate":true,"source":"derived","@id":"182a0e2e-154e-492b-8968-01d4a0d1fce3"}},{"type":"Feature","bbox":[-117.21783751767323,32.80172449933758,-117.21783751767323,32.80172449933758],"geometry":{"type":"Point","coordinates":[-117.21783751767323,32.80172449933758]},"properties":{"course_id":"mission_bay_san_diego","course_name":"Mission Bay Golf Course","hole_number":2,"feature_type":"green_front","name":"hole_2_green_front","feature-color":"#5aae5a","is_approximate":true,"source":"derived","@id":"1237c353-345a-4617-99e7-3347949eeb4c"}},{"type":"Feature","bbox":[-117.21768515646318,32.80157396655704,-117.21768515646318,32.80157396655704],"geometry":{"type":"Point","coordinates":[-117.21768515646318,32.80157396655704]},"properties":{"course_id":"mission_bay_san_diego","course_name":"Mission Bay Golf Course","hole_number":2,"feature_type":"green_back","name":"hole_2_green_back","feature-color":"#5aae5a","is_approximate":true,"source":"derived","@id":"c84c0eb0-54bf-4cbf-aa6e-c7c9f75f2537"}},{"type":"Feature","bbox":[-117.21752578060772,32.80148809408276,-117.21752578060772,32.80148809408276],"geometry":{"type":"Point","coordinates":[-117.21752578060772,32.80148809408276]},"properties":{"course_id":"mission_bay_san_diego","course_name":"Mission Bay Golf Course","hole_number":3,"feature_type":"tee_center","name":"hole_3_tee_center","feature-color":"#c8a055","is_approximate":true,"source":"derived","@id":"0b25e401-ac49-4358-aabc-11a62600865a"}},{"type":"Feature","bbox":[-117.21651434352985,32.800752594919985,-117.21651434352985,32.800752594919985],"geometry":{"type":"Point","coordinates":[-117.21651434352985,32.800752594919985]},"properties":{"course_id":"mission_bay_san_diego","course_name":"Mission Bay Golf Course","hole_number":3,"feature_type":"green_center","name":"hole_3_green_center","feature-color":"#5aae5a","is_approximate":true,"source":"derived","@id":"87f716b7-f3a5-49cd-9379-3947983ee7e7"}},{"type":"Feature","bbox":[-117.21662997666485,32.800818978245225,-117.21662997666485,32.800818978245225],"geometry":{"type":"Point","coordinates":[-117.21662997666485,32.800818978245225]},"properties":{"course_id":"mission_bay_san_diego","course_name":"Mission Bay Golf Course","hole_number":3,"feature_type":"green_front","name":"hole_3_green_front","feature-color":"#5aae5a","is_approximate":true,"source":"derived","@id":"e7c4aa82-0932-4e21-98d9-bade3ae30c15"}},{"type":"Feature","bbox":[-117.21640006986561,32.80068699204742,-117.21640006986561,32.80068699204742],"geometry":{"type":"Point","coordinates":[-117.21640006986561,32.80068699204742]},"properties":{"course_id":"mission_bay_san_diego","course_name":"Mission Bay Golf Course","hole_number":3,"feature_type":"green_back","name":"hole_3_green_back","feature-color":"#5aae5a","is_approximate":true,"source":"derived","@id":"073fbf9e-f849-4fc7-8a0f-36d6ba5af068"}},{"type":"Feature","bbox":[-117.21640339608004,32.80047629463079,-117.21640339608004,32.80047629463079],"geometry":{"type":"Point","coordinates":[-117.21640339608004,32.80047629463079]},"properties":{"course_id":"mission_bay_san_diego","course_name":"Mission Bay Golf Course","hole_number":4,"feature_type":"tee_center","name":"hole_4_tee_center","feature-color":"#c8a055","is_approximate":true,"source":"derived","@id":"cf2ca5c6-c254-477b-a4e1-c66faaa678fa"}},{"type":"Feature","bbox":[-117.21574538029256,32.80091512439542,-117.21574538029256,32.80091512439542],"geometry":{"type":"Point","coordinates":[-117.21574538029256,32.80091512439542]},"properties":{"course_id":"mission_bay_san_diego","course_name":"Mission Bay Golf Course","hole_number":4,"feature_type":"green_center","name":"hole_4_green_center","feature-color":"#5aae5a","is_approximate":true,"source":"derived","@id":"3f161378-0431-4d4f-a96c-50b9e7705a53"}},{"type":"Feature","bbox":[-117.21584398005267,32.80085677417674,-117.21584398005267,32.80085677417674],"geometry":{"type":"Point","coordinates":[-117.21584398005267,32.80085677417674]},"properties":{"course_id":"mission_bay_san_diego","course_name":"Mission Bay Golf Course","hole_number":4,"feature_type":"green_front","name":"hole_4_green_front","feature-color":"#5aae5a","is_approximate":true,"source":"derived","@id":"173d3744-e498-4636-9810-b976ccc09e66"}},{"type":"Feature","bbox":[-117.21564482354142,32.80097463273918,-117.21564482354142,32.80097463273918],"geometry":{"type":"Point","coordinates":[-117.21564482354142,32.80097463273918]},"properties":{"course_id":"mission_bay_san_diego","course_name":"Mission Bay Golf Course","hole_number":4,"feature_type":"green_back","name":"hole_4_green_back","feature-color":"#5aae5a","is_approximate":true,"source":"derived","@id":"47f4db0d-5cd9-45f3-84da-b89d05ae3b9c"}},{"type":"Feature","bbox":[-117.2161728307843,32.801143068888905,-117.2161728307843,32.801143068888905],"geometry":{"type":"Point","coordinates":[-117.2161728307843,32.801143068888905]},"properties":{"course_id":"mission_bay_san_diego","course_name":"Mission Bay Golf Course","hole_number":5,"feature_type":"tee_center","name":"hole_5_tee_center","feature-color":"#c8a055","is_approximate":true,"source":"derived","@id":"55669b7c-b0d0-4763-8fdc-30cfc16b231b"}},{"type":"Feature","bbox":[-117.2170925734341,32.801630666703836,-117.2170925734341,32.801630666703836],"geometry":{"type":"Point","coordinates":[-117.2170925734341,32.801630666703836]},"properties":{"course_id":"mission_bay_san_diego","course_name":"Mission Bay Golf Course","hole_number":5,"feature_type":"green_center","name":"hole_5_green_center","feature-color":"#5aae5a","is_approximate":true,"source":"derived","@id":"a040aa39-e1c3-4e85-9ac7-d464c0565796"}},{"type":"Feature","bbox":[-117.2169947215056,32.80157011615427,-117.2169947215056,32.80157011615427],"geometry":{"type":"Point","coordinates":[-117.2169947215056,32.80157011615427]},"properties":{"course_id":"mission_bay_san_diego","course_name":"Mission Bay Golf Course","hole_number":5,"feature_type":"green_front","name":"hole_5_green_front","feature-color":"#5aae5a","is_approximate":true,"source":"derived","@id":"593c259f-411a-4485-ae92-344d3e29ac22"}},{"type":"Feature","bbox":[-117.21718873849893,32.80169017342601,-117.21718873849893,32.80169017342601],"geometry":{"type":"Point","coordinates":[-117.21718873849893,32.80169017342601]},"properties":{"course_id":"mission_bay_san_diego","course_name":"Mission Bay Golf Course","hole_number":5,"feature_type":"green_back","name":"hole_5_green_back","feature-color":"#5aae5a","is_approximate":true,"source":"derived","@id":"fe76c56c-becc-470c-b2a1-8d7f3f0745d0"}},{"type":"Feature","bbox":[-117.21731787598029,32.80150608351125,-117.21731787598029,32.80150608351125],"geometry":{"type":"Point","coordinates":[-117.21731787598029,32.80150608351125]},"properties":{"course_id":"mission_bay_san_diego","course_name":"Mission Bay Golf Course","hole_number":6,"feature_type":"tee_center","name":"hole_6_tee_center","feature-color":"#c8a055","is_approximate":true,"source":"derived","@id":"3fb73f90-82bf-4ff2-8ea6-e419c734c2f0"}},{"type":"Feature","bbox":[-117.21757928440795,32.80202089673849,-117.21757928440795,32.80202089673849],"geometry":{"type":"Point","coordinates":[-117.21757928440795,32.80202089673849]},"properties":{"course_id":"mission_bay_san_diego","course_name":"Mission Bay Golf Course","hole_number":6,"feature_type":"green_center","name":"hole_6_green_center","feature-color":"#5aae5a","is_approximate":true,"source":"derived","@id":"2fd86119-910f-40b0-9ba7-19532a1e5869"}},{"type":"Feature","bbox":[-117.21753561481123,32.801941623233304,-117.21753561481123,32.801941623233304],"geometry":{"type":"Point","coordinates":[-117.21753561481123,32.801941623233304]},"properties":{"course_id":"mission_bay_san_diego","course_name":"Mission Bay Golf Course","hole_number":6,"feature_type":"green_front","name":"hole_6_green_front","feature-color":"#5aae5a","is_approximate":true,"source":"derived","@id":"d67fb3af-ead0-4ef3-913d-41d81f0bb1c0"}},{"type":"Feature","bbox":[-117.21762520193049,32.80210425090786,-117.21762520193049,32.80210425090786],"geometry":{"type":"Point","coordinates":[-117.21762520193049,32.80210425090786]},"properties":{"course_id":"mission_bay_san_diego","course_name":"Mission Bay Golf Course","hole_number":6,"feature_type":"green_back","name":"hole_6_green_back","feature-color":"#5aae5a","is_approximate":true,"source":"derived","@id":"c4fb0691-370c-4710-8708-8d292a918510"}},{"type":"Feature","bbox":[-117.21712522956426,32.80204250703143,-117.21712522956426,32.80204250703143],"geometry":{"type":"Point","coordinates":[-117.21712522956426,32.80204250703143]},"properties":{"course_id":"mission_bay_san_diego","course_name":"Mission Bay Golf Course","hole_number":7,"feature_type":"tee_center","name":"hole_7_tee_center","feature-color":"#c8a055","is_approximate":true,"source":"derived","@id":"7df28bd3-da41-4ccd-b23f-8e17906ef181"}},{"type":"Feature","bbox":[-117.21497645596814,32.800917529499344,-117.21497645596814,32.800917529499344],"geometry":{"type":"Point","coordinates":[-117.21497645596814,32.800917529499344]},"properties":{"course_id":"mission_bay_san_diego","course_name":"Mission Bay Golf Course","hole_number":7,"feature_type":"green_center","name":"hole_7_green_center","feature-color":"#5aae5a","is_approximate":true,"source":"derived","@id":"57d3385f-21a6-4b76-a60d-af721cec9d34"}},{"type":"Feature","bbox":[-117.21507654125426,32.80097197943169,-117.21507654125426,32.80097197943169],"geometry":{"type":"Point","coordinates":[-117.21507654125426,32.80097197943169]},"properties":{"course_id":"mission_bay_san_diego","course_name":"Mission Bay Golf Course","hole_number":7,"feature_type":"green_front","name":"hole_7_green_front","feature-color":"#5aae5a","is_approximate":true,"source":"derived","@id":"73a7c8aa-a5f7-4f50-ad38-a0fe9388ad93"}},{"type":"Feature","bbox":[-117.21487515764838,32.800862419633845,-117.21487515764838,32.800862419633845],"geometry":{"type":"Point","coordinates":[-117.21487515764838,32.800862419633845]},"properties":{"course_id":"mission_bay_san_diego","course_name":"Mission Bay Golf Course","hole_number":7,"feature_type":"green_back","name":"hole_7_green_back","feature-color":"#5aae5a","is_approximate":true,"source":"derived","@id":"58143d21-3105-4fea-9ed9-eb33058679e1"}},{"type":"Feature","bbox":[-117.2155130977074,32.80072514545687,-117.2155130977074,32.80072514545687],"geometry":{"type":"Point","coordinates":[-117.2155130977074,32.80072514545687]},"properties":{"course_id":"mission_bay_san_diego","course_name":"Mission Bay Golf Course","hole_number":8,"feature_type":"tee_center","name":"hole_8_tee_center","feature-color":"#c8a055","is_approximate":true,"source":"derived","@id":"53009e97-9525-4415-9204-9921658fd245"}},{"type":"Feature","bbox":[-117.21424889814061,32.80037626890102,-117.21424889814061,32.80037626890102],"geometry":{"type":"Point","coordinates":[-117.21424889814061,32.80037626890102]},"properties":{"course_id":"mission_bay_san_diego","course_name":"Mission Bay Golf Course","hole_number":8,"feature_type":"green_center","name":"hole_8_green_center","feature-color":"#5aae5a","is_approximate":true,"source":"derived","@id":"d81c65b4-6906-4413-b447-9f56fa13fb32"}},{"type":"Feature","bbox":[-117.21436622248939,32.80040311413647,-117.21436622248939,32.80040311413647],"geometry":{"type":"Point","coordinates":[-117.21436622248939,32.80040311413647]},"properties":{"course_id":"mission_bay_san_diego","course_name":"Mission Bay Golf Course","hole_number":8,"feature_type":"green_front","name":"hole_8_green_front","feature-color":"#5aae5a","is_approximate":true,"source":"derived","@id":"0d76d12d-2e01-45e7-b1b4-60d19349fa64"}},{"type":"Feature","bbox":[-117.2141321178556,32.80034954815395,-117.2141321178556,32.80034954815395],"geometry":{"type":"Point","coordinates":[-117.2141321178556,32.80034954815395]},"properties":{"course_id":"mission_bay_san_diego","course_name":"Mission Bay Golf Course","hole_number":8,"feature_type":"green_back","name":"hole_8_green_back","feature-color":"#5aae5a","is_approximate":true,"source":"derived","@id":"2051816c-4d16-4181-bf2b-05d07d13d764"}},{"type":"Feature","bbox":[-117.21488635367807,32.80025716061218,-117.21488635367807,32.80025716061218],"geometry":{"type":"Point","coordinates":[-117.21488635367807,32.80025716061218]},"properties":{"course_id":"mission_bay_san_diego","course_name":"Mission Bay Golf Course","hole_number":9,"feature_type":"tee_center","name":"hole_9_tee_center","feature-color":"#c8a055","is_approximate":true,"source":"derived","@id":"978f07f8-96c3-4d43-aeea-0fb7dd02d0da"}},{"type":"Feature","bbox":[-117.21602310372637,32.8004319560855,-117.21602310372637,32.8004319560855],"geometry":{"type":"Point","coordinates":[-117.21602310372637,32.8004319560855]},"properties":{"course_id":"mission_bay_san_diego","course_name":"Mission Bay Golf Course","hole_number":9,"feature_type":"green_center","name":"hole_9_green_center","feature-color":"#5aae5a","is_approximate":true,"source":"derived","@id":"53a12e0b-10b8-4c8a-87e0-cddc30516fed"}},{"type":"Feature","bbox":[-117.21589739224008,32.8004223111282,-117.21589739224008,32.8004223111282],"geometry":{"type":"Point","coordinates":[-117.21589739224008,32.8004223111282]},"properties":{"course_id":"mission_bay_san_diego","course_name":"Mission Bay Golf Course","hole_number":9,"feature_type":"green_front","name":"hole_9_green_front","feature-color":"#5aae5a","is_approximate":true,"source":"derived","@id":"4c96328e-cc9d-4041-b2e2-29eff44331d8"}},{"type":"Feature","bbox":[-117.2161424518875,32.80044111282965,-117.2161424518875,32.80044111282965],"geometry":{"type":"Point","coordinates":[-117.2161424518875,32.80044111282965]},"properties":{"course_id":"mission_bay_san_diego","course_name":"Mission Bay Golf Course","hole_number":9,"feature_type":"green_back","name":"hole_9_green_back","feature-color":"#5aae5a","is_approximate":true,"source":"derived","@id":"2e69cef4-fede-481a-8f12-7daa8451d881"}},{"type":"Feature","bbox":[-117.21705919507178,32.800056218756666,-117.21705919507178,32.800056218756666],"geometry":{"type":"Point","coordinates":[-117.21705919507178,32.800056218756666]},"properties":{"course_id":"mission_bay_san_diego","course_name":"Mission Bay Golf Course","hole_number":10,"feature_type":"tee_center","name":"hole_10_tee_center","feature-color":"#c8a055","is_approximate":true,"source":"derived","@id":"5fcf72a4-85b1-47c2-90f6-c195ef2223d6"}},{"type":"Feature","bbox":[-117.21929662482249,32.79952010764341,-117.21929662482249,32.79952010764341],"geometry":{"type":"Point","coordinates":[-117.21929662482249,32.79952010764341]},"properties":{"course_id":"mission_bay_san_diego","course_name":"Mission Bay Golf Course","hole_number":10,"feature_type":"green_center","name":"hole_10_green_center","feature-color":"#5aae5a","is_approximate":true,"source":"derived","@id":"62d879b1-c071-4f78-9b7e-8009bd55d507"}},{"type":"Feature","bbox":[-117.21916774921114,32.79954264117179,-117.21916774921114,32.79954264117179],"geometry":{"type":"Point","coordinates":[-117.21916774921114,32.79954264117179]},"properties":{"course_id":"mission_bay_san_diego","course_name":"Mission Bay Golf Course","hole_number":10,"feature_type":"green_front","name":"hole_10_green_front","feature-color":"#5aae5a","is_approximate":true,"source":"derived","@id":"dda77a84-a234-4a57-9910-a7290f5e1759"}},{"type":"Feature","bbox":[-117.21942237526912,32.79949812054106,-117.21942237526912,32.79949812054106],"geometry":{"type":"Point","coordinates":[-117.21942237526912,32.79949812054106]},"properties":{"course_id":"mission_bay_san_diego","course_name":"Mission Bay Golf Course","hole_number":10,"feature_type":"green_back","name":"hole_10_green_back","feature-color":"#5aae5a","is_approximate":true,"source":"derived","@id":"b6cd4e5b-d309-4078-9f9d-a1d021078949"}},{"type":"Feature","bbox":[-117.21918980750138,32.79922857881306,-117.21918980750138,32.79922857881306],"geometry":{"type":"Point","coordinates":[-117.21918980750138,32.79922857881306]},"properties":{"course_id":"mission_bay_san_diego","course_name":"Mission Bay Golf Course","hole_number":11,"feature_type":"tee_center","name":"hole_11_tee_center","feature-color":"#c8a055","is_approximate":true,"source":"derived","@id":"6d0f94e6-f4c3-4a9c-8d88-731154e99b9a"}},{"type":"Feature","bbox":[-117.2180146336232,32.79918303645356,-117.2180146336232,32.79918303645356],"geometry":{"type":"Point","coordinates":[-117.2180146336232,32.79918303645356]},"properties":{"course_id":"mission_bay_san_diego","course_name":"Mission Bay Golf Course","hole_number":11,"feature_type":"green_center","name":"hole_11_green_center","feature-color":"#5aae5a","is_approximate":true,"source":"derived","@id":"916a8bd2-942e-4153-8e63-1a61b79f1f0a"}},{"type":"Feature","bbox":[-117.21813339810731,32.79918982238049,-117.21813339810731,32.79918982238049],"geometry":{"type":"Point","coordinates":[-117.21813339810731,32.79918982238049]},"properties":{"course_id":"mission_bay_san_diego","course_name":"Mission Bay Golf Course","hole_number":11,"feature_type":"green_front","name":"hole_11_green_front","feature-color":"#5aae5a","is_approximate":true,"source":"derived","@id":"a93c4e6a-f62c-4515-bb77-9f2b63db5a93"}},{"type":"Feature","bbox":[-117.21789347283405,32.799176113607324,-117.21789347283405,32.799176113607324],"geometry":{"type":"Point","coordinates":[-117.21789347283405,32.799176113607324]},"properties":{"course_id":"mission_bay_san_diego","course_name":"Mission Bay Golf Course","hole_number":11,"feature_type":"green_back","name":"hole_11_green_back","feature-color":"#5aae5a","is_approximate":true,"source":"derived","@id":"d2363647-c353-492e-b2f8-8c9b072cf483"}},{"type":"Feature","bbox":[-117.21806994373992,32.79895553002606,-117.21806994373992,32.79895553002606],"geometry":{"type":"Point","coordinates":[-117.21806994373992,32.79895553002606]},"properties":{"course_id":"mission_bay_san_diego","course_name":"Mission Bay Golf Course","hole_number":12,"feature_type":"tee_center","name":"hole_12_tee_center","feature-color":"#c8a055","is_approximate":true,"source":"derived","@id":"b74042cb-f7ba-4dea-8276-95e211b5cf82"}},{"type":"Feature","bbox":[-117.21931366314007,32.79891924454344,-117.21931366314007,32.79891924454344],"geometry":{"type":"Point","coordinates":[-117.21931366314007,32.79891924454344]},"properties":{"course_id":"mission_bay_san_diego","course_name":"Mission Bay Golf Course","hole_number":12,"feature_type":"green_center","name":"hole_12_green_center","feature-color":"#5aae5a","is_approximate":true,"source":"derived","@id":"181d60bf-9e5a-4e91-9d8f-a0820f61941b"}},{"type":"Feature","bbox":[-117.21917397110613,32.79892510897229,-117.21917397110613,32.79892510897229],"geometry":{"type":"Point","coordinates":[-117.21917397110613,32.79892510897229]},"properties":{"course_id":"mission_bay_san_diego","course_name":"Mission Bay Golf Course","hole_number":12,"feature_type":"green_front","name":"hole_12_green_front","feature-color":"#5aae5a","is_approximate":true,"source":"derived","@id":"6e2fa06d-78ef-46bf-88df-76f104d4e3ec"}},{"type":"Feature","bbox":[-117.21945484314902,32.798913317647724,-117.21945484314902,32.798913317647724],"geometry":{"type":"Point","coordinates":[-117.21945484314902,32.798913317647724]},"properties":{"course_id":"mission_bay_san_diego","course_name":"Mission Bay Golf Course","hole_number":12,"feature_type":"green_back","name":"hole_12_green_back","feature-color":"#5aae5a","is_approximate":true,"source":"derived","@id":"cb0ecd12-4f73-405d-9af9-424f5fc9dbca"}},{"type":"Feature","bbox":[-117.21953734491296,32.79895651998805,-117.21953734491296,32.79895651998805],"geometry":{"type":"Point","coordinates":[-117.21953734491296,32.79895651998805]},"properties":{"course_id":"mission_bay_san_diego","course_name":"Mission Bay Golf Course","hole_number":13,"feature_type":"tee_center","name":"hole_13_tee_center","feature-color":"#c8a055","is_approximate":true,"source":"derived","@id":"12434ef4-2585-4516-8aa0-ad4e47d3c89e"}},{"type":"Feature","bbox":[-117.21970598452405,32.7999246499601,-117.21970598452405,32.7999246499601],"geometry":{"type":"Point","coordinates":[-117.21970598452405,32.7999246499601]},"properties":{"course_id":"mission_bay_san_diego","course_name":"Mission Bay Golf Course","hole_number":13,"feature_type":"green_center","name":"hole_13_green_center","feature-color":"#5aae5a","is_approximate":true,"source":"derived","@id":"baa9846a-9d31-49f4-815f-1702eb2b4421"}},{"type":"Feature","bbox":[-117.21968889750019,32.7998299,-117.21968889750019,32.7998299],"geometry":{"type":"Point","coordinates":[-117.21968889750019,32.7998299]},"properties":{"course_id":"mission_bay_san_diego","course_name":"Mission Bay Golf Course","hole_number":13,"feature_type":"green_front","name":"hole_13_green_front","feature-color":"#5aae5a","is_approximate":true,"source":"derived","@id":"c2f3420d-7d39-4b5a-83e4-8c4c454f4b1a"}},{"type":"Feature","bbox":[-117.21972307196738,32.800019402246186,-117.21972307196738,32.800019402246186],"geometry":{"type":"Point","coordinates":[-117.21972307196738,32.800019402246186]},"properties":{"course_id":"mission_bay_san_diego","course_name":"Mission Bay Golf Course","hole_number":13,"feature_type":"green_back","name":"hole_13_green_back","feature-color":"#5aae5a","is_approximate":true,"source":"derived","@id":"4bdc7b2c-f5f8-4d17-b62e-162216d8038e"}},{"type":"Feature","bbox":[-117.21984173464884,32.80010802476005,-117.21984173464884,32.80010802476005],"geometry":{"type":"Point","coordinates":[-117.21984173464884,32.80010802476005]},"properties":{"course_id":"mission_bay_san_diego","course_name":"Mission Bay Golf Course","hole_number":14,"feature_type":"tee_center","name":"hole_14_tee_center","feature-color":"#c8a055","is_approximate":true,"source":"derived","@id":"e985bfae-d195-4db3-8a51-e42b0c678010"}},{"type":"Feature","bbox":[-117.21890626493024,32.80021781722973,-117.21890626493024,32.80021781722973],"geometry":{"type":"Point","coordinates":[-117.21890626493024,32.80021781722973]},"properties":{"course_id":"mission_bay_san_diego","course_name":"Mission Bay Golf Course","hole_number":14,"feature_type":"green_center","name":"hole_14_green_center","feature-color":"#5aae5a","is_approximate":true,"source":"derived","@id":"1611482c-a5b0-427d-a25c-f5206bfb2fa8"}},{"type":"Feature","bbox":[-117.21901142027308,32.80020467033528,-117.21901142027308,32.80020467033528],"geometry":{"type":"Point","coordinates":[-117.21901142027308,32.80020467033528]},"properties":{"course_id":"mission_bay_san_diego","course_name":"Mission Bay Golf Course","hole_number":14,"feature_type":"green_front","name":"hole_14_green_front","feature-color":"#5aae5a","is_approximate":true,"source":"derived","@id":"8ce079f7-baa5-43cb-a467-9ccc7065a8ce"}},{"type":"Feature","bbox":[-117.21880106760963,32.800230969372386,-117.21880106760963,32.800230969372386],"geometry":{"type":"Point","coordinates":[-117.21880106760963,32.800230969372386]},"properties":{"course_id":"mission_bay_san_diego","course_name":"Mission Bay Golf Course","hole_number":14,"feature_type":"green_back","name":"hole_14_green_back","feature-color":"#5aae5a","is_approximate":true,"source":"derived","@id":"3d1bae38-f100-41f7-83dc-9f26c9c3103b"}},{"type":"Feature","bbox":[-117.21931295605373,32.79985066943447,-117.21931295605373,32.79985066943447],"geometry":{"type":"Point","coordinates":[-117.21931295605373,32.79985066943447]},"properties":{"course_id":"mission_bay_san_diego","course_name":"Mission Bay Golf Course","hole_number":15,"feature_type":"tee_center","name":"hole_15_tee_center","feature-color":"#c8a055","is_approximate":true,"source":"derived","@id":"7b06c349-4bab-4f52-909a-0b3ce14402c2"}},{"type":"Feature","bbox":[-117.21827410854614,32.800087951808095,-117.21827410854614,32.800087951808095],"geometry":{"type":"Point","coordinates":[-117.21827410854614,32.800087951808095]},"properties":{"course_id":"mission_bay_san_diego","course_name":"Mission Bay Golf Course","hole_number":15,"feature_type":"green_center","name":"hole_15_green_center","feature-color":"#5aae5a","is_approximate":true,"source":"derived","@id":"730dcfa4-a694-4363-b7ee-29596358b45c"}},{"type":"Feature","bbox":[-117.21841269443757,32.80005392552985,-117.21841269443757,32.80005392552985],"geometry":{"type":"Point","coordinates":[-117.21841269443757,32.80005392552985]},"properties":{"course_id":"mission_bay_san_diego","course_name":"Mission Bay Golf Course","hole_number":15,"feature_type":"green_front","name":"hole_15_green_front","feature-color":"#5aae5a","is_approximate":true,"source":"derived","@id":"76e40c81-62bd-43ae-9380-ddb8c7347c97"}},{"type":"Feature","bbox":[-117.21813190748726,32.80012286569973,-117.21813190748726,32.80012286569973],"geometry":{"type":"Point","coordinates":[-117.21813190748726,32.80012286569973]},"properties":{"course_id":"mission_bay_san_diego","course_name":"Mission Bay Golf Course","hole_number":15,"feature_type":"green_back","name":"hole_15_green_back","feature-color":"#5aae5a","is_approximate":true,"source":"derived","@id":"8b9be564-8fa9-4ea5-8b24-5acb92ad9b9f"}},{"type":"Feature","bbox":[-117.21786544266438,32.80021239642681,-117.21786544266438,32.80021239642681],"geometry":{"type":"Point","coordinates":[-117.21786544266438,32.80021239642681]},"properties":{"course_id":"mission_bay_san_diego","course_name":"Mission Bay Golf Course","hole_number":16,"feature_type":"tee_center","name":"hole_16_tee_center","feature-color":"#c8a055","is_approximate":true,"source":"derived","@id":"79ec8bfc-96b3-4a41-b2ca-e581bb5f299b"}},{"type":"Feature","bbox":[-117.218796766872,32.80076122975532,-117.218796766872,32.80076122975532],"geometry":{"type":"Point","coordinates":[-117.218796766872,32.80076122975532]},"properties":{"course_id":"mission_bay_san_diego","course_name":"Mission Bay Golf Course","hole_number":16,"feature_type":"green_center","name":"hole_16_green_center","feature-color":"#5aae5a","is_approximate":true,"source":"derived","@id":"be19014d-8a4a-4659-bd0f-e246929d962a"}},{"type":"Feature","bbox":[-117.21871246068034,32.80070006376522,-117.21871246068034,32.80070006376522],"geometry":{"type":"Point","coordinates":[-117.21871246068034,32.80070006376522]},"properties":{"course_id":"mission_bay_san_diego","course_name":"Mission Bay Golf Course","hole_number":16,"feature_type":"green_front","name":"hole_16_green_front","feature-color":"#5aae5a","is_approximate":true,"source":"derived","@id":"c3464412-7bcb-4836-ac7f-aae2c2825e87"}},{"type":"Feature","bbox":[-117.21888206200886,32.80082311324683,-117.21888206200886,32.80082311324683],"geometry":{"type":"Point","coordinates":[-117.21888206200886,32.80082311324683]},"properties":{"course_id":"mission_bay_san_diego","course_name":"Mission Bay Golf Course","hole_number":16,"feature_type":"green_back","name":"hole_16_green_back","feature-color":"#5aae5a","is_approximate":true,"source":"derived","@id":"6d82aafb-2f4e-488f-abdd-3b4368595487"}},{"type":"Feature","bbox":[-117.21904129407991,32.80097440955392,-117.21904129407991,32.80097440955392],"geometry":{"type":"Point","coordinates":[-117.21904129407991,32.80097440955392]},"properties":{"course_id":"mission_bay_san_diego","course_name":"Mission Bay Golf Course","hole_number":17,"feature_type":"tee_center","name":"hole_17_tee_center","feature-color":"#c8a055","is_approximate":true,"source":"derived","@id":"4e039de2-e53a-4d17-b796-dd15986f2390"}},{"type":"Feature","bbox":[-117.21954857848947,32.80196551653497,-117.21954857848947,32.80196551653497],"geometry":{"type":"Point","coordinates":[-117.21954857848947,32.80196551653497]},"properties":{"course_id":"mission_bay_san_diego","course_name":"Mission Bay Golf Course","hole_number":17,"feature_type":"green_center","name":"hole_17_green_center","feature-color":"#5aae5a","is_approximate":true,"source":"derived","@id":"3f1e96c8-a9a1-4af8-94fc-6050c2a47177"}},{"type":"Feature","bbox":[-117.21950766677867,32.80186935236255,-117.21950766677867,32.80186935236255],"geometry":{"type":"Point","coordinates":[-117.21950766677867,32.80186935236255]},"properties":{"course_id":"mission_bay_san_diego","course_name":"Mission Bay Golf Course","hole_number":17,"feature_type":"green_front","name":"hole_17_green_front","feature-color":"#5aae5a","is_approximate":true,"source":"derived","@id":"81e40647-eb9e-4784-a233-c12e1870d80e"}},{"type":"Feature","bbox":[-117.21958978785581,32.80206238035541,-117.21958978785581,32.80206238035541],"geometry":{"type":"Point","coordinates":[-117.21958978785581,32.80206238035541]},"properties":{"course_id":"mission_bay_san_diego","course_name":"Mission Bay Golf Course","hole_number":17,"feature_type":"green_back","name":"hole_17_green_back","feature-color":"#5aae5a","is_approximate":true,"source":"derived","@id":"6c6b1c93-3ec4-4ffe-a7df-db24e5db5940"}},{"type":"Feature","bbox":[-117.21925737711021,32.802117428037256,-117.21925737711021,32.802117428037256],"geometry":{"type":"Point","coordinates":[-117.21925737711021,32.802117428037256]},"properties":{"course_id":"mission_bay_san_diego","course_name":"Mission Bay Golf Course","hole_number":18,"feature_type":"tee_center","name":"hole_18_tee_center","feature-color":"#c8a055","is_approximate":true,"source":"derived","@id":"688d1f4d-d82e-473a-a47e-a6682a37ab13"}},{"type":"Feature","bbox":[-117.21745154659534,32.80034196553949,-117.21745154659534,32.80034196553949],"geometry":{"type":"Point","coordinates":[-117.21745154659534,32.80034196553949]},"properties":{"course_id":"mission_bay_san_diego","course_name":"Mission Bay Golf Course","hole_number":18,"feature_type":"green_center","name":"hole_18_green_center","feature-color":"#5aae5a","is_approximate":true,"source":"derived","@id":"f24f695a-ee82-43fb-ad77-000fe150653a"}},{"type":"Feature","bbox":[-117.21754400484443,32.80041748434658,-117.21754400484443,32.80041748434658],"geometry":{"type":"Point","coordinates":[-117.21754400484443,32.80041748434658]},"properties":{"course_id":"mission_bay_san_diego","course_name":"Mission Bay Golf Course","hole_number":18,"feature_type":"green_front","name":"hole_18_green_front","feature-color":"#5aae5a","is_approximate":true,"source":"derived","@id":"9785b104-aa29-43e0-bab4-4911f1b7842b"}},{"type":"Feature","bbox":[-117.21735906904779,32.80026643096963,-117.21735906904779,32.80026643096963],"geometry":{"type":"Point","coordinates":[-117.21735906904779,32.80026643096963]},"properties":{"course_id":"mission_bay_san_diego","course_name":"Mission Bay Golf Course","hole_number":18,"feature_type":"green_back","name":"hole_18_green_back","feature-color":"#5aae5a","is_approximate":true,"source":"derived","@id":"18088714-6482-40a8-871d-2e004b449425"}}]}