{
  "type": "FeatureCollection",
  "features": [
    {
      "type": "Feature",
      "bbox": [
        -122.0806073,
        37.7255549,
        -122.0802914,
        37.7257988
      ],
      "geometry": {
        "type": "Polygon",
        "coordinates": [
          [
            [
              -122.0803523,
              37.7257416
            ],
            [
              -122.0803751,
              37.7257657
            ],
            [
              -122.0804094,
              37.7257838
            ],
            [
              -122.0804741,
              37.7257988
            ],
            [
              -122.0805276,
              37.7257763
            ],
            [
              -122.080564,
              37.7257312
            ],
            [
              -122.0805877,
              37.7257051
            ],
            [
              -122.0806017,
              37.7256829
            ],
            [
              -122.0806073,
              37.7256393
            ],
            [
              -122.0805883,
              37.7256001
            ],
            [
              -122.0805274,
              37.725567
            ],
            [
              -122.0804741,
              37.725558
            ],
            [
              -122.080417,
              37.7255549
            ],
            [
              -122.0803523,
              37.725582
            ],
            [
              -122.0803066,
              37.7256061
            ],
            [
              -122.080299,
              37.7256453
            ],
            [
              -122.0802914,
              37.7256904
            ],
            [
              -122.0803142,
              37.7257236
            ],
            [
              -122.0803523,
              37.7257416
            ]
          ]
        ]
      },
      "properties": {
        "course_id": "redwood_canyon_castro_valley",
        "course_name": "Redwood Canyon Golf Course",
        "hole_number": 9,
        "feature_type": "green",
        "name": "hole_9_green",
        "feature-color": "#2d6e2d",
        "is_approximate": true,
        "source": "osm",
        "@id": "8f7dca06-2044-47da-96a2-7163889a88de",
        "osm_id": 798533819
      }
    },
    {
      "type": "Feature",
      "bbox": [
        -122.0809623,
        37.7261298,
        -122.0807464,
        37.726389
      ],
      "geometry": {
        "type": "Polygon",
        "coordinates": [
          [
            [
              -122.0809318,
              37.7262291
            ],
            [
              -122.0809399,
              37.7262644
            ],
            [
              -122.0809552,
              37.7263134
            ],
            [
              -122.0809623,
              37.7263488
            ],
            [
              -122.0809607,
              37.7263645
            ],
            [
              -122.0809221,
              37.7263813
            ],
            [
              -122.080883,
              37.7263862
            ],
            [
              -122.0808414,
              37.726389
            ],
            [
              -122.0807997,
              37.7263878
            ],
            [
              -122.0807829,
              37.7263689
            ],
            [
              -122.0807718,
              37.7263086
            ],
            [
              -122.0807641,
              37.7262761
            ],
            [
              -122.0807464,
              37.7261997
            ],
            [
              -122.0807545,
              37.7261527
            ],
            [
              -122.0808231,
              37.7261298
            ],
            [
              -122.0809013,
              37.7261612
            ],
            [
              -122.0809074,
              37.726176
            ],
            [
              -122.0809318,
              37.7262291
            ]
          ]
        ]
      },
      "properties": {
        "course_id": "redwood_canyon_castro_valley",
        "course_name": "Redwood Canyon Golf Course",
        "hole_number": 1,
        "feature_type": "tee_box",
        "name": "hole_1_tee_box",
        "feature-color": "#8b7355",
        "is_approximate": true,
        "source": "osm",
        "@id": "79bcfefd-af16-4691-8c0e-25ee8e651e62",
        "osm_id": 798533820
      }
    },
    {
      "type": "Feature",
      "bbox": [
        -122.082213,
        37.7291722,
        -122.0819104,
        37.7294363
      ],
      "geometry": {
        "type": "Polygon",
        "coordinates": [
          [
            [
              -122.0819567,
              37.7294229
            ],
            [
              -122.0819339,
              37.7293997
            ],
            [
              -122.0819104,
              37.7293626
            ],
            [
              -122.081913,
              37.7293254
            ],
            [
              -122.0819313,
              37.7292903
            ],
            [
              -122.0819469,
              37.7292573
            ],
            [
              -122.0819652,
              37.7292295
            ],
            [
              -122.0820017,
              37.7291996
            ],
            [
              -122.0820435,
              37.729182
            ],
            [
              -122.0820819,
              37.7291722
            ],
            [
              -122.0821237,
              37.7291753
            ],
            [
              -122.0821654,
              37.7291908
            ],
            [
              -122.0821967,
              37.7292114
            ],
            [
              -122.0822117,
              37.7292367
            ],
            [
              -122.082213,
              37.7292718
            ],
            [
              -122.0822045,
              37.7293105
            ],
            [
              -122.0821856,
              37.729345
            ],
            [
              -122.0821641,
              37.7293744
            ],
            [
              -122.08214,
              37.7293976
            ],
            [
              -122.0821054,
              37.7294178
            ],
            [
              -122.0820682,
              37.7294296
            ],
            [
              -122.0820311,
              37.7294363
            ],
            [
              -122.0819893,
              37.7294363
            ],
            [
              -122.0819567,
              37.7294229
            ]
          ]
        ]
      },
      "properties": {
        "course_id": "redwood_canyon_castro_valley",
        "course_name": "Redwood Canyon Golf Course",
        "hole_number": 1,
        "feature_type": "green",
        "name": "hole_1_green",
        "feature-color": "#2d6e2d",
        "is_approximate": true,
        "source": "osm",
        "@id": "8ed25c09-086b-461c-b83f-871a04103e1c",
        "osm_id": 1155694786
      }
    },
    {
      "type": "Feature",
      "bbox": [
        -122.0819143,
        37.7292037,
        -122.0818198,
        37.7292919
      ],
      "geometry": {
        "type": "Polygon",
        "coordinates": [
          [
            [
              -122.0818554,
              37.7292919
            ],
            [
              -122.0818447,
              37.7292897
            ],
            [
              -122.0818243,
              37.7292772
            ],
            [
              -122.0818198,
              37.7292592
            ],
            [
              -122.0818226,
              37.7292391
            ],
            [
              -122.0818317,
              37.7292248
            ],
            [
              -122.0818521,
              37.7292095
            ],
            [
              -122.0818662,
              37.7292046
            ],
            [
              -122.0818809,
              37.7292037
            ],
            [
              -122.0818956,
              37.7292082
            ],
            [
              -122.0819104,
              37.7292171
            ],
            [
              -122.0819143,
              37.7292301
            ],
            [
              -122.0819109,
              37.7292445
            ],
            [
              -122.0819002,
              37.7292619
            ],
            [
              -122.0818866,
              37.7292776
            ],
            [
              -122.0818719,
              37.7292897
            ],
            [
              -122.0818554,
              37.7292919
            ]
          ]
        ]
      },
      "properties": {
        "course_id": "redwood_canyon_castro_valley",
        "course_name": "Redwood Canyon Golf Course",
        "hole_number": 1,
        "feature_type": "bunker",
        "name": "hole_1_bunker",
        "feature-color": "#d4b483",
        "is_approximate": true,
        "source": "osm",
        "@id": "5495efa8-66d6-43b7-9cfa-22b375e644d6",
        "osm_id": 1155694787
      }
    },
    {
      "type": "Feature",
      "bbox": [
        -122.0819551,
        37.7297155,
        -122.0817184,
        37.7300126
      ],
      "geometry": {
        "type": "Polygon",
        "coordinates": [
          [
            [
              -122.0818837,
              37.7300126
            ],
            [
              -122.0818387,
              37.7300042
            ],
            [
              -122.0817422,
              37.7298169
            ],
            [
              -122.0817184,
              37.7297688
            ],
            [
              -122.0817276,
              37.7297468
            ],
            [
              -122.0818044,
              37.7297155
            ],
            [
              -122.0818493,
              37.7297343
            ],
            [
              -122.0819379,
              37.7299069
            ],
            [
              -122.0819551,
              37.7299498
            ],
            [
              -122.0819419,
              37.7299812
            ],
            [
              -122.0819181,
              37.7300042
            ],
            [
              -122.0818837,
              37.7300126
            ]
          ]
        ]
      },
      "properties": {
        "course_id": "redwood_canyon_castro_valley",
        "course_name": "Redwood Canyon Golf Course",
        "hole_number": 2,
        "feature_type": "tee_box",
        "name": "hole_2_tee_box",
        "feature-color": "#8b7355",
        "is_approximate": true,
        "source": "osm",
        "@id": "fb8632aa-3eb7-40f7-8465-58a912d73947",
        "osm_id": 1155700604
      }
    },
    {
      "type": "Feature",
      "bbox": [
        -122.0823648,
        37.7324535,
        -122.0820662,
        37.7327115
      ],
      "geometry": {
        "type": "Polygon",
        "coordinates": [
          [
            [
              -122.0822618,
              37.7324685
            ],
            [
              -122.0821372,
              37.7324535
            ],
            [
              -122.0820939,
              37.7324932
            ],
            [
              -122.0820732,
              37.7325493
            ],
            [
              -122.0820662,
              37.7326041
            ],
            [
              -122.0820844,
              37.7326527
            ],
            [
              -122.0821234,
              37.732693
            ],
            [
              -122.0821718,
              37.7327095
            ],
            [
              -122.0822246,
              37.7327115
            ],
            [
              -122.0822895,
              37.7327026
            ],
            [
              -122.0823285,
              37.7326882
            ],
            [
              -122.0823492,
              37.7326636
            ],
            [
              -122.0823648,
              37.7326266
            ],
            [
              -122.0823613,
              37.7325938
            ],
            [
              -122.0823319,
              37.7325609
            ],
            [
              -122.0822956,
              37.7325254
            ],
            [
              -122.0822618,
              37.7324685
            ]
          ]
        ]
      },
      "properties": {
        "course_id": "redwood_canyon_castro_valley",
        "course_name": "Redwood Canyon Golf Course",
        "hole_number": 2,
        "feature_type": "green",
        "name": "hole_2_green",
        "feature-color": "#2d6e2d",
        "is_approximate": true,
        "source": "osm",
        "@id": "1bab8a3f-647a-4434-ba36-697d0df329c9",
        "osm_id": 1155700606
      }
    },
    {
      "type": "Feature",
      "bbox": [
        -122.0824098,
        37.7324408,
        -122.0823168,
        37.7325202
      ],
      "geometry": {
        "type": "Polygon",
        "coordinates": [
          [
            [
              -122.0823709,
              37.7325202
            ],
            [
              -122.0823543,
              37.7325182
            ],
            [
              -122.0823394,
              37.7325094
            ],
            [
              -122.0823216,
              37.7324906
            ],
            [
              -122.0823168,
              37.7324763
            ],
            [
              -122.0823239,
              37.7324596
            ],
            [
              -122.0823342,
              37.7324467
            ],
            [
              -122.0823491,
              37.7324408
            ],
            [
              -122.0823628,
              37.7324452
            ],
            [
              -122.0823798,
              37.732454
            ],
            [
              -122.0824046,
              37.7324772
            ],
            [
              -122.0824098,
              37.7324918
            ],
            [
              -122.0824069,
              37.7325029
            ],
            [
              -122.082395,
              37.7325152
            ],
            [
              -122.0823709,
              37.7325202
            ]
          ]
        ]
      },
      "properties": {
        "course_id": "redwood_canyon_castro_valley",
        "course_name": "Redwood Canyon Golf Course",
        "hole_number": 2,
        "feature_type": "bunker",
        "name": "hole_2_bunker",
        "feature-color": "#d4b483",
        "is_approximate": true,
        "source": "osm",
        "@id": "5ea175f1-f62c-4824-b92f-e0f295ad15b1",
        "osm_id": 1155700608
      }
    },
    {
      "type": "Feature",
      "bbox": [
        -122.0821992,
        37.73303,
        -122.0819789,
        37.7333018
      ],
      "geometry": {
        "type": "Polygon",
        "coordinates": [
          [
            [
              -122.0821086,
              37.73303
            ],
            [
              -122.0819789,
              37.7332713
            ],
            [
              -122.0820695,
              37.7333018
            ],
            [
              -122.0821992,
              37.7330604
            ],
            [
              -122.0821086,
              37.73303
            ]
          ]
        ]
      },
      "properties": {
        "course_id": "redwood_canyon_castro_valley",
        "course_name": "Redwood Canyon Golf Course",
        "hole_number": 3,
        "feature_type": "tee_box",
        "name": "hole_3_tee_box",
        "feature-color": "#8b7355",
        "is_approximate": true,
        "source": "osm",
        "@id": "dc260553-2e1f-48b6-ae78-ab1b7953c424",
        "osm_id": 1155700610
      }
    },
    {
      "type": "Feature",
      "bbox": [
        -122.0816421,
        37.7339455,
        -122.0813784,
        37.7341743
      ],
      "geometry": {
        "type": "Polygon",
        "coordinates": [
          [
            [
              -122.0814993,
              37.7341743
            ],
            [
              -122.0814603,
              37.7341612
            ],
            [
              -122.0814077,
              37.7341267
            ],
            [
              -122.0813799,
              37.7340929
            ],
            [
              -122.0813784,
              37.7340465
            ],
            [
              -122.0813964,
              37.7340097
            ],
            [
              -122.081437,
              37.7339728
            ],
            [
              -122.0814896,
              37.7339503
            ],
            [
              -122.0815406,
              37.7339455
            ],
            [
              -122.0816038,
              37.733961
            ],
            [
              -122.0816353,
              37.733993
            ],
            [
              -122.0816421,
              37.7340269
            ],
            [
              -122.0816361,
              37.7340626
            ],
            [
              -122.0816173,
              37.7340964
            ],
            [
              -122.0815955,
              37.7341321
            ],
            [
              -122.0815639,
              37.7341612
            ],
            [
              -122.0815325,
              37.7341712
            ],
            [
              -122.0814993,
              37.7341743
            ]
          ]
        ]
      },
      "properties": {
        "course_id": "redwood_canyon_castro_valley",
        "course_name": "Redwood Canyon Golf Course",
        "hole_number": 3,
        "feature_type": "green",
        "name": "hole_3_green",
        "feature-color": "#2d6e2d",
        "is_approximate": true,
        "source": "osm",
        "@id": "04e9e533-5220-4034-bb34-e243eed24f4e",
        "osm_id": 1155700611
      }
    },
    {
      "type": "Feature",
      "bbox": [
        -122.0814873,
        37.7338363,
        -122.0813737,
        37.7339168
      ],
      "geometry": {
        "type": "Polygon",
        "coordinates": [
          [
            [
              -122.0813958,
              37.733841
            ],
            [
              -122.0813796,
              37.7338546
            ],
            [
              -122.0813737,
              37.7338725
            ],
            [
              -122.0813762,
              37.7338861
            ],
            [
              -122.081384,
              37.7338993
            ],
            [
              -122.0813978,
              37.7339102
            ],
            [
              -122.0814125,
              37.7339156
            ],
            [
              -122.0814347,
              37.7339168
            ],
            [
              -122.0814553,
              37.7339121
            ],
            [
              -122.0814745,
              37.7339024
            ],
            [
              -122.0814873,
              37.7338877
            ],
            [
              -122.0814833,
              37.733869
            ],
            [
              -122.0814784,
              37.7338612
            ],
            [
              -122.0814578,
              37.7338449
            ],
            [
              -122.0814361,
              37.7338363
            ],
            [
              -122.0814155,
              37.7338363
            ],
            [
              -122.0813958,
              37.733841
            ]
          ]
        ]
      },
      "properties": {
        "course_id": "redwood_canyon_castro_valley",
        "course_name": "Redwood Canyon Golf Course",
        "hole_number": 3,
        "feature_type": "bunker",
        "name": "hole_3_bunker",
        "feature-color": "#d4b483",
        "is_approximate": true,
        "source": "osm",
        "@id": "dc0d5274-e383-4c4f-9dc3-a1eb4f3a3505",
        "osm_id": 1155700613
      }
    },
    {
      "type": "Feature",
      "bbox": [
        -122.0816646,
        37.7344245,
        -122.0813325,
        37.7347383
      ],
      "geometry": {
        "type": "Polygon",
        "coordinates": [
          [
            [
              -122.0814512,
              37.7347276
            ],
            [
              -122.0814197,
              37.7347383
            ],
            [
              -122.0813956,
              37.7347335
            ],
            [
              -122.081337,
              37.7346967
            ],
            [
              -122.0813325,
              37.7346777
            ],
            [
              -122.081606,
              37.7344245
            ],
            [
              -122.0816646,
              37.7344626
            ],
            [
              -122.0815909,
              37.7345713
            ],
            [
              -122.0815624,
              37.7345933
            ],
            [
              -122.0814512,
              37.7347276
            ]
          ]
        ]
      },
      "properties": {
        "course_id": "redwood_canyon_castro_valley",
        "course_name": "Redwood Canyon Golf Course",
        "hole_number": 4,
        "feature_type": "tee_box",
        "name": "hole_4_tee_box",
        "feature-color": "#8b7355",
        "is_approximate": true,
        "source": "osm",
        "@id": "0659fa10-f646-485d-b85c-5761f17e7eb8",
        "osm_id": 1155700615
      }
    },
    {
      "type": "Feature",
      "bbox": [
        -122.0765158,
        37.7375241,
        -122.0763299,
        37.7377867
      ],
      "geometry": {
        "type": "Polygon",
        "coordinates": [
          [
            [
              -122.0764411,
              37.7377759
            ],
            [
              -122.0763909,
              37.7377867
            ],
            [
              -122.0763513,
              37.7377819
            ],
            [
              -122.0763299,
              37.7377482
            ],
            [
              -122.0763848,
              37.737553
            ],
            [
              -122.0764122,
              37.7375241
            ],
            [
              -122.0764792,
              37.7375337
            ],
            [
              -122.0765158,
              37.737553
            ],
            [
              -122.0765143,
              37.7375879
            ],
            [
              -122.0764411,
              37.7377759
            ]
          ]
        ]
      },
      "properties": {
        "course_id": "redwood_canyon_castro_valley",
        "course_name": "Redwood Canyon Golf Course",
        "hole_number": 5,
        "feature_type": "tee_box",
        "name": "hole_5_tee_box",
        "feature-color": "#8b7355",
        "is_approximate": true,
        "source": "osm",
        "@id": "3780afa7-2825-42dc-8cbb-9c588ecabf5b",
        "osm_id": 1155700616
      }
    },
    {
      "type": "Feature",
      "bbox": [
        -122.0768153,
        37.7365481,
        -122.0767237,
        37.7366367
      ],
      "geometry": {
        "type": "Polygon",
        "coordinates": [
          [
            [
              -122.0767748,
              37.7366367
            ],
            [
              -122.076744,
              37.7366313
            ],
            [
              -122.0767237,
              37.7365939
            ],
            [
              -122.0767305,
              37.7365671
            ],
            [
              -122.0767605,
              37.7365481
            ],
            [
              -122.0768018,
              37.7365594
            ],
            [
              -122.076813,
              37.7365742
            ],
            [
              -122.0768153,
              37.7365974
            ],
            [
              -122.0767973,
              37.7366224
            ],
            [
              -122.0767748,
              37.7366367
            ]
          ]
        ]
      },
      "properties": {
        "course_id": "redwood_canyon_castro_valley",
        "course_name": "Redwood Canyon Golf Course",
        "hole_number": 5,
        "feature_type": "bunker",
        "name": "hole_5_bunker",
        "feature-color": "#d4b483",
        "is_approximate": true,
        "source": "osm",
        "@id": "8e915a27-5ed9-4297-a182-8f2bf4427458",
        "osm_id": 1155700621
      }
    },
    {
      "type": "Feature",
      "bbox": [
        -122.0771078,
        37.7364645,
        -122.0768373,
        37.7367223
      ],
      "geometry": {
        "type": "Polygon",
        "coordinates": [
          [
            [
              -122.0769636,
              37.7367223
            ],
            [
              -122.07692,
              37.7367164
            ],
            [
              -122.0768734,
              37.7366879
            ],
            [
              -122.0768396,
              37.7366421
            ],
            [
              -122.0768373,
              37.7365762
            ],
            [
              -122.0768599,
              37.7365334
            ],
            [
              -122.0768982,
              37.73649
            ],
            [
              -122.076944,
              37.7364704
            ],
            [
              -122.0769921,
              37.7364645
            ],
            [
              -122.0770364,
              37.7364746
            ],
            [
              -122.0770785,
              37.7365043
            ],
            [
              -122.0771018,
              37.7365441
            ],
            [
              -122.0771078,
              37.7365893
            ],
            [
              -122.0770988,
              37.7366261
            ],
            [
              -122.0770808,
              37.7366617
            ],
            [
              -122.07705,
              37.7366932
            ],
            [
              -122.0770154,
              37.7367111
            ],
            [
              -122.0769636,
              37.7367223
            ]
          ]
        ]
      },
      "properties": {
        "course_id": "redwood_canyon_castro_valley",
        "course_name": "Redwood Canyon Golf Course",
        "hole_number": 5,
        "feature_type": "green",
        "name": "hole_5_green",
        "feature-color": "#2d6e2d",
        "is_approximate": true,
        "source": "osm",
        "@id": "9818a96d-3422-490f-bf6a-5f3f38e0ed80",
        "osm_id": 1155700622
      }
    },
    {
      "type": "Feature",
      "bbox": [
        -122.0777258,
        37.7364708,
        -122.0775503,
        37.7365851
      ],
      "geometry": {
        "type": "Polygon",
        "coordinates": [
          [
            [
              -122.0777258,
              37.7365331
            ],
            [
              -122.0777058,
              37.7364968
            ],
            [
              -122.077669,
              37.7364708
            ],
            [
              -122.0775942,
              37.7364905
            ],
            [
              -122.0775503,
              37.7365221
            ],
            [
              -122.0775633,
              37.7365591
            ],
            [
              -122.0776042,
              37.7365851
            ],
            [
              -122.077673,
              37.7365638
            ],
            [
              -122.0777258,
              37.7365331
            ]
          ]
        ]
      },
      "properties": {
        "course_id": "redwood_canyon_castro_valley",
        "course_name": "Redwood Canyon Golf Course",
        "hole_number": 6,
        "feature_type": "tee_box",
        "name": "hole_6_tee_box",
        "feature-color": "#8b7355",
        "is_approximate": true,
        "source": "osm",
        "@id": "b8260c1a-2090-4bac-a9ee-01e4de4e7686",
        "osm_id": 1155700624
      }
    },
    {
      "type": "Feature",
      "bbox": [
        -122.0805272,
        37.7348492,
        -122.0804089,
        37.7349231
      ],
      "geometry": {
        "type": "Polygon",
        "coordinates": [
          [
            [
              -122.0804978,
              37.7349213
            ],
            [
              -122.0804649,
              37.7349231
            ],
            [
              -122.0804349,
              37.7349191
            ],
            [
              -122.0804134,
              37.7349057
            ],
            [
              -122.0804089,
              37.7348877
            ],
            [
              -122.0804151,
              37.7348703
            ],
            [
              -122.0804355,
              37.734856
            ],
            [
              -122.0804508,
              37.7348501
            ],
            [
              -122.0804802,
              37.7348492
            ],
            [
              -122.0805131,
              37.7348627
            ],
            [
              -122.0805244,
              37.7348833
            ],
            [
              -122.0805272,
              37.7348963
            ],
            [
              -122.0805199,
              37.7349119
            ],
            [
              -122.0804978,
              37.7349213
            ]
          ]
        ]
      },
      "properties": {
        "course_id": "redwood_canyon_castro_valley",
        "course_name": "Redwood Canyon Golf Course",
        "hole_number": 6,
        "feature_type": "bunker",
        "name": "hole_6_bunker",
        "feature-color": "#d4b483",
        "is_approximate": true,
        "source": "osm",
        "@id": "b0e7ab83-d5d7-4bfd-ac9a-3df889f8ed1b",
        "osm_id": 1155700629
      }
    },
    {
      "type": "Feature",
      "bbox": [
        -122.0806416,
        37.7346065,
        -122.0803573,
        37.7348183
      ],
      "geometry": {
        "type": "Polygon",
        "coordinates": [
          [
            [
              -122.0804332,
              37.7348148
            ],
            [
              -122.0803947,
              37.7348031
            ],
            [
              -122.0803698,
              37.7347753
            ],
            [
              -122.0803573,
              37.7347324
            ],
            [
              -122.0803647,
              37.7346925
            ],
            [
              -122.080393,
              37.7346585
            ],
            [
              -122.0804378,
              37.7346276
            ],
            [
              -122.0804847,
              37.7346119
            ],
            [
              -122.0805391,
              37.7346065
            ],
            [
              -122.0805765,
              37.7346137
            ],
            [
              -122.0806184,
              37.7346352
            ],
            [
              -122.0806416,
              37.7346679
            ],
            [
              -122.080641,
              37.7347086
            ],
            [
              -122.0806257,
              37.7347521
            ],
            [
              -122.0806003,
              37.7347839
            ],
            [
              -122.0805623,
              37.7348076
            ],
            [
              -122.0805012,
              37.7348183
            ],
            [
              -122.0804332,
              37.7348148
            ]
          ]
        ]
      },
      "properties": {
        "course_id": "redwood_canyon_castro_valley",
        "course_name": "Redwood Canyon Golf Course",
        "hole_number": 6,
        "feature_type": "green",
        "name": "hole_6_green",
        "feature-color": "#2d6e2d",
        "is_approximate": true,
        "source": "osm",
        "@id": "3cf7b84d-d4d6-4b77-b793-d22d7f6fd0b1",
        "osm_id": 1155700630
      }
    },
    {
      "type": "Feature",
      "bbox": [
        -122.0811586,
        37.7340457,
        -122.0809777,
        37.7343194
      ],
      "geometry": {
        "type": "Polygon",
        "coordinates": [
          [
            [
              -122.0810746,
              37.7343064
            ],
            [
              -122.081053,
              37.7343194
            ],
            [
              -122.081021,
              37.7343187
            ],
            [
              -122.0809855,
              37.734303
            ],
            [
              -122.0809777,
              37.734279
            ],
            [
              -122.0810582,
              37.7340717
            ],
            [
              -122.0810729,
              37.7340505
            ],
            [
              -122.0810824,
              37.7340457
            ],
            [
              -122.0811439,
              37.7340587
            ],
            [
              -122.0811586,
              37.7340785
            ],
            [
              -122.0810746,
              37.7343064
            ]
          ]
        ]
      },
      "properties": {
        "course_id": "redwood_canyon_castro_valley",
        "course_name": "Redwood Canyon Golf Course",
        "hole_number": 7,
        "feature_type": "tee_box",
        "name": "hole_7_tee_box",
        "feature-color": "#8b7355",
        "is_approximate": true,
        "source": "osm",
        "@id": "2289b68f-b03a-4bb1-b1da-88741714b8cd",
        "osm_id": 1155700632
      }
    },
    {
      "type": "Feature",
      "bbox": [
        -122.0816031,
        37.7328375,
        -122.0813291,
        37.7331063
      ],
      "geometry": {
        "type": "Polygon",
        "coordinates": [
          [
            [
              -122.0815411,
              37.7330717
            ],
            [
              -122.0815691,
              37.7330413
            ],
            [
              -122.0815861,
              37.7330062
            ],
            [
              -122.0815992,
              37.7329619
            ],
            [
              -122.0816031,
              37.7329206
            ],
            [
              -122.0815926,
              37.7328834
            ],
            [
              -122.0815757,
              37.7328597
            ],
            [
              -122.081545,
              37.7328468
            ],
            [
              -122.0814928,
              37.7328375
            ],
            [
              -122.081455,
              37.7328458
            ],
            [
              -122.0814133,
              37.7328675
            ],
            [
              -122.0813715,
              37.7328963
            ],
            [
              -122.0813474,
              37.7329257
            ],
            [
              -122.0813291,
              37.7329639
            ],
            [
              -122.0813311,
              37.7330016
            ],
            [
              -122.0813441,
              37.7330335
            ],
            [
              -122.0813657,
              37.733066
            ],
            [
              -122.0813807,
              37.733082
            ],
            [
              -122.0814067,
              37.7330996
            ],
            [
              -122.0814478,
              37.7331063
            ],
            [
              -122.0814941,
              37.7331006
            ],
            [
              -122.0815209,
              37.7330887
            ],
            [
              -122.0815411,
              37.7330717
            ]
          ]
        ]
      },
      "properties": {
        "course_id": "redwood_canyon_castro_valley",
        "course_name": "Redwood Canyon Golf Course",
        "hole_number": 7,
        "feature_type": "green",
        "name": "hole_7_green",
        "feature-color": "#2d6e2d",
        "is_approximate": true,
        "source": "osm",
        "@id": "588952ad-d8e9-49aa-937b-a44848fd9627",
        "osm_id": 1155700633
      }
    },
    {
      "type": "Feature",
      "bbox": [
        -122.0815719,
        37.732379,
        -122.081489,
        37.7326355
      ],
      "geometry": {
        "type": "Polygon",
        "coordinates": [
          [
            [
              -122.0815719,
              37.7326353
            ],
            [
              -122.0814901,
              37.7326355
            ],
            [
              -122.081489,
              37.7323793
            ],
            [
              -122.0815709,
              37.732379
            ],
            [
              -122.0815719,
              37.7326353
            ]
          ]
        ]
      },
      "properties": {
        "course_id": "redwood_canyon_castro_valley",
        "course_name": "Redwood Canyon Golf Course",
        "hole_number": 8,
        "feature_type": "tee_box",
        "name": "hole_8_tee_box",
        "feature-color": "#8b7355",
        "is_approximate": true,
        "source": "osm",
        "@id": "f08ab204-9510-4450-b323-ad166ea862f1",
        "osm_id": 1155700635
      }
    },
    {
      "type": "Feature",
      "bbox": [
        -122.0815029,
        37.7301438,
        -122.0813402,
        37.7302547
      ],
      "geometry": {
        "type": "Polygon",
        "coordinates": [
          [
            [
              -122.081457,
              37.7302184
            ],
            [
              -122.0814406,
              37.7302232
            ],
            [
              -122.0813956,
              37.7302492
            ],
            [
              -122.0813644,
              37.7302547
            ],
            [
              -122.0813419,
              37.7302424
            ],
            [
              -122.0813402,
              37.730226
            ],
            [
              -122.0813523,
              37.7301972
            ],
            [
              -122.0813653,
              37.7301733
            ],
            [
              -122.0813878,
              37.7301582
            ],
            [
              -122.0814094,
              37.7301493
            ],
            [
              -122.0814319,
              37.7301438
            ],
            [
              -122.0814562,
              37.7301438
            ],
            [
              -122.0814787,
              37.7301479
            ],
            [
              -122.081496,
              37.7301548
            ],
            [
              -122.0815029,
              37.7301657
            ],
            [
              -122.081502,
              37.7301801
            ],
            [
              -122.0814873,
              37.7302013
            ],
            [
              -122.081457,
              37.7302184
            ]
          ]
        ]
      },
      "properties": {
        "course_id": "redwood_canyon_castro_valley",
        "course_name": "Redwood Canyon Golf Course",
        "hole_number": 8,
        "feature_type": "bunker",
        "name": "hole_8_bunker",
        "feature-color": "#d4b483",
        "is_approximate": true,
        "source": "osm",
        "@id": "e85f8c19-a2e4-48ae-8aba-27101eb57003",
        "osm_id": 1155700636
      }
    },
    {
      "type": "Feature",
      "bbox": [
        -122.0815029,
        37.7299282,
        -122.0812113,
        37.7301541
      ],
      "geometry": {
        "type": "Polygon",
        "coordinates": [
          [
            [
              -122.0814371,
              37.730111
            ],
            [
              -122.0813887,
              37.7301233
            ],
            [
              -122.0813454,
              37.7301452
            ],
            [
              -122.0813082,
              37.7301541
            ],
            [
              -122.0812744,
              37.7301521
            ],
            [
              -122.0812424,
              37.7301349
            ],
            [
              -122.0812164,
              37.7300994
            ],
            [
              -122.0812113,
              37.7300624
            ],
            [
              -122.0812147,
              37.7300309
            ],
            [
              -122.0812268,
              37.7299967
            ],
            [
              -122.0812441,
              37.7299707
            ],
            [
              -122.0812822,
              37.7299501
            ],
            [
              -122.0813125,
              37.7299371
            ],
            [
              -122.0813636,
              37.7299282
            ],
            [
              -122.0814189,
              37.7299365
            ],
            [
              -122.0814613,
              37.7299618
            ],
            [
              -122.0814899,
              37.7299912
            ],
            [
              -122.0815029,
              37.7300343
            ],
            [
              -122.0814986,
              37.7300638
            ],
            [
              -122.0814752,
              37.7300932
            ],
            [
              -122.0814371,
              37.730111
            ]
          ]
        ]
      },
      "properties": {
        "course_id": "redwood_canyon_castro_valley",
        "course_name": "Redwood Canyon Golf Course",
        "hole_number": 8,
        "feature_type": "green",
        "name": "hole_8_green",
        "feature-color": "#2d6e2d",
        "is_approximate": true,
        "source": "osm",
        "@id": "be4cd6cd-6fdd-439a-b11b-8d94a2f58a34",
        "osm_id": 1155700637
      }
    },
    {
      "type": "Feature",
      "bbox": [
        -122.0806689,
        37.7257375,
        -122.0805607,
        37.7258393
      ],
      "geometry": {
        "type": "Polygon",
        "coordinates": [
          [
            [
              -122.0806122,
              37.7258351
            ],
            [
              -122.0805885,
              37.7258393
            ],
            [
              -122.0805692,
              37.7258346
            ],
            [
              -122.0805607,
              37.7258143
            ],
            [
              -122.0805658,
              37.7257903
            ],
            [
              -122.080587,
              37.7257543
            ],
            [
              -122.0806042,
              37.7257409
            ],
            [
              -122.0806315,
              37.7257375
            ],
            [
              -122.0806479,
              37.725741
            ],
            [
              -122.0806621,
              37.7257518
            ],
            [
              -122.0806689,
              37.7257693
            ],
            [
              -122.0806632,
              37.7257912
            ],
            [
              -122.08064,
              37.7258167
            ],
            [
              -122.0806122,
              37.7258351
            ]
          ]
        ]
      },
      "properties": {
        "course_id": "redwood_canyon_castro_valley",
        "course_name": "Redwood Canyon Golf Course",
        "hole_number": 9,
        "feature_type": "bunker",
        "name": "hole_9_bunker",
        "feature-color": "#d4b483",
        "is_approximate": true,
        "source": "osm",
        "@id": "4073993c-c6d7-4fcc-be5c-6f6c92546c3a",
        "osm_id": 1155700650
      }
    },
    {
      "type": "Feature",
      "bbox": [
        -122.0803484,
        37.7257749,
        -122.0802193,
        37.7258622
      ],
      "geometry": {
        "type": "Polygon",
        "coordinates": [
          [
            [
              -122.0802804,
              37.7258622
            ],
            [
              -122.0802569,
              37.7258568
            ],
            [
              -122.080238,
              37.7258479
            ],
            [
              -122.0802224,
              37.7258344
            ],
            [
              -122.0802193,
              37.7258183
            ],
            [
              -122.0802257,
              37.7257976
            ],
            [
              -122.0802434,
              37.725784
            ],
            [
              -122.0802656,
              37.7257759
            ],
            [
              -122.0802923,
              37.7257749
            ],
            [
              -122.0803146,
              37.7257783
            ],
            [
              -122.0803356,
              37.7257881
            ],
            [
              -122.0803454,
              37.7258032
            ],
            [
              -122.0803484,
              37.7258219
            ],
            [
              -122.0803422,
              37.7258409
            ],
            [
              -122.080328,
              37.7258555
            ],
            [
              -122.0803076,
              37.7258615
            ],
            [
              -122.0802804,
              37.7258622
            ]
          ]
        ]
      },
      "properties": {
        "course_id": "redwood_canyon_castro_valley",
        "course_name": "Redwood Canyon Golf Course",
        "hole_number": 9,
        "feature_type": "bunker",
        "name": "hole_9_bunker_2",
        "feature-color": "#d4b483",
        "is_approximate": true,
        "source": "osm",
        "@id": "5d1b2841-c0de-4259-b7a8-94b026c0ddcc",
        "osm_id": 1155700651
      }
    },
    {
      "type": "Feature",
      "bbox": [
        -122.082186,
        37.724607,
        -122.0819022,
        37.7247507
      ],
      "geometry": {
        "type": "Polygon",
        "coordinates": [
          [
            [
              -122.0821298,
              37.7247507
            ],
            [
              -122.0819325,
              37.724696
            ],
            [
              -122.0819057,
              37.7246802
            ],
            [
              -122.0819022,
              37.7246624
            ],
            [
              -122.0819039,
              37.7246419
            ],
            [
              -122.0819204,
              37.724618
            ],
            [
              -122.0819394,
              37.7246084
            ],
            [
              -122.0819636,
              37.724607
            ],
            [
              -122.0819948,
              37.7246125
            ],
            [
              -122.0821644,
              37.724659
            ],
            [
              -122.082186,
              37.7246802
            ],
            [
              -122.0821852,
              37.724696
            ],
            [
              -122.0821852,
              37.7247124
            ],
            [
              -122.0821739,
              37.724735
            ],
            [
              -122.0821558,
              37.7247466
            ],
            [
              -122.0821298,
              37.7247507
            ]
          ]
        ]
      },
      "properties": {
        "course_id": "redwood_canyon_castro_valley",
        "course_name": "Redwood Canyon Golf Course",
        "hole_number": 10,
        "feature_type": "tee_box",
        "name": "hole_10_tee_box",
        "feature-color": "#8b7355",
        "is_approximate": true,
        "source": "osm",
        "@id": "9b2f125f-cf98-43b4-be77-e2b3b74487a7",
        "osm_id": 1155915458
      }
    },
    {
      "type": "Feature",
      "bbox": [
        -122.0852119,
        37.7256457,
        -122.0851223,
        37.7257248
      ],
      "geometry": {
        "type": "Polygon",
        "coordinates": [
          [
            [
              -122.085123,
              37.7256768
            ],
            [
              -122.0851223,
              37.7256949
            ],
            [
              -122.0851354,
              37.7257134
            ],
            [
              -122.0851466,
              37.7257217
            ],
            [
              -122.085162,
              37.7257248
            ],
            [
              -122.0851774,
              37.7257248
            ],
            [
              -122.0851932,
              37.7257195
            ],
            [
              -122.0852022,
              37.7257118
            ],
            [
              -122.0852073,
              37.7257042
            ],
            [
              -122.0852119,
              37.725695
            ],
            [
              -122.0852109,
              37.7256841
            ],
            [
              -122.0852054,
              37.7256726
            ],
            [
              -122.0852012,
              37.7256658
            ],
            [
              -122.0851945,
              37.7256579
            ],
            [
              -122.0851864,
              37.7256515
            ],
            [
              -122.0851742,
              37.725648
            ],
            [
              -122.0851636,
              37.7256457
            ],
            [
              -122.0851517,
              37.725647
            ],
            [
              -122.0851405,
              37.7256508
            ],
            [
              -122.0851331,
              37.7256571
            ],
            [
              -122.0851263,
              37.7256676
            ],
            [
              -122.085123,
              37.7256768
            ]
          ]
        ]
      },
      "properties": {
        "course_id": "redwood_canyon_castro_valley",
        "course_name": "Redwood Canyon Golf Course",
        "hole_number": 10,
        "feature_type": "bunker",
        "name": "hole_10_bunker",
        "feature-color": "#d4b483",
        "is_approximate": true,
        "source": "osm",
        "@id": "094cf31d-75d3-4a75-9f4d-2ea651f7079c",
        "osm_id": 1155915469
      }
    },
    {
      "type": "Feature",
      "bbox": [
        -122.0853071,
        37.7254634,
        -122.0852241,
        37.7255199
      ],
      "geometry": {
        "type": "Polygon",
        "coordinates": [
          [
            [
              -122.0852787,
              37.7255171
            ],
            [
              -122.0852649,
              37.7255199
            ],
            [
              -122.0852463,
              37.7255194
            ],
            [
              -122.0852344,
              37.725515
            ],
            [
              -122.0852247,
              37.7255028
            ],
            [
              -122.0852241,
              37.7254891
            ],
            [
              -122.0852279,
              37.7254815
            ],
            [
              -122.0852347,
              37.7254751
            ],
            [
              -122.0852479,
              37.7254687
            ],
            [
              -122.0852643,
              37.7254634
            ],
            [
              -122.0852881,
              37.7254675
            ],
            [
              -122.0852993,
              37.7254748
            ],
            [
              -122.0853045,
              37.725484
            ],
            [
              -122.0853071,
              37.7254916
            ],
            [
              -122.0853058,
              37.7255013
            ],
            [
              -122.0852955,
              37.7255094
            ],
            [
              -122.0852787,
              37.7255171
            ]
          ]
        ]
      },
      "properties": {
        "course_id": "redwood_canyon_castro_valley",
        "course_name": "Redwood Canyon Golf Course",
        "hole_number": 10,
        "feature_type": "bunker",
        "name": "hole_10_bunker_2",
        "feature-color": "#d4b483",
        "is_approximate": true,
        "source": "osm",
        "@id": "4a1cbf23-3d76-4364-ad4c-6feb6479d935",
        "osm_id": 1155915470
      }
    },
    {
      "type": "Feature",
      "bbox": [
        -122.0855557,
        37.7255146,
        -122.0852224,
        37.7257817
      ],
      "geometry": {
        "type": "Polygon",
        "coordinates": [
          [
            [
              -122.0854878,
              37.7255476
            ],
            [
              -122.0853605,
              37.7255146
            ],
            [
              -122.0853138,
              37.7255235
            ],
            [
              -122.085275,
              37.7255418
            ],
            [
              -122.0852445,
              37.7255698
            ],
            [
              -122.0852288,
              37.7255916
            ],
            [
              -122.0852224,
              37.7256168
            ],
            [
              -122.0852278,
              37.7256553
            ],
            [
              -122.0852534,
              37.7257074
            ],
            [
              -122.0852809,
              37.7257362
            ],
            [
              -122.0853207,
              37.7257611
            ],
            [
              -122.0853487,
              37.7257731
            ],
            [
              -122.0853762,
              37.7257793
            ],
            [
              -122.0854244,
              37.7257817
            ],
            [
              -122.0854618,
              37.7257739
            ],
            [
              -122.0854893,
              37.725763
            ],
            [
              -122.0855208,
              37.7257405
            ],
            [
              -122.085537,
              37.7257206
            ],
            [
              -122.0855557,
              37.7256888
            ],
            [
              -122.0855488,
              37.7256576
            ],
            [
              -122.0855321,
              37.7256157
            ],
            [
              -122.0855144,
              37.7255776
            ],
            [
              -122.0854878,
              37.7255476
            ]
          ]
        ]
      },
      "properties": {
        "course_id": "redwood_canyon_castro_valley",
        "course_name": "Redwood Canyon Golf Course",
        "hole_number": 10,
        "feature_type": "green",
        "name": "hole_10_green",
        "feature-color": "#2d6e2d",
        "is_approximate": true,
        "source": "osm",
        "@id": "013fce77-99a9-4bec-8c4c-f702f39dd7c5",
        "osm_id": 1155915471
      }
    },
    {
      "type": "Feature",
      "bbox": [
        -122.0905416,
        37.7294789,
        -122.0904392,
        37.7295547
      ],
      "geometry": {
        "type": "Polygon",
        "coordinates": [
          [
            [
              -122.0904515,
              37.7295371
            ],
            [
              -122.0904418,
              37.7295222
            ],
            [
              -122.0904392,
              37.7295077
            ],
            [
              -122.0904431,
              37.7294954
            ],
            [
              -122.0904496,
              37.729484
            ],
            [
              -122.0904652,
              37.7294789
            ],
            [
              -122.0904861,
              37.7294809
            ],
            [
              -122.0905018,
              37.7294871
            ],
            [
              -122.0905233,
              37.7295
            ],
            [
              -122.0905344,
              37.729515
            ],
            [
              -122.0905416,
              37.729532
            ],
            [
              -122.0905331,
              37.7295408
            ],
            [
              -122.0905142,
              37.7295506
            ],
            [
              -122.0904946,
              37.7295547
            ],
            [
              -122.0904659,
              37.7295485
            ],
            [
              -122.0904515,
              37.7295371
            ]
          ]
        ]
      },
      "properties": {
        "course_id": "redwood_canyon_castro_valley",
        "course_name": "Redwood Canyon Golf Course",
        "hole_number": 12,
        "feature_type": "bunker",
        "name": "hole_12_bunker",
        "feature-color": "#d4b483",
        "is_approximate": true,
        "source": "osm",
        "@id": "39cd196c-622a-4637-b283-f005eab2b4f7",
        "osm_id": 1155915484
      }
    },
    {
      "type": "Feature",
      "bbox": [
        -122.0907856,
        37.7293012,
        -122.0904975,
        37.7295617
      ],
      "geometry": {
        "type": "Polygon",
        "coordinates": [
          [
            [
              -122.0905319,
              37.7294703
            ],
            [
              -122.090499,
              37.7294303
            ],
            [
              -122.0904975,
              37.7294252
            ],
            [
              -122.0905192,
              37.7293576
            ],
            [
              -122.0905314,
              37.7293417
            ],
            [
              -122.0905541,
              37.7293261
            ],
            [
              -122.0905791,
              37.7293133
            ],
            [
              -122.0906071,
              37.7293051
            ],
            [
              -122.0906534,
              37.7293012
            ],
            [
              -122.0906942,
              37.7293094
            ],
            [
              -122.090731,
              37.7293261
            ],
            [
              -122.09076,
              37.7293475
            ],
            [
              -122.0907782,
              37.7293852
            ],
            [
              -122.0907856,
              37.7294229
            ],
            [
              -122.0907826,
              37.7294571
            ],
            [
              -122.0907753,
              37.7294909
            ],
            [
              -122.0907581,
              37.729517
            ],
            [
              -122.0907335,
              37.7295403
            ],
            [
              -122.0907055,
              37.7295555
            ],
            [
              -122.0906671,
              37.7295617
            ],
            [
              -122.0906366,
              37.7295594
            ],
            [
              -122.0905875,
              37.7295384
            ],
            [
              -122.0905541,
              37.7295057
            ],
            [
              -122.0905319,
              37.7294703
            ]
          ]
        ]
      },
      "properties": {
        "course_id": "redwood_canyon_castro_valley",
        "course_name": "Redwood Canyon Golf Course",
        "hole_number": 12,
        "feature_type": "green",
        "name": "hole_12_green",
        "feature-color": "#2d6e2d",
        "is_approximate": true,
        "source": "osm",
        "@id": "af13981b-08dc-44b1-951f-5941a699a12f",
        "osm_id": 1155915485
      }
    },
    {
      "type": "Feature",
      "bbox": [
        -122.0855369,
        37.7259645,
        -122.0853169,
        37.7262271
      ],
      "geometry": {
        "type": "Polygon",
        "coordinates": [
          [
            [
              -122.0854191,
              37.7262083
            ],
            [
              -122.0853176,
              37.7260237
            ],
            [
              -122.0853169,
              37.726009
            ],
            [
              -122.0853228,
              37.725995
            ],
            [
              -122.0853391,
              37.7259844
            ],
            [
              -122.0853621,
              37.7259733
            ],
            [
              -122.085388,
              37.7259657
            ],
            [
              -122.0854102,
              37.7259645
            ],
            [
              -122.085431,
              37.7259739
            ],
            [
              -122.0854473,
              37.7259891
            ],
            [
              -122.0855369,
              37.7261749
            ],
            [
              -122.0855325,
              37.7261925
            ],
            [
              -122.0855214,
              37.7262036
            ],
            [
              -122.0854962,
              37.7262165
            ],
            [
              -122.0854688,
              37.7262253
            ],
            [
              -122.0854473,
              37.7262271
            ],
            [
              -122.0854302,
              37.7262229
            ],
            [
              -122.0854191,
              37.7262083
            ]
          ]
        ]
      },
      "properties": {
        "course_id": "redwood_canyon_castro_valley",
        "course_name": "Redwood Canyon Golf Course",
        "hole_number": 11,
        "feature_type": "tee_box",
        "name": "hole_11_tee_box",
        "feature-color": "#8b7355",
        "is_approximate": true,
        "source": "osm",
        "@id": "bf682b20-742d-4aa3-94a0-b5f1f9315082",
        "osm_id": 1156214648
      }
    },
    {
      "type": "Feature",
      "bbox": [
        -122.0869838,
        37.727703,
        -122.0866799,
        37.7279511
      ],
      "geometry": {
        "type": "Polygon",
        "coordinates": [
          [
            [
              -122.0867225,
              37.7279055
            ],
            [
              -122.0867012,
              37.7278602
            ],
            [
              -122.0866872,
              37.7278223
            ],
            [
              -122.0866799,
              37.7277874
            ],
            [
              -122.0866813,
              37.7277678
            ],
            [
              -122.0866954,
              37.7277467
            ],
            [
              -122.0867158,
              37.7277268
            ],
            [
              -122.0867439,
              37.727713
            ],
            [
              -122.0867734,
              37.7277049
            ],
            [
              -122.0868059,
              37.727703
            ],
            [
              -122.0868413,
              37.7277072
            ],
            [
              -122.0868704,
              37.7277195
            ],
            [
              -122.0868932,
              37.7277345
            ],
            [
              -122.0869354,
              37.7277678
            ],
            [
              -122.086963,
              37.727792
            ],
            [
              -122.0869819,
              37.7278192
            ],
            [
              -122.0869838,
              37.7278468
            ],
            [
              -122.0869761,
              37.7278744
            ],
            [
              -122.0869572,
              37.7279062
            ],
            [
              -122.0869305,
              37.7279281
            ],
            [
              -122.0868912,
              37.7279423
            ],
            [
              -122.0868486,
              37.7279499
            ],
            [
              -122.0867948,
              37.7279511
            ],
            [
              -122.0867536,
              37.7279361
            ],
            [
              -122.0867225,
              37.7279055
            ]
          ]
        ]
      },
      "properties": {
        "course_id": "redwood_canyon_castro_valley",
        "course_name": "Redwood Canyon Golf Course",
        "hole_number": 11,
        "feature_type": "green",
        "name": "hole_11_green",
        "feature-color": "#2d6e2d",
        "is_approximate": true,
        "source": "osm",
        "@id": "caa83a81-b533-486b-92f8-77415b534b0f",
        "osm_id": 1156214649
      }
    },
    {
      "type": "Feature",
      "bbox": [
        -122.0866917,
        37.7278369,
        -122.086614,
        37.7279134
      ],
      "geometry": {
        "type": "Polygon",
        "coordinates": [
          [
            [
              -122.0866838,
              37.7278956
            ],
            [
              -122.0866889,
              37.7278826
            ],
            [
              -122.0866917,
              37.7278683
            ],
            [
              -122.0866905,
              37.7278572
            ],
            [
              -122.0866864,
              37.727848
            ],
            [
              -122.0866775,
              37.7278414
            ],
            [
              -122.0866654,
              37.7278379
            ],
            [
              -122.0866521,
              37.7278369
            ],
            [
              -122.0866388,
              37.7278419
            ],
            [
              -122.0866261,
              37.727849
            ],
            [
              -122.0866201,
              37.7278577
            ],
            [
              -122.0866153,
              37.72787
            ],
            [
              -122.0866144,
              37.7278803
            ],
            [
              -122.086614,
              37.7278906
            ],
            [
              -122.0866182,
              37.7279004
            ],
            [
              -122.0866251,
              37.7279084
            ],
            [
              -122.086635,
              37.7279127
            ],
            [
              -122.0866499,
              37.7279134
            ],
            [
              -122.0866642,
              37.7279117
            ],
            [
              -122.0866756,
              37.7279057
            ],
            [
              -122.0866838,
              37.7278956
            ]
          ]
        ]
      },
      "properties": {
        "course_id": "redwood_canyon_castro_valley",
        "course_name": "Redwood Canyon Golf Course",
        "hole_number": 11,
        "feature_type": "bunker",
        "name": "hole_11_bunker",
        "feature-color": "#d4b483",
        "is_approximate": true,
        "source": "osm",
        "@id": "3bebe2af-2f5a-474f-a32c-6d59a4a978f7",
        "osm_id": 1156214650
      }
    },
    {
      "type": "Feature",
      "bbox": [
        -122.0862866,
        37.7278166,
        -122.0860398,
        37.7279553
      ],
      "geometry": {
        "type": "Polygon",
        "coordinates": [
          [
            [
              -122.0862788,
              37.7279014
            ],
            [
              -122.0861593,
              37.7278395
            ],
            [
              -122.0861369,
              37.7278298
            ],
            [
              -122.0860867,
              37.7278166
            ],
            [
              -122.0860532,
              37.7278307
            ],
            [
              -122.0860398,
              37.7278554
            ],
            [
              -122.0860638,
              37.7278886
            ],
            [
              -122.0861766,
              37.7279398
            ],
            [
              -122.086224,
              37.7279553
            ],
            [
              -122.0862514,
              37.7279539
            ],
            [
              -122.0862776,
              37.7279455
            ],
            [
              -122.0862866,
              37.7279199
            ],
            [
              -122.0862788,
              37.7279014
            ]
          ]
        ]
      },
      "properties": {
        "course_id": "redwood_canyon_castro_valley",
        "course_name": "Redwood Canyon Golf Course",
        "hole_number": 12,
        "feature_type": "tee_box",
        "name": "hole_12_tee_box",
        "feature-color": "#8b7355",
        "is_approximate": true,
        "source": "osm",
        "@id": "b94ee8a4-28ef-4887-b334-4db73e2528d5",
        "osm_id": 1156214652
      }
    },
    {
      "type": "Feature",
      "bbox": [
        -122.0904566,
        37.7296263,
        -122.0902049,
        37.7299062
      ],
      "geometry": {
        "type": "Polygon",
        "coordinates": [
          [
            [
              -122.0902315,
              37.7299062
            ],
            [
              -122.090432,
              37.7298347
            ],
            [
              -122.0904566,
              37.7298153
            ],
            [
              -122.0904379,
              37.7297818
            ],
            [
              -122.0902678,
              37.7296489
            ],
            [
              -122.0902118,
              37.7296263
            ],
            [
              -122.0902049,
              37.7297033
            ],
            [
              -122.0902098,
              37.7298534
            ],
            [
              -122.0902315,
              37.7299062
            ]
          ]
        ]
      },
      "properties": {
        "course_id": "redwood_canyon_castro_valley",
        "course_name": "Redwood Canyon Golf Course",
        "hole_number": 13,
        "feature_type": "tee_box",
        "name": "hole_13_tee_box",
        "feature-color": "#8b7355",
        "is_approximate": true,
        "source": "osm",
        "@id": "07c32617-afe5-41c3-9fb6-572914c84a41",
        "osm_id": 1156214653
      }
    },
    {
      "type": "Feature",
      "bbox": [
        -122.0909005,
        37.7304719,
        -122.0908085,
        37.7305329
      ],
      "geometry": {
        "type": "Polygon",
        "coordinates": [
          [
            [
              -122.0908606,
              37.7305329
            ],
            [
              -122.0908368,
              37.7305283
            ],
            [
              -122.0908207,
              37.7305177
            ],
            [
              -122.0908098,
              37.730506
            ],
            [
              -122.0908085,
              37.7304958
            ],
            [
              -122.0908149,
              37.7304836
            ],
            [
              -122.0908233,
              37.7304739
            ],
            [
              -122.0908387,
              37.7304719
            ],
            [
              -122.0908554,
              37.7304729
            ],
            [
              -122.0908728,
              37.7304764
            ],
            [
              -122.0908882,
              37.7304866
            ],
            [
              -122.0908947,
              37.7304978
            ],
            [
              -122.0909005,
              37.7305085
            ],
            [
              -122.0908998,
              37.7305182
            ],
            [
              -122.0908908,
              37.7305273
            ],
            [
              -122.0908767,
              37.7305324
            ],
            [
              -122.0908606,
              37.7305329
            ]
          ]
        ]
      },
      "properties": {
        "course_id": "redwood_canyon_castro_valley",
        "course_name": "Redwood Canyon Golf Course",
        "hole_number": 13,
        "feature_type": "bunker",
        "name": "hole_13_bunker",
        "feature-color": "#d4b483",
        "is_approximate": true,
        "source": "osm",
        "@id": "c0be17bd-13b1-4998-ae2e-61f384bcf527",
        "osm_id": 1156214656
      }
    },
    {
      "type": "Feature",
      "bbox": [
        -122.0912002,
        37.7305156,
        -122.0908934,
        37.730715
      ],
      "geometry": {
        "type": "Polygon",
        "coordinates": [
          [
            [
              -122.090903,
              37.7305634
            ],
            [
              -122.0908934,
              37.7306057
            ],
            [
              -122.0909088,
              37.7306453
            ],
            [
              -122.09095,
              37.730681
            ],
            [
              -122.0910014,
              37.7307054
            ],
            [
              -122.0910516,
              37.7307145
            ],
            [
              -122.0910986,
              37.730715
            ],
            [
              -122.0911539,
              37.7307018
            ],
            [
              -122.0911796,
              37.7306774
            ],
            [
              -122.0911944,
              37.7306545
            ],
            [
              -122.0912002,
              37.7306214
            ],
            [
              -122.0911976,
              37.7306021
            ],
            [
              -122.0911822,
              37.7305797
            ],
            [
              -122.0911655,
              37.7305594
            ],
            [
              -122.0911449,
              37.7305411
            ],
            [
              -122.0911127,
              37.7305309
            ],
            [
              -122.0910812,
              37.7305222
            ],
            [
              -122.0910433,
              37.7305156
            ],
            [
              -122.091004,
              37.7305171
            ],
            [
              -122.0909789,
              37.7305217
            ],
            [
              -122.0909371,
              37.7305385
            ],
            [
              -122.090903,
              37.7305634
            ]
          ]
        ]
      },
      "properties": {
        "course_id": "redwood_canyon_castro_valley",
        "course_name": "Redwood Canyon Golf Course",
        "hole_number": 13,
        "feature_type": "green",
        "name": "hole_13_green",
        "feature-color": "#2d6e2d",
        "is_approximate": true,
        "source": "osm",
        "@id": "b5c725b8-3617-481d-a0d6-40e8c76072a2",
        "osm_id": 1156214657
      }
    },
    {
      "type": "Feature",
      "bbox": [
        -122.0908371,
        37.7308379,
        -122.0906307,
        37.7309991
      ],
      "geometry": {
        "type": "Polygon",
        "coordinates": [
          [
            [
              -122.0908371,
              37.7309375
            ],
            [
              -122.0907629,
              37.7309991
            ],
            [
              -122.0906307,
              37.7308996
            ],
            [
              -122.0907049,
              37.7308379
            ],
            [
              -122.0908371,
              37.7309375
            ]
          ]
        ]
      },
      "properties": {
        "course_id": "redwood_canyon_castro_valley",
        "course_name": "Redwood Canyon Golf Course",
        "hole_number": 14,
        "feature_type": "tee_box",
        "name": "hole_14_tee_box",
        "feature-color": "#8b7355",
        "is_approximate": true,
        "source": "osm",
        "@id": "11072b64-cfed-4b05-b2ce-c841054384d4",
        "osm_id": 1156214670
      }
    },
    {
      "type": "Feature",
      "bbox": [
        -122.0905873,
        37.7306699,
        -122.0903965,
        37.7308107
      ],
      "geometry": {
        "type": "Polygon",
        "coordinates": [
          [
            [
              -122.090549,
              37.7308107
            ],
            [
              -122.0905249,
              37.7308072
            ],
            [
              -122.0904934,
              37.730787
            ],
            [
              -122.0904513,
              37.7307382
            ],
            [
              -122.0904235,
              37.7307329
            ],
            [
              -122.0904025,
              37.7307198
            ],
            [
              -122.0903965,
              37.730696
            ],
            [
              -122.0904123,
              37.7306752
            ],
            [
              -122.0904348,
              37.7306699
            ],
            [
              -122.0904709,
              37.7306699
            ],
            [
              -122.0904987,
              37.7306883
            ],
            [
              -122.090528,
              37.7307091
            ],
            [
              -122.0905618,
              37.7307394
            ],
            [
              -122.090579,
              37.7307578
            ],
            [
              -122.0905873,
              37.7307751
            ],
            [
              -122.0905738,
              37.7308036
            ],
            [
              -122.090549,
              37.7308107
            ]
          ]
        ]
      },
      "properties": {
        "course_id": "redwood_canyon_castro_valley",
        "course_name": "Redwood Canyon Golf Course",
        "hole_number": 14,
        "feature_type": "tee_box",
        "name": "hole_14_tee_box_2",
        "feature-color": "#8b7355",
        "is_approximate": true,
        "source": "osm",
        "@id": "0064c3d4-64ef-499b-906c-133c4d24f6ee",
        "osm_id": 1156214671
      }
    },
    {
      "type": "Feature",
      "bbox": [
        -122.0898164,
        37.7296248,
        -122.0884398,
        37.7300852
      ],
      "geometry": {
        "type": "Polygon",
        "coordinates": [
          [
            [
              -122.0897983,
              37.7300229
            ],
            [
              -122.0895254,
              37.7300852
            ],
            [
              -122.0892262,
              37.7300788
            ],
            [
              -122.0888987,
              37.7300117
            ],
            [
              -122.0887066,
              37.7299333
            ],
            [
              -122.0885571,
              37.7298406
            ],
            [
              -122.0884398,
              37.7297527
            ],
            [
              -122.088454,
              37.7296983
            ],
            [
              -122.0886036,
              37.7296472
            ],
            [
              -122.0887491,
              37.7296248
            ],
            [
              -122.0888906,
              37.7296248
            ],
            [
              -122.0891615,
              37.7297015
            ],
            [
              -122.0895415,
              37.7297943
            ],
            [
              -122.0896628,
              37.7298454
            ],
            [
              -122.0897396,
              37.729887
            ],
            [
              -122.0897942,
              37.7299397
            ],
            [
              -122.0898164,
              37.7299765
            ],
            [
              -122.0897983,
              37.7300229
            ]
          ]
        ]
      },
      "properties": {
        "course_id": "redwood_canyon_castro_valley",
        "course_name": "Redwood Canyon Golf Course",
        "hole_number": 14,
        "feature_type": "fairway",
        "name": "hole_14_fairway",
        "feature-color": "#4a7c3f",
        "is_approximate": true,
        "source": "osm",
        "@id": "6a3d7fae-172f-4c45-b2c0-e72c4abe517d",
        "osm_id": 1156214672
      }
    },
    {
      "type": "Feature",
      "bbox": [
        -122.0884631,
        37.7292906,
        -122.0881246,
        37.729514
      ],
      "geometry": {
        "type": "Polygon",
        "coordinates": [
          [
            [
              -122.0883438,
              37.729514
            ],
            [
              -122.0883072,
              37.7294974
            ],
            [
              -122.0882916,
              37.7294933
            ],
            [
              -122.0882498,
              37.7294923
            ],
            [
              -122.0882172,
              37.7294913
            ],
            [
              -122.0881892,
              37.7294835
            ],
            [
              -122.0881611,
              37.7294696
            ],
            [
              -122.0881403,
              37.7294479
            ],
            [
              -122.0881246,
              37.7294211
            ],
            [
              -122.0881259,
              37.7293912
            ],
            [
              -122.0881364,
              37.7293613
            ],
            [
              -122.0881507,
              37.7293324
            ],
            [
              -122.0881729,
              37.7293107
            ],
            [
              -122.0882101,
              37.7292978
            ],
            [
              -122.0882544,
              37.7292906
            ],
            [
              -122.088362,
              37.7293231
            ],
            [
              -122.0884331,
              37.7293587
            ],
            [
              -122.0884592,
              37.7293824
            ],
            [
              -122.0884631,
              37.7294237
            ],
            [
              -122.0884573,
              37.7294582
            ],
            [
              -122.0884455,
              37.7294809
            ],
            [
              -122.0884175,
              37.7295031
            ],
            [
              -122.0883796,
              37.7295124
            ],
            [
              -122.0883438,
              37.729514
            ]
          ]
        ]
      },
      "properties": {
        "course_id": "redwood_canyon_castro_valley",
        "course_name": "Redwood Canyon Golf Course",
        "hole_number": 14,
        "feature_type": "green",
        "name": "hole_14_green",
        "feature-color": "#2d6e2d",
        "is_approximate": true,
        "source": "osm",
        "@id": "aee61d8a-4c8c-454a-84a5-08b466c23f5e",
        "osm_id": 1156214673
      }
    },
    {
      "type": "Feature",
      "bbox": [
        -122.0883413,
        37.7295066,
        -122.0882617,
        37.72957
      ],
      "geometry": {
        "type": "Polygon",
        "coordinates": [
          [
            [
              -122.0882617,
              37.729526
            ],
            [
              -122.0882642,
              37.7295396
            ],
            [
              -122.0882755,
              37.7295548
            ],
            [
              -122.0882887,
              37.7295637
            ],
            [
              -122.0883074,
              37.72957
            ],
            [
              -122.0883207,
              37.729568
            ],
            [
              -122.0883305,
              37.7295641
            ],
            [
              -122.0883379,
              37.729556
            ],
            [
              -122.0883413,
              37.7295494
            ],
            [
              -122.0883413,
              37.7295416
            ],
            [
              -122.0883394,
              37.729533
            ],
            [
              -122.0883354,
              37.729526
            ],
            [
              -122.0883271,
              37.7295186
            ],
            [
              -122.0883143,
              37.7295124
            ],
            [
              -122.0883,
              37.7295074
            ],
            [
              -122.0882882,
              37.7295066
            ],
            [
              -122.0882764,
              37.7295081
            ],
            [
              -122.0882666,
              37.7295136
            ],
            [
              -122.0882627,
              37.7295206
            ],
            [
              -122.0882617,
              37.729526
            ]
          ]
        ]
      },
      "properties": {
        "course_id": "redwood_canyon_castro_valley",
        "course_name": "Redwood Canyon Golf Course",
        "hole_number": 14,
        "feature_type": "bunker",
        "name": "hole_14_bunker",
        "feature-color": "#d4b483",
        "is_approximate": true,
        "source": "osm",
        "@id": "6dbbd058-eff8-4dc8-a0c3-d22eff5149f0",
        "osm_id": 1156214674
      }
    },
    {
      "type": "Feature",
      "bbox": [
        -122.0887772,
        37.729938,
        -122.0885904,
        37.7300968
      ],
      "geometry": {
        "type": "Polygon",
        "coordinates": [
          [
            [
              -122.0886792,
              37.7300968
            ],
            [
              -122.0887772,
              37.7299882
            ],
            [
              -122.0886883,
              37.729938
            ],
            [
              -122.0885904,
              37.7300466
            ],
            [
              -122.0886792,
              37.7300968
            ]
          ]
        ]
      },
      "properties": {
        "course_id": "redwood_canyon_castro_valley",
        "course_name": "Redwood Canyon Golf Course",
        "hole_number": 15,
        "feature_type": "tee_box",
        "name": "hole_15_tee_box",
        "feature-color": "#8b7355",
        "is_approximate": true,
        "source": "osm",
        "@id": "cb25b704-647b-4114-85f6-b8862338d7f5",
        "osm_id": 1156214675
      }
    },
    {
      "type": "Feature",
      "bbox": [
        -122.086292,
        37.7282964,
        -122.0860333,
        37.7285257
      ],
      "geometry": {
        "type": "Polygon",
        "coordinates": [
          [
            [
              -122.0862236,
              37.7285189
            ],
            [
              -122.086189,
              37.7285257
            ],
            [
              -122.086157,
              37.7285237
            ],
            [
              -122.0861233,
              37.7285148
            ],
            [
              -122.0860938,
              37.7284984
            ],
            [
              -122.0860696,
              37.7284751
            ],
            [
              -122.0860428,
              37.7284484
            ],
            [
              -122.0860333,
              37.7284135
            ],
            [
              -122.086041,
              37.7283786
            ],
            [
              -122.0860497,
              37.7283512
            ],
            [
              -122.086067,
              37.7283307
            ],
            [
              -122.0860964,
              37.7283142
            ],
            [
              -122.086131,
              37.7283006
            ],
            [
              -122.0861726,
              37.7282964
            ],
            [
              -122.0862081,
              37.7283026
            ],
            [
              -122.086234,
              37.7283163
            ],
            [
              -122.0862635,
              37.7283396
            ],
            [
              -122.0862764,
              37.7283635
            ],
            [
              -122.0862894,
              37.7283889
            ],
            [
              -122.086292,
              37.7284142
            ],
            [
              -122.0862851,
              37.7284443
            ],
            [
              -122.0862756,
              37.7284696
            ],
            [
              -122.0862669,
              37.7284874
            ],
            [
              -122.0862487,
              37.7285059
            ],
            [
              -122.0862236,
              37.7285189
            ]
          ]
        ]
      },
      "properties": {
        "course_id": "redwood_canyon_castro_valley",
        "course_name": "Redwood Canyon Golf Course",
        "hole_number": 15,
        "feature_type": "green",
        "name": "hole_15_green",
        "feature-color": "#2d6e2d",
        "is_approximate": true,
        "source": "osm",
        "@id": "5f150d1f-ee99-4fd2-98ff-c1e4c975183d",
        "osm_id": 1156214676
      }
    },
    {
      "type": "Feature",
      "bbox": [
        -122.0860061,
        37.7280049,
        -122.0858615,
        37.7283336
      ],
      "geometry": {
        "type": "Polygon",
        "coordinates": [
          [
            [
              -122.0859343,
              37.7283163
            ],
            [
              -122.0859203,
              37.7283273
            ],
            [
              -122.0858924,
              37.7283336
            ],
            [
              -122.0858685,
              37.7283273
            ],
            [
              -122.0858615,
              37.7283139
            ],
            [
              -122.0859134,
              37.7280427
            ],
            [
              -122.0859303,
              37.7280143
            ],
            [
              -122.0859642,
              37.7280049
            ],
            [
              -122.0859881,
              37.7280191
            ],
            [
              -122.0860051,
              37.7280348
            ],
            [
              -122.0860061,
              37.7280577
            ],
            [
              -122.0859343,
              37.7283163
            ]
          ]
        ]
      },
      "properties": {
        "course_id": "redwood_canyon_castro_valley",
        "course_name": "Redwood Canyon Golf Course",
        "hole_number": 16,
        "feature_type": "tee_box",
        "name": "hole_16_tee_box",
        "feature-color": "#8b7355",
        "is_approximate": true,
        "source": "osm",
        "@id": "c21e6eed-73c4-4e5f-b24f-a079263ed76f",
        "osm_id": 1156214677
      }
    },
    {
      "type": "Feature",
      "bbox": [
        -122.0855475,
        37.7268153,
        -122.0853316,
        37.7270309
      ],
      "geometry": {
        "type": "Polygon",
        "coordinates": [
          [
            [
              -122.0854999,
              37.7270216
            ],
            [
              -122.0854686,
              37.7270309
            ],
            [
              -122.0854431,
              37.7270273
            ],
            [
              -122.0854144,
              37.727019
            ],
            [
              -122.0853864,
              37.7270041
            ],
            [
              -122.0853662,
              37.726985
            ],
            [
              -122.0853407,
              37.7269422
            ],
            [
              -122.0853316,
              37.7269153
            ],
            [
              -122.0853355,
              37.7268875
            ],
            [
              -122.085344,
              37.7268622
            ],
            [
              -122.0853622,
              37.7268405
            ],
            [
              -122.0853838,
              37.7268214
            ],
            [
              -122.0854164,
              37.7268153
            ],
            [
              -122.0854477,
              37.7268214
            ],
            [
              -122.0854757,
              37.7268323
            ],
            [
              -122.0854992,
              37.7268436
            ],
            [
              -122.0855175,
              37.726857
            ],
            [
              -122.0855344,
              37.7268787
            ],
            [
              -122.0855436,
              37.7269055
            ],
            [
              -122.0855475,
              37.7269406
            ],
            [
              -122.0855462,
              37.7269643
            ],
            [
              -122.085537,
              37.726985
            ],
            [
              -122.085522,
              37.7270051
            ],
            [
              -122.0854999,
              37.7270216
            ]
          ]
        ]
      },
      "properties": {
        "course_id": "redwood_canyon_castro_valley",
        "course_name": "Redwood Canyon Golf Course",
        "hole_number": 16,
        "feature_type": "green",
        "name": "hole_16_green",
        "feature-color": "#2d6e2d",
        "is_approximate": true,
        "source": "osm",
        "@id": "9ca53ce4-a245-4907-b102-04c6e4f03d1d",
        "osm_id": 1156214678
      }
    },
    {
      "type": "Feature",
      "bbox": [
        -122.0850352,
        37.7259385,
        -122.0848744,
        37.7260811
      ],
      "geometry": {
        "type": "Polygon",
        "coordinates": [
          [
            [
              -122.0850352,
              37.7260633
            ],
            [
              -122.0849105,
              37.7260811
            ],
            [
              -122.0848932,
              37.7260579
            ],
            [
              -122.0848827,
              37.7260258
            ],
            [
              -122.0848744,
              37.7259896
            ],
            [
              -122.0848774,
              37.7259706
            ],
            [
              -122.0848894,
              37.7259539
            ],
            [
              -122.0849067,
              37.7259438
            ],
            [
              -122.084936,
              37.7259385
            ],
            [
              -122.0849563,
              37.7259409
            ],
            [
              -122.0849819,
              37.7259516
            ],
            [
              -122.0849991,
              37.7259629
            ],
            [
              -122.0850149,
              37.7259801
            ],
            [
              -122.0850314,
              37.7260217
            ],
            [
              -122.0850352,
              37.7260633
            ]
          ]
        ]
      },
      "properties": {
        "course_id": "redwood_canyon_castro_valley",
        "course_name": "Redwood Canyon Golf Course",
        "hole_number": 17,
        "feature_type": "tee_box",
        "name": "hole_17_tee_box",
        "feature-color": "#8b7355",
        "is_approximate": true,
        "source": "osm",
        "@id": "7b8f1933-0436-48ac-9cdb-6bc085da563b",
        "osm_id": 1156214679
      }
    },
    {
      "type": "Feature",
      "bbox": [
        -122.085057,
        37.726115,
        -122.0849293,
        37.7263966
      ],
      "geometry": {
        "type": "Polygon",
        "coordinates": [
          [
            [
              -122.0850254,
              37.7261346
            ],
            [
              -122.0850089,
              37.7261239
            ],
            [
              -122.0849886,
              37.726115
            ],
            [
              -122.0849691,
              37.7261185
            ],
            [
              -122.084939,
              37.7261304
            ],
            [
              -122.0849338,
              37.7261441
            ],
            [
              -122.0849293,
              37.7261798
            ],
            [
              -122.0849338,
              37.7263331
            ],
            [
              -122.0849338,
              37.726364
            ],
            [
              -122.0849488,
              37.7263818
            ],
            [
              -122.0849736,
              37.7263943
            ],
            [
              -122.0849901,
              37.7263966
            ],
            [
              -122.0850232,
              37.7263859
            ],
            [
              -122.0850427,
              37.7263717
            ],
            [
              -122.085054,
              37.726358
            ],
            [
              -122.085057,
              37.7263402
            ],
            [
              -122.0850254,
              37.7261346
            ]
          ]
        ]
      },
      "properties": {
        "course_id": "redwood_canyon_castro_valley",
        "course_name": "Redwood Canyon Golf Course",
        "hole_number": 17,
        "feature_type": "tee_box",
        "name": "hole_17_tee_box_2",
        "feature-color": "#8b7355",
        "is_approximate": true,
        "source": "osm",
        "@id": "fa5c9288-f0cf-4f07-9024-a97183cccd54",
        "osm_id": 1156214680
      }
    },
    {
      "type": "Feature",
      "bbox": [
        -122.0849569,
        37.7282306,
        -122.0848572,
        37.7283379
      ],
      "geometry": {
        "type": "Polygon",
        "coordinates": [
          [
            [
              -122.0849569,
              37.7283181
            ],
            [
              -122.084944,
              37.7282496
            ],
            [
              -122.084941,
              37.7282361
            ],
            [
              -122.08493,
              37.7282322
            ],
            [
              -122.0849121,
              37.7282306
            ],
            [
              -122.0848842,
              37.7282354
            ],
            [
              -122.0848642,
              37.7282496
            ],
            [
              -122.0848572,
              37.7282677
            ],
            [
              -122.0848652,
              37.7282929
            ],
            [
              -122.0848822,
              37.7283252
            ],
            [
              -122.0849001,
              37.7283363
            ],
            [
              -122.084928,
              37.7283379
            ],
            [
              -122.084948,
              37.7283347
            ],
            [
              -122.0849569,
              37.7283181
            ]
          ]
        ]
      },
      "properties": {
        "course_id": "redwood_canyon_castro_valley",
        "course_name": "Redwood Canyon Golf Course",
        "hole_number": 18,
        "feature_type": "tee_box",
        "name": "hole_18_tee_box",
        "feature-color": "#8b7355",
        "is_approximate": true,
        "source": "osm",
        "@id": "000bd425-1ce0-4ad8-8e5c-71c98471c649",
        "osm_id": 1156214685
      }
    },
    {
      "type": "Feature",
      "bbox": [
        -122.084942,
        37.7278419,
        -122.0847675,
        37.7281786
      ],
      "geometry": {
        "type": "Polygon",
        "coordinates": [
          [
            [
              -122.0848393,
              37.7281731
            ],
            [
              -122.0847765,
              37.7279263
            ],
            [
              -122.0847675,
              37.7278861
            ],
            [
              -122.0847725,
              37.7278648
            ],
            [
              -122.0847825,
              37.7278538
            ],
            [
              -122.0848084,
              37.727849
            ],
            [
              -122.0848433,
              37.7278419
            ],
            [
              -122.0848652,
              37.7278482
            ],
            [
              -122.0848852,
              37.7278561
            ],
            [
              -122.084937,
              37.7281258
            ],
            [
              -122.084942,
              37.7281455
            ],
            [
              -122.084936,
              37.7281597
            ],
            [
              -122.084922,
              37.7281739
            ],
            [
              -122.0848974,
              37.7281769
            ],
            [
              -122.0848642,
              37.7281786
            ],
            [
              -122.0848393,
              37.7281731
            ]
          ]
        ]
      },
      "properties": {
        "course_id": "redwood_canyon_castro_valley",
        "course_name": "Redwood Canyon Golf Course",
        "hole_number": 18,
        "feature_type": "tee_box",
        "name": "hole_18_tee_box_2",
        "feature-color": "#8b7355",
        "is_approximate": true,
        "source": "osm",
        "@id": "4dbcabc5-c0f4-4b97-87f3-cd219da792d8",
        "osm_id": 1156214686
      }
    },
    {
      "type": "Feature",
      "bbox": [
        -122.0826218,
        37.7254089,
        -122.0825136,
        37.7254779
      ],
      "geometry": {
        "type": "Polygon",
        "coordinates": [
          [
            [
              -122.0825261,
              37.7254241
            ],
            [
              -122.082517,
              37.7254331
            ],
            [
              -122.0825136,
              37.7254474
            ],
            [
              -122.0825187,
              37.7254577
            ],
            [
              -122.0825318,
              37.7254689
            ],
            [
              -122.0825567,
              37.7254779
            ],
            [
              -122.0825737,
              37.7254779
            ],
            [
              -122.0825929,
              37.7254725
            ],
            [
              -122.0826065,
              37.7254644
            ],
            [
              -122.0826144,
              37.7254537
            ],
            [
              -122.0826195,
              37.7254434
            ],
            [
              -122.0826218,
              37.7254344
            ],
            [
              -122.082619,
              37.7254268
            ],
            [
              -122.0826127,
              37.7254183
            ],
            [
              -122.0826042,
              37.7254125
            ],
            [
              -122.0825918,
              37.7254098
            ],
            [
              -122.0825793,
              37.7254089
            ],
            [
              -122.0825635,
              37.7254098
            ],
            [
              -122.0825454,
              37.725416
            ],
            [
              -122.0825261,
              37.7254241
            ]
          ]
        ]
      },
      "properties": {
        "course_id": "redwood_canyon_castro_valley",
        "course_name": "Redwood Canyon Golf Course",
        "hole_number": 18,
        "feature_type": "bunker",
        "name": "hole_18_bunker",
        "feature-color": "#d4b483",
        "is_approximate": true,
        "source": "osm",
        "@id": "c79bd6a2-ffcb-43a3-a0e7-a7773bc60a3e",
        "osm_id": 1156214687
      }
    },
    {
      "type": "Feature",
      "bbox": [
        -122.0826347,
        37.7251835,
        -122.0822897,
        37.7254157
      ],
      "geometry": {
        "type": "Polygon",
        "coordinates": [
          [
            [
              -122.0823869,
              37.7254131
            ],
            [
              -122.0823634,
              37.7254049
            ],
            [
              -122.082336,
              37.7253914
            ],
            [
              -122.0823191,
              37.725376
            ],
            [
              -122.0823028,
              37.7253548
            ],
            [
              -122.0822923,
              37.72533
            ],
            [
              -122.0822897,
              37.7253001
            ],
            [
              -122.0822989,
              37.7252681
            ],
            [
              -122.0823152,
              37.7252429
            ],
            [
              -122.0823491,
              37.7252129
            ],
            [
              -122.0823836,
              37.725197
            ],
            [
              -122.0824208,
              37.7251851
            ],
            [
              -122.0824697,
              37.7251835
            ],
            [
              -122.0825141,
              37.7251939
            ],
            [
              -122.0825402,
              37.7252062
            ],
            [
              -122.082578,
              37.7252289
            ],
            [
              -122.0826106,
              37.7252558
            ],
            [
              -122.0826282,
              37.725281
            ],
            [
              -122.0826347,
              37.7253037
            ],
            [
              -122.0826315,
              37.725328
            ],
            [
              -122.0826211,
              37.7253517
            ],
            [
              -122.0826119,
              37.725361
            ],
            [
              -122.082591,
              37.7253775
            ],
            [
              -122.0825617,
              37.7253863
            ],
            [
              -122.0825258,
              37.725392
            ],
            [
              -122.082486,
              37.7254038
            ],
            [
              -122.0824632,
              37.7254136
            ],
            [
              -122.0824241,
              37.7254157
            ],
            [
              -122.0823869,
              37.7254131
            ]
          ]
        ]
      },
      "properties": {
        "course_id": "redwood_canyon_castro_valley",
        "course_name": "Redwood Canyon Golf Course",
        "hole_number": 18,
        "feature_type": "green",
        "name": "hole_18_green",
        "feature-color": "#2d6e2d",
        "is_approximate": true,
        "source": "osm",
        "@id": "efa9ff70-3023-4eab-9b3d-580f81681ac3",
        "osm_id": 1156214688
      }
    },
    {
      "type": "Feature",
      "bbox": [
        -122.0850782,
        37.7248575,
        -122.0825917,
        37.7255661
      ],
      "geometry": {
        "type": "Polygon",
        "coordinates": [
          [
            [
              -122.0849685,
              37.7255661
            ],
            [
              -122.0850324,
              37.7255637
            ],
            [
              -122.085066,
              37.7255275
            ],
            [
              -122.0850782,
              37.7255034
            ],
            [
              -122.0850568,
              37.7254673
            ],
            [
              -122.0850233,
              37.7254263
            ],
            [
              -122.0849715,
              37.7253854
            ],
            [
              -122.0847826,
              37.7253564
            ],
            [
              -122.084423,
              37.7252889
            ],
            [
              -122.0840665,
              37.7252287
            ],
            [
              -122.0838502,
              37.7251251
            ],
            [
              -122.0834723,
              37.7250528
            ],
            [
              -122.0832591,
              37.7250094
            ],
            [
              -122.0828203,
              37.7248792
            ],
            [
              -122.0827258,
              37.7248575
            ],
            [
              -122.0826131,
              37.7248792
            ],
            [
              -122.0825917,
              37.7249395
            ],
            [
              -122.0825917,
              37.7250311
            ],
            [
              -122.0826131,
              37.7250576
            ],
            [
              -122.0830153,
              37.7251925
            ],
            [
              -122.0834754,
              37.7252721
            ],
            [
              -122.083905,
              37.7253564
            ],
            [
              -122.0841092,
              37.7254215
            ],
            [
              -122.0846424,
              37.7255251
            ],
            [
              -122.0849685,
              37.7255661
            ]
          ]
        ]
      },
      "properties": {
        "course_id": "redwood_canyon_castro_valley",
        "course_name": "Redwood Canyon Golf Course",
        "hole_number": 10,
        "feature_type": "fairway",
        "name": "hole_10_fairway",
        "feature-color": "#4a7c3f",
        "is_approximate": true,
        "source": "osm",
        "@id": "6d21e87d-106c-4bc9-94ff-cce46a225732",
        "osm_id": 1156452475
      }
    },
    {
      "type": "Feature",
      "bbox": [
        -122.0847628,
        37.7253583,
        -122.0826937,
        37.727122
      ],
      "geometry": {
        "type": "Polygon",
        "coordinates": [
          [
            [
              -122.0846158,
              37.727122
            ],
            [
              -122.0845957,
              37.7271021
            ],
            [
              -122.0845791,
              37.7270857
            ],
            [
              -122.0845286,
              37.7269913
            ],
            [
              -122.0844895,
              37.7268587
            ],
            [
              -122.0844436,
              37.726717
            ],
            [
              -122.0844069,
              37.7265789
            ],
            [
              -122.0843265,
              37.7264173
            ],
            [
              -122.0842438,
              37.7263337
            ],
            [
              -122.0840968,
              37.7262066
            ],
            [
              -122.0838695,
              37.7260794
            ],
            [
              -122.083362,
              37.7258487
            ],
            [
              -122.0828131,
              37.7256326
            ],
            [
              -122.0827121,
              37.7255091
            ],
            [
              -122.0826937,
              37.7254546
            ],
            [
              -122.0827442,
              37.7254037
            ],
            [
              -122.0828154,
              37.7253729
            ],
            [
              -122.0828935,
              37.7253583
            ],
            [
              -122.0829716,
              37.7253874
            ],
            [
              -122.0839912,
              37.725747
            ],
            [
              -122.0842277,
              37.7258905
            ],
            [
              -122.0844138,
              37.7260013
            ],
            [
              -122.0845676,
              37.7261811
            ],
            [
              -122.0846618,
              37.7264554
            ],
            [
              -122.0847146,
              37.7267479
            ],
            [
              -122.0847536,
              37.7269567
            ],
            [
              -122.0847628,
              37.7270403
            ],
            [
              -122.0847398,
              37.7270839
            ],
            [
              -122.0846985,
              37.7271057
            ],
            [
              -122.0846158,
              37.727122
            ]
          ]
        ]
      },
      "properties": {
        "course_id": "redwood_canyon_castro_valley",
        "course_name": "Redwood Canyon Golf Course",
        "hole_number": 18,
        "feature_type": "fairway",
        "name": "hole_18_fairway",
        "feature-color": "#4a7c3f",
        "is_approximate": true,
        "source": "osm",
        "@id": "d424dd88-7b3c-413b-a0a1-539d95676023",
        "osm_id": 1156452476
      }
    },
    {
      "type": "Feature",
      "bbox": [
        -122.0862788,
        37.7266371,
        -122.0859101,
        37.7275488
      ],
      "geometry": {
        "type": "Polygon",
        "coordinates": [
          [
            [
              -122.0862252,
              37.7275488
            ],
            [
              -122.0862667,
              37.727453
            ],
            [
              -122.0862788,
              37.7273475
            ],
            [
              -122.0861369,
              37.7269807
            ],
            [
              -122.0860278,
              37.7268534
            ],
            [
              -122.0859534,
              37.7266932
            ],
            [
              -122.0859275,
              37.7266371
            ],
            [
              -122.0859101,
              37.7266508
            ],
            [
              -122.0859534,
              37.7268219
            ],
            [
              -122.0859707,
              37.7268903
            ],
            [
              -122.0859707,
              37.7269861
            ],
            [
              -122.0859638,
              37.7271504
            ],
            [
              -122.0859776,
              37.7272736
            ],
            [
              -122.0860296,
              37.7273996
            ],
            [
              -122.0862252,
              37.7275488
            ]
          ]
        ]
      },
      "properties": {
        "course_id": "redwood_canyon_castro_valley",
        "course_name": "Redwood Canyon Golf Course",
        "hole_number": 11,
        "feature_type": "fairway",
        "name": "hole_11_fairway",
        "feature-color": "#4a7c3f",
        "is_approximate": true,
        "source": "osm",
        "@id": "449dafb2-67af-4baa-8cb9-4d6c4c0a8a78",
        "osm_id": 1156452478
      }
    },
    {
      "type": "Feature",
      "bbox": [
        -122.0905369,
        37.7282085,
        -122.0869502,
        37.7294703
      ],
      "geometry": {
        "type": "Polygon",
        "coordinates": [
          [
            [
              -122.0870323,
              37.7282085
            ],
            [
              -122.0874605,
              37.7283917
            ],
            [
              -122.0882818,
              37.728736
            ],
            [
              -122.0887837,
              37.7289164
            ],
            [
              -122.089426,
              37.7290136
            ],
            [
              -122.0903807,
              37.7292023
            ],
            [
              -122.0905351,
              37.7292801
            ],
            [
              -122.0905369,
              37.7293028
            ],
            [
              -122.0905314,
              37.7293417
            ],
            [
              -122.0905192,
              37.7293576
            ],
            [
              -122.0904975,
              37.7294252
            ],
            [
              -122.090499,
              37.7294303
            ],
            [
              -122.0905319,
              37.7294703
            ],
            [
              -122.090469,
              37.7294542
            ],
            [
              -122.0903992,
              37.7294488
            ],
            [
              -122.0902557,
              37.7294488
            ],
            [
              -122.0900119,
              37.7294161
            ],
            [
              -122.0896017,
              37.7293763
            ],
            [
              -122.0891915,
              37.7293065
            ],
            [
              -122.0886567,
              37.7291819
            ],
            [
              -122.0883331,
              37.7290655
            ],
            [
              -122.0879419,
              37.7289396
            ],
            [
              -122.08753,
              37.7287479
            ],
            [
              -122.087054,
              37.7284673
            ],
            [
              -122.0869554,
              37.7283551
            ],
            [
              -122.0869502,
              37.7282688
            ],
            [
              -122.0869831,
              37.7282264
            ],
            [
              -122.0870323,
              37.7282085
            ]
          ]
        ]
      },
      "properties": {
        "course_id": "redwood_canyon_castro_valley",
        "course_name": "Redwood Canyon Golf Course",
        "hole_number": 12,
        "feature_type": "fairway",
        "name": "hole_12_fairway",
        "feature-color": "#4a7c3f",
        "is_approximate": true,
        "source": "osm",
        "@id": "ae2fc11d-e68d-4802-9bab-ddf811edf3d2",
        "osm_id": 1156452480
      }
    },
    {
      "type": "Feature",
      "bbox": [
        -122.0886883,
        37.728469,
        -122.0861927,
        37.7300884
      ],
      "geometry": {
        "type": "Polygon",
        "coordinates": [
          [
            [
              -122.0886883,
              37.729938
            ],
            [
              -122.0882282,
              37.7297896
            ],
            [
              -122.0874603,
              37.7294233
            ],
            [
              -122.0870063,
              37.7291124
            ],
            [
              -122.0866102,
              37.7287798
            ],
            [
              -122.0863146,
              37.728469
            ],
            [
              -122.0861927,
              37.7285702
            ],
            [
              -122.0862171,
              37.7286425
            ],
            [
              -122.0862963,
              37.7288497
            ],
            [
              -122.086403,
              37.7290112
            ],
            [
              -122.0865797,
              37.7291847
            ],
            [
              -122.0867686,
              37.7293341
            ],
            [
              -122.0869514,
              37.7294787
            ],
            [
              -122.0871983,
              37.7296209
            ],
            [
              -122.0874237,
              37.7297318
            ],
            [
              -122.0877406,
              37.7298716
            ],
            [
              -122.0880118,
              37.7299752
            ],
            [
              -122.0883805,
              37.7300884
            ],
            [
              -122.0885115,
              37.7300764
            ],
            [
              -122.0885904,
              37.7300466
            ],
            [
              -122.0886883,
              37.729938
            ]
          ]
        ]
      },
      "properties": {
        "course_id": "redwood_canyon_castro_valley",
        "course_name": "Redwood Canyon Golf Course",
        "hole_number": 15,
        "feature_type": "fairway",
        "name": "hole_15_fairway",
        "feature-color": "#4a7c3f",
        "is_approximate": true,
        "source": "osm",
        "@id": "2c696efc-306b-4031-b3b4-1c0bd4e7f957",
        "osm_id": 1156452481
      }
    },
    {
      "type": "Feature",
      "bbox": [
        -122.0857517,
        37.7288197,
        -122.0855172,
        37.7289893
      ],
      "geometry": {
        "type": "Polygon",
        "coordinates": [
          [
            [
              -122.085707,
              37.7288369
            ],
            [
              -122.085678,
              37.7288246
            ],
            [
              -122.0856551,
              37.7288197
            ],
            [
              -122.0856199,
              37.7288202
            ],
            [
              -122.0855803,
              37.7288285
            ],
            [
              -122.085554,
              37.7288343
            ],
            [
              -122.0855311,
              37.7288542
            ],
            [
              -122.0855239,
              37.7288785
            ],
            [
              -122.0855172,
              37.7289076
            ],
            [
              -122.0855188,
              37.7289372
            ],
            [
              -122.0855401,
              37.728961
            ],
            [
              -122.0855607,
              37.7289756
            ],
            [
              -122.0856115,
              37.7289875
            ],
            [
              -122.0856562,
              37.7289893
            ],
            [
              -122.0856931,
              37.728984
            ],
            [
              -122.0857266,
              37.728969
            ],
            [
              -122.0857495,
              37.7289306
            ],
            [
              -122.0857517,
              37.728905
            ],
            [
              -122.0857461,
              37.7288754
            ],
            [
              -122.0857299,
              37.7288515
            ],
            [
              -122.085707,
              37.7288369
            ]
          ]
        ]
      },
      "properties": {
        "course_id": "redwood_canyon_castro_valley",
        "course_name": "Redwood Canyon Golf Course",
        "hole_number": 17,
        "feature_type": "green",
        "name": "hole_17_green",
        "feature-color": "#2d6e2d",
        "is_approximate": true,
        "source": "osm",
        "@id": "94ee9508-00de-4563-b562-da1ccc59d9c3",
        "osm_id": 1156452482
      }
    },
    {
      "type": "Feature",
      "bbox": [
        -122.0856875,
        37.7287026,
        -122.0855969,
        37.7287815
      ],
      "geometry": {
        "type": "Polygon",
        "coordinates": [
          [
            [
              -122.0856437,
              37.7287815
            ],
            [
              -122.0856305,
              37.7287774
            ],
            [
              -122.0856155,
              37.7287685
            ],
            [
              -122.0856035,
              37.7287549
            ],
            [
              -122.0855969,
              37.7287381
            ],
            [
              -122.0855991,
              37.7287237
            ],
            [
              -122.0856055,
              37.7287197
            ],
            [
              -122.0856101,
              37.7287159
            ],
            [
              -122.0856048,
              37.728711
            ],
            [
              -122.0856149,
              37.7287047
            ],
            [
              -122.0856222,
              37.7287026
            ],
            [
              -122.085627,
              37.7287089
            ],
            [
              -122.0856465,
              37.7287092
            ],
            [
              -122.0856561,
              37.7287122
            ],
            [
              -122.085668,
              37.7287176
            ],
            [
              -122.0856754,
              37.7287243
            ],
            [
              -122.0856829,
              37.728735
            ],
            [
              -122.0856867,
              37.7287434
            ],
            [
              -122.0856875,
              37.7287527
            ],
            [
              -122.0856856,
              37.7287595
            ],
            [
              -122.0856807,
              37.7287688
            ],
            [
              -122.0856758,
              37.7287732
            ],
            [
              -122.0856675,
              37.7287774
            ],
            [
              -122.0856586,
              37.7287803
            ],
            [
              -122.0856437,
              37.7287815
            ]
          ]
        ]
      },
      "properties": {
        "course_id": "redwood_canyon_castro_valley",
        "course_name": "Redwood Canyon Golf Course",
        "hole_number": 17,
        "feature_type": "bunker",
        "name": "hole_17_bunker",
        "feature-color": "#d4b483",
        "is_approximate": true,
        "source": "osm",
        "@id": "64b4d0be-6a8a-4948-af8d-6f1fa572b987",
        "osm_id": 1156452483
      }
    },
    {
      "type": "Feature",
      "bbox": [
        -122.0855696,
        37.7268126,
        -122.0849521,
        37.728738
      ],
      "geometry": {
        "type": "Polygon",
        "coordinates": [
          [
            [
              -122.0855625,
              37.7284902
            ],
            [
              -122.0855644,
              37.7284173
            ],
            [
              -122.0855437,
              37.7283058
            ],
            [
              -122.0855237,
              37.7281492
            ],
            [
              -122.0855007,
              37.7280265
            ],
            [
              -122.0854202,
              37.7277764
            ],
            [
              -122.0853339,
              37.7273762
            ],
            [
              -122.0852764,
              37.7271443
            ],
            [
              -122.0851959,
              37.7269988
            ],
            [
              -122.0851921,
              37.7269314
            ],
            [
              -122.0851448,
              37.7268552
            ],
            [
              -122.0851235,
              37.7268126
            ],
            [
              -122.0850272,
              37.7268268
            ],
            [
              -122.0850076,
              37.7268966
            ],
            [
              -122.0849521,
              37.726987
            ],
            [
              -122.0850103,
              37.7275752
            ],
            [
              -122.0851158,
              37.7282146
            ],
            [
              -122.0852124,
              37.7283536
            ],
            [
              -122.0852168,
              37.728503
            ],
            [
              -122.0852409,
              37.7285889
            ],
            [
              -122.0852886,
              37.7286437
            ],
            [
              -122.0853991,
              37.7287208
            ],
            [
              -122.0854771,
              37.728738
            ],
            [
              -122.0855616,
              37.7286917
            ],
            [
              -122.0855696,
              37.7285806
            ],
            [
              -122.0855625,
              37.7284902
            ]
          ]
        ]
      },
      "properties": {
        "course_id": "redwood_canyon_castro_valley",
        "course_name": "Redwood Canyon Golf Course",
        "hole_number": 17,
        "feature_type": "fairway",
        "name": "hole_17_fairway",
        "feature-color": "#4a7c3f",
        "is_approximate": true,
        "source": "osm",
        "@id": "2c96d56c-a429-4cb3-9d43-4c520cb8b03c",
        "osm_id": 1156452484
      }
    },
    {
      "type": "Feature",
      "bbox": [
        -122.0814922,
        37.7266299,
        -122.080782,
        37.7284585
      ],
      "geometry": {
        "type": "Polygon",
        "coordinates": [
          [
            [
              -122.0808534,
              37.7266467
            ],
            [
              -122.080782,
              37.7267366
            ],
            [
              -122.080782,
              37.7268664
            ],
            [
              -122.0808296,
              37.7271091
            ],
            [
              -122.0808957,
              37.7272032
            ],
            [
              -122.0808746,
              37.7273831
            ],
            [
              -122.0808851,
              37.7275003
            ],
            [
              -122.0809275,
              37.7275924
            ],
            [
              -122.0809252,
              37.7276939
            ],
            [
              -122.0811014,
              37.7280441
            ],
            [
              -122.0812465,
              37.7282905
            ],
            [
              -122.0813326,
              37.7284292
            ],
            [
              -122.0813712,
              37.7284569
            ],
            [
              -122.0814248,
              37.7284585
            ],
            [
              -122.081469,
              37.7284235
            ],
            [
              -122.0814922,
              37.7283861
            ],
            [
              -122.0814664,
              37.7283018
            ],
            [
              -122.0813517,
              37.7281118
            ],
            [
              -122.0811855,
              37.7276818
            ],
            [
              -122.0811867,
              37.7275421
            ],
            [
              -122.0811946,
              37.7274773
            ],
            [
              -122.081237,
              37.7273308
            ],
            [
              -122.0811285,
              37.7268057
            ],
            [
              -122.0810994,
              37.7267073
            ],
            [
              -122.0810756,
              37.7266508
            ],
            [
              -122.081028,
              37.7266299
            ],
            [
              -122.0808534,
              37.7266467
            ]
          ]
        ]
      },
      "properties": {
        "course_id": "redwood_canyon_castro_valley",
        "course_name": "Redwood Canyon Golf Course",
        "hole_number": 1,
        "feature_type": "fairway",
        "name": "hole_1_fairway",
        "feature-color": "#4a7c3f",
        "is_approximate": true,
        "source": "osm",
        "@id": "e41c7bba-3168-409b-a1f1-547005a46057",
        "osm_id": 1156539063
      }
    },
    {
      "type": "Feature",
      "bbox": [
        -122.0826938,
        37.7304154,
        -122.0821071,
        37.7324685
      ],
      "geometry": {
        "type": "Polygon",
        "coordinates": [
          [
            [
              -122.0822763,
              37.7304154
            ],
            [
              -122.082255,
              37.7306009
            ],
            [
              -122.0822153,
              37.7308347
            ],
            [
              -122.0823098,
              37.7311841
            ],
            [
              -122.082325,
              37.7314757
            ],
            [
              -122.0823129,
              37.7316782
            ],
            [
              -122.0823037,
              37.7317673
            ],
            [
              -122.0822093,
              37.7321312
            ],
            [
              -122.0821331,
              37.732365
            ],
            [
              -122.0821071,
              37.7324266
            ],
            [
              -122.0821372,
              37.7324535
            ],
            [
              -122.0822618,
              37.7324685
            ],
            [
              -122.0822871,
              37.7323828
            ],
            [
              -122.0823079,
              37.732328
            ],
            [
              -122.0823754,
              37.7323157
            ],
            [
              -122.0824446,
              37.7322883
            ],
            [
              -122.0826523,
              37.7315354
            ],
            [
              -122.0826644,
              37.7314054
            ],
            [
              -122.0826679,
              37.7312494
            ],
            [
              -122.0826938,
              37.731144
            ],
            [
              -122.0826904,
              37.7310837
            ],
            [
              -122.0826523,
              37.7309879
            ],
            [
              -122.0826194,
              37.7309318
            ],
            [
              -122.0826004,
              37.7308236
            ],
            [
              -122.0825571,
              37.73071
            ],
            [
              -122.0823615,
              37.7304486
            ],
            [
              -122.0822763,
              37.7304154
            ]
          ]
        ]
      },
      "properties": {
        "course_id": "redwood_canyon_castro_valley",
        "course_name": "Redwood Canyon Golf Course",
        "hole_number": 2,
        "feature_type": "fairway",
        "name": "hole_2_fairway",
        "feature-color": "#4a7c3f",
        "is_approximate": true,
        "source": "osm",
        "@id": "b2703f88-0039-44d9-8ebf-b85420e6a478",
        "osm_id": 1156539065
      }
    },
    {
      "type": "Feature",
      "bbox": [
        -122.0815026,
        37.7331241,
        -122.0811876,
        37.7337958
      ],
      "geometry": {
        "type": "Polygon",
        "coordinates": [
          [
            [
              -122.0812897,
              37.7337948
            ],
            [
              -122.081352,
              37.7337291
            ],
            [
              -122.0814351,
              37.7334608
            ],
            [
              -122.0814679,
              37.7333226
            ],
            [
              -122.0814437,
              37.7332706
            ],
            [
              -122.0814783,
              37.7332158
            ],
            [
              -122.0815026,
              37.7331392
            ],
            [
              -122.0814731,
              37.7331241
            ],
            [
              -122.081397,
              37.7331241
            ],
            [
              -122.0813606,
              37.7331529
            ],
            [
              -122.0813676,
              37.7331967
            ],
            [
              -122.081371,
              37.7332541
            ],
            [
              -122.0813364,
              37.7332843
            ],
            [
              -122.0813053,
              37.7333554
            ],
            [
              -122.0812828,
              37.7335046
            ],
            [
              -122.0812464,
              37.7336292
            ],
            [
              -122.0812083,
              37.7337113
            ],
            [
              -122.0811876,
              37.7337579
            ],
            [
              -122.0812345,
              37.7337958
            ],
            [
              -122.0812897,
              37.7337948
            ]
          ]
        ]
      },
      "properties": {
        "course_id": "redwood_canyon_castro_valley",
        "course_name": "Redwood Canyon Golf Course",
        "hole_number": 7,
        "feature_type": "fairway",
        "name": "hole_7_fairway",
        "feature-color": "#4a7c3f",
        "is_approximate": true,
        "source": "osm",
        "@id": "e63dea88-d700-4a3d-9dae-83032f0889e8",
        "osm_id": 1156539067
      }
    },
    {
      "type": "Feature",
      "bbox": [
        -122.0817479,
        37.7302181,
        -122.0813432,
        37.7322474
      ],
      "geometry": {
        "type": "Polygon",
        "coordinates": [
          [
            [
              -122.0816474,
              37.7321868
            ],
            [
              -122.0816104,
              37.7322286
            ],
            [
              -122.0815178,
              37.7322474
            ],
            [
              -122.0814199,
              37.7322286
            ],
            [
              -122.0814041,
              37.7321868
            ],
            [
              -122.0813617,
              37.732078
            ],
            [
              -122.0813538,
              37.7319587
            ],
            [
              -122.0813803,
              37.7313855
            ],
            [
              -122.0814332,
              37.731101
            ],
            [
              -122.0814067,
              37.7307955
            ],
            [
              -122.081375,
              37.7305779
            ],
            [
              -122.0813591,
              37.7304147
            ],
            [
              -122.0813432,
              37.7303269
            ],
            [
              -122.0813617,
              37.7302955
            ],
            [
              -122.0814728,
              37.7302955
            ],
            [
              -122.0815496,
              37.7302453
            ],
            [
              -122.0815707,
              37.7302181
            ],
            [
              -122.0815998,
              37.730308
            ],
            [
              -122.0817294,
              37.7310298
            ],
            [
              -122.0817294,
              37.7311512
            ],
            [
              -122.0817479,
              37.7315926
            ],
            [
              -122.0816977,
              37.7319964
            ],
            [
              -122.0816474,
              37.7321868
            ]
          ]
        ]
      },
      "properties": {
        "course_id": "redwood_canyon_castro_valley",
        "course_name": "Redwood Canyon Golf Course",
        "hole_number": 8,
        "feature_type": "fairway",
        "name": "hole_8_fairway",
        "feature-color": "#4a7c3f",
        "is_approximate": true,
        "source": "osm",
        "@id": "c910e71e-1b58-4866-9623-c9c996bc2a7c",
        "osm_id": 1156539068
      }
    },
    {
      "type": "Feature",
      "bbox": [
        -122.0814736,
        37.7294262,
        -122.0812653,
        37.7296895
      ],
      "geometry": {
        "type": "Polygon",
        "coordinates": [
          [
            [
              -122.0814096,
              37.7296895
            ],
            [
              -122.0813839,
              37.7296868
            ],
            [
              -122.0813592,
              37.729674
            ],
            [
              -122.0813362,
              37.7296436
            ],
            [
              -122.0812662,
              37.7294978
            ],
            [
              -122.0812653,
              37.7294728
            ],
            [
              -122.0812721,
              37.7294526
            ],
            [
              -122.0812892,
              37.7294391
            ],
            [
              -122.0813097,
              37.7294323
            ],
            [
              -122.0813327,
              37.7294262
            ],
            [
              -122.0813566,
              37.7294303
            ],
            [
              -122.0813788,
              37.729437
            ],
            [
              -122.0813933,
              37.7294607
            ],
            [
              -122.0814659,
              37.7296139
            ],
            [
              -122.0814736,
              37.7296443
            ],
            [
              -122.0814659,
              37.7296679
            ],
            [
              -122.0814394,
              37.7296848
            ],
            [
              -122.0814096,
              37.7296895
            ]
          ]
        ]
      },
      "properties": {
        "course_id": "redwood_canyon_castro_valley",
        "course_name": "Redwood Canyon Golf Course",
        "hole_number": 9,
        "feature_type": "tee_box",
        "name": "hole_9_tee_box",
        "feature-color": "#8b7355",
        "is_approximate": true,
        "source": "osm",
        "@id": "71000f84-37f8-4bce-a532-e458557edc41",
        "osm_id": 1156539069
      }
    },
    {
      "type": "Feature",
      "bbox": [
        -122.0812353,
        37.7272359,
        -122.0802221,
        37.7292717
      ],
      "geometry": {
        "type": "Polygon",
        "coordinates": [
          [
            [
              -122.0812353,
              37.7290729
            ],
            [
              -122.08123,
              37.7291859
            ],
            [
              -122.0811638,
              37.7292591
            ],
            [
              -122.0810527,
              37.7292717
            ],
            [
              -122.0809654,
              37.7292403
            ],
            [
              -122.0809125,
              37.729098
            ],
            [
              -122.0804126,
              37.728008
            ],
            [
              -122.0803412,
              37.7277799
            ],
            [
              -122.0802459,
              37.7274661
            ],
            [
              -122.0802221,
              37.7273573
            ],
            [
              -122.0802486,
              37.7272924
            ],
            [
              -122.0803332,
              37.7272589
            ],
            [
              -122.080447,
              37.7272359
            ],
            [
              -122.0804814,
              37.727238
            ],
            [
              -122.0805792,
              37.7276209
            ],
            [
              -122.0809231,
              37.728349
            ],
            [
              -122.0812353,
              37.7290729
            ]
          ]
        ]
      },
      "properties": {
        "course_id": "redwood_canyon_castro_valley",
        "course_name": "Redwood Canyon Golf Course",
        "hole_number": 9,
        "feature_type": "fairway",
        "name": "hole_9_fairway",
        "feature-color": "#4a7c3f",
        "is_approximate": true,
        "source": "osm",
        "@id": "62aae3f1-b2ca-4bb8-8c2a-8542dc33e43e",
        "osm_id": 1156539070
      }
    },
    {
      "type": "Feature",
      "bbox": [
        -122.080564,
        37.7257312,
        -122.0801375,
        37.7271648
      ],
      "geometry": {
        "type": "Polygon",
        "coordinates": [
          [
            [
              -122.0804946,
              37.7269179
            ],
            [
              -122.0805052,
              37.7270225
            ],
            [
              -122.0804655,
              37.7271041
            ],
            [
              -122.0803914,
              37.727146
            ],
            [
              -122.0802988,
              37.7271648
            ],
            [
              -122.0802327,
              37.7271543
            ],
            [
              -122.0801719,
              37.7271104
            ],
            [
              -122.080156,
              37.7270476
            ],
            [
              -122.0801375,
              37.7268489
            ],
            [
              -122.0801507,
              37.7265873
            ],
            [
              -122.0801745,
              37.7264053
            ],
            [
              -122.0802089,
              37.7262107
            ],
            [
              -122.0802433,
              37.7260915
            ],
            [
              -122.0802988,
              37.7259848
            ],
            [
              -122.0803729,
              37.7258969
            ],
            [
              -122.0804046,
              37.7258383
            ],
            [
              -122.0804075,
              37.7258231
            ],
            [
              -122.0804022,
              37.725809
            ],
            [
              -122.0803775,
              37.7257817
            ],
            [
              -122.0803547,
              37.7257583
            ],
            [
              -122.0803493,
              37.7257518
            ],
            [
              -122.0803523,
              37.7257416
            ],
            [
              -122.0803751,
              37.7257657
            ],
            [
              -122.0804094,
              37.7257838
            ],
            [
              -122.0804741,
              37.7257988
            ],
            [
              -122.0805276,
              37.7257763
            ],
            [
              -122.080564,
              37.7257312
            ],
            [
              -122.0805496,
              37.7257906
            ],
            [
              -122.0805287,
              37.7258193
            ],
            [
              -122.0805163,
              37.7260474
            ],
            [
              -122.0804465,
              37.7264653
            ],
            [
              -122.0804946,
              37.7269179
            ]
          ]
        ]
      },
      "properties": {
        "course_id": "redwood_canyon_castro_valley",
        "course_name": "Redwood Canyon Golf Course",
        "hole_number": 9,
        "feature_type": "fairway",
        "name": "hole_9_fairway_2",
        "feature-color": "#4a7c3f",
        "is_approximate": true,
        "source": "osm",
        "@id": "9e000fc2-0893-4f3b-a337-35a18681b95f",
        "osm_id": 1156539071
      }
    },
    {
      "type": "Feature",
      "bbox": [
        -122.0779635,
        37.7368537,
        -122.0776867,
        37.7370482
      ],
      "geometry": {
        "type": "Polygon",
        "coordinates": [
          [
            [
              -122.0779582,
              37.736942
            ],
            [
              -122.0779611,
              37.7369326
            ],
            [
              -122.0779635,
              37.7369216
            ],
            [
              -122.0779628,
              37.7369091
            ],
            [
              -122.0779607,
              37.7369001
            ],
            [
              -122.0779585,
              37.7368947
            ],
            [
              -122.077949,
              37.7368789
            ],
            [
              -122.0779376,
              37.736869
            ],
            [
              -122.0779218,
              37.7368619
            ],
            [
              -122.0779078,
              37.7368577
            ],
            [
              -122.0778881,
              37.7368544
            ],
            [
              -122.0778708,
              37.7368537
            ],
            [
              -122.0778497,
              37.7368553
            ],
            [
              -122.07783,
              37.7368565
            ],
            [
              -122.0778078,
              37.7368596
            ],
            [
              -122.0777904,
              37.7368649
            ],
            [
              -122.0777729,
              37.7368722
            ],
            [
              -122.0777548,
              37.7368798
            ],
            [
              -122.0777421,
              37.7368863
            ],
            [
              -122.0777292,
              37.736893
            ],
            [
              -122.0777199,
              37.736903
            ],
            [
              -122.0777048,
              37.7369178
            ],
            [
              -122.0776961,
              37.7369282
            ],
            [
              -122.0776907,
              37.736939
            ],
            [
              -122.0776869,
              37.736952
            ],
            [
              -122.0776867,
              37.736964
            ],
            [
              -122.0776906,
              37.7369785
            ],
            [
              -122.077696,
              37.7369898
            ],
            [
              -122.0777063,
              37.737003
            ],
            [
              -122.0777195,
              37.737014
            ],
            [
              -122.0777344,
              37.737023
            ],
            [
              -122.0777491,
              37.7370315
            ],
            [
              -122.0777635,
              37.7370378
            ],
            [
              -122.0777835,
              37.7370448
            ],
            [
              -122.0778043,
              37.7370482
            ],
            [
              -122.0778258,
              37.7370468
            ],
            [
              -122.0778467,
              37.7370424
            ],
            [
              -122.0778657,
              37.7370359
            ],
            [
              -122.0778917,
              37.7370241
            ],
            [
              -122.0779027,
              37.7370148
            ],
            [
              -122.0779179,
              37.7370025
            ],
            [
              -122.0779374,
              37.7369825
            ],
            [
              -122.0779464,
              37.7369707
            ],
            [
              -122.0779503,
              37.7369625
            ],
            [
              -122.077955,
              37.7369537
            ],
            [
              -122.0779582,
              37.736942
            ]
          ]
        ]
      },
      "properties": {
        "course_id": "redwood_canyon_castro_valley",
        "course_name": "Redwood Canyon Golf Course",
        "hole_number": 4,
        "feature_type": "green",
        "name": "hole_4_green",
        "feature-color": "#2d6e2d",
        "is_approximate": true,
        "source": "osm",
        "@id": "aa7dc940-1230-49a9-b0ce-57ebaea99e4f",
        "osm_id": 1548304000
      }
    },
    {
      "type": "Feature",
      "bbox": [
        -122.0781866,
        37.7362019,
        -122.0777795,
        37.7364356
      ],
      "geometry": {
        "type": "Polygon",
        "coordinates": [
          [
            [
              -122.0781866,
              37.7362842
            ],
            [
              -122.0781283,
              37.7362019
            ],
            [
              -122.0777795,
              37.7363657
            ],
            [
              -122.0778382,
              37.7364356
            ],
            [
              -122.0781866,
              37.7362842
            ]
          ]
        ]
      },
      "properties": {
        "course_id": "redwood_canyon_castro_valley",
        "course_name": "Redwood Canyon Golf Course",
        "hole_number": 6,
        "feature_type": "tee_box",
        "name": "hole_6_tee_box_2",
        "feature-color": "#8b7355",
        "is_approximate": true,
        "source": "osm",
        "@id": "16d0c1e4-7463-442a-bd6c-2ccd58416d40",
        "osm_id": 1548305230
      }
    },
    {
      "type": "Feature",
      "bbox": [
        -122.08136828571229,
        37.729558408410334,
        -122.08136828571229,
        37.729558408410334
      ],
      "geometry": {
        "type": "Point",
        "coordinates": [
          -122.08136828571229,
          37.729558408410334
        ]
      },
      "properties": {
        "course_id": "redwood_canyon_castro_valley",
        "course_name": "Redwood Canyon Golf Course",
        "hole_number": 9,
        "feature_type": "tee_center",
        "name": "hole_9_tee_center",
        "feature-color": "#c8a055",
        "is_approximate": true,
        "source": "derived",
        "@id": "a807d2f4-73a6-48ea-9600-7308136b8c73"
      }
    },
    {
      "type": "Feature",
      "bbox": [
        -122.08045048635168,
        37.72566934158563,
        -122.08045048635168,
        37.72566934158563
      ],
      "geometry": {
        "type": "Point",
        "coordinates": [
          -122.08045048635168,
          37.72566934158563
        ]
      },
      "properties": {
        "course_id": "redwood_canyon_castro_valley",
        "course_name": "Redwood Canyon Golf Course",
        "hole_number": 9,
        "feature_type": "green_center",
        "name": "hole_9_green_center",
        "feature-color": "#5aae5a",
        "is_approximate": true,
        "source": "derived",
        "@id": "c515f76c-5d69-42cb-9867-df1f11255f57"
      }
    },
    {
      "type": "Feature",
      "bbox": [
        -122.08045610180929,
        37.72579462731282,
        -122.08045610180929,
        37.72579462731282
      ],
      "geometry": {
        "type": "Point",
        "coordinates": [
          -122.08045610180929,
          37.72579462731282
        ]
      },
      "properties": {
        "course_id": "redwood_canyon_castro_valley",
        "course_name": "Redwood Canyon Golf Course",
        "hole_number": 9,
        "feature_type": "green_front",
        "name": "hole_9_green_front",
        "feature-color": "#5aae5a",
        "is_approximate": true,
        "source": "derived",
        "@id": "982a9aee-92b0-48ab-babf-d9c1da5c84cf"
      }
    },
    {
      "type": "Feature",
      "bbox": [
        -122.08044542611299,
        37.72555644327409,
        -122.08044542611299,
        37.72555644327409
      ],
      "geometry": {
        "type": "Point",
        "coordinates": [
          -122.08044542611299,
          37.72555644327409
        ]
      },
      "properties": {
        "course_id": "redwood_canyon_castro_valley",
        "course_name": "Redwood Canyon Golf Course",
        "hole_number": 9,
        "feature_type": "green_back",
        "name": "hole_9_green_back",
        "feature-color": "#5aae5a",
        "is_approximate": true,
        "source": "derived",
        "@id": "bbc9cd76-ee56-4ef6-927a-327ec6328573"
      }
    },
    {
      "type": "Feature",
      "bbox": [
        -122.08084963989565,
        37.726266643189064,
        -122.08084963989565,
        37.726266643189064
      ],
      "geometry": {
        "type": "Point",
        "coordinates": [
          -122.08084963989565,
          37.726266643189064
        ]
      },
      "properties": {
        "course_id": "redwood_canyon_castro_valley",
        "course_name": "Redwood Canyon Golf Course",
        "hole_number": 1,
        "feature_type": "tee_center",
        "name": "hole_1_tee_center",
        "feature-color": "#c8a055",
        "is_approximate": true,
        "source": "derived",
        "@id": "fd0aa931-5924-4e92-b9d5-d12dd9fd9bdf"
      }
    },
    {
      "type": "Feature",
      "bbox": [
        -122.08206283571039,
        37.72930508642008,
        -122.08206283571039,
        37.72930508642008
      ],
      "geometry": {
        "type": "Point",
        "coordinates": [
          -122.08206283571039,
          37.72930508642008
        ]
      },
      "properties": {
        "course_id": "redwood_canyon_castro_valley",
        "course_name": "Redwood Canyon Golf Course",
        "hole_number": 1,
        "feature_type": "green_center",
        "name": "hole_1_green_center",
        "feature-color": "#5aae5a",
        "is_approximate": true,
        "source": "derived",
        "@id": "1da9d7c7-e8e5-44a9-a6b8-5d44e6aac7f6"
      }
    },
    {
      "type": "Feature",
      "bbox": [
        -122.08200614406873,
        37.72919772881317,
        -122.08200614406873,
        37.72919772881317
      ],
      "geometry": {
        "type": "Point",
        "coordinates": [
          -122.08200614406873,
          37.72919772881317
        ]
      },
      "properties": {
        "course_id": "redwood_canyon_castro_valley",
        "course_name": "Redwood Canyon Golf Course",
        "hole_number": 1,
        "feature_type": "green_front",
        "name": "hole_1_green_front",
        "feature-color": "#5aae5a",
        "is_approximate": true,
        "source": "derived",
        "@id": "3b8ee14e-db87-4019-9f0b-00c266fa6005"
      }
    },
    {
      "type": "Feature",
      "bbox": [
        -122.08211836014455,
        37.72941023367284,
        -122.08211836014455,
        37.72941023367284
      ],
      "geometry": {
        "type": "Point",
        "coordinates": [
          -122.08211836014455,
          37.72941023367284
        ]
      },
      "properties": {
        "course_id": "redwood_canyon_castro_valley",
        "course_name": "Redwood Canyon Golf Course",
        "hole_number": 1,
        "feature_type": "green_back",
        "name": "hole_1_green_back",
        "feature-color": "#5aae5a",
        "is_approximate": true,
        "source": "derived",
        "@id": "e960f158-fbca-4717-ba63-1a22f3f76c20"
      }
    },
    {
      "type": "Feature",
      "bbox": [
        -122.08184016347727,
        37.729864103712714,
        -122.08184016347727,
        37.729864103712714
      ],
      "geometry": {
        "type": "Point",
        "coordinates": [
          -122.08184016347727,
          37.729864103712714
        ]
      },
      "properties": {
        "course_id": "redwood_canyon_castro_valley",
        "course_name": "Redwood Canyon Golf Course",
        "hole_number": 2,
        "feature_type": "tee_center",
        "name": "hole_2_tee_center",
        "feature-color": "#c8a055",
        "is_approximate": true,
        "source": "derived",
        "@id": "8526c55d-8551-4a66-991f-7d8204d3c73d"
      }
    },
    {
      "type": "Feature",
      "bbox": [
        -122.08220734138592,
        37.73259021943691,
        -122.08220734138592,
        37.73259021943691
      ],
      "geometry": {
        "type": "Point",
        "coordinates": [
          -122.08220734138592,
          37.73259021943691
        ]
      },
      "properties": {
        "course_id": "redwood_canyon_castro_valley",
        "course_name": "Redwood Canyon Golf Course",
        "hole_number": 2,
        "feature_type": "green_center",
        "name": "hole_2_green_center",
        "feature-color": "#5aae5a",
        "is_approximate": true,
        "source": "derived",
        "@id": "42ca63d5-d63f-4b55-9afc-1365152ed205"
      }
    },
    {
      "type": "Feature",
      "bbox": [
        -122.08223028158552,
        37.73246470564834,
        -122.08223028158552,
        37.73246470564834
      ],
      "geometry": {
        "type": "Point",
        "coordinates": [
          -122.08223028158552,
          37.73246470564834
        ]
      },
      "properties": {
        "course_id": "redwood_canyon_castro_valley",
        "course_name": "Redwood Canyon Golf Course",
        "hole_number": 2,
        "feature_type": "green_front",
        "name": "hole_2_green_front",
        "feature-color": "#5aae5a",
        "is_approximate": true,
        "source": "derived",
        "@id": "cdd05723-aa75-4154-8c8c-4cf5cb575b19"
      }
    },
    {
      "type": "Feature",
      "bbox": [
        -122.08218544596252,
        37.73271001689252,
        -122.08218544596252,
        37.73271001689252
      ],
      "geometry": {
        "type": "Point",
        "coordinates": [
          -122.08218544596252,
          37.73271001689252
        ]
      },
      "properties": {
        "course_id": "redwood_canyon_castro_valley",
        "course_name": "Redwood Canyon Golf Course",
        "hole_number": 2,
        "feature_type": "green_back",
        "name": "hole_2_green_back",
        "feature-color": "#5aae5a",
        "is_approximate": true,
        "source": "derived",
        "@id": "87f41344-b65f-4b92-88eb-1868d73ebd55"
      }
    },
    {
      "type": "Feature",
      "bbox": [
        -122.08208904721948,
        37.73316588599521,
        -122.08208904721948,
        37.73316588599521
      ],
      "geometry": {
        "type": "Point",
        "coordinates": [
          -122.08208904721948,
          37.73316588599521
        ]
      },
      "properties": {
        "course_id": "redwood_canyon_castro_valley",
        "course_name": "Redwood Canyon Golf Course",
        "hole_number": 3,
        "feature_type": "tee_center",
        "name": "hole_3_tee_center",
        "feature-color": "#c8a055",
        "is_approximate": true,
        "source": "derived",
        "@id": "d8d5ae1a-53fb-4734-9754-f0ea0146fda4"
      }
    },
    {
      "type": "Feature",
      "bbox": [
        -122.08151169014727,
        37.73405630941337,
        -122.08151169014727,
        37.73405630941337
      ],
      "geometry": {
        "type": "Point",
        "coordinates": [
          -122.08151169014727,
          37.73405630941337
        ]
      },
      "properties": {
        "course_id": "redwood_canyon_castro_valley",
        "course_name": "Redwood Canyon Golf Course",
        "hole_number": 3,
        "feature_type": "green_center",
        "name": "hole_3_green_center",
        "feature-color": "#5aae5a",
        "is_approximate": true,
        "source": "derived",
        "@id": "63a51b31-fee8-4ee6-939c-c65fdef2782f"
      }
    },
    {
      "type": "Feature",
      "bbox": [
        -122.08157764822775,
        37.7339545861951,
        -122.08157764822775,
        37.7339545861951
      ],
      "geometry": {
        "type": "Point",
        "coordinates": [
          -122.08157764822775,
          37.7339545861951
        ]
      },
      "properties": {
        "course_id": "redwood_canyon_castro_valley",
        "course_name": "Redwood Canyon Golf Course",
        "hole_number": 3,
        "feature_type": "green_front",
        "name": "hole_3_green_front",
        "feature-color": "#5aae5a",
        "is_approximate": true,
        "source": "derived",
        "@id": "dfd8594c-ca79-448d-80d0-03396cc011b4"
      }
    },
    {
      "type": "Feature",
      "bbox": [
        -122.08144863800655,
        37.73415355097387,
        -122.08144863800655,
        37.73415355097387
      ],
      "geometry": {
        "type": "Point",
        "coordinates": [
          -122.08144863800655,
          37.73415355097387
        ]
      },
      "properties": {
        "course_id": "redwood_canyon_castro_valley",
        "course_name": "Redwood Canyon Golf Course",
        "hole_number": 3,
        "feature_type": "green_back",
        "name": "hole_3_green_back",
        "feature-color": "#5aae5a",
        "is_approximate": true,
        "source": "derived",
        "@id": "06802db8-3c40-477a-ad96-19c9165aa2f0"
      }
    },
    {
      "type": "Feature",
      "bbox": [
        -122.0814973982463,
        37.73459231187475,
        -122.0814973982463,
        37.73459231187475
      ],
      "geometry": {
        "type": "Point",
        "coordinates": [
          -122.0814973982463,
          37.73459231187475
        ]
      },
      "properties": {
        "course_id": "redwood_canyon_castro_valley",
        "course_name": "Redwood Canyon Golf Course",
        "hole_number": 4,
        "feature_type": "tee_center",
        "name": "hole_4_tee_center",
        "feature-color": "#c8a055",
        "is_approximate": true,
        "source": "derived",
        "@id": "d519fc1f-ae30-4444-8bfa-6f548744bef9"
      }
    },
    {
      "type": "Feature",
      "bbox": [
        -122.07782730363122,
        37.73694773334688,
        -122.07782730363122,
        37.73694773334688
      ],
      "geometry": {
        "type": "Point",
        "coordinates": [
          -122.07782730363122,
          37.73694773334688
        ]
      },
      "properties": {
        "course_id": "redwood_canyon_castro_valley",
        "course_name": "Redwood Canyon Golf Course",
        "hole_number": 4,
        "feature_type": "green_center",
        "name": "hole_4_green_center",
        "feature-color": "#5aae5a",
        "is_approximate": true,
        "source": "derived",
        "@id": "f855f85e-2e4f-49f6-8db5-43e78012501c"
      }
    },
    {
      "type": "Feature",
      "bbox": [
        -122.0779428618537,
        37.736873569504525,
        -122.0779428618537,
        37.736873569504525
      ],
      "geometry": {
        "type": "Point",
        "coordinates": [
          -122.0779428618537,
          37.736873569504525
        ]
      },
      "properties": {
        "course_id": "redwood_canyon_castro_valley",
        "course_name": "Redwood Canyon Golf Course",
        "hole_number": 4,
        "feature_type": "green_front",
        "name": "hole_4_green_front",
        "feature-color": "#5aae5a",
        "is_approximate": true,
        "source": "derived",
        "@id": "88f04141-3404-4562-b836-3fb6f4024666"
      }
    },
    {
      "type": "Feature",
      "bbox": [
        -122.07772184415971,
        37.737015415935396,
        -122.07772184415971,
        37.737015415935396
      ],
      "geometry": {
        "type": "Point",
        "coordinates": [
          -122.07772184415971,
          37.737015415935396
        ]
      },
      "properties": {
        "course_id": "redwood_canyon_castro_valley",
        "course_name": "Redwood Canyon Golf Course",
        "hole_number": 4,
        "feature_type": "green_back",
        "name": "hole_4_green_back",
        "feature-color": "#5aae5a",
        "is_approximate": true,
        "source": "derived",
        "@id": "6e9f899e-6f6f-4c2f-a39e-6ac678eaf98b"
      }
    },
    {
      "type": "Feature",
      "bbox": [
        -122.07642157158124,
        37.7376539234033,
        -122.07642157158124,
        37.7376539234033
      ],
      "geometry": {
        "type": "Point",
        "coordinates": [
          -122.07642157158124,
          37.7376539234033
        ]
      },
      "properties": {
        "course_id": "redwood_canyon_castro_valley",
        "course_name": "Redwood Canyon Golf Course",
        "hole_number": 5,
        "feature_type": "tee_center",
        "name": "hole_5_tee_center",
        "feature-color": "#c8a055",
        "is_approximate": true,
        "source": "derived",
        "@id": "699a3c19-19c7-404a-9a33-411707f9b671"
      }
    },
    {
      "type": "Feature",
      "bbox": [
        -122.076972215338,
        37.73659328299626,
        -122.076972215338,
        37.73659328299626
      ],
      "geometry": {
        "type": "Point",
        "coordinates": [
          -122.076972215338,
          37.73659328299626
        ]
      },
      "properties": {
        "course_id": "redwood_canyon_castro_valley",
        "course_name": "Redwood Canyon Golf Course",
        "hole_number": 5,
        "feature_type": "green_center",
        "name": "hole_5_green_center",
        "feature-color": "#5aae5a",
        "is_approximate": true,
        "source": "derived",
        "@id": "7c4a4117-5b71-4075-8f0b-6d920b09f815"
      }
    },
    {
      "type": "Feature",
      "bbox": [
        -122.07691111790082,
        37.73671096781488,
        -122.07691111790082,
        37.73671096781488
      ],
      "geometry": {
        "type": "Point",
        "coordinates": [
          -122.07691111790082,
          37.73671096781488
        ]
      },
      "properties": {
        "course_id": "redwood_canyon_castro_valley",
        "course_name": "Redwood Canyon Golf Course",
        "hole_number": 5,
        "feature_type": "green_front",
        "name": "hole_5_green_front",
        "feature-color": "#5aae5a",
        "is_approximate": true,
        "source": "derived",
        "@id": "ffd18c50-259c-4ac6-9270-04c3de884081"
      }
    },
    {
      "type": "Feature",
      "bbox": [
        -122.07703410288656,
        37.73647407627888,
        -122.07703410288656,
        37.73647407627888
      ],
      "geometry": {
        "type": "Point",
        "coordinates": [
          -122.07703410288656,
          37.73647407627888
        ]
      },
      "properties": {
        "course_id": "redwood_canyon_castro_valley",
        "course_name": "Redwood Canyon Golf Course",
        "hole_number": 5,
        "feature_type": "green_back",
        "name": "hole_5_green_back",
        "feature-color": "#5aae5a",
        "is_approximate": true,
        "source": "derived",
        "@id": "8f001293-d471-4703-8f3c-52367d790325"
      }
    },
    {
      "type": "Feature",
      "bbox": [
        -122.07763571456607,
        37.73652755046461,
        -122.07763571456607,
        37.73652755046461
      ],
      "geometry": {
        "type": "Point",
        "coordinates": [
          -122.07763571456607,
          37.73652755046461
        ]
      },
      "properties": {
        "course_id": "redwood_canyon_castro_valley",
        "course_name": "Redwood Canyon Golf Course",
        "hole_number": 6,
        "feature_type": "tee_center",
        "name": "hole_6_tee_center",
        "feature-color": "#c8a055",
        "is_approximate": true,
        "source": "derived",
        "@id": "145366de-26cb-463b-ae8a-e50f3e271975"
      }
    },
    {
      "type": "Feature",
      "bbox": [
        -122.08050156663371,
        37.7347144300868,
        -122.08050156663371,
        37.7347144300868
      ],
      "geometry": {
        "type": "Point",
        "coordinates": [
          -122.08050156663371,
          37.7347144300868
        ]
      },
      "properties": {
        "course_id": "redwood_canyon_castro_valley",
        "course_name": "Redwood Canyon Golf Course",
        "hole_number": 6,
        "feature_type": "green_center",
        "name": "hole_6_green_center",
        "feature-color": "#5aae5a",
        "is_approximate": true,
        "source": "derived",
        "@id": "be8f3e5d-9e99-4e5f-a080-e838f4558734"
      }
    },
    {
      "type": "Feature",
      "bbox": [
        -122.08038284348343,
        37.734789862604,
        -122.08038284348343,
        37.734789862604
      ],
      "geometry": {
        "type": "Point",
        "coordinates": [
          -122.08038284348343,
          37.734789862604
        ]
      },
      "properties": {
        "course_id": "redwood_canyon_castro_valley",
        "course_name": "Redwood Canyon Golf Course",
        "hole_number": 6,
        "feature_type": "green_front",
        "name": "hole_6_green_front",
        "feature-color": "#5aae5a",
        "is_approximate": true,
        "source": "derived",
        "@id": "e7b3241e-f8b3-4e24-891d-051626edddac"
      }
    },
    {
      "type": "Feature",
      "bbox": [
        -122.0806208443249,
        37.73463864523379,
        -122.0806208443249,
        37.73463864523379
      ],
      "geometry": {
        "type": "Point",
        "coordinates": [
          -122.0806208443249,
          37.73463864523379
        ]
      },
      "properties": {
        "course_id": "redwood_canyon_castro_valley",
        "course_name": "Redwood Canyon Golf Course",
        "hole_number": 6,
        "feature_type": "green_back",
        "name": "hole_6_green_back",
        "feature-color": "#5aae5a",
        "is_approximate": true,
        "source": "derived",
        "@id": "13de7719-9d4f-4fe6-9640-587c2f5faae2"
      }
    },
    {
      "type": "Feature",
      "bbox": [
        -122.08106728035872,
        37.73418430330985,
        -122.08106728035872,
        37.73418430330985
      ],
      "geometry": {
        "type": "Point",
        "coordinates": [
          -122.08106728035872,
          37.73418430330985
        ]
      },
      "properties": {
        "course_id": "redwood_canyon_castro_valley",
        "course_name": "Redwood Canyon Golf Course",
        "hole_number": 7,
        "feature_type": "tee_center",
        "name": "hole_7_tee_center",
        "feature-color": "#c8a055",
        "is_approximate": true,
        "source": "derived",
        "@id": "06d6c4c3-ca74-4294-9442-a2dc82eb27f9"
      }
    },
    {
      "type": "Feature",
      "bbox": [
        -122.08146915917182,
        37.73297111636953,
        -122.08146915917182,
        37.73297111636953
      ],
      "geometry": {
        "type": "Point",
        "coordinates": [
          -122.08146915917182,
          37.73297111636953
        ]
      },
      "properties": {
        "course_id": "redwood_canyon_castro_valley",
        "course_name": "Redwood Canyon Golf Course",
        "hole_number": 7,
        "feature_type": "green_center",
        "name": "hole_7_green_center",
        "feature-color": "#5aae5a",
        "is_approximate": true,
        "source": "derived",
        "@id": "3b6e6f25-b8a0-4dd4-a940-f30bc33e811c"
      }
    },
    {
      "type": "Feature",
      "bbox": [
        -122.08143809156084,
        37.73310471735907,
        -122.08143809156084,
        37.73310471735907
      ],
      "geometry": {
        "type": "Point",
        "coordinates": [
          -122.08143809156084,
          37.73310471735907
        ]
      },
      "properties": {
        "course_id": "redwood_canyon_castro_valley",
        "course_name": "Redwood Canyon Golf Course",
        "hole_number": 7,
        "feature_type": "green_front",
        "name": "hole_7_green_front",
        "feature-color": "#5aae5a",
        "is_approximate": true,
        "source": "derived",
        "@id": "a9e15ab7-fa6a-46ae-ab50-76d93536f615"
      }
    },
    {
      "type": "Feature",
      "bbox": [
        -122.08149993476873,
        37.732838771136954,
        -122.08149993476873,
        37.732838771136954
      ],
      "geometry": {
        "type": "Point",
        "coordinates": [
          -122.08149993476873,
          37.732838771136954
        ]
      },
      "properties": {
        "course_id": "redwood_canyon_castro_valley",
        "course_name": "Redwood Canyon Golf Course",
        "hole_number": 7,
        "feature_type": "green_back",
        "name": "hole_7_green_back",
        "feature-color": "#5aae5a",
        "is_approximate": true,
        "source": "derived",
        "@id": "91a30429-012e-4810-a6a0-fdb9404cfbe1"
      }
    },
    {
      "type": "Feature",
      "bbox": [
        -122.08153047754628,
        37.73250724879593,
        -122.08153047754628,
        37.73250724879593
      ],
      "geometry": {
        "type": "Point",
        "coordinates": [
          -122.08153047754628,
          37.73250724879593
        ]
      },
      "properties": {
        "course_id": "redwood_canyon_castro_valley",
        "course_name": "Redwood Canyon Golf Course",
        "hole_number": 8,
        "feature_type": "tee_center",
        "name": "hole_8_tee_center",
        "feature-color": "#c8a055",
        "is_approximate": true,
        "source": "derived",
        "@id": "b2110293-17e1-4abc-afff-ab580a5aaadf"
      }
    },
    {
      "type": "Feature",
      "bbox": [
        -122.0813504844661,
        37.730039471403316,
        -122.0813504844661,
        37.730039471403316
      ],
      "geometry": {
        "type": "Point",
        "coordinates": [
          -122.0813504844661,
          37.730039471403316
        ]
      },
      "properties": {
        "course_id": "redwood_canyon_castro_valley",
        "course_name": "Redwood Canyon Golf Course",
        "hole_number": 8,
        "feature_type": "green_center",
        "name": "hole_8_green_center",
        "feature-color": "#5aae5a",
        "is_approximate": true,
        "source": "derived",
        "@id": "8818f177-ee22-4a35-b4d7-ff8a0e3bab25"
      }
    },
    {
      "type": "Feature",
      "bbox": [
        -122.08136509347405,
        37.730135239559324,
        -122.08136509347405,
        37.730135239559324
      ],
      "geometry": {
        "type": "Point",
        "coordinates": [
          -122.08136509347405,
          37.730135239559324
        ]
      },
      "properties": {
        "course_id": "redwood_canyon_castro_valley",
        "course_name": "Redwood Canyon Golf Course",
        "hole_number": 8,
        "feature_type": "green_front",
        "name": "hole_8_green_front",
        "feature-color": "#5aae5a",
        "is_approximate": true,
        "source": "derived",
        "@id": "55443689-320c-4c8f-aa89-381baed9b9a3"
      }
    },
    {
      "type": "Feature",
      "bbox": [
        -122.08133428925206,
        37.72993330500307,
        -122.08133428925206,
        37.72993330500307
      ],
      "geometry": {
        "type": "Point",
        "coordinates": [
          -122.08133428925206,
          37.72993330500307
        ]
      },
      "properties": {
        "course_id": "redwood_canyon_castro_valley",
        "course_name": "Redwood Canyon Golf Course",
        "hole_number": 8,
        "feature_type": "green_back",
        "name": "hole_8_green_back",
        "feature-color": "#5aae5a",
        "is_approximate": true,
        "source": "derived",
        "@id": "d002111b-1f2e-4a11-83e6-58fdfd301d8c"
      }
    },
    {
      "type": "Feature",
      "bbox": [
        -122.08204564346379,
        37.72467729507263,
        -122.08204564346379,
        37.72467729507263
      ],
      "geometry": {
        "type": "Point",
        "coordinates": [
          -122.08204564346379,
          37.72467729507263
        ]
      },
      "properties": {
        "course_id": "redwood_canyon_castro_valley",
        "course_name": "Redwood Canyon Golf Course",
        "hole_number": 10,
        "feature_type": "tee_center",
        "name": "hole_10_tee_center",
        "feature-color": "#c8a055",
        "is_approximate": true,
        "source": "derived",
        "@id": "94765e7a-3052-4551-8fd3-7dd141919299"
      }
    },
    {
      "type": "Feature",
      "bbox": [
        -122.08538780700204,
        37.7256493933983,
        -122.08538780700204,
        37.7256493933983
      ],
      "geometry": {
        "type": "Point",
        "coordinates": [
          -122.08538780700204,
          37.7256493933983
        ]
      },
      "properties": {
        "course_id": "redwood_canyon_castro_valley",
        "course_name": "Redwood Canyon Golf Course",
        "hole_number": 10,
        "feature_type": "green_center",
        "name": "hole_10_green_center",
        "feature-color": "#5aae5a",
        "is_approximate": true,
        "source": "derived",
        "@id": "4b7af5a0-4670-4a18-98f5-adb3939e5b7e"
      }
    },
    {
      "type": "Feature",
      "bbox": [
        -122.08522485522623,
        37.72560713254673,
        -122.08522485522623,
        37.72560713254673
      ],
      "geometry": {
        "type": "Point",
        "coordinates": [
          -122.08522485522623,
          37.72560713254673
        ]
      },
      "properties": {
        "course_id": "redwood_canyon_castro_valley",
        "course_name": "Redwood Canyon Golf Course",
        "hole_number": 10,
        "feature_type": "green_front",
        "name": "hole_10_green_front",
        "feature-color": "#5aae5a",
        "is_approximate": true,
        "source": "derived",
        "@id": "80e98add-eac6-4d01-9bc7-2c57599df9c7"
      }
    },
    {
      "type": "Feature",
      "bbox": [
        -122.08555358980256,
        37.72569238846411,
        -122.08555358980256,
        37.72569238846411
      ],
      "geometry": {
        "type": "Point",
        "coordinates": [
          -122.08555358980256,
          37.72569238846411
        ]
      },
      "properties": {
        "course_id": "redwood_canyon_castro_valley",
        "course_name": "Redwood Canyon Golf Course",
        "hole_number": 10,
        "feature_type": "green_back",
        "name": "hole_10_green_back",
        "feature-color": "#5aae5a",
        "is_approximate": true,
        "source": "derived",
        "@id": "d6c9b4e6-c123-4a5d-8036-f53e11a0927d"
      }
    },
    {
      "type": "Feature",
      "bbox": [
        -122.08616266705555,
        37.72788793728939,
        -122.08616266705555,
        37.72788793728939
      ],
      "geometry": {
        "type": "Point",
        "coordinates": [
          -122.08616266705555,
          37.72788793728939
        ]
      },
      "properties": {
        "course_id": "redwood_canyon_castro_valley",
        "course_name": "Redwood Canyon Golf Course",
        "hole_number": 12,
        "feature_type": "tee_center",
        "name": "hole_12_tee_center",
        "feature-color": "#c8a055",
        "is_approximate": true,
        "source": "derived",
        "@id": "45d3f023-4205-43b9-b9e4-0b96bd6bf8dd"
      }
    },
    {
      "type": "Feature",
      "bbox": [
        -122.09064905167695,
        37.729427789947344,
        -122.09064905167695,
        37.729427789947344
      ],
      "geometry": {
        "type": "Point",
        "coordinates": [
          -122.09064905167695,
          37.729427789947344
        ]
      },
      "properties": {
        "course_id": "redwood_canyon_castro_valley",
        "course_name": "Redwood Canyon Golf Course",
        "hole_number": 12,
        "feature_type": "green_center",
        "name": "hole_12_green_center",
        "feature-color": "#5aae5a",
        "is_approximate": true,
        "source": "derived",
        "@id": "9325218b-7c79-4a92-9d8d-53637554b020"
      }
    },
    {
      "type": "Feature",
      "bbox": [
        -122.09050771215838,
        37.72939338700891,
        -122.09050771215838,
        37.72939338700891
      ],
      "geometry": {
        "type": "Point",
        "coordinates": [
          -122.09050771215838,
          37.72939338700891
        ]
      },
      "properties": {
        "course_id": "redwood_canyon_castro_valley",
        "course_name": "Redwood Canyon Golf Course",
        "hole_number": 12,
        "feature_type": "green_front",
        "name": "hole_12_green_front",
        "feature-color": "#5aae5a",
        "is_approximate": true,
        "source": "derived",
        "@id": "71320c89-ee9b-4da9-b1bc-508582554233"
      }
    },
    {
      "type": "Feature",
      "bbox": [
        -122.09078194412008,
        37.72946013681385,
        -122.09078194412008,
        37.72946013681385
      ],
      "geometry": {
        "type": "Point",
        "coordinates": [
          -122.09078194412008,
          37.72946013681385
        ]
      },
      "properties": {
        "course_id": "redwood_canyon_castro_valley",
        "course_name": "Redwood Canyon Golf Course",
        "hole_number": 12,
        "feature_type": "green_back",
        "name": "hole_12_green_back",
        "feature-color": "#5aae5a",
        "is_approximate": true,
        "source": "derived",
        "@id": "ce41b092-3fd9-417a-b458-d2ea3e31187a"
      }
    },
    {
      "type": "Feature",
      "bbox": [
        -122.08542744210841,
        37.726094114547216,
        -122.08542744210841,
        37.726094114547216
      ],
      "geometry": {
        "type": "Point",
        "coordinates": [
          -122.08542744210841,
          37.726094114547216
        ]
      },
      "properties": {
        "course_id": "redwood_canyon_castro_valley",
        "course_name": "Redwood Canyon Golf Course",
        "hole_number": 11,
        "feature_type": "tee_center",
        "name": "hole_11_tee_center",
        "feature-color": "#c8a055",
        "is_approximate": true,
        "source": "derived",
        "@id": "a2a2e94e-18dd-4768-af01-6d16b5836e49"
      }
    },
    {
      "type": "Feature",
      "bbox": [
        -122.08682734466282,
        37.72782867395925,
        -122.08682734466282,
        37.72782867395925
      ],
      "geometry": {
        "type": "Point",
        "coordinates": [
          -122.08682734466282,
          37.72782867395925
        ]
      },
      "properties": {
        "course_id": "redwood_canyon_castro_valley",
        "course_name": "Redwood Canyon Golf Course",
        "hole_number": 11,
        "feature_type": "green_center",
        "name": "hole_11_green_center",
        "feature-color": "#5aae5a",
        "is_approximate": true,
        "source": "derived",
        "@id": "e73b5152-6d3b-457b-9ba4-672b0e41d70d"
      }
    },
    {
      "type": "Feature",
      "bbox": [
        -122.08671410329028,
        37.72772845512369,
        -122.08671410329028,
        37.72772845512369
      ],
      "geometry": {
        "type": "Point",
        "coordinates": [
          -122.08671410329028,
          37.72772845512369
        ]
      },
      "properties": {
        "course_id": "redwood_canyon_castro_valley",
        "course_name": "Redwood Canyon Golf Course",
        "hole_number": 11,
        "feature_type": "green_front",
        "name": "hole_11_green_front",
        "feature-color": "#5aae5a",
        "is_approximate": true,
        "source": "derived",
        "@id": "bf96df75-31f9-4192-ba9c-1110bb287bf1"
      }
    },
    {
      "type": "Feature",
      "bbox": [
        -122.08693526966863,
        37.727924187799886,
        -122.08693526966863,
        37.727924187799886
      ],
      "geometry": {
        "type": "Point",
        "coordinates": [
          -122.08693526966863,
          37.727924187799886
        ]
      },
      "properties": {
        "course_id": "redwood_canyon_castro_valley",
        "course_name": "Redwood Canyon Golf Course",
        "hole_number": 11,
        "feature_type": "green_back",
        "name": "hole_11_green_back",
        "feature-color": "#5aae5a",
        "is_approximate": true,
        "source": "derived",
        "@id": "f6d0f9c1-70fb-4933-946e-f1ea04a8bdf8"
      }
    },
    {
      "type": "Feature",
      "bbox": [
        -122.09029942392237,
        37.72977760287399,
        -122.09029942392237,
        37.72977760287399
      ],
      "geometry": {
        "type": "Point",
        "coordinates": [
          -122.09029942392237,
          37.72977760287399
        ]
      },
      "properties": {
        "course_id": "redwood_canyon_castro_valley",
        "course_name": "Redwood Canyon Golf Course",
        "hole_number": 13,
        "feature_type": "tee_center",
        "name": "hole_13_tee_center",
        "feature-color": "#c8a055",
        "is_approximate": true,
        "source": "derived",
        "@id": "abf90ddb-0e8b-4e31-844d-2fdbc06563a1"
      }
    },
    {
      "type": "Feature",
      "bbox": [
        -122.0910491542049,
        37.73061516174333,
        -122.0910491542049,
        37.73061516174333
      ],
      "geometry": {
        "type": "Point",
        "coordinates": [
          -122.0910491542049,
          37.73061516174333
        ]
      },
      "properties": {
        "course_id": "redwood_canyon_castro_valley",
        "course_name": "Redwood Canyon Golf Course",
        "hole_number": 13,
        "feature_type": "green_center",
        "name": "hole_13_green_center",
        "feature-color": "#5aae5a",
        "is_approximate": true,
        "source": "derived",
        "@id": "5b30106d-c8da-4188-b55c-96e1a0ec13a5"
      }
    },
    {
      "type": "Feature",
      "bbox": [
        -122.09096904030547,
        37.73052566274804,
        -122.09096904030547,
        37.73052566274804
      ],
      "geometry": {
        "type": "Point",
        "coordinates": [
          -122.09096904030547,
          37.73052566274804
        ]
      },
      "properties": {
        "course_id": "redwood_canyon_castro_valley",
        "course_name": "Redwood Canyon Golf Course",
        "hole_number": 13,
        "feature_type": "green_front",
        "name": "hole_13_green_front",
        "feature-color": "#5aae5a",
        "is_approximate": true,
        "source": "derived",
        "@id": "c08cacff-be93-4f24-9f9b-47b1de78949a"
      }
    },
    {
      "type": "Feature",
      "bbox": [
        -122.09113149464648,
        37.73070714811331,
        -122.09113149464648,
        37.73070714811331
      ],
      "geometry": {
        "type": "Point",
        "coordinates": [
          -122.09113149464648,
          37.73070714811331
        ]
      },
      "properties": {
        "course_id": "redwood_canyon_castro_valley",
        "course_name": "Redwood Canyon Golf Course",
        "hole_number": 13,
        "feature_type": "green_back",
        "name": "hole_13_green_back",
        "feature-color": "#5aae5a",
        "is_approximate": true,
        "source": "derived",
        "@id": "5b32b4bf-db9a-4943-b514-329a3a117162"
      }
    },
    {
      "type": "Feature",
      "bbox": [
        -122.0907338935791,
        37.73091851548763,
        -122.0907338935791,
        37.73091851548763
      ],
      "geometry": {
        "type": "Point",
        "coordinates": [
          -122.0907338935791,
          37.73091851548763
        ]
      },
      "properties": {
        "course_id": "redwood_canyon_castro_valley",
        "course_name": "Redwood Canyon Golf Course",
        "hole_number": 14,
        "feature_type": "tee_center",
        "name": "hole_14_tee_center",
        "feature-color": "#c8a055",
        "is_approximate": true,
        "source": "derived",
        "@id": "4f89fcb5-56a2-4ec2-a020-b96bd565c2b0"
      }
    },
    {
      "type": "Feature",
      "bbox": [
        -122.0882931940035,
        37.729405467322174,
        -122.0882931940035,
        37.729405467322174
      ],
      "geometry": {
        "type": "Point",
        "coordinates": [
          -122.0882931940035,
          37.729405467322174
        ]
      },
      "properties": {
        "course_id": "redwood_canyon_castro_valley",
        "course_name": "Redwood Canyon Golf Course",
        "hole_number": 14,
        "feature_type": "green_center",
        "name": "hole_14_green_center",
        "feature-color": "#5aae5a",
        "is_approximate": true,
        "source": "derived",
        "@id": "7f0e33be-3917-403b-b302-84cf229c86a3"
      }
    },
    {
      "type": "Feature",
      "bbox": [
        -122.08843883047722,
        37.72948618797878,
        -122.08843883047722,
        37.72948618797878
      ],
      "geometry": {
        "type": "Point",
        "coordinates": [
          -122.08843883047722,
          37.72948618797878
        ]
      },
      "properties": {
        "course_id": "redwood_canyon_castro_valley",
        "course_name": "Redwood Canyon Golf Course",
        "hole_number": 14,
        "feature_type": "green_front",
        "name": "hole_14_green_front",
        "feature-color": "#5aae5a",
        "is_approximate": true,
        "source": "derived",
        "@id": "7293f2d1-a2c9-482e-987a-aa21f1536c82"
      }
    },
    {
      "type": "Feature",
      "bbox": [
        -122.08815455939502,
        37.72932862752828,
        -122.08815455939502,
        37.72932862752828
      ],
      "geometry": {
        "type": "Point",
        "coordinates": [
          -122.08815455939502,
          37.72932862752828
        ]
      },
      "properties": {
        "course_id": "redwood_canyon_castro_valley",
        "course_name": "Redwood Canyon Golf Course",
        "hole_number": 14,
        "feature_type": "green_back",
        "name": "hole_14_green_back",
        "feature-color": "#5aae5a",
        "is_approximate": true,
        "source": "derived",
        "@id": "e29b11e7-0cce-4ab8-b3e0-14a5170d3b75"
      }
    },
    {
      "type": "Feature",
      "bbox": [
        -122.08868378363736,
        37.730017394694386,
        -122.08868378363736,
        37.730017394694386
      ],
      "geometry": {
        "type": "Point",
        "coordinates": [
          -122.08868378363736,
          37.730017394694386
        ]
      },
      "properties": {
        "course_id": "redwood_canyon_castro_valley",
        "course_name": "Redwood Canyon Golf Course",
        "hole_number": 15,
        "feature_type": "tee_center",
        "name": "hole_15_tee_center",
        "feature-color": "#c8a055",
        "is_approximate": true,
        "source": "derived",
        "@id": "897e0bf2-83e5-4d6d-bb06-f8a2f4e932c6"
      }
    },
    {
      "type": "Feature",
      "bbox": [
        -122.08616513413065,
        37.72841061965346,
        -122.08616513413065,
        37.72841061965346
      ],
      "geometry": {
        "type": "Point",
        "coordinates": [
          -122.08616513413065,
          37.72841061965346
        ]
      },
      "properties": {
        "course_id": "redwood_canyon_castro_valley",
        "course_name": "Redwood Canyon Golf Course",
        "hole_number": 15,
        "feature_type": "green_center",
        "name": "hole_15_green_center",
        "feature-color": "#5aae5a",
        "is_approximate": true,
        "source": "derived",
        "@id": "b52a80d8-1da6-4e07-8104-37d90fcb8973"
      }
    },
    {
      "type": "Feature",
      "bbox": [
        -122.0862598259191,
        37.72849459068664,
        -122.0862598259191,
        37.72849459068664
      ],
      "geometry": {
        "type": "Point",
        "coordinates": [
          -122.0862598259191,
          37.72849459068664
        ]
      },
      "properties": {
        "course_id": "redwood_canyon_castro_valley",
        "course_name": "Redwood Canyon Golf Course",
        "hole_number": 15,
        "feature_type": "green_front",
        "name": "hole_15_green_front",
        "feature-color": "#5aae5a",
        "is_approximate": true,
        "source": "derived",
        "@id": "a3c3bd14-1663-4e2e-ace1-0e514f06ea11"
      }
    },
    {
      "type": "Feature",
      "bbox": [
        -122.08607190604563,
        37.728327946607045,
        -122.08607190604563,
        37.728327946607045
      ],
      "geometry": {
        "type": "Point",
        "coordinates": [
          -122.08607190604563,
          37.728327946607045
        ]
      },
      "properties": {
        "course_id": "redwood_canyon_castro_valley",
        "course_name": "Redwood Canyon Golf Course",
        "hole_number": 15,
        "feature_type": "green_back",
        "name": "hole_15_green_back",
        "feature-color": "#5aae5a",
        "is_approximate": true,
        "source": "derived",
        "@id": "3998ddff-ee6f-4728-a1ce-6dd7b5eab79e"
      }
    },
    {
      "type": "Feature",
      "bbox": [
        -122.08593254213014,
        37.7281651206356,
        -122.08593254213014,
        37.7281651206356
      ],
      "geometry": {
        "type": "Point",
        "coordinates": [
          -122.08593254213014,
          37.7281651206356
        ]
      },
      "properties": {
        "course_id": "redwood_canyon_castro_valley",
        "course_name": "Redwood Canyon Golf Course",
        "hole_number": 16,
        "feature_type": "tee_center",
        "name": "hole_16_tee_center",
        "feature-color": "#c8a055",
        "is_approximate": true,
        "source": "derived",
        "@id": "9c4cacd1-a401-4563-a50b-906cd583a7ab"
      }
    },
    {
      "type": "Feature",
      "bbox": [
        -122.08544156310194,
        37.726922672541875,
        -122.08544156310194,
        37.726922672541875
      ],
      "geometry": {
        "type": "Point",
        "coordinates": [
          -122.08544156310194,
          37.726922672541875
        ]
      },
      "properties": {
        "course_id": "redwood_canyon_castro_valley",
        "course_name": "Redwood Canyon Golf Course",
        "hole_number": 16,
        "feature_type": "green_center",
        "name": "hole_16_green_center",
        "feature-color": "#5aae5a",
        "is_approximate": true,
        "source": "derived",
        "@id": "b96a01f3-fc2b-49d8-98f1-ddaa99a2e724"
      }
    },
    {
      "type": "Feature",
      "bbox": [
        -122.08548267840295,
        37.72702671696015,
        -122.08548267840295,
        37.72702671696015
      ],
      "geometry": {
        "type": "Point",
        "coordinates": [
          -122.08548267840295,
          37.72702671696015
        ]
      },
      "properties": {
        "course_id": "redwood_canyon_castro_valley",
        "course_name": "Redwood Canyon Golf Course",
        "hole_number": 16,
        "feature_type": "green_front",
        "name": "hole_16_green_front",
        "feature-color": "#5aae5a",
        "is_approximate": true,
        "source": "derived",
        "@id": "b1a9f608-a4ea-423b-b7b7-9a1b30529157"
      }
    },
    {
      "type": "Feature",
      "bbox": [
        -122.08540032151515,
        37.72681830855085,
        -122.08540032151515,
        37.72681830855085
      ],
      "geometry": {
        "type": "Point",
        "coordinates": [
          -122.08540032151515,
          37.72681830855085
        ]
      },
      "properties": {
        "course_id": "redwood_canyon_castro_valley",
        "course_name": "Redwood Canyon Golf Course",
        "hole_number": 16,
        "feature_type": "green_back",
        "name": "hole_16_green_back",
        "feature-color": "#5aae5a",
        "is_approximate": true,
        "source": "derived",
        "@id": "1efc41ef-cfb9-42b7-ad95-577866ca39d2"
      }
    },
    {
      "type": "Feature",
      "bbox": [
        -122.08495143780642,
        37.72601118332318,
        -122.08495143780642,
        37.72601118332318
      ],
      "geometry": {
        "type": "Point",
        "coordinates": [
          -122.08495143780642,
          37.72601118332318
        ]
      },
      "properties": {
        "course_id": "redwood_canyon_castro_valley",
        "course_name": "Redwood Canyon Golf Course",
        "hole_number": 17,
        "feature_type": "tee_center",
        "name": "hole_17_tee_center",
        "feature-color": "#c8a055",
        "is_approximate": true,
        "source": "derived",
        "@id": "42dfacd6-f027-4e0f-b11c-c4f1ecc190cb"
      }
    },
    {
      "type": "Feature",
      "bbox": [
        -122.08563429083503,
        37.7289052574781,
        -122.08563429083503,
        37.7289052574781
      ],
      "geometry": {
        "type": "Point",
        "coordinates": [
          -122.08563429083503,
          37.7289052574781
        ]
      },
      "properties": {
        "course_id": "redwood_canyon_castro_valley",
        "course_name": "Redwood Canyon Golf Course",
        "hole_number": 17,
        "feature_type": "green_center",
        "name": "hole_17_green_center",
        "feature-color": "#5aae5a",
        "is_approximate": true,
        "source": "derived",
        "@id": "b3329abc-4a06-45ad-befb-76bf30726515"
      }
    },
    {
      "type": "Feature",
      "bbox": [
        -122.08560538007245,
        37.728823243318146,
        -122.08560538007245,
        37.728823243318146
      ],
      "geometry": {
        "type": "Point",
        "coordinates": [
          -122.08560538007245,
          37.728823243318146
        ]
      },
      "properties": {
        "course_id": "redwood_canyon_castro_valley",
        "course_name": "Redwood Canyon Golf Course",
        "hole_number": 17,
        "feature_type": "green_front",
        "name": "hole_17_green_front",
        "feature-color": "#5aae5a",
        "is_approximate": true,
        "source": "derived",
        "@id": "9edd4fc2-4b82-49e6-bc95-899c1909cbef"
      }
    },
    {
      "type": "Feature",
      "bbox": [
        -122.08566354473959,
        37.72898824506451,
        -122.08566354473959,
        37.72898824506451
      ],
      "geometry": {
        "type": "Point",
        "coordinates": [
          -122.08566354473959,
          37.72898824506451
        ]
      },
      "properties": {
        "course_id": "redwood_canyon_castro_valley",
        "course_name": "Redwood Canyon Golf Course",
        "hole_number": 17,
        "feature_type": "green_back",
        "name": "hole_17_green_back",
        "feature-color": "#5aae5a",
        "is_approximate": true,
        "source": "derived",
        "@id": "714ec1ef-e33d-4416-9530-a98b924254d1"
      }
    },
    {
      "type": "Feature",
      "bbox": [
        -122.0849094605467,
        37.72828414933307,
        -122.0849094605467,
        37.72828414933307
      ],
      "geometry": {
        "type": "Point",
        "coordinates": [
          -122.0849094605467,
          37.72828414933307
        ]
      },
      "properties": {
        "course_id": "redwood_canyon_castro_valley",
        "course_name": "Redwood Canyon Golf Course",
        "hole_number": 18,
        "feature_type": "tee_center",
        "name": "hole_18_tee_center",
        "feature-color": "#c8a055",
        "is_approximate": true,
        "source": "derived",
        "@id": "56075f47-7a16-4dfe-b2e1-890237805e97"
      }
    },
    {
      "type": "Feature",
      "bbox": [
        -122.08245666428137,
        37.72530174117202,
        -122.08245666428137,
        37.72530174117202
      ],
      "geometry": {
        "type": "Point",
        "coordinates": [
          -122.08245666428137,
          37.72530174117202
        ]
      },
      "properties": {
        "course_id": "redwood_canyon_castro_valley",
        "course_name": "Redwood Canyon Golf Course",
        "hole_number": 18,
        "feature_type": "green_center",
        "name": "hole_18_green_center",
        "feature-color": "#5aae5a",
        "is_approximate": true,
        "source": "derived",
        "@id": "7c2ed20a-720c-4ed7-974d-1873b84db73c"
      }
    },
    {
      "type": "Feature",
      "bbox": [
        -122.08259591925811,
        37.72537361637517,
        -122.08259591925811,
        37.72537361637517
      ],
      "geometry": {
        "type": "Point",
        "coordinates": [
          -122.08259591925811,
          37.72537361637517
        ]
      },
      "properties": {
        "course_id": "redwood_canyon_castro_valley",
        "course_name": "Redwood Canyon Golf Course",
        "hole_number": 18,
        "feature_type": "green_front",
        "name": "hole_18_green_front",
        "feature-color": "#5aae5a",
        "is_approximate": true,
        "source": "derived",
        "@id": "3029b80f-c1dd-4992-95b3-e186c7c596ef"
      }
    },
    {
      "type": "Feature",
      "bbox": [
        -122.082325316606,
        37.72523394725132,
        -122.082325316606,
        37.72523394725132
      ],
      "geometry": {
        "type": "Point",
        "coordinates": [
          -122.082325316606,
          37.72523394725132
        ]
      },
      "properties": {
        "course_id": "redwood_canyon_castro_valley",
        "course_name": "Redwood Canyon Golf Course",
        "hole_number": 18,
        "feature_type": "green_back",
        "name": "hole_18_green_back",
        "feature-color": "#5aae5a",
        "is_approximate": true,
        "source": "derived",
        "@id": "c9263f58-98da-43cf-b993-8b20138c8e2c"
      }
    },
    {
      "type": "Feature",
      "bbox": [
        -122.08040365445085,
        37.73478790072987,
        -122.07892124445416,
        37.73585084122699
      ],
      "geometry": {
        "coordinates": [
          [
            [
              -122.07894043069493,
              37.735808174994276
            ],
            [
              -122.07892124445416,
              37.735768724483364
            ],
            [
              -122.07894426794304,
              37.735723204637324
            ],
            [
              -122.0790785716269,
              37.735638234182915
            ],
            [
              -122.07932799275437,
              37.73550470898513
            ],
            [
              -122.07957741388157,
              37.73539546091767
            ],
            [
              -122.07994195245237,
              37.73517089493889
            ],
            [
              -122.08007625613624,
              37.73503433421264
            ],
            [
              -122.08020288532414,
              37.73493418952046
            ],
            [
              -122.0802666990705,
              37.73484205643474
            ],
            [
              -122.08033606608126,
              37.73478790072987
            ],
            [
              -122.08040365445085,
              37.73484486971722
            ],
            [
              -122.08039298260306,
              37.73494825776591
            ],
            [
              -122.08038586803762,
              37.73499749012021
            ],
            [
              -122.08016302176644,
              37.735246298625256
            ],
            [
              -122.07986505342514,
              37.735441778619105
            ],
            [
              -122.07966866520033,
              37.7355609408271
            ],
            [
              -122.0793712302166,
              37.735696868153184
            ],
            [
              -122.07917145598768,
              37.73579326872341
            ],
            [
              -122.0790156998093,
              37.73585084122699
            ],
            [
              -122.07897676076493,
              37.73584146896181
            ],
            [
              -122.07894043069493,
              37.735808174994276
            ]
          ]
        ],
        "type": "Polygon"
      },
      "properties": {
        "course_id": "redwood_canyon_castro_valley",
        "course_name": "Redwood Canyon Golf Course",
        "hole_number": 6,
        "feature_type": "fairway",
        "name": "hole_6_fairway",
        "feature-color": "#4a7c3f",
        "is_approximate": false,
        "source": "user_draw",
        "@id": "e10e8949-e0cc-4c76-8230-4c00814196fb"
      }
    },
    {
      "type": "Feature",
      "bbox": [
        -122.0811252134999,
        37.73505237335549,
        -122.07802725317167,
        37.73688029121105
      ],
      "geometry": {
        "coordinates": [
          [
            [
              -122.08092163754006,
              37.73505237335549
            ],
            [
              -122.08066359708644,
              37.73532174672097
            ],
            [
              -122.0804757436363,
              37.73545561675735
            ],
            [
              -122.08019086697544,
              37.73562703535116
            ],
            [
              -122.07982072168016,
              37.73582042926773
            ],
            [
              -122.07958538878626,
              37.7359249125155
            ],
            [
              -122.07934592724538,
              37.736053883820404
            ],
            [
              -122.07911678731558,
              37.73617958981751
            ],
            [
              -122.0785598486679,
              37.73646399526835
            ],
            [
              -122.07825432877081,
              37.73661582111832
            ],
            [
              -122.07813666232413,
              37.73667948993078
            ],
            [
              -122.07802725317167,
              37.73683621292821
            ],
            [
              -122.07811189044037,
              37.73688029121105
            ],
            [
              -122.0782770363308,
              37.736837845457316
            ],
            [
              -122.0784896616644,
              37.736756218939604
            ],
            [
              -122.07885298262323,
              37.73657337521384
            ],
            [
              -122.07927606859938,
              37.73632877641971
            ],
            [
              -122.07953823770023,
              37.73618184761287
            ],
            [
              -122.07979214950662,
              37.736056141624545
            ],
            [
              -122.08021195066459,
              37.735833330724034
            ],
            [
              -122.0804183830275,
              37.73571088925284
            ],
            [
              -122.0806083008014,
              37.735586815021605
            ],
            [
              -122.08076518939706,
              37.735482331296694
            ],
            [
              -122.08100961137644,
              37.735294405730315
            ],
            [
              -122.0811252134999,
              37.73516706566839
            ],
            [
              -122.08106121946717,
              37.735069111626515
            ],
            [
              -122.08092163754006,
              37.73505237335549
            ]
          ]
        ],
        "type": "Polygon"
      },
      "properties": {
        "course_id": "redwood_canyon_castro_valley",
        "course_name": "Redwood Canyon Golf Course",
        "hole_number": 4,
        "feature_type": "fairway",
        "name": "hole_4_fairway",
        "feature-color": "#4a7c3f",
        "is_approximate": false,
        "source": "user_draw",
        "@id": "d9294064-c09c-460f-926c-bed34e6a3715"
      }
    }
  ]
}