{
  "type": "FeatureCollection",
  "features": [
    {
      "type": "Feature",
      "bbox": [
        -121.0727285,
        38.9488138,
        -121.0724821,
        38.9489831
      ],
      "geometry": {
        "type": "Polygon",
        "coordinates": [
          [
            [
              -121.0727101,
              38.9489335
            ],
            [
              -121.0726886,
              38.9489394
            ],
            [
              -121.0726709,
              38.948946
            ],
            [
              -121.0726555,
              38.9489568
            ],
            [
              -121.0726402,
              38.9489639
            ],
            [
              -121.0726187,
              38.9489711
            ],
            [
              -121.0725979,
              38.9489777
            ],
            [
              -121.0725787,
              38.9489831
            ],
            [
              -121.0725572,
              38.9489831
            ],
            [
              -121.0725334,
              38.9489795
            ],
            [
              -121.0725119,
              38.9489717
            ],
            [
              -121.0724983,
              38.9489616
            ],
            [
              -121.0724903,
              38.9489549
            ],
            [
              -121.0724835,
              38.9489483
            ],
            [
              -121.0724821,
              38.9489426
            ],
            [
              -121.0724828,
              38.9489375
            ],
            [
              -121.072486,
              38.9489319
            ],
            [
              -121.0724908,
              38.9489272
            ],
            [
              -121.072497,
              38.9489223
            ],
            [
              -121.0725037,
              38.9489172
            ],
            [
              -121.0725108,
              38.9489121
            ],
            [
              -121.072519,
              38.9489079
            ],
            [
              -121.072527,
              38.9489055
            ],
            [
              -121.0725359,
              38.9489038
            ],
            [
              -121.0725447,
              38.948903
            ],
            [
              -121.0725548,
              38.9489025
            ],
            [
              -121.0725641,
              38.9489046
            ],
            [
              -121.0725741,
              38.9489078
            ],
            [
              -121.0725848,
              38.9489103
            ],
            [
              -121.0725937,
              38.9489122
            ],
            [
              -121.0726031,
              38.9489125
            ],
            [
              -121.0726104,
              38.9489122
            ],
            [
              -121.0726157,
              38.9489095
            ],
            [
              -121.0726201,
              38.9489058
            ],
            [
              -121.0726219,
              38.9489007
            ],
            [
              -121.0726211,
              38.9488951
            ],
            [
              -121.0726181,
              38.9488896
            ],
            [
              -121.0726136,
              38.9488844
            ],
            [
              -121.0726056,
              38.9488778
            ],
            [
              -121.072599,
              38.9488718
            ],
            [
              -121.0725898,
              38.948866
            ],
            [
              -121.0725812,
              38.9488596
            ],
            [
              -121.0725777,
              38.9488541
            ],
            [
              -121.0725767,
              38.9488473
            ],
            [
              -121.0725778,
              38.9488404
            ],
            [
              -121.0725835,
              38.9488333
            ],
            [
              -121.0725924,
              38.9488284
            ],
            [
              -121.0726012,
              38.9488245
            ],
            [
              -121.0726103,
              38.9488207
            ],
            [
              -121.0726238,
              38.9488171
            ],
            [
              -121.0726415,
              38.9488147
            ],
            [
              -121.0726558,
              38.9488138
            ],
            [
              -121.0726674,
              38.9488149
            ],
            [
              -121.0726785,
              38.9488181
            ],
            [
              -121.0726877,
              38.9488239
            ],
            [
              -121.0726946,
              38.9488315
            ],
            [
              -121.07271,
              38.9488531
            ],
            [
              -121.0727155,
              38.9488623
            ],
            [
              -121.0727187,
              38.9488706
            ],
            [
              -121.0727202,
              38.9488809
            ],
            [
              -121.0727285,
              38.948906
            ],
            [
              -121.0727239,
              38.9489215
            ],
            [
              -121.0727101,
              38.9489335
            ]
          ]
        ]
      },
      "properties": {
        "course_id": "ridge_golf_course",
        "course_name": "Ridge Golf Course",
        "hole_number": 1,
        "feature_type": "bunker",
        "name": "hole_1_bunker",
        "feature-color": "#d4b483",
        "is_approximate": true,
        "source": "osm",
        "@id": "75ab049d-2de9-4d1a-9c97-ced71fe8e8eb",
        "osm_id": 674566427
      }
    },
    {
      "type": "Feature",
      "bbox": [
        -121.0753504,
        38.9479928,
        -121.0722271,
        38.9488532
      ],
      "geometry": {
        "type": "Polygon",
        "coordinates": [
          [
            [
              -121.0722687,
              38.9488532
            ],
            [
              -121.0722472,
              38.9487916
            ],
            [
              -121.0722311,
              38.9487489
            ],
            [
              -121.0722285,
              38.9487145
            ],
            [
              -121.0722271,
              38.9486769
            ],
            [
              -121.0722419,
              38.9486425
            ],
            [
              -121.0722821,
              38.9486123
            ],
            [
              -121.072325,
              38.9485851
            ],
            [
              -121.0723948,
              38.948557
            ],
            [
              -121.0724833,
              38.9485445
            ],
            [
              -121.0725275,
              38.9485372
            ],
            [
              -121.072616,
              38.9485372
            ],
            [
              -121.0726871,
              38.9485445
            ],
            [
              -121.0727501,
              38.9485434
            ],
            [
              -121.0728252,
              38.948533
            ],
            [
              -121.0729258,
              38.9485132
            ],
            [
              -121.0730237,
              38.9484944
            ],
            [
              -121.0731069,
              38.9484871
            ],
            [
              -121.0731753,
              38.9484881
            ],
            [
              -121.0732812,
              38.948484
            ],
            [
              -121.0733724,
              38.9484756
            ],
            [
              -121.0734743,
              38.9484631
            ],
            [
              -121.0735698,
              38.9484434
            ],
            [
              -121.0736529,
              38.948409
            ],
            [
              -121.0737549,
              38.94836
            ],
            [
              -121.0738635,
              38.9483078
            ],
            [
              -121.0739735,
              38.9482567
            ],
            [
              -121.0741049,
              38.9481848
            ],
            [
              -121.074207,
              38.9481535
            ],
            [
              -121.074321,
              38.9481399
            ],
            [
              -121.0744484,
              38.948119
            ],
            [
              -121.0745503,
              38.9480992
            ],
            [
              -121.074663,
              38.9480867
            ],
            [
              -121.0748038,
              38.9480794
            ],
            [
              -121.0749325,
              38.9480544
            ],
            [
              -121.0750117,
              38.9480273
            ],
            [
              -121.0750915,
              38.9480043
            ],
            [
              -121.075172,
              38.9479939
            ],
            [
              -121.0752471,
              38.9479928
            ],
            [
              -121.0752994,
              38.9480116
            ],
            [
              -121.0753383,
              38.9480502
            ],
            [
              -121.0753504,
              38.9480898
            ],
            [
              -121.0753235,
              38.9481316
            ],
            [
              -121.0752699,
              38.9481722
            ],
            [
              -121.0751908,
              38.9482035
            ],
            [
              -121.0750929,
              38.9482379
            ],
            [
              -121.0749467,
              38.948287
            ],
            [
              -121.0747697,
              38.9483339
            ],
            [
              -121.0746677,
              38.9483558
            ],
            [
              -121.0745108,
              38.9483892
            ],
            [
              -121.0744237,
              38.9484278
            ],
            [
              -121.0743499,
              38.9484716
            ],
            [
              -121.0742855,
              38.9485175
            ],
            [
              -121.0741541,
              38.9485675
            ],
            [
              -121.0739945,
              38.9486058
            ],
            [
              -121.0738362,
              38.9486423
            ],
            [
              -121.0737144,
              38.9486759
            ],
            [
              -121.0736205,
              38.9486905
            ],
            [
              -121.0735333,
              38.9487009
            ],
            [
              -121.0734489,
              38.948702
            ],
            [
              -121.0733577,
              38.948702
            ],
            [
              -121.0732396,
              38.9486999
            ],
            [
              -121.0731498,
              38.9487103
            ],
            [
              -121.0730345,
              38.948727
            ],
            [
              -121.072895,
              38.9487416
            ],
            [
              -121.0727877,
              38.9487551
            ],
            [
              -121.0727005,
              38.9487687
            ],
            [
              -121.0726201,
              38.9487885
            ],
            [
              -121.0725771,
              38.9488136
            ],
            [
              -121.072549,
              38.9488344
            ],
            [
              -121.0725624,
              38.9488188
            ],
            [
              -121.0725785,
              38.9487927
            ],
            [
              -121.0725812,
              38.9487572
            ],
            [
              -121.0725678,
              38.9487228
            ],
            [
              -121.0725423,
              38.948704
            ],
            [
              -121.0724967,
              38.9487061
            ],
            [
              -121.0724524,
              38.9487176
            ],
            [
              -121.0724028,
              38.9487312
            ],
            [
              -121.0723559,
              38.9487416
            ],
            [
              -121.0723116,
              38.948752
            ],
            [
              -121.0722834,
              38.9487677
            ],
            [
              -121.0722741,
              38.9487896
            ],
            [
              -121.072266,
              38.9488229
            ],
            [
              -121.0722687,
              38.9488532
            ]
          ]
        ]
      },
      "properties": {
        "course_id": "ridge_golf_course",
        "course_name": "Ridge Golf Course",
        "hole_number": 1,
        "feature_type": "fairway",
        "name": "hole_1_fairway",
        "feature-color": "#4a7c3f",
        "is_approximate": true,
        "source": "osm",
        "@id": "90595b4d-8a00-4d82-8742-350659cae1ad",
        "osm_id": 1120655672
      }
    },
    {
      "type": "Feature",
      "bbox": [
        -121.0725812,
        38.948704,
        -121.072266,
        38.9489356
      ],
      "geometry": {
        "type": "Polygon",
        "coordinates": [
          [
            [
              -121.072549,
              38.9488344
            ],
            [
              -121.0725302,
              38.9488605
            ],
            [
              -121.0724994,
              38.9488886
            ],
            [
              -121.0724605,
              38.9489137
            ],
            [
              -121.0724216,
              38.9489304
            ],
            [
              -121.072376,
              38.9489356
            ],
            [
              -121.0723357,
              38.9489293
            ],
            [
              -121.0723062,
              38.9489158
            ],
            [
              -121.0722821,
              38.9488876
            ],
            [
              -121.0722687,
              38.9488532
            ],
            [
              -121.072266,
              38.9488229
            ],
            [
              -121.0722741,
              38.9487896
            ],
            [
              -121.0722834,
              38.9487677
            ],
            [
              -121.0723116,
              38.948752
            ],
            [
              -121.0723559,
              38.9487416
            ],
            [
              -121.0724028,
              38.9487312
            ],
            [
              -121.0724524,
              38.9487176
            ],
            [
              -121.0724967,
              38.9487061
            ],
            [
              -121.0725423,
              38.948704
            ],
            [
              -121.0725678,
              38.9487228
            ],
            [
              -121.0725812,
              38.9487572
            ],
            [
              -121.0725785,
              38.9487927
            ],
            [
              -121.0725624,
              38.9488188
            ],
            [
              -121.072549,
              38.9488344
            ]
          ]
        ]
      },
      "properties": {
        "course_id": "ridge_golf_course",
        "course_name": "Ridge Golf Course",
        "hole_number": 1,
        "feature_type": "green",
        "name": "hole_1_green",
        "feature-color": "#2d6e2d",
        "is_approximate": true,
        "source": "osm",
        "@id": "a87f5159-5cc8-40c4-a4b0-378de9d1fb5a",
        "osm_id": 1120655671
      }
    },
    {
      "type": "Feature",
      "bbox": [
        -121.07227071767606,
        38.94885837970571,
        -121.07227071767606,
        38.94885837970571
      ],
      "geometry": {
        "type": "Point",
        "coordinates": [
          -121.07227072,
          38.94885838
        ]
      },
      "properties": {
        "course_id": "ridge_golf_course",
        "course_name": "Ridge Golf Course",
        "hole_number": 1,
        "feature_type": "green_back",
        "name": "hole_1_green_back",
        "feature-color": "#5aae5a",
        "is_approximate": true,
        "source": "derived",
        "@id": "7b2fd04a-1a3b-470f-8c29-4b258a10de00"
      }
    },
    {
      "type": "Feature",
      "bbox": [
        -121.07242067553659,
        38.94881757197165,
        -121.07242067553659,
        38.94881757197165
      ],
      "geometry": {
        "type": "Point",
        "coordinates": [
          -121.07242068,
          38.94881757
        ]
      },
      "properties": {
        "course_id": "ridge_golf_course",
        "course_name": "Ridge Golf Course",
        "hole_number": 1,
        "feature_type": "green_center",
        "name": "hole_1_green_center",
        "feature-color": "#5aae5a",
        "is_approximate": true,
        "source": "derived",
        "@id": "8736d8d8-8e96-4d20-b3b2-4da54e5bbaaf"
      }
    },
    {
      "type": "Feature",
      "bbox": [
        -121.07257990388763,
        38.948774241477466,
        -121.07257990388763,
        38.948774241477466
      ],
      "geometry": {
        "type": "Point",
        "coordinates": [
          -121.0725799,
          38.94877424
        ]
      },
      "properties": {
        "course_id": "ridge_golf_course",
        "course_name": "Ridge Golf Course",
        "hole_number": 1,
        "feature_type": "green_front",
        "name": "hole_1_green_front",
        "feature-color": "#5aae5a",
        "is_approximate": true,
        "source": "derived",
        "@id": "2d0227e8-5324-497f-9a9a-d30e3c19add5"
      }
    },
    {
      "type": "Feature",
      "bbox": [
        -121.0766938,
        38.9474617,
        -121.0765688,
        38.9475487
      ],
      "geometry": {
        "type": "Polygon",
        "coordinates": [
          [
            [
              -121.0766827,
              38.9475242
            ],
            [
              -121.0766654,
              38.9475344
            ],
            [
              -121.0766349,
              38.9475479
            ],
            [
              -121.0766095,
              38.9475487
            ],
            [
              -121.0765861,
              38.9475408
            ],
            [
              -121.0765739,
              38.9475273
            ],
            [
              -121.0765688,
              38.9475084
            ],
            [
              -121.076576,
              38.9474918
            ],
            [
              -121.0765902,
              38.9474807
            ],
            [
              -121.0766197,
              38.9474704
            ],
            [
              -121.07664,
              38.9474625
            ],
            [
              -121.0766603,
              38.9474617
            ],
            [
              -121.0766776,
              38.9474688
            ],
            [
              -121.0766888,
              38.9474823
            ],
            [
              -121.0766938,
              38.9475052
            ],
            [
              -121.0766827,
              38.9475242
            ]
          ]
        ]
      },
      "properties": {
        "course_id": "ridge_golf_course",
        "course_name": "Ridge Golf Course",
        "hole_number": 1,
        "feature_type": "tee_box",
        "name": "hole_1_tee_box",
        "feature-color": "#8b7355",
        "is_approximate": true,
        "source": "osm",
        "@id": "d4ebe3f7-b551-43ec-9146-af0a85d483d7",
        "osm_id": 1120655673
      }
    },
    {
      "type": "Feature",
      "bbox": [
        -121.0764387,
        38.9475424,
        -121.0762812,
        38.9476435
      ],
      "geometry": {
        "type": "Polygon",
        "coordinates": [
          [
            [
              -121.0764052,
              38.9476159
            ],
            [
              -121.0763696,
              38.9476317
            ],
            [
              -121.0763341,
              38.9476435
            ],
            [
              -121.0762995,
              38.9476412
            ],
            [
              -121.0762843,
              38.9476293
            ],
            [
              -121.0762812,
              38.9476103
            ],
            [
              -121.0762883,
              38.9475906
            ],
            [
              -121.0763198,
              38.9475724
            ],
            [
              -121.0763666,
              38.9475534
            ],
            [
              -121.0763981,
              38.9475424
            ],
            [
              -121.0764286,
              38.9475518
            ],
            [
              -121.0764387,
              38.9475708
            ],
            [
              -121.0764337,
              38.9475953
            ],
            [
              -121.0764052,
              38.9476159
            ]
          ]
        ]
      },
      "properties": {
        "course_id": "ridge_golf_course",
        "course_name": "Ridge Golf Course",
        "hole_number": 1,
        "feature_type": "tee_box",
        "name": "hole_1_tee_box_2",
        "feature-color": "#8b7355",
        "is_approximate": true,
        "source": "osm",
        "@id": "65ad5d4b-6c4c-445d-a555-a46f1f86be9d",
        "osm_id": 1120655674
      }
    },
    {
      "type": "Feature",
      "bbox": [
        -121.0761755,
        38.9476696,
        -121.0760037,
        38.9477763
      ],
      "geometry": {
        "type": "Polygon",
        "coordinates": [
          [
            [
              -121.0761379,
              38.9477542
            ],
            [
              -121.0761074,
              38.9477676
            ],
            [
              -121.0760759,
              38.9477732
            ],
            [
              -121.0760485,
              38.9477763
            ],
            [
              -121.076019,
              38.9477668
            ],
            [
              -121.0760037,
              38.9477487
            ],
            [
              -121.0760068,
              38.9477265
            ],
            [
              -121.0760261,
              38.9477028
            ],
            [
              -121.0760454,
              38.9476902
            ],
            [
              -121.0760769,
              38.9476799
            ],
            [
              -121.0761033,
              38.9476704
            ],
            [
              -121.0761409,
              38.9476696
            ],
            [
              -121.0761643,
              38.9476846
            ],
            [
              -121.0761755,
              38.9477091
            ],
            [
              -121.0761653,
              38.9477384
            ],
            [
              -121.0761379,
              38.9477542
            ]
          ]
        ]
      },
      "properties": {
        "course_id": "ridge_golf_course",
        "course_name": "Ridge Golf Course",
        "hole_number": 1,
        "feature_type": "tee_box",
        "name": "hole_1_tee_box_3",
        "feature-color": "#8b7355",
        "is_approximate": true,
        "source": "osm",
        "@id": "195cadff-2614-4149-9b53-fedd823141b4",
        "osm_id": 1120655675
      }
    },
    {
      "type": "Feature",
      "bbox": [
        -121.0758665,
        38.9478103,
        -121.0757476,
        38.9478712
      ],
      "geometry": {
        "type": "Polygon",
        "coordinates": [
          [
            [
              -121.0758462,
              38.9478617
            ],
            [
              -121.0758005,
              38.9478712
            ],
            [
              -121.0757618,
              38.9478633
            ],
            [
              -121.0757476,
              38.9478514
            ],
            [
              -121.0757517,
              38.9478317
            ],
            [
              -121.075769,
              38.9478245
            ],
            [
              -121.0758015,
              38.9478135
            ],
            [
              -121.075834,
              38.9478103
            ],
            [
              -121.0758584,
              38.9478166
            ],
            [
              -121.0758665,
              38.9478324
            ],
            [
              -121.0758635,
              38.9478522
            ],
            [
              -121.0758462,
              38.9478617
            ]
          ]
        ]
      },
      "properties": {
        "course_id": "ridge_golf_course",
        "course_name": "Ridge Golf Course",
        "hole_number": 1,
        "feature_type": "tee_box",
        "name": "hole_1_tee_box_4",
        "feature-color": "#8b7355",
        "is_approximate": true,
        "source": "osm",
        "@id": "31d5343d-263a-44d1-9172-8d1e9b832a89",
        "osm_id": 1120655676
      }
    },
    {
      "type": "Feature",
      "bbox": [
        -121.07663198172865,
        38.94750569931899,
        -121.07663198172865,
        38.94750569931899
      ],
      "geometry": {
        "type": "Point",
        "coordinates": [
          -121.07663198,
          38.9475057
        ]
      },
      "properties": {
        "course_id": "ridge_golf_course",
        "course_name": "Ridge Golf Course",
        "hole_number": 1,
        "feature_type": "tee_center",
        "name": "hole_1_tee_center",
        "feature-color": "#c8a055",
        "is_approximate": true,
        "source": "derived",
        "@id": "4ed8c180-32c0-4c55-89cf-584e375d89af"
      }
    },
    {
      "type": "Feature",
      "bbox": [
        -121.0768795,
        38.9460085,
        -121.0766645,
        38.9461424
      ],
      "geometry": {
        "type": "Polygon",
        "coordinates": [
          [
            [
              -121.0768776,
              38.946115
            ],
            [
              -121.0768731,
              38.9461226
            ],
            [
              -121.0768605,
              38.9461302
            ],
            [
              -121.0768476,
              38.9461346
            ],
            [
              -121.07683,
              38.9461386
            ],
            [
              -121.0768132,
              38.9461424
            ],
            [
              -121.0767981,
              38.946142
            ],
            [
              -121.0767858,
              38.9461389
            ],
            [
              -121.0767764,
              38.9461302
            ],
            [
              -121.0767731,
              38.946122
            ],
            [
              -121.0767754,
              38.9461141
            ],
            [
              -121.0767731,
              38.9461056
            ],
            [
              -121.0767652,
              38.9460989
            ],
            [
              -121.0767519,
              38.9460987
            ],
            [
              -121.0767413,
              38.9461035
            ],
            [
              -121.0767329,
              38.9461107
            ],
            [
              -121.0767207,
              38.9461133
            ],
            [
              -121.0767081,
              38.9461128
            ],
            [
              -121.0766952,
              38.9461095
            ],
            [
              -121.0766858,
              38.9461037
            ],
            [
              -121.0766774,
              38.9460945
            ],
            [
              -121.076673,
              38.9460826
            ],
            [
              -121.0766685,
              38.946068
            ],
            [
              -121.0766646,
              38.9460579
            ],
            [
              -121.0766645,
              38.9460496
            ],
            [
              -121.0766697,
              38.9460434
            ],
            [
              -121.0766798,
              38.9460407
            ],
            [
              -121.0766942,
              38.9460377
            ],
            [
              -121.0767049,
              38.9460355
            ],
            [
              -121.0767154,
              38.9460326
            ],
            [
              -121.0767234,
              38.946032
            ],
            [
              -121.0767291,
              38.9460349
            ],
            [
              -121.0767357,
              38.9460394
            ],
            [
              -121.076745,
              38.9460398
            ],
            [
              -121.0767536,
              38.9460355
            ],
            [
              -121.0767579,
              38.9460276
            ],
            [
              -121.0767614,
              38.9460209
            ],
            [
              -121.076768,
              38.9460142
            ],
            [
              -121.0767774,
              38.94601
            ],
            [
              -121.0767881,
              38.9460085
            ],
            [
              -121.0767982,
              38.9460093
            ],
            [
              -121.0768084,
              38.9460117
            ],
            [
              -121.0768154,
              38.9460163
            ],
            [
              -121.076821,
              38.9460247
            ],
            [
              -121.0768215,
              38.9460322
            ],
            [
              -121.0768186,
              38.9460424
            ],
            [
              -121.0768093,
              38.9460563
            ],
            [
              -121.0768028,
              38.9460658
            ],
            [
              -121.0768023,
              38.9460734
            ],
            [
              -121.0768082,
              38.9460778
            ],
            [
              -121.0768191,
              38.9460769
            ],
            [
              -121.0768293,
              38.9460723
            ],
            [
              -121.0768399,
              38.9460699
            ],
            [
              -121.0768511,
              38.9460718
            ],
            [
              -121.0768601,
              38.9460766
            ],
            [
              -121.0768673,
              38.9460823
            ],
            [
              -121.0768726,
              38.9460903
            ],
            [
              -121.0768763,
              38.9460983
            ],
            [
              -121.0768795,
              38.9461073
            ],
            [
              -121.0768776,
              38.946115
            ]
          ]
        ]
      },
      "properties": {
        "course_id": "ridge_golf_course",
        "course_name": "Ridge Golf Course",
        "hole_number": 2,
        "feature_type": "bunker",
        "name": "hole_2_bunker",
        "feature-color": "#d4b483",
        "is_approximate": true,
        "source": "osm",
        "@id": "9b53babc-3f96-40f5-8edf-adcd39329120",
        "osm_id": 674577387
      }
    },
    {
      "type": "Feature",
      "bbox": [
        -121.0766975,
        38.945945,
        -121.0725125,
        38.9475412
      ],
      "geometry": {
        "type": "Polygon",
        "coordinates": [
          [
            [
              -121.0766975,
              38.9461351
            ],
            [
              -121.07667,
              38.9461313
            ],
            [
              -121.076638,
              38.9461313
            ],
            [
              -121.076599,
              38.9461315
            ],
            [
              -121.076555,
              38.9461316
            ],
            [
              -121.076525,
              38.9461333
            ],
            [
              -121.076495,
              38.9461364
            ],
            [
              -121.076473,
              38.9461431
            ],
            [
              -121.076456,
              38.9461514
            ],
            [
              -121.076444,
              38.9461634
            ],
            [
              -121.076437,
              38.9461773
            ],
            [
              -121.076434,
              38.9461931
            ],
            [
              -121.076433,
              38.9462078
            ],
            [
              -121.076434,
              38.9462255
            ],
            [
              -121.076439,
              38.9462393
            ],
            [
              -121.076449,
              38.946248
            ],
            [
              -121.0764129,
              38.9462427
            ],
            [
              -121.0763761,
              38.9462387
            ],
            [
              -121.0763362,
              38.9462374
            ],
            [
              -121.0762942,
              38.9462403
            ],
            [
              -121.0762576,
              38.9462423
            ],
            [
              -121.0762228,
              38.9462456
            ],
            [
              -121.0761866,
              38.9462504
            ],
            [
              -121.0761488,
              38.946257
            ],
            [
              -121.0761162,
              38.9462651
            ],
            [
              -121.0760851,
              38.9462763
            ],
            [
              -121.0760575,
              38.9462895
            ],
            [
              -121.0760314,
              38.946304
            ],
            [
              -121.0759702,
              38.9463426
            ],
            [
              -121.0758128,
              38.9465328
            ],
            [
              -121.0757503,
              38.9465753
            ],
            [
              -121.0757,
              38.9466022
            ],
            [
              -121.0756598,
              38.9466187
            ],
            [
              -121.0755984,
              38.9466352
            ],
            [
              -121.0755213,
              38.9466491
            ],
            [
              -121.0750099,
              38.9467247
            ],
            [
              -121.074944,
              38.9467421
            ],
            [
              -121.0748647,
              38.9467803
            ],
            [
              -121.0747541,
              38.9468585
            ],
            [
              -121.0747083,
              38.9468871
            ],
            [
              -121.0746469,
              38.9469123
            ],
            [
              -121.0745766,
              38.9469323
            ],
            [
              -121.0744548,
              38.9469661
            ],
            [
              -121.0743063,
              38.9470087
            ],
            [
              -121.074141,
              38.9470686
            ],
            [
              -121.0740606,
              38.9470973
            ],
            [
              -121.074007,
              38.9471138
            ],
            [
              -121.0739713,
              38.9471207
            ],
            [
              -121.0739311,
              38.9471286
            ],
            [
              -121.0738105,
              38.9471702
            ],
            [
              -121.0737044,
              38.9472215
            ],
            [
              -121.0736296,
              38.9472588
            ],
            [
              -121.0735938,
              38.947271
            ],
            [
              -121.0735436,
              38.9472866
            ],
            [
              -121.0734945,
              38.9472962
            ],
            [
              -121.0734677,
              38.9473066
            ],
            [
              -121.0734219,
              38.9473196
            ],
            [
              -121.0733828,
              38.9473457
            ],
            [
              -121.0733515,
              38.9473683
            ],
            [
              -121.0732823,
              38.9473874
            ],
            [
              -121.073058,
              38.9474351
            ],
            [
              -121.073017,
              38.9474503
            ],
            [
              -121.0729721,
              38.9474693
            ],
            [
              -121.0729329,
              38.9474831
            ],
            [
              -121.0728973,
              38.9474925
            ],
            [
              -121.0728397,
              38.9475053
            ],
            [
              -121.0727755,
              38.9475201
            ],
            [
              -121.072721,
              38.9475303
            ],
            [
              -121.0726763,
              38.9475387
            ],
            [
              -121.0726474,
              38.9475408
            ],
            [
              -121.0726172,
              38.9475412
            ],
            [
              -121.072585,
              38.9475385
            ],
            [
              -121.0725615,
              38.9475332
            ],
            [
              -121.0725398,
              38.9475227
            ],
            [
              -121.0725256,
              38.9475077
            ],
            [
              -121.0725172,
              38.9474927
            ],
            [
              -121.0725139,
              38.9474768
            ],
            [
              -121.0725125,
              38.9474602
            ],
            [
              -121.0725172,
              38.9474421
            ],
            [
              -121.0725259,
              38.9474233
            ],
            [
              -121.0725414,
              38.9474056
            ],
            [
              -121.072557,
              38.9473931
            ],
            [
              -121.0725803,
              38.9473818
            ],
            [
              -121.0726061,
              38.9473732
            ],
            [
              -121.0726416,
              38.947363
            ],
            [
              -121.0726827,
              38.9473505
            ],
            [
              -121.0727423,
              38.9473267
            ],
            [
              -121.0728001,
              38.9472991
            ],
            [
              -121.0728511,
              38.9472686
            ],
            [
              -121.0729036,
              38.9472344
            ],
            [
              -121.0730455,
              38.9471496
            ],
            [
              -121.0730929,
              38.9471261
            ],
            [
              -121.0731449,
              38.9471033
            ],
            [
              -121.0731855,
              38.9470883
            ],
            [
              -121.0732154,
              38.9470735
            ],
            [
              -121.0732531,
              38.9470549
            ],
            [
              -121.0732914,
              38.9470432
            ],
            [
              -121.0733336,
              38.9470345
            ],
            [
              -121.0733821,
              38.9470276
            ],
            [
              -121.0734393,
              38.9470214
            ],
            [
              -121.0735264,
              38.9470127
            ],
            [
              -121.0736223,
              38.9470054
            ],
            [
              -121.0736786,
              38.9469987
            ],
            [
              -121.0737252,
              38.9469937
            ],
            [
              -121.073762,
              38.9469864
            ],
            [
              -121.0737967,
              38.9469764
            ],
            [
              -121.0738325,
              38.9469632
            ],
            [
              -121.0738741,
              38.9469454
            ],
            [
              -121.0739139,
              38.9469242
            ],
            [
              -121.0739732,
              38.9468893
            ],
            [
              -121.0740429,
              38.9468468
            ],
            [
              -121.0741745,
              38.9467622
            ],
            [
              -121.0742887,
              38.9466923
            ],
            [
              -121.0744009,
              38.9466285
            ],
            [
              -121.0745087,
              38.9465638
            ],
            [
              -121.0745932,
              38.9465173
            ],
            [
              -121.0746636,
              38.9464815
            ],
            [
              -121.0747223,
              38.9464556
            ],
            [
              -121.0748027,
              38.9464234
            ],
            [
              -121.0749,
              38.9463864
            ],
            [
              -121.074968,
              38.9463624
            ],
            [
              -121.0750202,
              38.9463474
            ],
            [
              -121.075072,
              38.9463359
            ],
            [
              -121.0751209,
              38.9463288
            ],
            [
              -121.0751836,
              38.9463239
            ],
            [
              -121.0752547,
              38.9463188
            ],
            [
              -121.0753226,
              38.9463113
            ],
            [
              -121.0753867,
              38.9463025
            ],
            [
              -121.0754395,
              38.9462918
            ],
            [
              -121.0754801,
              38.9462773
            ],
            [
              -121.0755247,
              38.946259
            ],
            [
              -121.0755709,
              38.9462338
            ],
            [
              -121.0756324,
              38.9461953
            ],
            [
              -121.0756819,
              38.9461674
            ],
            [
              -121.0757226,
              38.9461433
            ],
            [
              -121.0757524,
              38.9461201
            ],
            [
              -121.0757817,
              38.9460968
            ],
            [
              -121.0758206,
              38.9460672
            ],
            [
              -121.0758638,
              38.9460427
            ],
            [
              -121.0759069,
              38.9460225
            ],
            [
              -121.0759587,
              38.9459983
            ],
            [
              -121.0760106,
              38.9459785
            ],
            [
              -121.0760685,
              38.9459641
            ],
            [
              -121.0761256,
              38.9459559
            ],
            [
              -121.0761901,
              38.9459489
            ],
            [
              -121.0762571,
              38.945945
            ],
            [
              -121.0763207,
              38.9459488
            ],
            [
              -121.0763867,
              38.9459589
            ],
            [
              -121.076451,
              38.9459727
            ],
            [
              -121.0765001,
              38.9459892
            ],
            [
              -121.0765461,
              38.9460098
            ],
            [
              -121.0765841,
              38.9460323
            ],
            [
              -121.0766085,
              38.9460509
            ],
            [
              -121.0766316,
              38.9460732
            ],
            [
              -121.0766418,
              38.9460953
            ],
            [
              -121.076658,
              38.9461152
            ],
            [
              -121.0766769,
              38.9461254
            ],
            [
              -121.0766975,
              38.9461351
            ]
          ]
        ]
      },
      "properties": {
        "course_id": "ridge_golf_course",
        "course_name": "Ridge Golf Course",
        "hole_number": 2,
        "feature_type": "fairway",
        "name": "hole_2_fairway",
        "feature-color": "#4a7c3f",
        "is_approximate": true,
        "source": "osm",
        "@id": "565b79b4-d06d-4e1b-9436-0064fe2ef324",
        "osm_id": 674577385
      }
    },
    {
      "type": "Feature",
      "bbox": [
        -121.0767754,
        38.9461313,
        -121.076433,
        38.9462974
      ],
      "geometry": {
        "type": "Polygon",
        "coordinates": [
          [
            [
              -121.0767662,
              38.9462616
            ],
            [
              -121.0767547,
              38.9462757
            ],
            [
              -121.076742,
              38.9462864
            ],
            [
              -121.0767264,
              38.9462953
            ],
            [
              -121.0767081,
              38.9462974
            ],
            [
              -121.0766882,
              38.9462969
            ],
            [
              -121.0766693,
              38.9462949
            ],
            [
              -121.0766476,
              38.946291
            ],
            [
              -121.0766284,
              38.946288
            ],
            [
              -121.0766085,
              38.9462829
            ],
            [
              -121.0765887,
              38.9462783
            ],
            [
              -121.0765712,
              38.9462731
            ],
            [
              -121.0765567,
              38.9462695
            ],
            [
              -121.0765385,
              38.9462654
            ],
            [
              -121.0765209,
              38.9462621
            ],
            [
              -121.0765008,
              38.9462585
            ],
            [
              -121.0764744,
              38.9462541
            ],
            [
              -121.076449,
              38.946248
            ],
            [
              -121.076439,
              38.9462393
            ],
            [
              -121.076434,
              38.9462255
            ],
            [
              -121.076433,
              38.9462078
            ],
            [
              -121.076434,
              38.9461931
            ],
            [
              -121.076437,
              38.9461773
            ],
            [
              -121.076444,
              38.9461634
            ],
            [
              -121.076456,
              38.9461514
            ],
            [
              -121.076473,
              38.9461431
            ],
            [
              -121.076495,
              38.9461364
            ],
            [
              -121.076525,
              38.9461333
            ],
            [
              -121.076555,
              38.9461316
            ],
            [
              -121.076599,
              38.9461315
            ],
            [
              -121.076638,
              38.9461313
            ],
            [
              -121.07667,
              38.9461313
            ],
            [
              -121.0766975,
              38.9461351
            ],
            [
              -121.0767199,
              38.9461412
            ],
            [
              -121.076743,
              38.9461489
            ],
            [
              -121.076756,
              38.9461612
            ],
            [
              -121.076763,
              38.9461726
            ],
            [
              -121.076772,
              38.9461926
            ],
            [
              -121.0767754,
              38.9462127
            ],
            [
              -121.0767754,
              38.9462359
            ],
            [
              -121.0767662,
              38.9462616
            ]
          ]
        ]
      },
      "properties": {
        "course_id": "ridge_golf_course",
        "course_name": "Ridge Golf Course",
        "hole_number": 2,
        "feature_type": "green",
        "name": "hole_2_green",
        "feature-color": "#2d6e2d",
        "is_approximate": true,
        "source": "osm",
        "@id": "2fa5e1f8-633d-4f2e-963b-aaaf42058882",
        "osm_id": 674577386
      }
    },
    {
      "type": "Feature",
      "bbox": [
        -121.07676119493628,
        38.946169660324806,
        -121.07676119493628,
        38.946169660324806
      ],
      "geometry": {
        "type": "Point",
        "coordinates": [
          -121.07676119,
          38.94616966
        ]
      },
      "properties": {
        "course_id": "ridge_golf_course",
        "course_name": "Ridge Golf Course",
        "hole_number": 2,
        "feature_type": "green_back",
        "name": "hole_2_green_back",
        "feature-color": "#5aae5a",
        "is_approximate": true,
        "source": "derived",
        "@id": "1f1360e1-62c9-4519-8943-5815d1b2565f"
      }
    },
    {
      "type": "Feature",
      "bbox": [
        -121.07661241723947,
        38.94620801901081,
        -121.07661241723947,
        38.94620801901081
      ],
      "geometry": {
        "type": "Point",
        "coordinates": [
          -121.07661242,
          38.94620802
        ]
      },
      "properties": {
        "course_id": "ridge_golf_course",
        "course_name": "Ridge Golf Course",
        "hole_number": 2,
        "feature_type": "green_center",
        "name": "hole_2_green_center",
        "feature-color": "#5aae5a",
        "is_approximate": true,
        "source": "derived",
        "@id": "0214012d-77d8-4847-9193-10669d5d3238"
      }
    },
    {
      "type": "Feature",
      "bbox": [
        -121.07645332172274,
        38.94624903789404,
        -121.07645332172274,
        38.94624903789404
      ],
      "geometry": {
        "type": "Point",
        "coordinates": [
          -121.07645332,
          38.94624904
        ]
      },
      "properties": {
        "course_id": "ridge_golf_course",
        "course_name": "Ridge Golf Course",
        "hole_number": 2,
        "feature_type": "green_front",
        "name": "hole_2_green_front",
        "feature-color": "#5aae5a",
        "is_approximate": true,
        "source": "derived",
        "@id": "552dde58-9337-4449-be9d-a0df886075ae"
      }
    },
    {
      "type": "Feature",
      "bbox": [
        -121.071055,
        38.9480036,
        -121.0709628,
        38.948071
      ],
      "geometry": {
        "type": "Polygon",
        "coordinates": [
          [
            [
              -121.0710384,
              38.9480612
            ],
            [
              -121.0710179,
              38.948068
            ],
            [
              -121.0709943,
              38.948071
            ],
            [
              -121.0709785,
              38.9480674
            ],
            [
              -121.0709644,
              38.9480563
            ],
            [
              -121.0709628,
              38.9480428
            ],
            [
              -121.0709644,
              38.9480257
            ],
            [
              -121.0709785,
              38.9480122
            ],
            [
              -121.0709974,
              38.9480048
            ],
            [
              -121.0710195,
              38.9480036
            ],
            [
              -121.0710416,
              38.9480079
            ],
            [
              -121.0710534,
              38.9480165
            ],
            [
              -121.071055,
              38.9480398
            ],
            [
              -121.0710495,
              38.9480508
            ],
            [
              -121.0710384,
              38.9480612
            ]
          ]
        ]
      },
      "properties": {
        "course_id": "ridge_golf_course",
        "course_name": "Ridge Golf Course",
        "hole_number": 2,
        "feature_type": "tee_box",
        "name": "hole_2_tee_box",
        "feature-color": "#8b7355",
        "is_approximate": true,
        "source": "osm",
        "@id": "cf81b10e-20fa-4fc0-8109-d219af706b9d",
        "osm_id": 674577380
      }
    },
    {
      "type": "Feature",
      "bbox": [
        -121.0713331,
        38.9479313,
        -121.0712244,
        38.9480159
      ],
      "geometry": {
        "type": "Polygon",
        "coordinates": [
          [
            [
              -121.0713331,
              38.9479779
            ],
            [
              -121.0713276,
              38.9479938
            ],
            [
              -121.0713205,
              38.9480073
            ],
            [
              -121.0713055,
              38.9480134
            ],
            [
              -121.0712811,
              38.9480159
            ],
            [
              -121.0712567,
              38.948011
            ],
            [
              -121.0712378,
              38.9479981
            ],
            [
              -121.0712267,
              38.9479865
            ],
            [
              -121.0712244,
              38.9479705
            ],
            [
              -121.0712252,
              38.9479558
            ],
            [
              -121.071233,
              38.9479436
            ],
            [
              -121.0712464,
              38.9479356
            ],
            [
              -121.0712677,
              38.9479313
            ],
            [
              -121.0712866,
              38.9479313
            ],
            [
              -121.0713032,
              38.9479332
            ],
            [
              -121.0713189,
              38.9479448
            ],
            [
              -121.0713292,
              38.947962
            ],
            [
              -121.0713331,
              38.9479779
            ]
          ]
        ]
      },
      "properties": {
        "course_id": "ridge_golf_course",
        "course_name": "Ridge Golf Course",
        "hole_number": 2,
        "feature_type": "tee_box",
        "name": "hole_2_tee_box_2",
        "feature-color": "#8b7355",
        "is_approximate": true,
        "source": "osm",
        "@id": "592a2868-8adf-4f1c-bb07-73176f6ff0cd",
        "osm_id": 674577381
      }
    },
    {
      "type": "Feature",
      "bbox": [
        -121.071523,
        38.9478247,
        -121.0714103,
        38.9479142
      ],
      "geometry": {
        "type": "Polygon",
        "coordinates": [
          [
            [
              -121.0715009,
              38.9479111
            ],
            [
              -121.0714836,
              38.9479135
            ],
            [
              -121.0714608,
              38.9479142
            ],
            [
              -121.0714418,
              38.9479062
            ],
            [
              -121.0714292,
              38.947897
            ],
            [
              -121.0714143,
              38.9478792
            ],
            [
              -121.0714103,
              38.9478602
            ],
            [
              -121.0714143,
              38.9478443
            ],
            [
              -121.0714221,
              38.947832
            ],
            [
              -121.0714442,
              38.9478247
            ],
            [
              -121.0714655,
              38.9478259
            ],
            [
              -121.0714883,
              38.9478327
            ],
            [
              -121.0715088,
              38.9478449
            ],
            [
              -121.0715167,
              38.9478633
            ],
            [
              -121.071523,
              38.9478792
            ],
            [
              -121.0715167,
              38.9478995
            ],
            [
              -121.0715009,
              38.9479111
            ]
          ]
        ]
      },
      "properties": {
        "course_id": "ridge_golf_course",
        "course_name": "Ridge Golf Course",
        "hole_number": 2,
        "feature_type": "tee_box",
        "name": "hole_2_tee_box_3",
        "feature-color": "#8b7355",
        "is_approximate": true,
        "source": "osm",
        "@id": "04495b05-0364-447f-85fc-7c2dc14ecebe",
        "osm_id": 674577382
      }
    },
    {
      "type": "Feature",
      "bbox": [
        -121.0719493,
        38.9477775,
        -121.0718453,
        38.9478468
      ],
      "geometry": {
        "type": "Polygon",
        "coordinates": [
          [
            [
              -121.071939,
              38.9478296
            ],
            [
              -121.0719264,
              38.9478388
            ],
            [
              -121.0719051,
              38.9478449
            ],
            [
              -121.0718815,
              38.9478468
            ],
            [
              -121.0718626,
              38.9478418
            ],
            [
              -121.0718476,
              38.9478241
            ],
            [
              -121.0718453,
              38.9478143
            ],
            [
              -121.0718492,
              38.9478014
            ],
            [
              -121.071861,
              38.9477904
            ],
            [
              -121.071876,
              38.94778
            ],
            [
              -121.0719004,
              38.9477775
            ],
            [
              -121.0719241,
              38.9477824
            ],
            [
              -121.0719414,
              38.9477965
            ],
            [
              -121.0719493,
              38.9478161
            ],
            [
              -121.071939,
              38.9478296
            ]
          ]
        ]
      },
      "properties": {
        "course_id": "ridge_golf_course",
        "course_name": "Ridge Golf Course",
        "hole_number": 2,
        "feature_type": "tee_box",
        "name": "hole_2_tee_box_4",
        "feature-color": "#8b7355",
        "is_approximate": true,
        "source": "osm",
        "@id": "c2bbc3fc-3433-4ba3-8f57-744e41678c0d",
        "osm_id": 674577383
      }
    },
    {
      "type": "Feature",
      "bbox": [
        -121.0721541,
        38.9474693,
        -121.0720887,
        38.9475189
      ],
      "geometry": {
        "type": "Polygon",
        "coordinates": [
          [
            [
              -121.0721392,
              38.9475128
            ],
            [
              -121.0721234,
              38.9475189
            ],
            [
              -121.0721053,
              38.947514
            ],
            [
              -121.0720919,
              38.9475054
            ],
            [
              -121.0720887,
              38.9474913
            ],
            [
              -121.0720942,
              38.9474803
            ],
            [
              -121.0721053,
              38.9474729
            ],
            [
              -121.0721242,
              38.9474693
            ],
            [
              -121.0721407,
              38.9474748
            ],
            [
              -121.0721541,
              38.9474889
            ],
            [
              -121.0721502,
              38.9475054
            ],
            [
              -121.0721392,
              38.9475128
            ]
          ]
        ]
      },
      "properties": {
        "course_id": "ridge_golf_course",
        "course_name": "Ridge Golf Course",
        "hole_number": 2,
        "feature_type": "tee_box",
        "name": "hole_2_tee_box_5",
        "feature-color": "#8b7355",
        "is_approximate": true,
        "source": "osm",
        "@id": "95244c7f-1861-41b7-9c97-99de3414d520",
        "osm_id": 674577384
      }
    },
    {
      "type": "Feature",
      "bbox": [
        -121.07100852929315,
        38.948036748371415,
        -121.07100852929315,
        38.948036748371415
      ],
      "geometry": {
        "type": "Point",
        "coordinates": [
          -121.07100853,
          38.94803675
        ]
      },
      "properties": {
        "course_id": "ridge_golf_course",
        "course_name": "Ridge Golf Course",
        "hole_number": 2,
        "feature_type": "tee_center",
        "name": "hole_2_tee_center",
        "feature-color": "#c8a055",
        "is_approximate": true,
        "source": "derived",
        "@id": "6d1bb4ec-5820-4591-8e0b-593cac9b6458"
      }
    },
    {
      "type": "Feature",
      "bbox": [
        -121.077035,
        38.9462874,
        -121.0759187,
        38.9469443
      ],
      "geometry": {
        "type": "Polygon",
        "coordinates": [
          [
            [
              -121.0769742,
              38.9465432
            ],
            [
              -121.0769474,
              38.9465502
            ],
            [
              -121.0769143,
              38.9465571
            ],
            [
              -121.0768902,
              38.9465648
            ],
            [
              -121.0768616,
              38.9465745
            ],
            [
              -121.0768115,
              38.946587
            ],
            [
              -121.0767669,
              38.9466086
            ],
            [
              -121.0767445,
              38.9466287
            ],
            [
              -121.076732,
              38.9466614
            ],
            [
              -121.0767293,
              38.9466996
            ],
            [
              -121.0767338,
              38.9467337
            ],
            [
              -121.0767409,
              38.9467684
            ],
            [
              -121.0767445,
              38.9467955
            ],
            [
              -121.0767338,
              38.9468317
            ],
            [
              -121.0767159,
              38.9468657
            ],
            [
              -121.0766864,
              38.9468887
            ],
            [
              -121.0766534,
              38.9469047
            ],
            [
              -121.0766176,
              38.946922
            ],
            [
              -121.0765783,
              38.9469339
            ],
            [
              -121.0765452,
              38.9469401
            ],
            [
              -121.0765077,
              38.9469443
            ],
            [
              -121.0764701,
              38.9469436
            ],
            [
              -121.0764326,
              38.9469408
            ],
            [
              -121.0764022,
              38.9469429
            ],
            [
              -121.0763754,
              38.9469429
            ],
            [
              -121.0763414,
              38.9469359
            ],
            [
              -121.07632,
              38.9469339
            ],
            [
              -121.0762923,
              38.9469262
            ],
            [
              -121.0762628,
              38.9469144
            ],
            [
              -121.0762306,
              38.946904
            ],
            [
              -121.0761856,
              38.946883
            ],
            [
              -121.0761027,
              38.9468379
            ],
            [
              -121.0760357,
              38.9468012
            ],
            [
              -121.0759912,
              38.9467841
            ],
            [
              -121.0759991,
              38.9467553
            ],
            [
              -121.0760014,
              38.9467356
            ],
            [
              -121.0760006,
              38.9467117
            ],
            [
              -121.0759896,
              38.946697
            ],
            [
              -121.0759691,
              38.9466805
            ],
            [
              -121.0759479,
              38.946667
            ],
            [
              -121.0759187,
              38.9466376
            ],
            [
              -121.0759455,
              38.9466162
            ],
            [
              -121.0759705,
              38.9465794
            ],
            [
              -121.0759822,
              38.9465495
            ],
            [
              -121.0759991,
              38.9465189
            ],
            [
              -121.076017,
              38.9464848
            ],
            [
              -121.0760456,
              38.9464556
            ],
            [
              -121.0760635,
              38.9464313
            ],
            [
              -121.0760724,
              38.9464146
            ],
            [
              -121.076093,
              38.9463924
            ],
            [
              -121.0761127,
              38.9463736
            ],
            [
              -121.0761386,
              38.9463597
            ],
            [
              -121.076169,
              38.9463458
            ],
            [
              -121.0761922,
              38.946341
            ],
            [
              -121.0762208,
              38.9463389
            ],
            [
              -121.076236,
              38.9463326
            ],
            [
              -121.0762539,
              38.9463264
            ],
            [
              -121.0762798,
              38.9463187
            ],
            [
              -121.076312,
              38.9463062
            ],
            [
              -121.0763406,
              38.9462951
            ],
            [
              -121.0763709,
              38.9462874
            ],
            [
              -121.076412,
              38.9462895
            ],
            [
              -121.0764907,
              38.9462958
            ],
            [
              -121.0765434,
              38.9463069
            ],
            [
              -121.076589,
              38.9463215
            ],
            [
              -121.076631,
              38.9463458
            ],
            [
              -121.0766659,
              38.9463576
            ],
            [
              -121.0767034,
              38.9463653
            ],
            [
              -121.0767409,
              38.9463688
            ],
            [
              -121.0767829,
              38.9463688
            ],
            [
              -121.0768187,
              38.9463625
            ],
            [
              -121.0768366,
              38.9463611
            ],
            [
              -121.0768634,
              38.946359
            ],
            [
              -121.0768768,
              38.9463562
            ],
            [
              -121.0769081,
              38.9463576
            ],
            [
              -121.0769376,
              38.946359
            ],
            [
              -121.0769572,
              38.9463604
            ],
            [
              -121.076984,
              38.9463639
            ],
            [
              -121.0769948,
              38.9463611
            ],
            [
              -121.0770019,
              38.946359
            ],
            [
              -121.077035,
              38.9464362
            ],
            [
              -121.0770314,
              38.9464445
            ],
            [
              -121.0770198,
              38.9464508
            ],
            [
              -121.0770028,
              38.9464709
            ],
            [
              -121.0770028,
              38.9464841
            ],
            [
              -121.0769885,
              38.946505
            ],
            [
              -121.0769796,
              38.9465217
            ],
            [
              -121.0769742,
              38.9465432
            ]
          ]
        ]
      },
      "properties": {
        "course_id": "ridge_golf_course",
        "course_name": "Ridge Golf Course",
        "hole_number": 2,
        "feature_type": "water",
        "name": "hole_2_water",
        "feature-color": "#2255cc",
        "is_approximate": true,
        "source": "osm",
        "@id": "323c2c8a-bf54-4b4c-a968-80fa81f1cff7",
        "osm_id": 674566428,
        "hazard_group": "674566428"
      }
    },
    {
      "type": "Feature",
      "bbox": [
        -121.0760014,
        38.9466376,
        -121.0726045,
        38.9476821
      ],
      "geometry": {
        "type": "Polygon",
        "coordinates": [
          [
            [
              -121.0727561,
              38.9476732
            ],
            [
              -121.0727093,
              38.9476812
            ],
            [
              -121.0726713,
              38.9476814
            ],
            [
              -121.0726468,
              38.9476821
            ],
            [
              -121.0726224,
              38.9476793
            ],
            [
              -121.0726046,
              38.9476632
            ],
            [
              -121.0726045,
              38.9476402
            ],
            [
              -121.0726133,
              38.9476166
            ],
            [
              -121.0726397,
              38.9476023
            ],
            [
              -121.0726775,
              38.9475908
            ],
            [
              -121.0727141,
              38.9475842
            ],
            [
              -121.0727508,
              38.9475795
            ],
            [
              -121.0728064,
              38.9475795
            ],
            [
              -121.0728553,
              38.9475774
            ],
            [
              -121.0729017,
              38.9475826
            ],
            [
              -121.072948,
              38.9475743
            ],
            [
              -121.0730036,
              38.9475527
            ],
            [
              -121.0730499,
              38.9475311
            ],
            [
              -121.0731068,
              38.9475064
            ],
            [
              -121.0731397,
              38.9474906
            ],
            [
              -121.0731901,
              38.9474722
            ],
            [
              -121.0732445,
              38.9474612
            ],
            [
              -121.0732839,
              38.9474606
            ],
            [
              -121.073317,
              38.9474532
            ],
            [
              -121.0733485,
              38.9474404
            ],
            [
              -121.0733887,
              38.9474299
            ],
            [
              -121.0734186,
              38.9474165
            ],
            [
              -121.0734493,
              38.9473993
            ],
            [
              -121.0734627,
              38.947384
            ],
            [
              -121.0735124,
              38.9473656
            ],
            [
              -121.073551,
              38.9473527
            ],
            [
              -121.0736045,
              38.947335
            ],
            [
              -121.0736636,
              38.9473135
            ],
            [
              -121.0736912,
              38.9472982
            ],
            [
              -121.0737212,
              38.9472841
            ],
            [
              -121.0737582,
              38.9472651
            ],
            [
              -121.0738094,
              38.9472437
            ],
            [
              -121.0739118,
              38.9472057
            ],
            [
              -121.0740001,
              38.9471818
            ],
            [
              -121.0740552,
              38.9471646
            ],
            [
              -121.0741143,
              38.9471413
            ],
            [
              -121.0741608,
              38.9471235
            ],
            [
              -121.074231,
              38.9471058
            ],
            [
              -121.0742743,
              38.9470917
            ],
            [
              -121.074357,
              38.9470543
            ],
            [
              -121.0744918,
              38.9470163
            ],
            [
              -121.0745729,
              38.9469955
            ],
            [
              -121.0746375,
              38.9469881
            ],
            [
              -121.0746911,
              38.9469765
            ],
            [
              -121.0747384,
              38.9469673
            ],
            [
              -121.0747872,
              38.9469477
            ],
            [
              -121.0748109,
              38.9469262
            ],
            [
              -121.0748337,
              38.9468888
            ],
            [
              -121.0748637,
              38.9468656
            ],
            [
              -121.074907,
              38.9468484
            ],
            [
              -121.0749448,
              38.9468294
            ],
            [
              -121.074996,
              38.9468098
            ],
            [
              -121.0750386,
              38.9467926
            ],
            [
              -121.0751048,
              38.9467755
            ],
            [
              -121.0751828,
              38.946762
            ],
            [
              -121.0752285,
              38.9467559
            ],
            [
              -121.0753317,
              38.9467369
            ],
            [
              -121.075416,
              38.9467271
            ],
            [
              -121.0754373,
              38.9467216
            ],
            [
              -121.0754972,
              38.9467277
            ],
            [
              -121.0755673,
              38.9467338
            ],
            [
              -121.0756264,
              38.9467301
            ],
            [
              -121.0756626,
              38.9467234
            ],
            [
              -121.0757115,
              38.9467117
            ],
            [
              -121.0757871,
              38.9466885
            ],
            [
              -121.0758541,
              38.9466609
            ],
            [
              -121.0758895,
              38.9466431
            ],
            [
              -121.0759187,
              38.9466376
            ],
            [
              -121.0759479,
              38.946667
            ],
            [
              -121.0759691,
              38.9466805
            ],
            [
              -121.0759896,
              38.946697
            ],
            [
              -121.0760006,
              38.9467117
            ],
            [
              -121.0760014,
              38.9467356
            ],
            [
              -121.0759991,
              38.9467553
            ],
            [
              -121.0759912,
              38.9467841
            ],
            [
              -121.0759565,
              38.9467693
            ],
            [
              -121.0759281,
              38.9467561
            ],
            [
              -121.0758935,
              38.9467476
            ],
            [
              -121.0758596,
              38.9467447
            ],
            [
              -121.075819,
              38.946748
            ],
            [
              -121.0757754,
              38.9467567
            ],
            [
              -121.0757217,
              38.9467696
            ],
            [
              -121.0756697,
              38.9467847
            ],
            [
              -121.0756272,
              38.9467969
            ],
            [
              -121.0756027,
              38.946819
            ],
            [
              -121.0755618,
              38.9468588
            ],
            [
              -121.0755137,
              38.9468772
            ],
            [
              -121.0751954,
              38.9469869
            ],
            [
              -121.075078,
              38.9470341
            ],
            [
              -121.0749228,
              38.9470935
            ],
            [
              -121.0748172,
              38.9471291
            ],
            [
              -121.0747549,
              38.9471432
            ],
            [
              -121.0747037,
              38.9471523
            ],
            [
              -121.0746612,
              38.9471487
            ],
            [
              -121.0746123,
              38.9471487
            ],
            [
              -121.0744894,
              38.9471658
            ],
            [
              -121.0743893,
              38.9471842
            ],
            [
              -121.0742963,
              38.9472063
            ],
            [
              -121.0742223,
              38.9472265
            ],
            [
              -121.0741427,
              38.9472614
            ],
            [
              -121.0740348,
              38.9473037
            ],
            [
              -121.0739221,
              38.947346
            ],
            [
              -121.0737842,
              38.9473993
            ],
            [
              -121.0736802,
              38.9474361
            ],
            [
              -121.073629,
              38.9474514
            ],
            [
              -121.0735975,
              38.9474563
            ],
            [
              -121.073547,
              38.9474667
            ],
            [
              -121.073469,
              38.9474955
            ],
            [
              -121.0733973,
              38.9475274
            ],
            [
              -121.0733395,
              38.9475563
            ],
            [
              -121.0732837,
              38.9475787
            ],
            [
              -121.0732043,
              38.9476024
            ],
            [
              -121.0731154,
              38.9476266
            ],
            [
              -121.0730464,
              38.9476467
            ],
            [
              -121.0729808,
              38.9476634
            ],
            [
              -121.0729176,
              38.9476741
            ],
            [
              -121.0728564,
              38.9476761
            ],
            [
              -121.0727996,
              38.9476728
            ],
            [
              -121.0727561,
              38.9476732
            ]
          ]
        ]
      },
      "properties": {
        "course_id": "ridge_golf_course",
        "course_name": "Ridge Golf Course",
        "hole_number": 2,
        "feature_type": "water",
        "name": "hole_2_water_2",
        "feature-color": "#2255cc",
        "is_approximate": true,
        "source": "osm",
        "@id": "eaee74cf-02be-4ed0-aff9-fbe1dbc5b66a",
        "osm_id": 674577378,
        "hazard_group": "674577378"
      }
    },
    {
      "type": "Feature",
      "bbox": [
        -121.0772375,
        38.946304,
        -121.077019,
        38.9464162
      ],
      "geometry": {
        "type": "Polygon",
        "coordinates": [
          [
            [
              -121.0770372,
              38.9464162
            ],
            [
              -121.077019,
              38.9463772
            ],
            [
              -121.0770592,
              38.9463709
            ],
            [
              -121.0770866,
              38.946366
            ],
            [
              -121.0771184,
              38.9463558
            ],
            [
              -121.0771391,
              38.9463443
            ],
            [
              -121.0771525,
              38.9463329
            ],
            [
              -121.0771785,
              38.9463194
            ],
            [
              -121.0772054,
              38.9463101
            ],
            [
              -121.0772223,
              38.946304
            ],
            [
              -121.0772296,
              38.9463349
            ],
            [
              -121.0772375,
              38.9463581
            ],
            [
              -121.0772205,
              38.9463651
            ],
            [
              -121.0771955,
              38.9463747
            ],
            [
              -121.0771692,
              38.9463816
            ],
            [
              -121.0771419,
              38.9463884
            ],
            [
              -121.0771142,
              38.9463993
            ],
            [
              -121.0770735,
              38.9464078
            ],
            [
              -121.0770372,
              38.9464162
            ]
          ]
        ]
      },
      "properties": {
        "course_id": "ridge_golf_course",
        "course_name": "Ridge Golf Course",
        "hole_number": 2,
        "feature_type": "water",
        "name": "hole_2_water_3",
        "feature-color": "#2255cc",
        "is_approximate": true,
        "source": "osm",
        "@id": "2ed691b0-c543-4d70-8521-4cbda529a6dd",
        "osm_id": 675724521,
        "hazard_group": "675724521"
      }
    },
    {
      "type": "Feature",
      "bbox": [
        -121.076598,
        38.9445401,
        -121.0764262,
        38.9446933
      ],
      "geometry": {
        "type": "Polygon",
        "coordinates": [
          [
            [
              -121.0765901,
              38.9446363
            ],
            [
              -121.0765641,
              38.9446596
            ],
            [
              -121.076542,
              38.9446737
            ],
            [
              -121.0764995,
              38.9446903
            ],
            [
              -121.0764735,
              38.9446933
            ],
            [
              -121.0764498,
              38.9446903
            ],
            [
              -121.0764341,
              38.9446811
            ],
            [
              -121.0764262,
              38.9446639
            ],
            [
              -121.0764286,
              38.944632
            ],
            [
              -121.0764364,
              38.9446143
            ],
            [
              -121.0764467,
              38.9446081
            ],
            [
              -121.0764577,
              38.9446063
            ],
            [
              -121.0764766,
              38.9446143
            ],
            [
              -121.0764884,
              38.9446167
            ],
            [
              -121.0764987,
              38.944613
            ],
            [
              -121.0765018,
              38.9446026
            ],
            [
              -121.0764979,
              38.9445971
            ],
            [
              -121.0764877,
              38.944591
            ],
            [
              -121.0764766,
              38.9445897
            ],
            [
              -121.0764758,
              38.9445812
            ],
            [
              -121.0764821,
              38.9445591
            ],
            [
              -121.0765034,
              38.9445475
            ],
            [
              -121.0765239,
              38.9445401
            ],
            [
              -121.0765515,
              38.9445444
            ],
            [
              -121.0765704,
              38.9445536
            ],
            [
              -121.076583,
              38.9445671
            ],
            [
              -121.076594,
              38.944591
            ],
            [
              -121.076598,
              38.9446149
            ],
            [
              -121.0765901,
              38.9446363
            ]
          ]
        ]
      },
      "properties": {
        "course_id": "ridge_golf_course",
        "course_name": "Ridge Golf Course",
        "hole_number": 3,
        "feature_type": "bunker",
        "name": "hole_3_bunker",
        "feature-color": "#d4b483",
        "is_approximate": true,
        "source": "osm",
        "@id": "55074481-f849-4e70-a27b-5e4e9f32c57d",
        "osm_id": 674577392
      }
    },
    {
      "type": "Feature",
      "bbox": [
        -121.0767154,
        38.9441761,
        -121.0765546,
        38.9443777
      ],
      "geometry": {
        "type": "Polygon",
        "coordinates": [
          [
            [
              -121.0767098,
              38.9442895
            ],
            [
              -121.0767154,
              38.9443048
            ],
            [
              -121.076713,
              38.9443238
            ],
            [
              -121.0766996,
              38.9443428
            ],
            [
              -121.0766854,
              38.9443587
            ],
            [
              -121.0766641,
              38.9443685
            ],
            [
              -121.076635,
              38.944374
            ],
            [
              -121.0766216,
              38.9443765
            ],
            [
              -121.076594,
              38.9443777
            ],
            [
              -121.0765767,
              38.9443697
            ],
            [
              -121.0765641,
              38.9443538
            ],
            [
              -121.0765554,
              38.9443348
            ],
            [
              -121.0765546,
              38.9443183
            ],
            [
              -121.0765625,
              38.9443023
            ],
            [
              -121.0765712,
              38.9442987
            ],
            [
              -121.0765846,
              38.9443017
            ],
            [
              -121.0765917,
              38.9443029
            ],
            [
              -121.0766019,
              38.9442999
            ],
            [
              -121.0766051,
              38.9442925
            ],
            [
              -121.0766035,
              38.944284
            ],
            [
              -121.0765932,
              38.944276
            ],
            [
              -121.0765775,
              38.9442686
            ],
            [
              -121.0765735,
              38.9442643
            ],
            [
              -121.0765696,
              38.9442515
            ],
            [
              -121.0765641,
              38.9442325
            ],
            [
              -121.0765641,
              38.9442049
            ],
            [
              -121.0765743,
              38.9441841
            ],
            [
              -121.0765861,
              38.9441761
            ],
            [
              -121.0766019,
              38.9441773
            ],
            [
              -121.076624,
              38.9441834
            ],
            [
              -121.0766484,
              38.9442018
            ],
            [
              -121.0766641,
              38.9442165
            ],
            [
              -121.0766712,
              38.9442306
            ],
            [
              -121.0766641,
              38.9442386
            ],
            [
              -121.0766563,
              38.9442466
            ],
            [
              -121.0766523,
              38.9442588
            ],
            [
              -121.0766563,
              38.9442662
            ],
            [
              -121.0766665,
              38.9442711
            ],
            [
              -121.0766775,
              38.9442717
            ],
            [
              -121.0766878,
              38.9442723
            ],
            [
              -121.076698,
              38.9442803
            ],
            [
              -121.0767098,
              38.9442895
            ]
          ]
        ]
      },
      "properties": {
        "course_id": "ridge_golf_course",
        "course_name": "Ridge Golf Course",
        "hole_number": 3,
        "feature_type": "bunker",
        "name": "hole_3_bunker_2",
        "feature-color": "#d4b483",
        "is_approximate": true,
        "source": "osm",
        "@id": "d9ef72c6-e55a-47fe-8808-b03e50d8f309",
        "osm_id": 674577393
      }
    },
    {
      "type": "Feature",
      "bbox": [
        -121.0765631,
        38.9442403,
        -121.0763898,
        38.9445234
      ],
      "geometry": {
        "type": "Polygon",
        "coordinates": [
          [
            [
              -121.07643,
              38.9442403
            ],
            [
              -121.076446,
              38.9442828
            ],
            [
              -121.0764515,
              38.9442914
            ],
            [
              -121.0764658,
              38.9443031
            ],
            [
              -121.0764792,
              38.9443105
            ],
            [
              -121.0764974,
              38.9443111
            ],
            [
              -121.0765219,
              38.9443012
            ],
            [
              -121.0765346,
              38.9442772
            ],
            [
              -121.0765409,
              38.9442458
            ],
            [
              -121.0765393,
              38.9442684
            ],
            [
              -121.076537,
              38.9443164
            ],
            [
              -121.076543,
              38.9443675
            ],
            [
              -121.0765591,
              38.9444102
            ],
            [
              -121.0765631,
              38.9444311
            ],
            [
              -121.0765599,
              38.9444545
            ],
            [
              -121.0765378,
              38.9444877
            ],
            [
              -121.0765085,
              38.9445093
            ],
            [
              -121.0764784,
              38.9445228
            ],
            [
              -121.0764452,
              38.9445234
            ],
            [
              -121.0764104,
              38.9445111
            ],
            [
              -121.0763914,
              38.9444773
            ],
            [
              -121.0763898,
              38.9444446
            ],
            [
              -121.0763969,
              38.9444096
            ],
            [
              -121.0764159,
              38.9443739
            ],
            [
              -121.0764353,
              38.9443306
            ],
            [
              -121.0764386,
              38.9442947
            ],
            [
              -121.07643,
              38.9442403
            ]
          ]
        ]
      },
      "properties": {
        "course_id": "ridge_golf_course",
        "course_name": "Ridge Golf Course",
        "hole_number": 3,
        "feature_type": "fairway",
        "name": "hole_3_fairway",
        "feature-color": "#4a7c3f",
        "is_approximate": true,
        "source": "osm",
        "@id": "f8d8f467-43eb-461c-ab47-02d536d9dac6",
        "osm_id": 1427135991
      }
    },
    {
      "type": "Feature",
      "bbox": [
        -121.0765821,
        38.944044,
        -121.0763835,
        38.9443111
      ],
      "geometry": {
        "type": "Polygon",
        "coordinates": [
          [
            [
              -121.0765489,
              38.9441886
            ],
            [
              -121.076543,
              38.9442175
            ],
            [
              -121.0765418,
              38.9442293
            ],
            [
              -121.0765409,
              38.9442458
            ],
            [
              -121.0765346,
              38.9442772
            ],
            [
              -121.0765219,
              38.9443012
            ],
            [
              -121.0764974,
              38.9443111
            ],
            [
              -121.0764792,
              38.9443105
            ],
            [
              -121.0764658,
              38.9443031
            ],
            [
              -121.0764515,
              38.9442914
            ],
            [
              -121.076446,
              38.9442828
            ],
            [
              -121.07643,
              38.9442403
            ],
            [
              -121.076419,
              38.9442119
            ],
            [
              -121.0764159,
              38.9442015
            ],
            [
              -121.0764058,
              38.9441762
            ],
            [
              -121.0764001,
              38.9441603
            ],
            [
              -121.0763939,
              38.9441461
            ],
            [
              -121.0763858,
              38.9441252
            ],
            [
              -121.0763835,
              38.9441
            ],
            [
              -121.0763882,
              38.9440772
            ],
            [
              -121.0763993,
              38.944063
            ],
            [
              -121.0764175,
              38.9440501
            ],
            [
              -121.0764373,
              38.944044
            ],
            [
              -121.0764772,
              38.9440449
            ],
            [
              -121.076514,
              38.9440495
            ],
            [
              -121.0765481,
              38.9440556
            ],
            [
              -121.0765655,
              38.9440729
            ],
            [
              -121.0765789,
              38.9440889
            ],
            [
              -121.0765815,
              38.944112
            ],
            [
              -121.0765821,
              38.9441154
            ],
            [
              -121.0765775,
              38.9441301
            ],
            [
              -121.0765702,
              38.9441449
            ],
            [
              -121.0765607,
              38.9441677
            ],
            [
              -121.0765489,
              38.9441886
            ]
          ]
        ]
      },
      "properties": {
        "course_id": "ridge_golf_course",
        "course_name": "Ridge Golf Course",
        "hole_number": 3,
        "feature_type": "green",
        "name": "hole_3_green",
        "feature-color": "#2d6e2d",
        "is_approximate": true,
        "source": "osm",
        "@id": "3b244ee5-75e3-4074-9895-d9deadaf089b",
        "osm_id": 674577396
      }
    },
    {
      "type": "Feature",
      "bbox": [
        -121.07648486741793,
        38.944045858427245,
        -121.07648486741793,
        38.944045858427245
      ],
      "geometry": {
        "type": "Point",
        "coordinates": [
          -121.07648487,
          38.94404586
        ]
      },
      "properties": {
        "course_id": "ridge_golf_course",
        "course_name": "Ridge Golf Course",
        "hole_number": 3,
        "feature_type": "green_back",
        "name": "hole_3_green_back",
        "feature-color": "#5aae5a",
        "is_approximate": true,
        "source": "derived",
        "@id": "ccc995f3-320d-4c35-9fea-951f65d90493"
      }
    },
    {
      "type": "Feature",
      "bbox": [
        -121.07648226385737,
        38.94415906626232,
        -121.07648226385737,
        38.94415906626232
      ],
      "geometry": {
        "type": "Point",
        "coordinates": [
          -121.07648226,
          38.94415907
        ]
      },
      "properties": {
        "course_id": "ridge_golf_course",
        "course_name": "Ridge Golf Course",
        "hole_number": 3,
        "feature_type": "green_center",
        "name": "hole_3_green_center",
        "feature-color": "#5aae5a",
        "is_approximate": true,
        "source": "derived",
        "@id": "a0f2150e-87b2-4700-98ee-957c671ed891"
      }
    },
    {
      "type": "Feature",
      "bbox": [
        -121.07647878642776,
        38.94431027160937,
        -121.07647878642776,
        38.94431027160937
      ],
      "geometry": {
        "type": "Point",
        "coordinates": [
          -121.07647879,
          38.94431027
        ]
      },
      "properties": {
        "course_id": "ridge_golf_course",
        "course_name": "Ridge Golf Course",
        "hole_number": 3,
        "feature_type": "green_front",
        "name": "hole_3_green_front",
        "feature-color": "#5aae5a",
        "is_approximate": true,
        "source": "derived",
        "@id": "35f1b3ea-f5ea-4433-b46f-9a5afa375dde"
      }
    },
    {
      "type": "Feature",
      "bbox": [
        -121.0767148,
        38.9456041,
        -121.0766053,
        38.9457334
      ],
      "geometry": {
        "type": "Polygon",
        "coordinates": [
          [
            [
              -121.0767148,
              38.945696
            ],
            [
              -121.0767109,
              38.9457113
            ],
            [
              -121.0766975,
              38.9457266
            ],
            [
              -121.0766817,
              38.9457334
            ],
            [
              -121.0766565,
              38.9457334
            ],
            [
              -121.0766392,
              38.9457242
            ],
            [
              -121.0766242,
              38.9457131
            ],
            [
              -121.0766116,
              38.9456942
            ],
            [
              -121.0766069,
              38.9456794
            ],
            [
              -121.0766053,
              38.9456604
            ],
            [
              -121.0766124,
              38.9456365
            ],
            [
              -121.0766195,
              38.9456206
            ],
            [
              -121.076636,
              38.9456096
            ],
            [
              -121.0766486,
              38.9456041
            ],
            [
              -121.0766597,
              38.9456047
            ],
            [
              -121.0766746,
              38.9456108
            ],
            [
              -121.0766888,
              38.9456182
            ],
            [
              -121.0766998,
              38.9456353
            ],
            [
              -121.0767069,
              38.9456568
            ],
            [
              -121.0767124,
              38.9456733
            ],
            [
              -121.0767148,
              38.945696
            ]
          ]
        ]
      },
      "properties": {
        "course_id": "ridge_golf_course",
        "course_name": "Ridge Golf Course",
        "hole_number": 3,
        "feature_type": "tee_box",
        "name": "hole_3_tee_box",
        "feature-color": "#8b7355",
        "is_approximate": true,
        "source": "osm",
        "@id": "b3869f4f-7ea7-45cb-89e0-0e267e3d323c",
        "osm_id": 674577388
      }
    },
    {
      "type": "Feature",
      "bbox": [
        -121.076491,
        38.945468,
        -121.076365,
        38.9455845
      ],
      "geometry": {
        "type": "Polygon",
        "coordinates": [
          [
            [
              -121.0764847,
              38.9455575
            ],
            [
              -121.0764658,
              38.945574
            ],
            [
              -121.0764327,
              38.945582
            ],
            [
              -121.0764154,
              38.9455845
            ],
            [
              -121.0763831,
              38.9455765
            ],
            [
              -121.0763729,
              38.9455642
            ],
            [
              -121.076365,
              38.945544
            ],
            [
              -121.0763673,
              38.9455109
            ],
            [
              -121.0763752,
              38.9454932
            ],
            [
              -121.0763925,
              38.9454784
            ],
            [
              -121.0764233,
              38.945468
            ],
            [
              -121.0764579,
              38.9454772
            ],
            [
              -121.0764713,
              38.9454846
            ],
            [
              -121.0764879,
              38.9455054
            ],
            [
              -121.076491,
              38.9455311
            ],
            [
              -121.0764847,
              38.9455575
            ]
          ]
        ]
      },
      "properties": {
        "course_id": "ridge_golf_course",
        "course_name": "Ridge Golf Course",
        "hole_number": 3,
        "feature_type": "tee_box",
        "name": "hole_3_tee_box_2",
        "feature-color": "#8b7355",
        "is_approximate": true,
        "source": "osm",
        "@id": "9342ede1-1a61-421f-85fc-2faadfbbdbde",
        "osm_id": 674577389
      }
    },
    {
      "type": "Feature",
      "bbox": [
        -121.0764745,
        38.9452713,
        -121.0763358,
        38.945381
      ],
      "geometry": {
        "type": "Polygon",
        "coordinates": [
          [
            [
              -121.0764595,
              38.9453638
            ],
            [
              -121.0764477,
              38.9453706
            ],
            [
              -121.0764296,
              38.9453792
            ],
            [
              -121.0763996,
              38.945381
            ],
            [
              -121.076361,
              38.9453724
            ],
            [
              -121.0763492,
              38.9453614
            ],
            [
              -121.076339,
              38.9453479
            ],
            [
              -121.0763358,
              38.945321
            ],
            [
              -121.0763413,
              38.945302
            ],
            [
              -121.0763508,
              38.9452854
            ],
            [
              -121.0763665,
              38.9452756
            ],
            [
              -121.0763918,
              38.9452719
            ],
            [
              -121.076417,
              38.9452713
            ],
            [
              -121.0764453,
              38.9452793
            ],
            [
              -121.0764611,
              38.9452909
            ],
            [
              -121.0764713,
              38.9453081
            ],
            [
              -121.0764745,
              38.9453326
            ],
            [
              -121.076469,
              38.9453498
            ],
            [
              -121.0764595,
              38.9453638
            ]
          ]
        ]
      },
      "properties": {
        "course_id": "ridge_golf_course",
        "course_name": "Ridge Golf Course",
        "hole_number": 3,
        "feature_type": "tee_box",
        "name": "hole_3_tee_box_3",
        "feature-color": "#8b7355",
        "is_approximate": true,
        "source": "osm",
        "@id": "fded5af7-21a2-400e-8434-7784b63e449a",
        "osm_id": 674577390
      }
    },
    {
      "type": "Feature",
      "bbox": [
        -121.0764334,
        38.9450986,
        -121.0763569,
        38.9451633
      ],
      "geometry": {
        "type": "Polygon",
        "coordinates": [
          [
            [
              -121.0764311,
              38.9451405
            ],
            [
              -121.0764269,
              38.9451492
            ],
            [
              -121.0764198,
              38.9451566
            ],
            [
              -121.0764089,
              38.9451627
            ],
            [
              -121.0763958,
              38.9451633
            ],
            [
              -121.0763815,
              38.9451604
            ],
            [
              -121.076368,
              38.9451532
            ],
            [
              -121.0763595,
              38.9451436
            ],
            [
              -121.0763569,
              38.9451314
            ],
            [
              -121.0763605,
              38.9451192
            ],
            [
              -121.0763667,
              38.9451075
            ],
            [
              -121.0763797,
              38.9451006
            ],
            [
              -121.0763929,
              38.9450986
            ],
            [
              -121.0764077,
              38.9450996
            ],
            [
              -121.0764219,
              38.9451027
            ],
            [
              -121.0764291,
              38.945111
            ],
            [
              -121.0764329,
              38.9451196
            ],
            [
              -121.0764334,
              38.9451292
            ],
            [
              -121.0764311,
              38.9451405
            ]
          ]
        ]
      },
      "properties": {
        "course_id": "ridge_golf_course",
        "course_name": "Ridge Golf Course",
        "hole_number": 3,
        "feature_type": "tee_box",
        "name": "hole_3_tee_box_4",
        "feature-color": "#8b7355",
        "is_approximate": true,
        "source": "osm",
        "@id": "83e95519-9752-489a-8019-16048f462ddd",
        "osm_id": 674577391
      }
    },
    {
      "type": "Feature",
      "bbox": [
        -121.07666022852253,
        38.945670703078065,
        -121.07666022852253,
        38.945670703078065
      ],
      "geometry": {
        "type": "Point",
        "coordinates": [
          -121.07666023,
          38.9456707
        ]
      },
      "properties": {
        "course_id": "ridge_golf_course",
        "course_name": "Ridge Golf Course",
        "hole_number": 3,
        "feature_type": "tee_center",
        "name": "hole_3_tee_center",
        "feature-color": "#c8a055",
        "is_approximate": true,
        "source": "derived",
        "@id": "8459de20-3665-4bf7-af62-d0ab785ca9a0"
      }
    },
    {
      "type": "Feature",
      "bbox": [
        -121.0724774,
        38.9455506,
        -121.0723478,
        38.9456514
      ],
      "geometry": {
        "type": "Polygon",
        "coordinates": [
          [
            [
              -121.0724628,
              38.9456147
            ],
            [
              -121.0724482,
              38.9456307
            ],
            [
              -121.0724316,
              38.9456416
            ],
            [
              -121.0724163,
              38.9456493
            ],
            [
              -121.0724003,
              38.9456514
            ],
            [
              -121.0723837,
              38.9456498
            ],
            [
              -121.0723664,
              38.9456441
            ],
            [
              -121.0723518,
              38.9456348
            ],
            [
              -121.0723478,
              38.945625
            ],
            [
              -121.0723518,
              38.9456147
            ],
            [
              -121.0723618,
              38.9456018
            ],
            [
              -121.0723804,
              38.9455888
            ],
            [
              -121.0724016,
              38.9455744
            ],
            [
              -121.0724249,
              38.9455599
            ],
            [
              -121.0724389,
              38.9455526
            ],
            [
              -121.0724515,
              38.9455506
            ],
            [
              -121.0724635,
              38.9455537
            ],
            [
              -121.0724734,
              38.945563
            ],
            [
              -121.0724774,
              38.9455759
            ],
            [
              -121.0724761,
              38.9455904
            ],
            [
              -121.0724701,
              38.9456028
            ],
            [
              -121.0724628,
              38.9456147
            ]
          ]
        ]
      },
      "properties": {
        "course_id": "ridge_golf_course",
        "course_name": "Ridge Golf Course",
        "hole_number": 4,
        "feature_type": "bunker",
        "name": "hole_4_bunker",
        "feature-color": "#d4b483",
        "is_approximate": true,
        "source": "osm",
        "@id": "5c735df2-4193-4b38-a396-0c068fa2ea16",
        "osm_id": 675323259
      }
    },
    {
      "type": "Feature",
      "bbox": [
        -121.0744026,
        38.9443626,
        -121.0727406,
        38.9449583
      ],
      "geometry": {
        "type": "Polygon",
        "coordinates": [
          [
            [
              -121.0731147,
              38.9449254
            ],
            [
              -121.0731863,
              38.9448975
            ],
            [
              -121.0732494,
              38.9448726
            ],
            [
              -121.0732833,
              38.9448565
            ],
            [
              -121.0733596,
              38.9448133
            ],
            [
              -121.073435,
              38.9447634
            ],
            [
              -121.073484,
              38.9447253
            ],
            [
              -121.0735254,
              38.9446924
            ],
            [
              -121.0735678,
              38.9446645
            ],
            [
              -121.0736093,
              38.9446462
            ],
            [
              -121.0736385,
              38.9446389
            ],
            [
              -121.0736668,
              38.9446315
            ],
            [
              -121.0737327,
              38.944622
            ],
            [
              -121.0739664,
              38.9445964
            ],
            [
              -121.0740615,
              38.9445949
            ],
            [
              -121.0741331,
              38.9445934
            ],
            [
              -121.0741793,
              38.9445876
            ],
            [
              -121.0742415,
              38.944578
            ],
            [
              -121.074297,
              38.9445649
            ],
            [
              -121.0743442,
              38.9445487
            ],
            [
              -121.0743752,
              38.9445246
            ],
            [
              -121.0743913,
              38.9445018
            ],
            [
              -121.0744026,
              38.9444718
            ],
            [
              -121.0743997,
              38.9444381
            ],
            [
              -121.0743903,
              38.9444124
            ],
            [
              -121.0743752,
              38.9443934
            ],
            [
              -121.0743517,
              38.9443787
            ],
            [
              -121.0743178,
              38.9443655
            ],
            [
              -121.0742867,
              38.9443626
            ],
            [
              -121.0742509,
              38.9443699
            ],
            [
              -121.0742085,
              38.9443883
            ],
            [
              -121.0741171,
              38.9444381
            ],
            [
              -121.0741001,
              38.944444
            ],
            [
              -121.0740766,
              38.9444483
            ],
            [
              -121.0740464,
              38.9444469
            ],
            [
              -121.0740153,
              38.944444
            ],
            [
              -121.0739795,
              38.9444374
            ],
            [
              -121.0739456,
              38.94443
            ],
            [
              -121.0739193,
              38.9444249
            ],
            [
              -121.073891,
              38.9444212
            ],
            [
              -121.0738495,
              38.944419
            ],
            [
              -121.0738071,
              38.9444212
            ],
            [
              -121.0737544,
              38.94443
            ],
            [
              -121.0736187,
              38.9444586
            ],
            [
              -121.0735839,
              38.9444659
            ],
            [
              -121.0735556,
              38.9444667
            ],
            [
              -121.0735292,
              38.9444667
            ],
            [
              -121.0734501,
              38.9444725
            ],
            [
              -121.0734049,
              38.9444674
            ],
            [
              -121.073354,
              38.9444645
            ],
            [
              -121.0733144,
              38.9444637
            ],
            [
              -121.0732362,
              38.9444718
            ],
            [
              -121.073174,
              38.9444791
            ],
            [
              -121.0730817,
              38.9445026
            ],
            [
              -121.0729696,
              38.9445465
            ],
            [
              -121.0728707,
              38.9446096
            ],
            [
              -121.0728217,
              38.9446447
            ],
            [
              -121.0727802,
              38.9446865
            ],
            [
              -121.0727557,
              38.9447268
            ],
            [
              -121.0727425,
              38.9447715
            ],
            [
              -121.0727406,
              38.9448264
            ],
            [
              -121.0727586,
              38.9448792
            ],
            [
              -121.0727736,
              38.944907
            ],
            [
              -121.0728038,
              38.9449283
            ],
            [
              -121.0728339,
              38.944943
            ],
            [
              -121.0728773,
              38.9449547
            ],
            [
              -121.0729357,
              38.9449583
            ],
            [
              -121.0729828,
              38.9449554
            ],
            [
              -121.073044,
              38.9449459
            ],
            [
              -121.0730803,
              38.9449378
            ],
            [
              -121.0731147,
              38.9449254
            ]
          ]
        ]
      },
      "properties": {
        "course_id": "ridge_golf_course",
        "course_name": "Ridge Golf Course",
        "hole_number": 4,
        "feature_type": "fairway",
        "name": "hole_4_fairway",
        "feature-color": "#4a7c3f",
        "is_approximate": true,
        "source": "osm",
        "@id": "a8efb479-f8b7-4a63-927c-ad6fd61eca1f",
        "osm_id": 675323256
      }
    },
    {
      "type": "Feature",
      "bbox": [
        -121.0727812,
        38.9454852,
        -121.0724675,
        38.9457351
      ],
      "geometry": {
        "type": "Polygon",
        "coordinates": [
          [
            [
              -121.0724675,
              38.9456433
            ],
            [
              -121.0724891,
              38.9456175
            ],
            [
              -121.0725101,
              38.9455967
            ],
            [
              -121.072527,
              38.9455789
            ],
            [
              -121.0725664,
              38.9455445
            ],
            [
              -121.0726012,
              38.9455233
            ],
            [
              -121.0726464,
              38.9454991
            ],
            [
              -121.0726794,
              38.9454896
            ],
            [
              -121.0727152,
              38.9454852
            ],
            [
              -121.0727501,
              38.9454925
            ],
            [
              -121.0727755,
              38.9455086
            ],
            [
              -121.0727812,
              38.9455394
            ],
            [
              -121.0727689,
              38.9455716
            ],
            [
              -121.0727425,
              38.945598
            ],
            [
              -121.0726353,
              38.9456747
            ],
            [
              -121.072595,
              38.9456962
            ],
            [
              -121.0725627,
              38.9457157
            ],
            [
              -121.0725286,
              38.9457351
            ],
            [
              -121.072561,
              38.9457046
            ],
            [
              -121.0725665,
              38.9456886
            ],
            [
              -121.0725612,
              38.9456586
            ],
            [
              -121.0725532,
              38.94564
            ],
            [
              -121.0725399,
              38.9456261
            ],
            [
              -121.0725233,
              38.9456209
            ],
            [
              -121.0725093,
              38.9456214
            ],
            [
              -121.0724974,
              38.945625
            ],
            [
              -121.0724841,
              38.9456333
            ],
            [
              -121.0724675,
              38.9456433
            ]
          ]
        ]
      },
      "properties": {
        "course_id": "ridge_golf_course",
        "course_name": "Ridge Golf Course",
        "hole_number": 4,
        "feature_type": "fairway",
        "name": "hole_4_fairway_2",
        "feature-color": "#4a7c3f",
        "is_approximate": true,
        "source": "osm",
        "@id": "d133ca2f-c0e9-413d-8990-a86a0988512a",
        "osm_id": 1427135990
      }
    },
    {
      "type": "Feature",
      "bbox": [
        -121.0725665,
        38.9456209,
        -121.0722574,
        38.945792
      ],
      "geometry": {
        "type": "Polygon",
        "coordinates": [
          [
            [
              -121.0725286,
              38.9457351
            ],
            [
              -121.072491,
              38.9457553
            ],
            [
              -121.072448,
              38.9457749
            ],
            [
              -121.072421,
              38.9457843
            ],
            [
              -121.0723804,
              38.945792
            ],
            [
              -121.0723392,
              38.9457889
            ],
            [
              -121.0723146,
              38.9457796
            ],
            [
              -121.0722873,
              38.9457594
            ],
            [
              -121.072266,
              38.9457336
            ],
            [
              -121.0722574,
              38.9457103
            ],
            [
              -121.0722587,
              38.9456896
            ],
            [
              -121.072272,
              38.94567
            ],
            [
              -121.0722873,
              38.9456617
            ],
            [
              -121.0723079,
              38.9456586
            ],
            [
              -121.0723305,
              38.9456581
            ],
            [
              -121.0723505,
              38.9456633
            ],
            [
              -121.072369,
              38.945669
            ],
            [
              -121.0723917,
              38.9456715
            ],
            [
              -121.07241,
              38.94567
            ],
            [
              -121.072432,
              38.9456648
            ],
            [
              -121.0724675,
              38.9456433
            ],
            [
              -121.0724841,
              38.9456333
            ],
            [
              -121.0724974,
              38.945625
            ],
            [
              -121.0725093,
              38.9456214
            ],
            [
              -121.0725233,
              38.9456209
            ],
            [
              -121.0725399,
              38.9456261
            ],
            [
              -121.0725532,
              38.94564
            ],
            [
              -121.0725612,
              38.9456586
            ],
            [
              -121.0725665,
              38.9456886
            ],
            [
              -121.072561,
              38.9457046
            ],
            [
              -121.0725286,
              38.9457351
            ]
          ]
        ]
      },
      "properties": {
        "course_id": "ridge_golf_course",
        "course_name": "Ridge Golf Course",
        "hole_number": 4,
        "feature_type": "green",
        "name": "hole_4_green",
        "feature-color": "#2d6e2d",
        "is_approximate": true,
        "source": "osm",
        "@id": "fe8e1480-0288-4800-be9d-44c25fb59848",
        "osm_id": 675323258
      }
    },
    {
      "type": "Feature",
      "bbox": [
        -121.07233348696177,
        38.945786740192865,
        -121.07233348696177,
        38.945786740192865
      ],
      "geometry": {
        "type": "Point",
        "coordinates": [
          -121.07233349,
          38.94578674
        ]
      },
      "properties": {
        "course_id": "ridge_golf_course",
        "course_name": "Ridge Golf Course",
        "hole_number": 4,
        "feature_type": "green_back",
        "name": "hole_4_green_back",
        "feature-color": "#5aae5a",
        "is_approximate": true,
        "source": "derived",
        "@id": "1cb37480-6de8-4913-a254-0ef8217d8987"
      }
    },
    {
      "type": "Feature",
      "bbox": [
        -121.07241263885413,
        38.945710426573925,
        -121.07241263885413,
        38.945710426573925
      ],
      "geometry": {
        "type": "Point",
        "coordinates": [
          -121.07241264,
          38.94571043
        ]
      },
      "properties": {
        "course_id": "ridge_golf_course",
        "course_name": "Ridge Golf Course",
        "hole_number": 4,
        "feature_type": "green_center",
        "name": "hole_4_green_center",
        "feature-color": "#5aae5a",
        "is_approximate": true,
        "source": "derived",
        "@id": "5455707c-c7bc-4d76-bc16-cf7891d734a2"
      }
    },
    {
      "type": "Feature",
      "bbox": [
        -121.0725029996477,
        38.94562330598893,
        -121.0725029996477,
        38.94562330598893
      ],
      "geometry": {
        "type": "Point",
        "coordinates": [
          -121.072503,
          38.94562331
        ]
      },
      "properties": {
        "course_id": "ridge_golf_course",
        "course_name": "Ridge Golf Course",
        "hole_number": 4,
        "feature_type": "green_front",
        "name": "hole_4_green_front",
        "feature-color": "#5aae5a",
        "is_approximate": true,
        "source": "derived",
        "@id": "d4b2933d-d1ff-4c8d-83ca-8e7721c4c8de"
      }
    },
    {
      "type": "Feature",
      "bbox": [
        -121.07588,
        38.9440864,
        -121.0758227,
        38.9441353
      ],
      "geometry": {
        "type": "Polygon",
        "coordinates": [
          [
            [
              -121.0758757,
              38.9441229
            ],
            [
              -121.0758696,
              38.944128
            ],
            [
              -121.0758612,
              38.9441327
            ],
            [
              -121.0758509,
              38.9441353
            ],
            [
              -121.0758401,
              38.9441353
            ],
            [
              -121.0758288,
              38.9441305
            ],
            [
              -121.0758227,
              38.9441203
            ],
            [
              -121.0758227,
              38.9441108
            ],
            [
              -121.0758232,
              38.9441028
            ],
            [
              -121.0758279,
              38.9440948
            ],
            [
              -121.0758368,
              38.9440893
            ],
            [
              -121.0758471,
              38.9440864
            ],
            [
              -121.0758603,
              38.9440879
            ],
            [
              -121.075872,
              38.9440944
            ],
            [
              -121.07588,
              38.9441079
            ],
            [
              -121.0758781,
              38.9441148
            ],
            [
              -121.0758757,
              38.9441229
            ]
          ]
        ]
      },
      "properties": {
        "course_id": "ridge_golf_course",
        "course_name": "Ridge Golf Course",
        "hole_number": 4,
        "feature_type": "tee_box",
        "name": "hole_4_tee_box",
        "feature-color": "#8b7355",
        "is_approximate": true,
        "source": "osm",
        "@id": "a18cc550-4b87-4224-a875-a41eda89ca0e",
        "osm_id": 675323251
      }
    },
    {
      "type": "Feature",
      "bbox": [
        -121.0756131,
        38.9440802,
        -121.0754954,
        38.9441572
      ],
      "geometry": {
        "type": "Polygon",
        "coordinates": [
          [
            [
              -121.0756084,
              38.9441305
            ],
            [
              -121.0756,
              38.9441393
            ],
            [
              -121.0755896,
              38.9441473
            ],
            [
              -121.075577,
              38.9441535
            ],
            [
              -121.075561,
              38.9441572
            ],
            [
              -121.0755418,
              38.9441572
            ],
            [
              -121.075523,
              38.9441535
            ],
            [
              -121.0755076,
              38.9441433
            ],
            [
              -121.0754996,
              38.9441309
            ],
            [
              -121.0754954,
              38.9441174
            ],
            [
              -121.0754977,
              38.9441094
            ],
            [
              -121.0755019,
              38.9440984
            ],
            [
              -121.0755099,
              38.9440922
            ],
            [
              -121.0755216,
              38.9440871
            ],
            [
              -121.0755399,
              38.944082
            ],
            [
              -121.0755615,
              38.9440802
            ],
            [
              -121.0755835,
              38.944082
            ],
            [
              -121.075599,
              38.9440882
            ],
            [
              -121.0756093,
              38.9441003
            ],
            [
              -121.0756131,
              38.9441156
            ],
            [
              -121.0756084,
              38.9441305
            ]
          ]
        ]
      },
      "properties": {
        "course_id": "ridge_golf_course",
        "course_name": "Ridge Golf Course",
        "hole_number": 4,
        "feature_type": "tee_box",
        "name": "hole_4_tee_box_2",
        "feature-color": "#8b7355",
        "is_approximate": true,
        "source": "osm",
        "@id": "42d8d32b-b0da-46b1-9bfd-57c97a0a0382",
        "osm_id": 675323252
      }
    },
    {
      "type": "Feature",
      "bbox": [
        -121.0753101,
        38.9440973,
        -121.0751788,
        38.9441856
      ],
      "geometry": {
        "type": "Polygon",
        "coordinates": [
          [
            [
              -121.0752998,
              38.9441681
            ],
            [
              -121.0752918,
              38.9441739
            ],
            [
              -121.0752796,
              38.9441783
            ],
            [
              -121.0752646,
              38.9441831
            ],
            [
              -121.0752491,
              38.9441856
            ],
            [
              -121.075236,
              38.9441856
            ],
            [
              -121.0752187,
              38.9441842
            ],
            [
              -121.0752055,
              38.9441798
            ],
            [
              -121.0751952,
              38.9441739
            ],
            [
              -121.0751872,
              38.9441634
            ],
            [
              -121.0751811,
              38.9441539
            ],
            [
              -121.0751788,
              38.9441433
            ],
            [
              -121.0751816,
              38.9441345
            ],
            [
              -121.0751863,
              38.9441254
            ],
            [
              -121.0751966,
              38.9441152
            ],
            [
              -121.0752097,
              38.9441068
            ],
            [
              -121.0752285,
              38.9441003
            ],
            [
              -121.0752426,
              38.9440981
            ],
            [
              -121.0752557,
              38.9440973
            ],
            [
              -121.0752721,
              38.9441003
            ],
            [
              -121.0752834,
              38.9441035
            ],
            [
              -121.0752965,
              38.9441116
            ],
            [
              -121.0753045,
              38.94412
            ],
            [
              -121.0753092,
              38.944132
            ],
            [
              -121.0753101,
              38.9441444
            ],
            [
              -121.0753059,
              38.9441568
            ],
            [
              -121.0752998,
              38.9441681
            ]
          ]
        ]
      },
      "properties": {
        "course_id": "ridge_golf_course",
        "course_name": "Ridge Golf Course",
        "hole_number": 4,
        "feature_type": "tee_box",
        "name": "hole_4_tee_box_3",
        "feature-color": "#8b7355",
        "is_approximate": true,
        "source": "osm",
        "@id": "1277169f-0503-4f81-8982-c74cbe1ca6b4",
        "osm_id": 675323253
      }
    },
    {
      "type": "Feature",
      "bbox": [
        -121.0750568,
        38.9441539,
        -121.0749476,
        38.9442199
      ],
      "geometry": {
        "type": "Polygon",
        "coordinates": [
          [
            [
              -121.0750484,
              38.9442042
            ],
            [
              -121.0750367,
              38.9442115
            ],
            [
              -121.0750235,
              38.944217
            ],
            [
              -121.0750085,
              38.9442199
            ],
            [
              -121.0749921,
              38.9442199
            ],
            [
              -121.0749776,
              38.9442166
            ],
            [
              -121.0749607,
              38.944209
            ],
            [
              -121.0749522,
              38.9441995
            ],
            [
              -121.0749485,
              38.9441893
            ],
            [
              -121.0749476,
              38.9441798
            ],
            [
              -121.0749546,
              38.9441688
            ],
            [
              -121.0749668,
              38.9441623
            ],
            [
              -121.0749795,
              38.9441583
            ],
            [
              -121.0749931,
              38.944155
            ],
            [
              -121.0750109,
              38.9441539
            ],
            [
              -121.0750231,
              38.9441553
            ],
            [
              -121.0750357,
              38.9441583
            ],
            [
              -121.0750465,
              38.9441652
            ],
            [
              -121.0750545,
              38.9441739
            ],
            [
              -121.0750568,
              38.9441849
            ],
            [
              -121.075055,
              38.9441955
            ],
            [
              -121.0750484,
              38.9442042
            ]
          ]
        ]
      },
      "properties": {
        "course_id": "ridge_golf_course",
        "course_name": "Ridge Golf Course",
        "hole_number": 4,
        "feature_type": "tee_box",
        "name": "hole_4_tee_box_4",
        "feature-color": "#8b7355",
        "is_approximate": true,
        "source": "osm",
        "@id": "bc3011b1-b8b0-4e4b-aeb7-44e0c88e6432",
        "osm_id": 675323254
      }
    },
    {
      "type": "Feature",
      "bbox": [
        -121.0746427,
        38.9442739,
        -121.0745799,
        38.9443231
      ],
      "geometry": {
        "type": "Polygon",
        "coordinates": [
          [
            [
              -121.0746418,
              38.9443074
            ],
            [
              -121.0746357,
              38.9443147
            ],
            [
              -121.0746277,
              38.9443199
            ],
            [
              -121.0746174,
              38.944322
            ],
            [
              -121.0746038,
              38.9443231
            ],
            [
              -121.074592,
              38.9443199
            ],
            [
              -121.0745827,
              38.9443115
            ],
            [
              -121.0745799,
              38.9443002
            ],
            [
              -121.0745822,
              38.9442867
            ],
            [
              -121.0745902,
              38.944279
            ],
            [
              -121.074601,
              38.9442757
            ],
            [
              -121.0746127,
              38.9442739
            ],
            [
              -121.074623,
              38.9442757
            ],
            [
              -121.0746328,
              38.9442794
            ],
            [
              -121.0746394,
              38.9442867
            ],
            [
              -121.0746427,
              38.9442976
            ],
            [
              -121.0746418,
              38.9443074
            ]
          ]
        ]
      },
      "properties": {
        "course_id": "ridge_golf_course",
        "course_name": "Ridge Golf Course",
        "hole_number": 4,
        "feature_type": "tee_box",
        "name": "hole_4_tee_box_5",
        "feature-color": "#8b7355",
        "is_approximate": true,
        "source": "osm",
        "@id": "49dba4f9-a5fd-47eb-9f7f-e78fc93a3edf",
        "osm_id": 675323255
      }
    },
    {
      "type": "Feature",
      "bbox": [
        -121.07584992185335,
        38.944111151449654,
        -121.07584992185335,
        38.944111151449654
      ],
      "geometry": {
        "type": "Point",
        "coordinates": [
          -121.07584992,
          38.94411115
        ]
      },
      "properties": {
        "course_id": "ridge_golf_course",
        "course_name": "Ridge Golf Course",
        "hole_number": 4,
        "feature_type": "tee_center",
        "name": "hole_4_tee_center",
        "feature-color": "#c8a055",
        "is_approximate": true,
        "source": "derived",
        "@id": "33907248-4c6a-4e02-b130-1e709f30042f"
      }
    },
    {
      "type": "Feature",
      "bbox": [
        -121.0728925,
        38.9451925,
        -121.0721011,
        38.9456467
      ],
      "geometry": {
        "type": "Polygon",
        "coordinates": [
          [
            [
              -121.0728925,
              38.9452583
            ],
            [
              -121.0728822,
              38.9452368
            ],
            [
              -121.0728727,
              38.9452128
            ],
            [
              -121.0728664,
              38.9451925
            ],
            [
              -121.0728173,
              38.9452442
            ],
            [
              -121.0727873,
              38.9452694
            ],
            [
              -121.0727532,
              38.9452983
            ],
            [
              -121.0727097,
              38.9453285
            ],
            [
              -121.0726591,
              38.9453642
            ],
            [
              -121.0726266,
              38.9453777
            ],
            [
              -121.0725799,
              38.9453937
            ],
            [
              -121.072534,
              38.9454085
            ],
            [
              -121.0725024,
              38.9454214
            ],
            [
              -121.0724652,
              38.9454301
            ],
            [
              -121.0724478,
              38.9454319
            ],
            [
              -121.0724367,
              38.9454424
            ],
            [
              -121.0723979,
              38.9454787
            ],
            [
              -121.0723544,
              38.9455027
            ],
            [
              -121.0723211,
              38.9455353
            ],
            [
              -121.0722871,
              38.9455661
            ],
            [
              -121.0722539,
              38.9455809
            ],
            [
              -121.0722103,
              38.9456006
            ],
            [
              -121.0721724,
              38.9456172
            ],
            [
              -121.0721312,
              38.945627
            ],
            [
              -121.0721027,
              38.9456258
            ],
            [
              -121.0721011,
              38.9456387
            ],
            [
              -121.0721162,
              38.9456467
            ],
            [
              -121.0721486,
              38.945643
            ],
            [
              -121.0721755,
              38.9456338
            ],
            [
              -121.0722064,
              38.9456227
            ],
            [
              -121.0722285,
              38.9456313
            ],
            [
              -121.0722507,
              38.9456399
            ],
            [
              -121.0722737,
              38.9456313
            ],
            [
              -121.0722871,
              38.9456227
            ],
            [
              -121.0722832,
              38.9456147
            ],
            [
              -121.0722879,
              38.9456042
            ],
            [
              -121.0722998,
              38.9455919
            ],
            [
              -121.0723291,
              38.9455685
            ],
            [
              -121.0723599,
              38.9455489
            ],
            [
              -121.0724066,
              38.9455212
            ],
            [
              -121.0724359,
              38.9454996
            ],
            [
              -121.0724652,
              38.9454762
            ],
            [
              -121.0724865,
              38.9454584
            ],
            [
              -121.0725134,
              38.9454467
            ],
            [
              -121.0725498,
              38.9454319
            ],
            [
              -121.0725815,
              38.9454196
            ],
            [
              -121.0726139,
              38.9454147
            ],
            [
              -121.0726416,
              38.9454128
            ],
            [
              -121.0726575,
              38.9454153
            ],
            [
              -121.0726749,
              38.9454147
            ],
            [
              -121.0726915,
              38.9454073
            ],
            [
              -121.0727034,
              38.9453962
            ],
            [
              -121.0727129,
              38.9453765
            ],
            [
              -121.0727129,
              38.9453636
            ],
            [
              -121.0727263,
              38.9453494
            ],
            [
              -121.0727461,
              38.9453322
            ],
            [
              -121.0727801,
              38.9453119
            ],
            [
              -121.072807,
              38.9452959
            ],
            [
              -121.0728925,
              38.9452583
            ]
          ]
        ]
      },
      "properties": {
        "course_id": "ridge_golf_course",
        "course_name": "Ridge Golf Course",
        "hole_number": 4,
        "feature_type": "water",
        "name": "hole_4_water",
        "feature-color": "#2255cc",
        "is_approximate": true,
        "source": "osm",
        "@id": "ed0e1331-bab7-42a6-b022-1c91168c1357",
        "osm_id": 675323260,
        "hazard_group": "675323260"
      }
    },
    {
      "type": "Feature",
      "bbox": [
        -121.0738163,
        38.9446659,
        -121.0728952,
        38.9452481
      ],
      "geometry": {
        "type": "Polygon",
        "coordinates": [
          [
            [
              -121.0729347,
              38.9452481
            ],
            [
              -121.0729711,
              38.9452297
            ],
            [
              -121.0730242,
              38.9451909
            ],
            [
              -121.0730748,
              38.9451614
            ],
            [
              -121.0731144,
              38.9451404
            ],
            [
              -121.0731524,
              38.9450887
            ],
            [
              -121.0732006,
              38.9450106
            ],
            [
              -121.0732347,
              38.9449878
            ],
            [
              -121.0732687,
              38.944973
            ],
            [
              -121.0733463,
              38.9449336
            ],
            [
              -121.0733914,
              38.9449176
            ],
            [
              -121.0734428,
              38.9448893
            ],
            [
              -121.073518,
              38.9448395
            ],
            [
              -121.0735845,
              38.944797
            ],
            [
              -121.0736343,
              38.9447699
            ],
            [
              -121.0736858,
              38.9447441
            ],
            [
              -121.0737443,
              38.9447367
            ],
            [
              -121.0737791,
              38.944733
            ],
            [
              -121.0738108,
              38.9447311
            ],
            [
              -121.0738163,
              38.944712
            ],
            [
              -121.07381,
              38.9446887
            ],
            [
              -121.0737831,
              38.9446696
            ],
            [
              -121.0737475,
              38.9446659
            ],
            [
              -121.0737071,
              38.9446745
            ],
            [
              -121.0736501,
              38.944704
            ],
            [
              -121.073571,
              38.9447379
            ],
            [
              -121.0734855,
              38.9447804
            ],
            [
              -121.0734017,
              38.944829
            ],
            [
              -121.0733288,
              38.9448801
            ],
            [
              -121.0732695,
              38.944909
            ],
            [
              -121.0731872,
              38.9449379
            ],
            [
              -121.0731445,
              38.9449613
            ],
            [
              -121.0731207,
              38.9450099
            ],
            [
              -121.0730906,
              38.9450419
            ],
            [
              -121.0730772,
              38.9450789
            ],
            [
              -121.0730511,
              38.945106
            ],
            [
              -121.073006,
              38.9451275
            ],
            [
              -121.0728952,
              38.9451687
            ],
            [
              -121.0729347,
              38.9452481
            ]
          ]
        ]
      },
      "properties": {
        "course_id": "ridge_golf_course",
        "course_name": "Ridge Golf Course",
        "hole_number": 4,
        "feature_type": "water",
        "name": "hole_4_water_2",
        "feature-color": "#2255cc",
        "is_approximate": true,
        "source": "osm",
        "@id": "ed1f9f09-298c-4051-879a-b0e29fb1fc75",
        "osm_id": 675323451,
        "hazard_group": "675323451"
      }
    },
    {
      "type": "Feature",
      "bbox": [
        -121.0755154,
        38.9449772,
        -121.0752296,
        38.9451282
      ],
      "geometry": {
        "type": "Polygon",
        "coordinates": [
          [
            [
              -121.0755147,
              38.9450026
            ],
            [
              -121.0755154,
              38.9450238
            ],
            [
              -121.0755101,
              38.9450429
            ],
            [
              -121.0755001,
              38.9450538
            ],
            [
              -121.0754815,
              38.9450594
            ],
            [
              -121.0754602,
              38.9450584
            ],
            [
              -121.0754469,
              38.9450517
            ],
            [
              -121.0754303,
              38.9450507
            ],
            [
              -121.075425,
              38.9450563
            ],
            [
              -121.0754263,
              38.9450631
            ],
            [
              -121.0754283,
              38.9450708
            ],
            [
              -121.0754296,
              38.945076
            ],
            [
              -121.0754263,
              38.9450822
            ],
            [
              -121.0753878,
              38.9451184
            ],
            [
              -121.0753765,
              38.9451235
            ],
            [
              -121.0753632,
              38.9451267
            ],
            [
              -121.0753459,
              38.9451282
            ],
            [
              -121.0753286,
              38.9451261
            ],
            [
              -121.075312,
              38.945123
            ],
            [
              -121.0752987,
              38.9451168
            ],
            [
              -121.0752894,
              38.9451101
            ],
            [
              -121.0752867,
              38.9451039
            ],
            [
              -121.0752907,
              38.9450956
            ],
            [
              -121.0752907,
              38.9450848
            ],
            [
              -121.0752861,
              38.9450781
            ],
            [
              -121.0752754,
              38.9450724
            ],
            [
              -121.0752628,
              38.9450703
            ],
            [
              -121.0752522,
              38.9450698
            ],
            [
              -121.0752448,
              38.9450641
            ],
            [
              -121.0752329,
              38.9450424
            ],
            [
              -121.0752296,
              38.945032
            ],
            [
              -121.0752316,
              38.9450207
            ],
            [
              -121.0752389,
              38.9450077
            ],
            [
              -121.0752502,
              38.9449964
            ],
            [
              -121.0752668,
              38.944986
            ],
            [
              -121.0752847,
              38.9449824
            ],
            [
              -121.0753027,
              38.9449819
            ],
            [
              -121.075324,
              38.9449834
            ],
            [
              -121.0753366,
              38.9449891
            ],
            [
              -121.0753379,
              38.9449969
            ],
            [
              -121.0753259,
              38.9450476
            ],
            [
              -121.0753253,
              38.9450579
            ],
            [
              -121.0753306,
              38.9450636
            ],
            [
              -121.0753399,
              38.9450672
            ],
            [
              -121.0753519,
              38.9450682
            ],
            [
              -121.0753598,
              38.9450646
            ],
            [
              -121.0753678,
              38.9450579
            ],
            [
              -121.0753711,
              38.9450501
            ],
            [
              -121.0753751,
              38.9450165
            ],
            [
              -121.0753785,
              38.9450026
            ],
            [
              -121.0753785,
              38.9449974
            ],
            [
              -121.0753831,
              38.9449927
            ],
            [
              -121.0753898,
              38.9449896
            ],
            [
              -121.0754509,
              38.9449772
            ],
            [
              -121.0754642,
              38.9449772
            ],
            [
              -121.0754762,
              38.9449793
            ],
            [
              -121.0754935,
              38.9449881
            ],
            [
              -121.0755061,
              38.9449948
            ],
            [
              -121.0755147,
              38.9450026
            ]
          ]
        ]
      },
      "properties": {
        "course_id": "ridge_golf_course",
        "course_name": "Ridge Golf Course",
        "hole_number": 5,
        "feature_type": "bunker",
        "name": "hole_5_bunker",
        "feature-color": "#d4b483",
        "is_approximate": true,
        "source": "osm",
        "@id": "b3ec7eb4-1bbf-4ee0-8461-fec0aa3c5300",
        "osm_id": 675324036
      }
    },
    {
      "type": "Feature",
      "bbox": [
        -121.075181,
        38.9448656,
        -121.0751046,
        38.944925
      ],
      "geometry": {
        "type": "Polygon",
        "coordinates": [
          [
            [
              -121.075181,
              38.9448888
            ],
            [
              -121.0751804,
              38.9449033
            ],
            [
              -121.0751711,
              38.9449152
            ],
            [
              -121.0751531,
              38.944924
            ],
            [
              -121.0751378,
              38.944925
            ],
            [
              -121.0751212,
              38.9449219
            ],
            [
              -121.0751086,
              38.9449105
            ],
            [
              -121.0751046,
              38.9448987
            ],
            [
              -121.0751066,
              38.9448857
            ],
            [
              -121.0751112,
              38.9448785
            ],
            [
              -121.0751239,
              38.9448728
            ],
            [
              -121.0751378,
              38.9448671
            ],
            [
              -121.0751511,
              38.9448656
            ],
            [
              -121.0751644,
              38.9448661
            ],
            [
              -121.0751737,
              38.9448713
            ],
            [
              -121.0751784,
              38.94488
            ],
            [
              -121.075181,
              38.9448888
            ]
          ]
        ]
      },
      "properties": {
        "course_id": "ridge_golf_course",
        "course_name": "Ridge Golf Course",
        "hole_number": 5,
        "feature_type": "bunker",
        "name": "hole_5_bunker_2",
        "feature-color": "#d4b483",
        "is_approximate": true,
        "source": "osm",
        "@id": "18db90e7-a955-4784-933e-ba2f5c2f6e55",
        "osm_id": 675324037
      }
    },
    {
      "type": "Feature",
      "bbox": [
        -121.0752462,
        38.9447001,
        -121.0750953,
        38.9448325
      ],
      "geometry": {
        "type": "Polygon",
        "coordinates": [
          [
            [
              -121.0751784,
              38.9448325
            ],
            [
              -121.0751491,
              38.9448304
            ],
            [
              -121.0751212,
              38.9448273
            ],
            [
              -121.0751053,
              38.9448237
            ],
            [
              -121.0750953,
              38.9448144
            ],
            [
              -121.0750953,
              38.9448025
            ],
            [
              -121.0750973,
              38.9447916
            ],
            [
              -121.0751006,
              38.9447808
            ],
            [
              -121.0751053,
              38.9447746
            ],
            [
              -121.0751099,
              38.9447715
            ],
            [
              -121.0751298,
              38.9447694
            ],
            [
              -121.0751418,
              38.9447673
            ],
            [
              -121.0751498,
              38.9447622
            ],
            [
              -121.0751538,
              38.9447544
            ],
            [
              -121.0751518,
              38.9447456
            ],
            [
              -121.0751465,
              38.9447379
            ],
            [
              -121.0751418,
              38.9447337
            ],
            [
              -121.0751405,
              38.944727
            ],
            [
              -121.0751485,
              38.9447198
            ],
            [
              -121.0751724,
              38.9447032
            ],
            [
              -121.075183,
              38.9447006
            ],
            [
              -121.075195,
              38.9447001
            ],
            [
              -121.0752076,
              38.9447032
            ],
            [
              -121.0752256,
              38.9447115
            ],
            [
              -121.0752389,
              38.9447208
            ],
            [
              -121.0752462,
              38.9447291
            ],
            [
              -121.0752462,
              38.9447425
            ],
            [
              -121.0752349,
              38.9447606
            ],
            [
              -121.0752262,
              38.9447699
            ],
            [
              -121.0752116,
              38.9447694
            ],
            [
              -121.0751996,
              38.9447741
            ],
            [
              -121.075193,
              38.9447823
            ],
            [
              -121.075195,
              38.9447896
            ],
            [
              -121.0751996,
              38.9447968
            ],
            [
              -121.0752043,
              38.944802
            ],
            [
              -121.0752036,
              38.9448092
            ],
            [
              -121.075199,
              38.9448185
            ],
            [
              -121.0751937,
              38.9448258
            ],
            [
              -121.0751784,
              38.9448325
            ]
          ]
        ]
      },
      "properties": {
        "course_id": "ridge_golf_course",
        "course_name": "Ridge Golf Course",
        "hole_number": 5,
        "feature_type": "bunker",
        "name": "hole_5_bunker_3",
        "feature-color": "#d4b483",
        "is_approximate": true,
        "source": "osm",
        "@id": "41302070-dcc5-461d-b03d-9d05173fcb67",
        "osm_id": 675324038
      }
    },
    {
      "type": "Feature",
      "bbox": [
        -121.0753475,
        38.9448831,
        -121.0748218,
        38.9453146
      ],
      "geometry": {
        "type": "Polygon",
        "coordinates": [
          [
            [
              -121.0753475,
              38.9449495
            ],
            [
              -121.0753133,
              38.9449524
            ],
            [
              -121.0752954,
              38.9449519
            ],
            [
              -121.0752754,
              38.9449493
            ],
            [
              -121.0752575,
              38.9449462
            ],
            [
              -121.0752375,
              38.944939
            ],
            [
              -121.0752276,
              38.9449312
            ],
            [
              -121.0752203,
              38.9449173
            ],
            [
              -121.0752176,
              38.9449038
            ],
            [
              -121.0752189,
              38.9448831
            ],
            [
              -121.0752041,
              38.9449073
            ],
            [
              -121.0751899,
              38.9449264
            ],
            [
              -121.0751465,
              38.9449645
            ],
            [
              -121.0750413,
              38.9450076
            ],
            [
              -121.0749283,
              38.9450875
            ],
            [
              -121.0748378,
              38.9451586
            ],
            [
              -121.0748218,
              38.9451959
            ],
            [
              -121.0748237,
              38.945223
            ],
            [
              -121.0748322,
              38.9452487
            ],
            [
              -121.0748548,
              38.9452743
            ],
            [
              -121.0748859,
              38.9452897
            ],
            [
              -121.0749245,
              38.9453022
            ],
            [
              -121.0749679,
              38.9453117
            ],
            [
              -121.0750037,
              38.9453146
            ],
            [
              -121.0750385,
              38.9453132
            ],
            [
              -121.0750677,
              38.9453058
            ],
            [
              -121.075095,
              38.9452948
            ],
            [
              -121.0751195,
              38.9452787
            ],
            [
              -121.0751356,
              38.945267
            ],
            [
              -121.0751553,
              38.9452436
            ],
            [
              -121.0751751,
              38.9452018
            ],
            [
              -121.0751893,
              38.9451446
            ],
            [
              -121.075194,
              38.9450867
            ],
            [
              -121.0751968,
              38.9450442
            ],
            [
              -121.0752015,
              38.9450252
            ],
            [
              -121.0752156,
              38.9449981
            ],
            [
              -121.0752326,
              38.9449798
            ],
            [
              -121.0752514,
              38.944968
            ],
            [
              -121.0752797,
              38.9449615
            ],
            [
              -121.0753475,
              38.9449495
            ]
          ]
        ]
      },
      "properties": {
        "course_id": "ridge_golf_course",
        "course_name": "Ridge Golf Course",
        "hole_number": 5,
        "feature_type": "fairway",
        "name": "hole_5_fairway",
        "feature-color": "#4a7c3f",
        "is_approximate": true,
        "source": "osm",
        "@id": "a95fad8b-1a80-4501-bd59-f03399e53c1c",
        "osm_id": 675324034
      }
    },
    {
      "type": "Feature",
      "bbox": [
        -121.0755207,
        38.9447306,
        -121.0752176,
        38.9449524
      ],
      "geometry": {
        "type": "Polygon",
        "coordinates": [
          [
            [
              -121.0754416,
              38.9449312
            ],
            [
              -121.075415,
              38.9449385
            ],
            [
              -121.07538,
              38.9449452
            ],
            [
              -121.0753475,
              38.9449495
            ],
            [
              -121.0753133,
              38.9449524
            ],
            [
              -121.0752954,
              38.9449519
            ],
            [
              -121.0752754,
              38.9449493
            ],
            [
              -121.0752575,
              38.9449462
            ],
            [
              -121.0752375,
              38.944939
            ],
            [
              -121.0752276,
              38.9449312
            ],
            [
              -121.0752203,
              38.9449173
            ],
            [
              -121.0752176,
              38.9449038
            ],
            [
              -121.0752189,
              38.9448831
            ],
            [
              -121.07523,
              38.9448526
            ],
            [
              -121.075242,
              38.9448299
            ],
            [
              -121.075265,
              38.9447937
            ],
            [
              -121.0752854,
              38.944772
            ],
            [
              -121.075302,
              38.944758
            ],
            [
              -121.0753233,
              38.9447467
            ],
            [
              -121.0753519,
              38.9447342
            ],
            [
              -121.0753758,
              38.9447306
            ],
            [
              -121.0754097,
              38.9447322
            ],
            [
              -121.0754436,
              38.9447389
            ],
            [
              -121.0754702,
              38.9447518
            ],
            [
              -121.0754941,
              38.9447679
            ],
            [
              -121.0755101,
              38.9447875
            ],
            [
              -121.0755181,
              38.9448082
            ],
            [
              -121.0755207,
              38.9448356
            ],
            [
              -121.0755167,
              38.9448614
            ],
            [
              -121.0755034,
              38.9448868
            ],
            [
              -121.0754908,
              38.9449054
            ],
            [
              -121.0754716,
              38.9449183
            ],
            [
              -121.0754416,
              38.9449312
            ]
          ]
        ]
      },
      "properties": {
        "course_id": "ridge_golf_course",
        "course_name": "Ridge Golf Course",
        "hole_number": 5,
        "feature_type": "green",
        "name": "hole_5_green",
        "feature-color": "#2d6e2d",
        "is_approximate": true,
        "source": "osm",
        "@id": "d5c53710-b23e-4288-aecc-ec9587ffc310",
        "osm_id": 675324035
      }
    },
    {
      "type": "Feature",
      "bbox": [
        -121.07547308475031,
        38.94475374328369,
        -121.07547308475031,
        38.94475374328369
      ],
      "geometry": {
        "type": "Point",
        "coordinates": [
          -121.07547308,
          38.94475374
        ]
      },
      "properties": {
        "course_id": "ridge_golf_course",
        "course_name": "Ridge Golf Course",
        "hole_number": 5,
        "feature_type": "green_back",
        "name": "hole_5_green_back",
        "feature-color": "#5aae5a",
        "is_approximate": true,
        "source": "derived",
        "@id": "d5124b27-0ef2-4eaf-b3b4-08a52f153eea"
      }
    },
    {
      "type": "Feature",
      "bbox": [
        -121.07537101585065,
        38.944846347244855,
        -121.07537101585065,
        38.944846347244855
      ],
      "geometry": {
        "type": "Point",
        "coordinates": [
          -121.07537102,
          38.94484635
        ]
      },
      "properties": {
        "course_id": "ridge_golf_course",
        "course_name": "Ridge Golf Course",
        "hole_number": 5,
        "feature_type": "green_center",
        "name": "hole_5_green_center",
        "feature-color": "#5aae5a",
        "is_approximate": true,
        "source": "derived",
        "@id": "8faa5b41-8906-4d59-8d3d-3e935de94e3c"
      }
    },
    {
      "type": "Feature",
      "bbox": [
        -121.07526040310621,
        38.94494670277258,
        -121.07526040310621,
        38.94494670277258
      ],
      "geometry": {
        "type": "Point",
        "coordinates": [
          -121.0752604,
          38.9449467
        ]
      },
      "properties": {
        "course_id": "ridge_golf_course",
        "course_name": "Ridge Golf Course",
        "hole_number": 5,
        "feature_type": "green_front",
        "name": "hole_5_green_front",
        "feature-color": "#5aae5a",
        "is_approximate": true,
        "source": "derived",
        "@id": "e1af6bad-abad-4dba-b824-75d2940cb7f5"
      }
    },
    {
      "type": "Feature",
      "bbox": [
        -121.073595,
        38.9456936,
        -121.073432,
        38.9458321
      ],
      "geometry": {
        "type": "Polygon",
        "coordinates": [
          [
            [
              -121.073595,
              38.9457946
            ],
            [
              -121.0735808,
              38.9458179
            ],
            [
              -121.0735515,
              38.9458303
            ],
            [
              -121.0735222,
              38.9458321
            ],
            [
              -121.0734921,
              38.945829
            ],
            [
              -121.0734636,
              38.9458136
            ],
            [
              -121.0734447,
              38.9457964
            ],
            [
              -121.0734328,
              38.9457706
            ],
            [
              -121.073432,
              38.9457435
            ],
            [
              -121.0734391,
              38.9457182
            ],
            [
              -121.0734557,
              38.9457029
            ],
            [
              -121.0734842,
              38.9456936
            ],
            [
              -121.0735103,
              38.9456936
            ],
            [
              -121.0735396,
              38.9457035
            ],
            [
              -121.0735649,
              38.9457213
            ],
            [
              -121.0735855,
              38.9457429
            ],
            [
              -121.073595,
              38.945765
            ],
            [
              -121.073595,
              38.9457946
            ]
          ]
        ]
      },
      "properties": {
        "course_id": "ridge_golf_course",
        "course_name": "Ridge Golf Course",
        "hole_number": 5,
        "feature_type": "tee_box",
        "name": "hole_5_tee_box",
        "feature-color": "#8b7355",
        "is_approximate": true,
        "source": "osm",
        "@id": "8c6ecacf-edfd-4adc-8c0f-be490678bf84",
        "osm_id": 675324029
      }
    },
    {
      "type": "Feature",
      "bbox": [
        -121.0739329,
        38.9455748,
        -121.0736836,
        38.9456961
      ],
      "geometry": {
        "type": "Polygon",
        "coordinates": [
          [
            [
              -121.0739234,
              38.945629
            ],
            [
              -121.0738688,
              38.9456505
            ],
            [
              -121.0738166,
              38.9456672
            ],
            [
              -121.0737778,
              38.945685
            ],
            [
              -121.0737493,
              38.9456949
            ],
            [
              -121.0737216,
              38.9456961
            ],
            [
              -121.0737042,
              38.9456893
            ],
            [
              -121.0736908,
              38.9456764
            ],
            [
              -121.0736836,
              38.9456579
            ],
            [
              -121.0736836,
              38.9456388
            ],
            [
              -121.0736916,
              38.9456216
            ],
            [
              -121.0737074,
              38.9456124
            ],
            [
              -121.0737747,
              38.9455982
            ],
            [
              -121.0738063,
              38.9455939
            ],
            [
              -121.0738182,
              38.9455908
            ],
            [
              -121.073838,
              38.9455859
            ],
            [
              -121.0738538,
              38.9455798
            ],
            [
              -121.0738712,
              38.9455748
            ],
            [
              -121.0738957,
              38.945581
            ],
            [
              -121.0739092,
              38.9455859
            ],
            [
              -121.0739234,
              38.9455939
            ],
            [
              -121.0739298,
              38.9456062
            ],
            [
              -121.0739329,
              38.9456161
            ],
            [
              -121.0739234,
              38.945629
            ]
          ]
        ]
      },
      "properties": {
        "course_id": "ridge_golf_course",
        "course_name": "Ridge Golf Course",
        "hole_number": 5,
        "feature_type": "tee_box",
        "name": "hole_5_tee_box_2",
        "feature-color": "#8b7355",
        "is_approximate": true,
        "source": "osm",
        "@id": "92106ac5-c8e3-436a-bf91-0720970e4ec0",
        "osm_id": 675324030
      }
    },
    {
      "type": "Feature",
      "bbox": [
        -121.0741624,
        38.9454597,
        -121.0739638,
        38.9456345
      ],
      "geometry": {
        "type": "Polygon",
        "coordinates": [
          [
            [
              -121.0741624,
              38.9456044
            ],
            [
              -121.0741482,
              38.9456204
            ],
            [
              -121.074126,
              38.9456302
            ],
            [
              -121.0740928,
              38.9456345
            ],
            [
              -121.0740619,
              38.9456308
            ],
            [
              -121.0740326,
              38.9456173
            ],
            [
              -121.0740144,
              38.9456044
            ],
            [
              -121.074001,
              38.9455896
            ],
            [
              -121.0739765,
              38.9455558
            ],
            [
              -121.0739638,
              38.9455237
            ],
            [
              -121.0739638,
              38.9455004
            ],
            [
              -121.0739717,
              38.9454788
            ],
            [
              -121.0739883,
              38.9454684
            ],
            [
              -121.0740049,
              38.9454616
            ],
            [
              -121.0740247,
              38.9454597
            ],
            [
              -121.0740469,
              38.9454653
            ],
            [
              -121.0740619,
              38.9454831
            ],
            [
              -121.0740754,
              38.9455053
            ],
            [
              -121.0740865,
              38.9455207
            ],
            [
              -121.074096,
              38.9455317
            ],
            [
              -121.0741102,
              38.9455391
            ],
            [
              -121.0741276,
              38.9455465
            ],
            [
              -121.0741419,
              38.9455545
            ],
            [
              -121.0741521,
              38.9455668
            ],
            [
              -121.0741608,
              38.9455816
            ],
            [
              -121.0741624,
              38.9456044
            ]
          ]
        ]
      },
      "properties": {
        "course_id": "ridge_golf_course",
        "course_name": "Ridge Golf Course",
        "hole_number": 5,
        "feature_type": "tee_box",
        "name": "hole_5_tee_box_3",
        "feature-color": "#8b7355",
        "is_approximate": true,
        "source": "osm",
        "@id": "62e78359-6475-491c-baf2-571626084ad0",
        "osm_id": 675324031
      }
    },
    {
      "type": "Feature",
      "bbox": [
        -121.074327,
        38.945429,
        -121.0741458,
        38.9455921
      ],
      "geometry": {
        "type": "Polygon",
        "coordinates": [
          [
            [
              -121.074327,
              38.9455348
            ],
            [
              -121.0743223,
              38.9455545
            ],
            [
              -121.0743065,
              38.9455748
            ],
            [
              -121.074289,
              38.9455871
            ],
            [
              -121.0742677,
              38.9455921
            ],
            [
              -121.0742455,
              38.945589
            ],
            [
              -121.0742321,
              38.9455798
            ],
            [
              -121.0742202,
              38.9455594
            ],
            [
              -121.074202,
              38.9455373
            ],
            [
              -121.074187,
              38.9455151
            ],
            [
              -121.0741695,
              38.9454954
            ],
            [
              -121.0741561,
              38.945477
            ],
            [
              -121.0741458,
              38.9454548
            ],
            [
              -121.0741482,
              38.9454425
            ],
            [
              -121.0741585,
              38.9454333
            ],
            [
              -121.0741719,
              38.9454302
            ],
            [
              -121.0741877,
              38.945429
            ],
            [
              -121.0742115,
              38.9454363
            ],
            [
              -121.0742431,
              38.9454517
            ],
            [
              -121.0742629,
              38.945461
            ],
            [
              -121.0742985,
              38.9454893
            ],
            [
              -121.0743152,
              38.9455041
            ],
            [
              -121.0743239,
              38.9455151
            ],
            [
              -121.074327,
              38.9455348
            ]
          ]
        ]
      },
      "properties": {
        "course_id": "ridge_golf_course",
        "course_name": "Ridge Golf Course",
        "hole_number": 5,
        "feature_type": "tee_box",
        "name": "hole_5_tee_box_4",
        "feature-color": "#8b7355",
        "is_approximate": true,
        "source": "osm",
        "@id": "c937b4c1-102a-41ae-b4c4-02ae7480f9f8",
        "osm_id": 675324032
      }
    },
    {
      "type": "Feature",
      "bbox": [
        -121.0746634,
        38.9453951,
        -121.0745589,
        38.9454776
      ],
      "geometry": {
        "type": "Polygon",
        "coordinates": [
          [
            [
              -121.0746531,
              38.9454622
            ],
            [
              -121.0746317,
              38.9454745
            ],
            [
              -121.0746056,
              38.9454776
            ],
            [
              -121.0745858,
              38.9454714
            ],
            [
              -121.074566,
              38.945456
            ],
            [
              -121.0745589,
              38.9454407
            ],
            [
              -121.0745589,
              38.9454234
            ],
            [
              -121.0745692,
              38.9454074
            ],
            [
              -121.0745803,
              38.9453988
            ],
            [
              -121.0745937,
              38.9453957
            ],
            [
              -121.0746119,
              38.9453951
            ],
            [
              -121.0746293,
              38.9453988
            ],
            [
              -121.0746483,
              38.9454099
            ],
            [
              -121.0746594,
              38.945424
            ],
            [
              -121.0746634,
              38.9454443
            ],
            [
              -121.0746531,
              38.9454622
            ]
          ]
        ]
      },
      "properties": {
        "course_id": "ridge_golf_course",
        "course_name": "Ridge Golf Course",
        "hole_number": 5,
        "feature_type": "tee_box",
        "name": "hole_5_tee_box_5",
        "feature-color": "#8b7355",
        "is_approximate": true,
        "source": "osm",
        "@id": "01e576c6-0465-4338-83f9-25fe44373c17",
        "osm_id": 675324033
      }
    },
    {
      "type": "Feature",
      "bbox": [
        -121.07351241121697,
        38.94576410996909,
        -121.07351241121697,
        38.94576410996909
      ],
      "geometry": {
        "type": "Point",
        "coordinates": [
          -121.07351241,
          38.94576411
        ]
      },
      "properties": {
        "course_id": "ridge_golf_course",
        "course_name": "Ridge Golf Course",
        "hole_number": 5,
        "feature_type": "tee_center",
        "name": "hole_5_tee_center",
        "feature-color": "#c8a055",
        "is_approximate": true,
        "source": "derived",
        "@id": "f36df66a-466e-432f-b33a-c9c38fdb3f9a"
      }
    },
    {
      "type": "Feature",
      "bbox": [
        -121.0727804,
        38.9468753,
        -121.0726058,
        38.9470326
      ],
      "geometry": {
        "type": "Polygon",
        "coordinates": [
          [
            [
              -121.0727799,
              38.9469283
            ],
            [
              -121.0727804,
              38.9469414
            ],
            [
              -121.0727731,
              38.9469515
            ],
            [
              -121.0727658,
              38.9469555
            ],
            [
              -121.0727534,
              38.9469546
            ],
            [
              -121.0727342,
              38.9469336
            ],
            [
              -121.0727247,
              38.9469344
            ],
            [
              -121.0727185,
              38.9469388
            ],
            [
              -121.072714,
              38.9469454
            ],
            [
              -121.0727151,
              38.9469524
            ],
            [
              -121.0727297,
              38.9469708
            ],
            [
              -121.0727331,
              38.9469778
            ],
            [
              -121.0727326,
              38.9469852
            ],
            [
              -121.072728,
              38.9469962
            ],
            [
              -121.0727207,
              38.9470058
            ],
            [
              -121.0727111,
              38.9470177
            ],
            [
              -121.0727004,
              38.9470251
            ],
            [
              -121.0726841,
              38.9470295
            ],
            [
              -121.0726667,
              38.9470326
            ],
            [
              -121.0726447,
              38.9470326
            ],
            [
              -121.0726278,
              38.9470299
            ],
            [
              -121.072616,
              38.947019
            ],
            [
              -121.0726086,
              38.9470067
            ],
            [
              -121.0726058,
              38.9469949
            ],
            [
              -121.0726069,
              38.9469826
            ],
            [
              -121.0726143,
              38.9469752
            ],
            [
              -121.0726284,
              38.9469686
            ],
            [
              -121.0726413,
              38.946966
            ],
            [
              -121.0726559,
              38.9469664
            ],
            [
              -121.0726655,
              38.9469664
            ],
            [
              -121.0726728,
              38.9469647
            ],
            [
              -121.0726762,
              38.946959
            ],
            [
              -121.0726813,
              38.9469524
            ],
            [
              -121.0726796,
              38.9469458
            ],
            [
              -121.0726762,
              38.9469375
            ],
            [
              -121.0726745,
              38.9469322
            ],
            [
              -121.0726762,
              38.946923
            ],
            [
              -121.0726813,
              38.9469095
            ],
            [
              -121.0726909,
              38.9468985
            ],
            [
              -121.0726993,
              38.9468884
            ],
            [
              -121.0727123,
              38.946881
            ],
            [
              -121.0727179,
              38.946877
            ],
            [
              -121.0727258,
              38.9468753
            ],
            [
              -121.0727371,
              38.9468766
            ],
            [
              -121.0727472,
              38.9468792
            ],
            [
              -121.0727556,
              38.9468871
            ],
            [
              -121.0727618,
              38.9468937
            ],
            [
              -121.0727692,
              38.9469042
            ],
            [
              -121.0727754,
              38.9469152
            ],
            [
              -121.0727799,
              38.9469283
            ]
          ]
        ]
      },
      "properties": {
        "course_id": "ridge_golf_course",
        "course_name": "Ridge Golf Course",
        "hole_number": 6,
        "feature_type": "bunker",
        "name": "hole_6_bunker",
        "feature-color": "#d4b483",
        "is_approximate": true,
        "source": "osm",
        "@id": "b47b8648-8ce1-4407-9882-35ce963e3af7",
        "osm_id": 675325866
      }
    },
    {
      "type": "Feature",
      "bbox": [
        -121.0724487,
        38.9466488,
        -121.0722555,
        38.946807
      ],
      "geometry": {
        "type": "Polygon",
        "coordinates": [
          [
            [
              -121.0724487,
              38.9467259
            ],
            [
              -121.072443,
              38.9467412
            ],
            [
              -121.0724335,
              38.9467544
            ],
            [
              -121.0724216,
              38.9467631
            ],
            [
              -121.0724019,
              38.9467706
            ],
            [
              -121.0723878,
              38.9467807
            ],
            [
              -121.0723709,
              38.9467903
            ],
            [
              -121.0723501,
              38.9467978
            ],
            [
              -121.072327,
              38.9468039
            ],
            [
              -121.0723079,
              38.946807
            ],
            [
              -121.072291,
              38.946807
            ],
            [
              -121.0722769,
              38.9468026
            ],
            [
              -121.0722667,
              38.9467956
            ],
            [
              -121.0722583,
              38.9467859
            ],
            [
              -121.0722555,
              38.9467737
            ],
            [
              -121.0722572,
              38.9467509
            ],
            [
              -121.07226,
              38.9467356
            ],
            [
              -121.0722651,
              38.9467259
            ],
            [
              -121.0722696,
              38.9467136
            ],
            [
              -121.0722712,
              38.946708
            ],
            [
              -121.072278,
              38.9467031
            ],
            [
              -121.0722853,
              38.9467044
            ],
            [
              -121.0722977,
              38.9467115
            ],
            [
              -121.0723141,
              38.9467202
            ],
            [
              -121.0723287,
              38.9467342
            ],
            [
              -121.0723371,
              38.9467412
            ],
            [
              -121.0723456,
              38.9467434
            ],
            [
              -121.0723557,
              38.9467404
            ],
            [
              -121.0723602,
              38.9467312
            ],
            [
              -121.0723586,
              38.9467215
            ],
            [
              -121.0723439,
              38.9467075
            ],
            [
              -121.0723293,
              38.9466952
            ],
            [
              -121.0723248,
              38.9466861
            ],
            [
              -121.0723276,
              38.9466786
            ],
            [
              -121.0723326,
              38.9466703
            ],
            [
              -121.0723394,
              38.9466615
            ],
            [
              -121.0723518,
              38.9466549
            ],
            [
              -121.0723653,
              38.9466493
            ],
            [
              -121.07238,
              38.9466488
            ],
            [
              -121.072398,
              38.9466493
            ],
            [
              -121.0724154,
              38.9466567
            ],
            [
              -121.0724273,
              38.9466646
            ],
            [
              -121.0724374,
              38.9466847
            ],
            [
              -121.0724436,
              38.9467027
            ],
            [
              -121.0724487,
              38.9467259
            ]
          ]
        ]
      },
      "properties": {
        "course_id": "ridge_golf_course",
        "course_name": "Ridge Golf Course",
        "hole_number": 6,
        "feature_type": "bunker",
        "name": "hole_6_bunker_2",
        "feature-color": "#d4b483",
        "is_approximate": true,
        "source": "osm",
        "@id": "4b47a46c-3cb2-4dbb-8262-16c312a99a35",
        "osm_id": 675325871
      }
    },
    {
      "type": "Feature",
      "bbox": [
        -121.0731355,
        38.9462986,
        -121.0728672,
        38.9464616
      ],
      "geometry": {
        "type": "Polygon",
        "coordinates": [
          [
            [
              -121.0731355,
              38.9463604
            ],
            [
              -121.0731241,
              38.9463718
            ],
            [
              -121.0731165,
              38.9463843
            ],
            [
              -121.0731123,
              38.9463972
            ],
            [
              -121.0731099,
              38.9464057
            ],
            [
              -121.0730863,
              38.9464329
            ],
            [
              -121.0730801,
              38.9464402
            ],
            [
              -121.0730593,
              38.9464498
            ],
            [
              -121.0730399,
              38.9464568
            ],
            [
              -121.0730233,
              38.9464616
            ],
            [
              -121.0730035,
              38.9464616
            ],
            [
              -121.072976,
              38.9464586
            ],
            [
              -121.072959,
              38.9464542
            ],
            [
              -121.0729495,
              38.9464531
            ],
            [
              -121.0729349,
              38.9464517
            ],
            [
              -121.0729207,
              38.9464502
            ],
            [
              -121.0728913,
              38.9464362
            ],
            [
              -121.0728681,
              38.94642
            ],
            [
              -121.0728672,
              38.9464071
            ],
            [
              -121.0728686,
              38.9463935
            ],
            [
              -121.0728743,
              38.9463795
            ],
            [
              -121.0728823,
              38.9463678
            ],
            [
              -121.0728951,
              38.9463578
            ],
            [
              -121.0729065,
              38.9463501
            ],
            [
              -121.0729173,
              38.9463457
            ],
            [
              -121.0729301,
              38.946342
            ],
            [
              -121.0729438,
              38.946342
            ],
            [
              -121.0729557,
              38.9463468
            ],
            [
              -121.0729675,
              38.9463593
            ],
            [
              -121.0729845,
              38.9463873
            ],
            [
              -121.0729978,
              38.9464038
            ],
            [
              -121.0730016,
              38.9464079
            ],
            [
              -121.0730091,
              38.9464075
            ],
            [
              -121.0730172,
              38.9464057
            ],
            [
              -121.0730224,
              38.946399
            ],
            [
              -121.0730181,
              38.9463862
            ],
            [
              -121.0730129,
              38.946377
            ],
            [
              -121.0730096,
              38.9463593
            ],
            [
              -121.0730087,
              38.946342
            ],
            [
              -121.0730115,
              38.9463299
            ],
            [
              -121.0730177,
              38.9463184
            ],
            [
              -121.0730247,
              38.9463104
            ],
            [
              -121.0730418,
              38.9463034
            ],
            [
              -121.073056,
              38.9462993
            ],
            [
              -121.0730659,
              38.9462986
            ],
            [
              -121.0730806,
              38.9463015
            ],
            [
              -121.0731028,
              38.9463133
            ],
            [
              -121.073118,
              38.9463262
            ],
            [
              -121.0731298,
              38.9463416
            ],
            [
              -121.0731336,
              38.9463494
            ],
            [
              -121.0731355,
              38.9463604
            ]
          ]
        ]
      },
      "properties": {
        "course_id": "ridge_golf_course",
        "course_name": "Ridge Golf Course",
        "hole_number": 6,
        "feature_type": "bunker",
        "name": "hole_6_bunker_3",
        "feature-color": "#d4b483",
        "is_approximate": true,
        "source": "osm",
        "@id": "594cb5f6-2a4e-4ce6-830c-bc0843036f2d",
        "osm_id": 675325872
      }
    },
    {
      "type": "Feature",
      "bbox": [
        -121.0737178,
        38.9463352,
        -121.0735516,
        38.9464965
      ],
      "geometry": {
        "type": "Polygon",
        "coordinates": [
          [
            [
              -121.0737149,
              38.9463878
            ],
            [
              -121.0737031,
              38.9464093
            ],
            [
              -121.0736935,
              38.946436
            ],
            [
              -121.0736868,
              38.9464623
            ],
            [
              -121.0736789,
              38.9464754
            ],
            [
              -121.0736659,
              38.9464855
            ],
            [
              -121.0736541,
              38.9464925
            ],
            [
              -121.0736355,
              38.9464951
            ],
            [
              -121.0736158,
              38.9464965
            ],
            [
              -121.0735955,
              38.9464965
            ],
            [
              -121.0735792,
              38.9464908
            ],
            [
              -121.0735646,
              38.946482
            ],
            [
              -121.0735561,
              38.9464754
            ],
            [
              -121.0735516,
              38.9464614
            ],
            [
              -121.0735516,
              38.9464483
            ],
            [
              -121.073564,
              38.9464237
            ],
            [
              -121.0735736,
              38.9464145
            ],
            [
              -121.0735837,
              38.9464123
            ],
            [
              -121.0735984,
              38.9464167
            ],
            [
              -121.0736068,
              38.9464185
            ],
            [
              -121.073613,
              38.9464185
            ],
            [
              -121.0736181,
              38.9464145
            ],
            [
              -121.073622,
              38.9464071
            ],
            [
              -121.073622,
              38.9463988
            ],
            [
              -121.0736175,
              38.9463935
            ],
            [
              -121.0736091,
              38.9463896
            ],
            [
              -121.0736034,
              38.9463861
            ],
            [
              -121.0736012,
              38.9463812
            ],
            [
              -121.0736068,
              38.9463712
            ],
            [
              -121.073622,
              38.9463571
            ],
            [
              -121.073635,
              38.9463462
            ],
            [
              -121.0736468,
              38.9463388
            ],
            [
              -121.0736564,
              38.9463352
            ],
            [
              -121.0736772,
              38.9463352
            ],
            [
              -121.0736885,
              38.9463374
            ],
            [
              -121.0736975,
              38.9463453
            ],
            [
              -121.0737082,
              38.9463563
            ],
            [
              -121.0737144,
              38.9463694
            ],
            [
              -121.0737178,
              38.9463791
            ],
            [
              -121.0737149,
              38.9463878
            ]
          ]
        ]
      },
      "properties": {
        "course_id": "ridge_golf_course",
        "course_name": "Ridge Golf Course",
        "hole_number": 6,
        "feature_type": "bunker",
        "name": "hole_6_bunker_4",
        "feature-color": "#d4b483",
        "is_approximate": true,
        "source": "osm",
        "@id": "387a727f-6590-4f46-8488-c4658944d30d",
        "osm_id": 675325873
      }
    },
    {
      "type": "Feature",
      "bbox": [
        -121.0726505,
        38.9467985,
        -121.0725346,
        38.9469021
      ],
      "geometry": {
        "type": "Polygon",
        "coordinates": [
          [
            [
              -121.0726484,
              38.9468325
            ],
            [
              -121.0726474,
              38.9468452
            ],
            [
              -121.0726413,
              38.9468562
            ],
            [
              -121.0726342,
              38.9468713
            ],
            [
              -121.07262,
              38.9468847
            ],
            [
              -121.0726058,
              38.9468973
            ],
            [
              -121.0725895,
              38.9469021
            ],
            [
              -121.0725712,
              38.9469013
            ],
            [
              -121.0725549,
              38.9468934
            ],
            [
              -121.0725417,
              38.9468855
            ],
            [
              -121.0725346,
              38.946876
            ],
            [
              -121.0725346,
              38.9468649
            ],
            [
              -121.0725417,
              38.9468531
            ],
            [
              -121.072559,
              38.9468396
            ],
            [
              -121.0725773,
              38.9468349
            ],
            [
              -121.0725814,
              38.946827
            ],
            [
              -121.0725803,
              38.9468175
            ],
            [
              -121.0725885,
              38.946808
            ],
            [
              -121.0726017,
              38.9468017
            ],
            [
              -121.072618,
              38.9467985
            ],
            [
              -121.0726312,
              38.9468009
            ],
            [
              -121.0726423,
              38.9468057
            ],
            [
              -121.0726505,
              38.9468183
            ],
            [
              -121.0726484,
              38.9468325
            ]
          ]
        ]
      },
      "properties": {
        "course_id": "ridge_golf_course",
        "course_name": "Ridge Golf Course",
        "hole_number": 6,
        "feature_type": "bunker",
        "name": "hole_6_bunker_5",
        "feature-color": "#d4b483",
        "is_approximate": true,
        "source": "osm",
        "@id": "6cf74e78-46b0-4871-b7e0-d90ca4155b86",
        "osm_id": 1120655677
      }
    },
    {
      "type": "Feature",
      "bbox": [
        -121.0743355,
        38.9461056,
        -121.0723144,
        38.9469876
      ],
      "geometry": {
        "type": "Polygon",
        "coordinates": [
          [
            [
              -121.072556,
              38.9469367
            ],
            [
              -121.0725472,
              38.9469258
            ],
            [
              -121.072528,
              38.9469044
            ],
            [
              -121.0725158,
              38.9468892
            ],
            [
              -121.0725091,
              38.9468683
            ],
            [
              -121.0725158,
              38.94684
            ],
            [
              -121.0725347,
              38.9468159
            ],
            [
              -121.0725589,
              38.9467928
            ],
            [
              -121.0725899,
              38.9467761
            ],
            [
              -121.072633,
              38.9467645
            ],
            [
              -121.0727044,
              38.9467593
            ],
            [
              -121.0727556,
              38.9467562
            ],
            [
              -121.0728189,
              38.9467593
            ],
            [
              -121.0728701,
              38.9467614
            ],
            [
              -121.072928,
              38.946753
            ],
            [
              -121.0729643,
              38.9467373
            ],
            [
              -121.072998,
              38.9467132
            ],
            [
              -121.0730492,
              38.9466724
            ],
            [
              -121.0730923,
              38.9466462
            ],
            [
              -121.0731273,
              38.9466378
            ],
            [
              -121.0732108,
              38.9466325
            ],
            [
              -121.0732782,
              38.9466305
            ],
            [
              -121.0733267,
              38.9466252
            ],
            [
              -121.0733832,
              38.9466043
            ],
            [
              -121.073425,
              38.946576
            ],
            [
              -121.0734641,
              38.9465341
            ],
            [
              -121.0735179,
              38.9464566
            ],
            [
              -121.0735543,
              38.9463874
            ],
            [
              -121.0735812,
              38.9463549
            ],
            [
              -121.0736095,
              38.9463267
            ],
            [
              -121.0736392,
              38.9463068
            ],
            [
              -121.0736661,
              38.9463026
            ],
            [
              -121.0736984,
              38.9463099
            ],
            [
              -121.0738978,
              38.9463958
            ],
            [
              -121.0739355,
              38.9464105
            ],
            [
              -121.0739894,
              38.9464188
            ],
            [
              -121.0740338,
              38.9464209
            ],
            [
              -121.0740837,
              38.9464178
            ],
            [
              -121.0741308,
              38.9464031
            ],
            [
              -121.0741887,
              38.9463759
            ],
            [
              -121.0742291,
              38.9463392
            ],
            [
              -121.0742695,
              38.9463036
            ],
            [
              -121.0743059,
              38.9462607
            ],
            [
              -121.0743355,
              38.9462083
            ],
            [
              -121.0743302,
              38.9461685
            ],
            [
              -121.0742992,
              38.9461318
            ],
            [
              -121.0742655,
              38.946115
            ],
            [
              -121.0742089,
              38.9461056
            ],
            [
              -121.0741443,
              38.9461056
            ],
            [
              -121.0740406,
              38.946114
            ],
            [
              -121.0739476,
              38.9461349
            ],
            [
              -121.0738708,
              38.946159
            ],
            [
              -121.073759,
              38.9461831
            ],
            [
              -121.0735247,
              38.9462366
            ],
            [
              -121.0733186,
              38.9462973
            ],
            [
              -121.0732674,
              38.9463151
            ],
            [
              -121.0732122,
              38.9463455
            ],
            [
              -121.0731799,
              38.946378
            ],
            [
              -121.0731327,
              38.9464262
            ],
            [
              -121.0730883,
              38.9464628
            ],
            [
              -121.0730559,
              38.9464786
            ],
            [
              -121.0730182,
              38.946489
            ],
            [
              -121.0729859,
              38.9464901
            ],
            [
              -121.0728741,
              38.9464806
            ],
            [
              -121.0728539,
              38.9464775
            ],
            [
              -121.0728296,
              38.9464806
            ],
            [
              -121.0728067,
              38.946488
            ],
            [
              -121.0727232,
              38.946533
            ],
            [
              -121.0726761,
              38.9465529
            ],
            [
              -121.0726384,
              38.9465645
            ],
            [
              -121.0725899,
              38.9465812
            ],
            [
              -121.0725427,
              38.9466032
            ],
            [
              -121.0725158,
              38.9466263
            ],
            [
              -121.072498,
              38.9466713
            ],
            [
              -121.0724894,
              38.9467122
            ],
            [
              -121.0724781,
              38.9467519
            ],
            [
              -121.0724491,
              38.9467823
            ],
            [
              -121.0724017,
              38.9468064
            ],
            [
              -121.0723574,
              38.9468285
            ],
            [
              -121.0723264,
              38.9468536
            ],
            [
              -121.0723144,
              38.946885
            ],
            [
              -121.0723144,
              38.9469185
            ],
            [
              -121.072327,
              38.9469604
            ],
            [
              -121.0723457,
              38.9469876
            ],
            [
              -121.0723395,
              38.9469729
            ],
            [
              -121.0723386,
              38.9469523
            ],
            [
              -121.0723452,
              38.946942
            ],
            [
              -121.0723547,
              38.9469332
            ],
            [
              -121.0723651,
              38.9469243
            ],
            [
              -121.072376,
              38.9469166
            ],
            [
              -121.0723935,
              38.9469078
            ],
            [
              -121.0724115,
              38.9469008
            ],
            [
              -121.072429,
              38.9468949
            ],
            [
              -121.072445,
              38.9468949
            ],
            [
              -121.0724588,
              38.9468956
            ],
            [
              -121.0724786,
              38.9468975
            ],
            [
              -121.0724999,
              38.9469019
            ],
            [
              -121.0725217,
              38.9469133
            ],
            [
              -121.072543,
              38.9469273
            ],
            [
              -121.072556,
              38.9469367
            ]
          ]
        ]
      },
      "properties": {
        "course_id": "ridge_golf_course",
        "course_name": "Ridge Golf Course",
        "hole_number": 6,
        "feature_type": "fairway",
        "name": "hole_6_fairway",
        "feature-color": "#4a7c3f",
        "is_approximate": true,
        "source": "osm",
        "@id": "21c662b2-33b6-4ecc-a07c-f86e04ef24ef",
        "osm_id": 675325877
      }
    },
    {
      "type": "Feature",
      "bbox": [
        -121.0725964,
        38.9468949,
        -121.0723386,
        38.947094
      ],
      "geometry": {
        "type": "Polygon",
        "coordinates": [
          [
            [
              -121.0725964,
              38.9470329
            ],
            [
              -121.072595,
              38.947048
            ],
            [
              -121.0725908,
              38.9470608
            ],
            [
              -121.0725804,
              38.9470741
            ],
            [
              -121.0725695,
              38.9470818
            ],
            [
              -121.0725534,
              38.9470895
            ],
            [
              -121.0725392,
              38.9470921
            ],
            [
              -121.0725222,
              38.947094
            ],
            [
              -121.0725023,
              38.9470921
            ],
            [
              -121.0724853,
              38.9470881
            ],
            [
              -121.0724701,
              38.9470807
            ],
            [
              -121.0724502,
              38.94707
            ],
            [
              -121.0724309,
              38.9470564
            ],
            [
              -121.0724062,
              38.9470391
            ],
            [
              -121.0723869,
              38.9470263
            ],
            [
              -121.0723656,
              38.9470104
            ],
            [
              -121.0723556,
              38.9470023
            ],
            [
              -121.0723457,
              38.9469876
            ],
            [
              -121.0723395,
              38.9469729
            ],
            [
              -121.0723386,
              38.9469523
            ],
            [
              -121.0723452,
              38.946942
            ],
            [
              -121.0723547,
              38.9469332
            ],
            [
              -121.0723651,
              38.9469243
            ],
            [
              -121.072376,
              38.9469166
            ],
            [
              -121.0723935,
              38.9469078
            ],
            [
              -121.0724115,
              38.9469008
            ],
            [
              -121.072429,
              38.9468949
            ],
            [
              -121.072445,
              38.9468949
            ],
            [
              -121.0724588,
              38.9468956
            ],
            [
              -121.0724786,
              38.9468975
            ],
            [
              -121.0724999,
              38.9469019
            ],
            [
              -121.0725217,
              38.9469133
            ],
            [
              -121.072543,
              38.9469273
            ],
            [
              -121.072556,
              38.9469367
            ],
            [
              -121.0725664,
              38.946951
            ],
            [
              -121.0725804,
              38.9469795
            ],
            [
              -121.0725934,
              38.9470144
            ],
            [
              -121.0725958,
              38.9470257
            ],
            [
              -121.0725964,
              38.9470329
            ]
          ]
        ]
      },
      "properties": {
        "course_id": "ridge_golf_course",
        "course_name": "Ridge Golf Course",
        "hole_number": 6,
        "feature_type": "green",
        "name": "hole_6_green",
        "feature-color": "#2d6e2d",
        "is_approximate": true,
        "source": "osm",
        "@id": "43edec38-835e-462a-a7de-39e66d69551f",
        "osm_id": 675325864
      }
    },
    {
      "type": "Feature",
      "bbox": [
        -121.07240095789055,
        38.947035623367825,
        -121.07240095789055,
        38.947035623367825
      ],
      "geometry": {
        "type": "Point",
        "coordinates": [
          -121.07240096,
          38.94703562
        ]
      },
      "properties": {
        "course_id": "ridge_golf_course",
        "course_name": "Ridge Golf Course",
        "hole_number": 6,
        "feature_type": "green_back",
        "name": "hole_6_green_back",
        "feature-color": "#5aae5a",
        "is_approximate": true,
        "source": "derived",
        "@id": "227586cc-aae2-4fbb-96c2-ed854ef8ede8"
      }
    },
    {
      "type": "Feature",
      "bbox": [
        -121.07247475400628,
        38.94699113102753,
        -121.07247475400628,
        38.94699113102753
      ],
      "geometry": {
        "type": "Point",
        "coordinates": [
          -121.07247475,
          38.94699113
        ]
      },
      "properties": {
        "course_id": "ridge_golf_course",
        "course_name": "Ridge Golf Course",
        "hole_number": 6,
        "feature_type": "green_center",
        "name": "hole_6_green_center",
        "feature-color": "#5aae5a",
        "is_approximate": true,
        "source": "derived",
        "@id": "3ef3cf5c-2c6d-432b-8250-510494fd58f9"
      }
    },
    {
      "type": "Feature",
      "bbox": [
        -121.07255875396342,
        38.946940486699695,
        -121.07255875396342,
        38.946940486699695
      ],
      "geometry": {
        "type": "Point",
        "coordinates": [
          -121.07255875,
          38.94694049
        ]
      },
      "properties": {
        "course_id": "ridge_golf_course",
        "course_name": "Ridge Golf Course",
        "hole_number": 6,
        "feature_type": "green_front",
        "name": "hole_6_green_front",
        "feature-color": "#5aae5a",
        "is_approximate": true,
        "source": "derived",
        "@id": "275db891-6a4f-461d-bf44-905c1f5773ca"
      }
    },
    {
      "type": "Feature",
      "bbox": [
        -121.0749632,
        38.9459702,
        -121.074874,
        38.9460584
      ],
      "geometry": {
        "type": "Polygon",
        "coordinates": [
          [
            [
              -121.0749431,
              38.9459864
            ],
            [
              -121.0749505,
              38.9459958
            ],
            [
              -121.0749578,
              38.9460099
            ],
            [
              -121.0749632,
              38.9460234
            ],
            [
              -121.0749619,
              38.9460359
            ],
            [
              -121.0749511,
              38.946049
            ],
            [
              -121.0749337,
              38.9460578
            ],
            [
              -121.0749163,
              38.9460584
            ],
            [
              -121.0748995,
              38.9460542
            ],
            [
              -121.0748841,
              38.9460401
            ],
            [
              -121.0748774,
              38.9460219
            ],
            [
              -121.074874,
              38.9460026
            ],
            [
              -121.074874,
              38.9459874
            ],
            [
              -121.0748841,
              38.945978
            ],
            [
              -121.0748988,
              38.9459734
            ],
            [
              -121.0749129,
              38.9459702
            ],
            [
              -121.0749277,
              38.9459713
            ],
            [
              -121.0749431,
              38.9459864
            ]
          ]
        ]
      },
      "properties": {
        "course_id": "ridge_golf_course",
        "course_name": "Ridge Golf Course",
        "hole_number": 6,
        "feature_type": "tee_box",
        "name": "hole_6_tee_box",
        "feature-color": "#8b7355",
        "is_approximate": true,
        "source": "osm",
        "@id": "92d21138-0f6b-4c79-b667-107211c03d2d",
        "osm_id": 675325874
      }
    },
    {
      "type": "Feature",
      "bbox": [
        -121.0753089,
        38.9457139,
        -121.0751007,
        38.9458501
      ],
      "geometry": {
        "type": "Polygon",
        "coordinates": [
          [
            [
              -121.0753056,
              38.9457544
            ],
            [
              -121.0752971,
              38.9457643
            ],
            [
              -121.0752857,
              38.9457717
            ],
            [
              -121.0752701,
              38.9457805
            ],
            [
              -121.0752483,
              38.9457901
            ],
            [
              -121.0752346,
              38.9457993
            ],
            [
              -121.0752185,
              38.9458114
            ],
            [
              -121.0752024,
              38.9458229
            ],
            [
              -121.075192,
              38.9458317
            ],
            [
              -121.0751774,
              38.9458398
            ],
            [
              -121.0751627,
              38.9458475
            ],
            [
              -121.0751513,
              38.9458501
            ],
            [
              -121.0751371,
              38.945849
            ],
            [
              -121.0751248,
              38.9458442
            ],
            [
              -121.0751135,
              38.9458361
            ],
            [
              -121.0751035,
              38.9458247
            ],
            [
              -121.0751007,
              38.9458137
            ],
            [
              -121.0751012,
              38.9458034
            ],
            [
              -121.075104,
              38.945793
            ],
            [
              -121.0751125,
              38.9457827
            ],
            [
              -121.0751182,
              38.9457776
            ],
            [
              -121.0751305,
              38.9457691
            ],
            [
              -121.0751513,
              38.9457581
            ],
            [
              -121.0751859,
              38.9457423
            ],
            [
              -121.0752228,
              38.9457275
            ],
            [
              -121.0752559,
              38.9457154
            ],
            [
              -121.0752658,
              38.9457139
            ],
            [
              -121.07528,
              38.9457143
            ],
            [
              -121.0752923,
              38.9457176
            ],
            [
              -121.0753046,
              38.9457257
            ],
            [
              -121.0753089,
              38.9457412
            ],
            [
              -121.0753056,
              38.9457544
            ]
          ]
        ]
      },
      "properties": {
        "course_id": "ridge_golf_course",
        "course_name": "Ridge Golf Course",
        "hole_number": 6,
        "feature_type": "tee_box",
        "name": "hole_6_tee_box_2",
        "feature-color": "#8b7355",
        "is_approximate": true,
        "source": "osm",
        "@id": "19195401-c317-4dde-9b62-f9a0ea7b7d09",
        "osm_id": 675325875
      }
    },
    {
      "type": "Feature",
      "bbox": [
        -121.0757905,
        38.9457356,
        -121.0754555,
        38.9458424
      ],
      "geometry": {
        "type": "Polygon",
        "coordinates": [
          [
            [
              -121.0757645,
              38.9457927
            ],
            [
              -121.0757039,
              38.9458011
            ],
            [
              -121.0756396,
              38.9458111
            ],
            [
              -121.0755724,
              38.9458254
            ],
            [
              -121.0755511,
              38.9458313
            ],
            [
              -121.0755251,
              38.9458387
            ],
            [
              -121.0755048,
              38.9458424
            ],
            [
              -121.0754849,
              38.9458409
            ],
            [
              -121.0754712,
              38.9458361
            ],
            [
              -121.0754603,
              38.9458276
            ],
            [
              -121.0754555,
              38.945814
            ],
            [
              -121.0754574,
              38.9458037
            ],
            [
              -121.0754636,
              38.9457938
            ],
            [
              -121.0754731,
              38.9457875
            ],
            [
              -121.0754839,
              38.9457824
            ],
            [
              -121.0754943,
              38.9457791
            ],
            [
              -121.0755071,
              38.945778
            ],
            [
              -121.0755227,
              38.9457769
            ],
            [
              -121.0755535,
              38.9457735
            ],
            [
              -121.0755838,
              38.945771
            ],
            [
              -121.0756041,
              38.9457688
            ],
            [
              -121.0756263,
              38.9457651
            ],
            [
              -121.0756505,
              38.9457581
            ],
            [
              -121.0756647,
              38.9457522
            ],
            [
              -121.0756784,
              38.9457459
            ],
            [
              -121.0756935,
              38.9457401
            ],
            [
              -121.0757106,
              38.9457367
            ],
            [
              -121.0757285,
              38.945736
            ],
            [
              -121.0757423,
              38.9457356
            ],
            [
              -121.0757626,
              38.9457382
            ],
            [
              -121.0757777,
              38.9457445
            ],
            [
              -121.0757877,
              38.9457566
            ],
            [
              -121.0757905,
              38.9457688
            ],
            [
              -121.0757882,
              38.945779
            ],
            [
              -121.075779,
              38.9457877
            ],
            [
              -121.0757645,
              38.9457927
            ]
          ]
        ]
      },
      "properties": {
        "course_id": "ridge_golf_course",
        "course_name": "Ridge Golf Course",
        "hole_number": 6,
        "feature_type": "tee_box",
        "name": "hole_6_tee_box_3",
        "feature-color": "#8b7355",
        "is_approximate": true,
        "source": "osm",
        "@id": "65dbb650-cccc-454d-a730-105be0420b78",
        "osm_id": 675325876
      }
    },
    {
      "type": "Feature",
      "bbox": [
        -121.07562275684927,
        38.94578826343045,
        -121.07562275684927,
        38.94578826343045
      ],
      "geometry": {
        "type": "Point",
        "coordinates": [
          -121.07562276,
          38.94578826
        ]
      },
      "properties": {
        "course_id": "ridge_golf_course",
        "course_name": "Ridge Golf Course",
        "hole_number": 6,
        "feature_type": "tee_center",
        "name": "hole_6_tee_center",
        "feature-color": "#c8a055",
        "is_approximate": true,
        "source": "derived",
        "@id": "8487f11a-a739-4a84-b826-4e234d1365ab"
      }
    },
    {
      "type": "Feature",
      "bbox": [
        -121.0693325,
        38.9457026,
        -121.0691187,
        38.9458459
      ],
      "geometry": {
        "type": "Polygon",
        "coordinates": [
          [
            [
              -121.0693025,
              38.9458336
            ],
            [
              -121.0692967,
              38.9458414
            ],
            [
              -121.0692881,
              38.9458447
            ],
            [
              -121.0692776,
              38.9458459
            ],
            [
              -121.0692667,
              38.9458455
            ],
            [
              -121.0692557,
              38.9458418
            ],
            [
              -121.0692457,
              38.9458388
            ],
            [
              -121.0692347,
              38.9458347
            ],
            [
              -121.0692218,
              38.9458314
            ],
            [
              -121.069207,
              38.9458299
            ],
            [
              -121.0691951,
              38.945828
            ],
            [
              -121.0691779,
              38.9458228
            ],
            [
              -121.0691674,
              38.9458188
            ],
            [
              -121.0691569,
              38.9458121
            ],
            [
              -121.0691459,
              38.9458061
            ],
            [
              -121.0691368,
              38.9457987
            ],
            [
              -121.0691273,
              38.9457902
            ],
            [
              -121.069124,
              38.9457828
            ],
            [
              -121.0691197,
              38.9457701
            ],
            [
              -121.0691187,
              38.9457605
            ],
            [
              -121.0691201,
              38.9457475
            ],
            [
              -121.069124,
              38.945739
            ],
            [
              -121.0691283,
              38.9457319
            ],
            [
              -121.069133,
              38.945723
            ],
            [
              -121.0691388,
              38.9457171
            ],
            [
              -121.069145,
              38.9457126
            ],
            [
              -121.0691531,
              38.945707
            ],
            [
              -121.0691607,
              38.945703
            ],
            [
              -121.0691736,
              38.9457026
            ],
            [
              -121.0691946,
              38.9457026
            ],
            [
              -121.069206,
              38.9457044
            ],
            [
              -121.0692161,
              38.9457085
            ],
            [
              -121.0692232,
              38.9457119
            ],
            [
              -121.0692266,
              38.9457174
            ],
            [
              -121.0692261,
              38.9457245
            ],
            [
              -121.0692237,
              38.9457308
            ],
            [
              -121.0692213,
              38.9457364
            ],
            [
              -121.069217,
              38.9457442
            ],
            [
              -121.0692161,
              38.9457486
            ],
            [
              -121.0692204,
              38.9457516
            ],
            [
              -121.0692275,
              38.9457542
            ],
            [
              -121.0692352,
              38.9457549
            ],
            [
              -121.0692442,
              38.9457531
            ],
            [
              -121.0692514,
              38.9457494
            ],
            [
              -121.0692566,
              38.9457442
            ],
            [
              -121.0692605,
              38.945739
            ],
            [
              -121.0692624,
              38.9457312
            ],
            [
              -121.0692667,
              38.9457256
            ],
            [
              -121.0692729,
              38.9457234
            ],
            [
              -121.069281,
              38.9457223
            ],
            [
              -121.0692929,
              38.9457226
            ],
            [
              -121.0693058,
              38.9457282
            ],
            [
              -121.0693177,
              38.9457345
            ],
            [
              -121.0693273,
              38.9457442
            ],
            [
              -121.0693325,
              38.9457501
            ],
            [
              -121.0693311,
              38.945762
            ],
            [
              -121.0693134,
              38.9457995
            ],
            [
              -121.0693077,
              38.9458061
            ],
            [
              -121.0693053,
              38.9458132
            ],
            [
              -121.0693025,
              38.9458188
            ],
            [
              -121.0693029,
              38.9458232
            ],
            [
              -121.0693025,
              38.9458336
            ]
          ]
        ]
      },
      "properties": {
        "course_id": "ridge_golf_course",
        "course_name": "Ridge Golf Course",
        "hole_number": 7,
        "feature_type": "bunker",
        "name": "hole_7_bunker",
        "feature-color": "#d4b483",
        "is_approximate": true,
        "source": "osm",
        "@id": "47c5ba60-e0f9-4687-a727-a1d3d2e3b570",
        "osm_id": 675327280
      }
    },
    {
      "type": "Feature",
      "bbox": [
        -121.0697401,
        38.9459668,
        -121.0695263,
        38.9461286
      ],
      "geometry": {
        "type": "Polygon",
        "coordinates": [
          [
            [
              -121.0697401,
              38.9460785
            ],
            [
              -121.0697391,
              38.9460882
            ],
            [
              -121.0697367,
              38.9460989
            ],
            [
              -121.0697329,
              38.9461078
            ],
            [
              -121.0697281,
              38.9461127
            ],
            [
              -121.0697195,
              38.9461175
            ],
            [
              -121.06971,
              38.9461216
            ],
            [
              -121.0696995,
              38.9461264
            ],
            [
              -121.0696861,
              38.9461286
            ],
            [
              -121.0696752,
              38.9461271
            ],
            [
              -121.0696651,
              38.9461249
            ],
            [
              -121.0696532,
              38.9461171
            ],
            [
              -121.0696394,
              38.9461049
            ],
            [
              -121.0696317,
              38.9460967
            ],
            [
              -121.0696246,
              38.946093
            ],
            [
              -121.0696184,
              38.9460889
            ],
            [
              -121.0696174,
              38.9460852
            ],
            [
              -121.0696188,
              38.9460815
            ],
            [
              -121.0696246,
              38.9460796
            ],
            [
              -121.0696298,
              38.9460781
            ],
            [
              -121.0696365,
              38.9460737
            ],
            [
              -121.0696389,
              38.9460666
            ],
            [
              -121.0696355,
              38.9460585
            ],
            [
              -121.0696293,
              38.946054
            ],
            [
              -121.0696184,
              38.9460525
            ],
            [
              -121.069604,
              38.9460562
            ],
            [
              -121.0695921,
              38.9460607
            ],
            [
              -121.0695826,
              38.946064
            ],
            [
              -121.0695745,
              38.946064
            ],
            [
              -121.0695649,
              38.9460596
            ],
            [
              -121.0695496,
              38.9460507
            ],
            [
              -121.0695382,
              38.9460447
            ],
            [
              -121.069531,
              38.9460381
            ],
            [
              -121.0695263,
              38.9460258
            ],
            [
              -121.0695282,
              38.9460158
            ],
            [
              -121.0695277,
              38.9460054
            ],
            [
              -121.0695363,
              38.9459946
            ],
            [
              -121.0695473,
              38.9459868
            ],
            [
              -121.0695654,
              38.9459757
            ],
            [
              -121.0695768,
              38.9459683
            ],
            [
              -121.0695835,
              38.9459668
            ],
            [
              -121.0695978,
              38.9459668
            ],
            [
              -121.0696136,
              38.9459686
            ],
            [
              -121.0696241,
              38.9459712
            ],
            [
              -121.0696308,
              38.9459742
            ],
            [
              -121.0696365,
              38.9459779
            ],
            [
              -121.0696418,
              38.9459872
            ],
            [
              -121.0696456,
              38.9459954
            ],
            [
              -121.069647,
              38.9460043
            ],
            [
              -121.069647,
              38.9460128
            ],
            [
              -121.0696484,
              38.9460195
            ],
            [
              -121.0696542,
              38.9460247
            ],
            [
              -121.0696623,
              38.9460288
            ],
            [
              -121.0696713,
              38.9460291
            ],
            [
              -121.0696785,
              38.9460269
            ],
            [
              -121.0696852,
              38.9460269
            ],
            [
              -121.0696947,
              38.9460299
            ],
            [
              -121.0697033,
              38.9460336
            ],
            [
              -121.0697152,
              38.946041
            ],
            [
              -121.0697238,
              38.9460481
            ],
            [
              -121.0697324,
              38.9460588
            ],
            [
              -121.0697377,
              38.9460681
            ],
            [
              -121.0697401,
              38.9460785
            ]
          ]
        ]
      },
      "properties": {
        "course_id": "ridge_golf_course",
        "course_name": "Ridge Golf Course",
        "hole_number": 7,
        "feature_type": "bunker",
        "name": "hole_7_bunker_2",
        "feature-color": "#d4b483",
        "is_approximate": true,
        "source": "osm",
        "@id": "e80c91f5-0c5a-43bb-8b92-d295a3f5f6fc",
        "osm_id": 675327281
      }
    },
    {
      "type": "Feature",
      "bbox": [
        -121.0706068,
        38.9456153,
        -121.0688958,
        38.9464921
      ],
      "geometry": {
        "type": "Polygon",
        "coordinates": [
          [
            [
              -121.0688958,
              38.945795
            ],
            [
              -121.0689054,
              38.9457995
            ],
            [
              -121.0689192,
              38.9458021
            ],
            [
              -121.0689331,
              38.9457998
            ],
            [
              -121.0689455,
              38.9457958
            ],
            [
              -121.0689574,
              38.9457876
            ],
            [
              -121.0689674,
              38.9457739
            ],
            [
              -121.0689722,
              38.9457616
            ],
            [
              -121.068977,
              38.9457486
            ],
            [
              -121.0689813,
              38.9457304
            ],
            [
              -121.0689846,
              38.945713
            ],
            [
              -121.0689937,
              38.9456859
            ],
            [
              -121.0689965,
              38.9456632
            ],
            [
              -121.0689956,
              38.9456521
            ],
            [
              -121.0689889,
              38.9456432
            ],
            [
              -121.0689817,
              38.945638
            ],
            [
              -121.0689703,
              38.9456332
            ],
            [
              -121.0689531,
              38.9456265
            ],
            [
              -121.0689378,
              38.9456228
            ],
            [
              -121.068971,
              38.9456246
            ],
            [
              -121.0689922,
              38.945626
            ],
            [
              -121.069018,
              38.945626
            ],
            [
              -121.0690413,
              38.9456228
            ],
            [
              -121.0690647,
              38.9456184
            ],
            [
              -121.0691057,
              38.9456153
            ],
            [
              -121.0691267,
              38.9456184
            ],
            [
              -121.0691484,
              38.9456303
            ],
            [
              -121.0691573,
              38.9456498
            ],
            [
              -121.0691516,
              38.9456717
            ],
            [
              -121.0691146,
              38.9457074
            ],
            [
              -121.0690864,
              38.9457293
            ],
            [
              -121.0690751,
              38.9457456
            ],
            [
              -121.0690719,
              38.9457669
            ],
            [
              -121.0690792,
              38.9457888
            ],
            [
              -121.0690904,
              38.9458101
            ],
            [
              -121.0691057,
              38.9458295
            ],
            [
              -121.0691209,
              38.9458463
            ],
            [
              -121.0691429,
              38.9458605
            ],
            [
              -121.0691637,
              38.9458708
            ],
            [
              -121.0691839,
              38.9458784
            ],
            [
              -121.0692121,
              38.9458818
            ],
            [
              -121.0692426,
              38.9458777
            ],
            [
              -121.0692845,
              38.9458702
            ],
            [
              -121.0693296,
              38.9458596
            ],
            [
              -121.0693731,
              38.9458477
            ],
            [
              -121.0694093,
              38.9458364
            ],
            [
              -121.0694472,
              38.9458257
            ],
            [
              -121.0695068,
              38.9458182
            ],
            [
              -121.0695712,
              38.9458145
            ],
            [
              -121.0696582,
              38.945812
            ],
            [
              -121.0697202,
              38.9458151
            ],
            [
              -121.0697443,
              38.945817
            ],
            [
              -121.0697669,
              38.9458232
            ],
            [
              -121.0697943,
              38.9458339
            ],
            [
              -121.0698208,
              38.9458483
            ],
            [
              -121.0698546,
              38.9458652
            ],
            [
              -121.0698869,
              38.945884
            ],
            [
              -121.0699231,
              38.9459072
            ],
            [
              -121.0699465,
              38.9459235
            ],
            [
              -121.0699738,
              38.9459447
            ],
            [
              -121.070118,
              38.9460249
            ],
            [
              -121.0702613,
              38.9461001
            ],
            [
              -121.0703869,
              38.9461639
            ],
            [
              -121.0704691,
              38.9462053
            ],
            [
              -121.0705206,
              38.9462385
            ],
            [
              -121.0705577,
              38.9462742
            ],
            [
              -121.0705883,
              38.946328
            ],
            [
              -121.0706036,
              38.9463775
            ],
            [
              -121.0706068,
              38.9464113
            ],
            [
              -121.0705955,
              38.9464433
            ],
            [
              -121.0705834,
              38.9464633
            ],
            [
              -121.0705649,
              38.946479
            ],
            [
              -121.0705399,
              38.946489
            ],
            [
              -121.0705061,
              38.9464921
            ],
            [
              -121.0704804,
              38.9464909
            ],
            [
              -121.0704522,
              38.9464846
            ],
            [
              -121.0704071,
              38.9464683
            ],
            [
              -121.0703676,
              38.9464477
            ],
            [
              -121.0703322,
              38.9464289
            ],
            [
              -121.0702943,
              38.9464088
            ],
            [
              -121.0702468,
              38.9463838
            ],
            [
              -121.0701945,
              38.9463568
            ],
            [
              -121.0701542,
              38.9463374
            ],
            [
              -121.070122,
              38.9463193
            ],
            [
              -121.0700946,
              38.9462974
            ],
            [
              -121.0700785,
              38.9462848
            ],
            [
              -121.0700672,
              38.9462729
            ],
            [
              -121.0700568,
              38.9462523
            ],
            [
              -121.0700431,
              38.946236
            ],
            [
              -121.0700254,
              38.9462216
            ],
            [
              -121.0700028,
              38.9462141
            ],
            [
              -121.0699424,
              38.9462009
            ],
            [
              -121.0698852,
              38.9461877
            ],
            [
              -121.0698474,
              38.9461784
            ],
            [
              -121.0698216,
              38.9461646
            ],
            [
              -121.0697975,
              38.9461452
            ],
            [
              -121.0697854,
              38.9461251
            ],
            [
              -121.0697765,
              38.9460894
            ],
            [
              -121.0697693,
              38.9460612
            ],
            [
              -121.0697556,
              38.9460312
            ],
            [
              -121.0697371,
              38.9460093
            ],
            [
              -121.0697089,
              38.9459754
            ],
            [
              -121.0696799,
              38.9459541
            ],
            [
              -121.0696372,
              38.9459372
            ],
            [
              -121.0695962,
              38.9459322
            ],
            [
              -121.069572,
              38.9459322
            ],
            [
              -121.0695398,
              38.9459366
            ],
            [
              -121.0694955,
              38.9459548
            ],
            [
              -121.0694496,
              38.9459742
            ],
            [
              -121.0694214,
              38.9459836
            ],
            [
              -121.0693908,
              38.9459886
            ],
            [
              -121.0693562,
              38.9459886
            ],
            [
              -121.0693127,
              38.9459823
            ],
            [
              -121.0692869,
              38.9459742
            ],
            [
              -121.0692628,
              38.9459654
            ],
            [
              -121.069237,
              38.945956
            ],
            [
              -121.0692177,
              38.9459504
            ],
            [
              -121.0691895,
              38.945946
            ],
            [
              -121.0691331,
              38.945941
            ],
            [
              -121.0690719,
              38.9459322
            ],
            [
              -121.069047,
              38.945926
            ],
            [
              -121.069022,
              38.9459147
            ],
            [
              -121.0690002,
              38.9459009
            ],
            [
              -121.0689797,
              38.9458792
            ],
            [
              -121.0689626,
              38.9458542
            ],
            [
              -121.0689399,
              38.9458283
            ],
            [
              -121.0689214,
              38.9458141
            ],
            [
              -121.0688958,
              38.945795
            ]
          ]
        ]
      },
      "properties": {
        "course_id": "ridge_golf_course",
        "course_name": "Ridge Golf Course",
        "hole_number": 7,
        "feature_type": "fairway",
        "name": "hole_7_fairway",
        "feature-color": "#4a7c3f",
        "is_approximate": true,
        "source": "osm",
        "@id": "e929414e-3593-4fd6-8031-75f9237e7f8a",
        "osm_id": 675327282
      }
    },
    {
      "type": "Feature",
      "bbox": [
        -121.0689965,
        38.9455886,
        -121.0687345,
        38.9458021
      ],
      "geometry": {
        "type": "Polygon",
        "coordinates": [
          [
            [
              -121.0689574,
              38.9457876
            ],
            [
              -121.0689455,
              38.9457958
            ],
            [
              -121.0689331,
              38.9457998
            ],
            [
              -121.0689192,
              38.9458021
            ],
            [
              -121.0689054,
              38.9457995
            ],
            [
              -121.0688958,
              38.945795
            ],
            [
              -121.0688791,
              38.9457887
            ],
            [
              -121.0688619,
              38.9457842
            ],
            [
              -121.0688261,
              38.945772
            ],
            [
              -121.068808,
              38.9457657
            ],
            [
              -121.0687913,
              38.9457597
            ],
            [
              -121.0687784,
              38.9457545
            ],
            [
              -121.0687608,
              38.9457486
            ],
            [
              -121.0687498,
              38.9457423
            ],
            [
              -121.0687417,
              38.9457356
            ],
            [
              -121.0687355,
              38.9457256
            ],
            [
              -121.0687345,
              38.9457126
            ],
            [
              -121.068735,
              38.9456996
            ],
            [
              -121.0687393,
              38.9456892
            ],
            [
              -121.0687507,
              38.9456725
            ],
            [
              -121.0687584,
              38.9456632
            ],
            [
              -121.0687651,
              38.9456521
            ],
            [
              -121.0687727,
              38.945638
            ],
            [
              -121.068776,
              38.9456287
            ],
            [
              -121.0687846,
              38.9456172
            ],
            [
              -121.0687927,
              38.945609
            ],
            [
              -121.0688056,
              38.9455998
            ],
            [
              -121.0688145,
              38.9455932
            ],
            [
              -121.0688248,
              38.9455901
            ],
            [
              -121.0688376,
              38.9455886
            ],
            [
              -121.0688524,
              38.9455909
            ],
            [
              -121.068863,
              38.9455952
            ],
            [
              -121.0688763,
              38.9455998
            ],
            [
              -121.0688872,
              38.9456042
            ],
            [
              -121.0688886,
              38.9456049
            ],
            [
              -121.0688992,
              38.9456098
            ],
            [
              -121.0689106,
              38.9456146
            ],
            [
              -121.068923,
              38.9456176
            ],
            [
              -121.0689378,
              38.9456228
            ],
            [
              -121.0689531,
              38.9456265
            ],
            [
              -121.0689703,
              38.9456332
            ],
            [
              -121.0689817,
              38.945638
            ],
            [
              -121.0689889,
              38.9456432
            ],
            [
              -121.0689956,
              38.9456521
            ],
            [
              -121.0689965,
              38.9456632
            ],
            [
              -121.0689937,
              38.9456859
            ],
            [
              -121.0689846,
              38.945713
            ],
            [
              -121.0689813,
              38.9457304
            ],
            [
              -121.068977,
              38.9457486
            ],
            [
              -121.0689722,
              38.9457616
            ],
            [
              -121.0689674,
              38.9457739
            ],
            [
              -121.0689574,
              38.9457876
            ]
          ]
        ]
      },
      "properties": {
        "course_id": "ridge_golf_course",
        "course_name": "Ridge Golf Course",
        "hole_number": 7,
        "feature_type": "green",
        "name": "hole_7_green",
        "feature-color": "#2d6e2d",
        "is_approximate": true,
        "source": "osm",
        "@id": "bf0cb78e-5b0d-4bce-95c4-3331d060ff36",
        "osm_id": 675327279
      }
    },
    {
      "type": "Feature",
      "bbox": [
        -121.06876330714854,
        38.94565507024642,
        -121.06876330714854,
        38.94565507024642
      ],
      "geometry": {
        "type": "Point",
        "coordinates": [
          -121.06876331,
          38.94565507
        ]
      },
      "properties": {
        "course_id": "ridge_golf_course",
        "course_name": "Ridge Golf Course",
        "hole_number": 7,
        "feature_type": "green_back",
        "name": "hole_7_green_back",
        "feature-color": "#5aae5a",
        "is_approximate": true,
        "source": "derived",
        "@id": "c4b6e7cc-726d-4a50-9643-5c1d7f0d8318"
      }
    },
    {
      "type": "Feature",
      "bbox": [
        -121.06887044393007,
        38.94569523322985,
        -121.06887044393007,
        38.94569523322985
      ],
      "geometry": {
        "type": "Point",
        "coordinates": [
          -121.06887044,
          38.94569523
        ]
      },
      "properties": {
        "course_id": "ridge_golf_course",
        "course_name": "Ridge Golf Course",
        "hole_number": 7,
        "feature_type": "green_center",
        "name": "hole_7_green_center",
        "feature-color": "#5aae5a",
        "is_approximate": true,
        "source": "derived",
        "@id": "24b13ce3-027b-4e78-9629-dfce80dc3fee"
      }
    },
    {
      "type": "Feature",
      "bbox": [
        -121.06897991300575,
        38.94573627053386,
        -121.06897991300575,
        38.94573627053386
      ],
      "geometry": {
        "type": "Point",
        "coordinates": [
          -121.06897991,
          38.94573627
        ]
      },
      "properties": {
        "course_id": "ridge_golf_course",
        "course_name": "Ridge Golf Course",
        "hole_number": 7,
        "feature_type": "green_front",
        "name": "hole_7_green_front",
        "feature-color": "#5aae5a",
        "is_approximate": true,
        "source": "derived",
        "@id": "dd159605-37e7-4ded-ac43-cec0dbd38b2a"
      }
    },
    {
      "type": "Feature",
      "bbox": [
        -121.0721674,
        38.9470777,
        -121.0718429,
        38.9473019
      ],
      "geometry": {
        "type": "Polygon",
        "coordinates": [
          [
            [
              -121.0721561,
              38.9472149
            ],
            [
              -121.0721666,
              38.947233
            ],
            [
              -121.0721674,
              38.9472562
            ],
            [
              -121.0721602,
              38.9472737
            ],
            [
              -121.0721433,
              38.9472894
            ],
            [
              -121.0721304,
              38.9472944
            ],
            [
              -121.072107,
              38.9473019
            ],
            [
              -121.072078,
              38.9473
            ],
            [
              -121.0720563,
              38.9472906
            ],
            [
              -121.0720281,
              38.9472694
            ],
            [
              -121.0719975,
              38.9472499
            ],
            [
              -121.0719677,
              38.9472349
            ],
            [
              -121.0719395,
              38.9472205
            ],
            [
              -121.0719065,
              38.9472036
            ],
            [
              -121.0718807,
              38.9471911
            ],
            [
              -121.0718566,
              38.947176
            ],
            [
              -121.0718445,
              38.9471591
            ],
            [
              -121.0718429,
              38.9471303
            ],
            [
              -121.0718485,
              38.9471128
            ],
            [
              -121.0718606,
              38.9470959
            ],
            [
              -121.071884,
              38.9470846
            ],
            [
              -121.071917,
              38.9470777
            ],
            [
              -121.0719419,
              38.9470833
            ],
            [
              -121.0719774,
              38.9471015
            ],
            [
              -121.0720442,
              38.9471403
            ],
            [
              -121.0720909,
              38.947166
            ],
            [
              -121.0721328,
              38.9471948
            ],
            [
              -121.0721561,
              38.9472149
            ]
          ]
        ]
      },
      "properties": {
        "course_id": "ridge_golf_course",
        "course_name": "Ridge Golf Course",
        "hole_number": 7,
        "feature_type": "tee_box",
        "name": "hole_7_tee_box",
        "feature-color": "#8b7355",
        "is_approximate": true,
        "source": "osm",
        "@id": "f3abafb1-1098-49d9-bfb4-a8270341050d",
        "osm_id": 675327283
      }
    },
    {
      "type": "Feature",
      "bbox": [
        -121.0717873,
        38.9468641,
        -121.071557,
        38.9470176
      ],
      "geometry": {
        "type": "Polygon",
        "coordinates": [
          [
            [
              -121.0717793,
              38.9469819
            ],
            [
              -121.0717575,
              38.9470038
            ],
            [
              -121.0717269,
              38.9470176
            ],
            [
              -121.0717173,
              38.9470157
            ],
            [
              -121.0716891,
              38.9470101
            ],
            [
              -121.0716601,
              38.9470007
            ],
            [
              -121.0716247,
              38.946985
            ],
            [
              -121.0715949,
              38.9469644
            ],
            [
              -121.0715715,
              38.9469443
            ],
            [
              -121.071557,
              38.9469205
            ],
            [
              -121.0715602,
              38.9468986
            ],
            [
              -121.0715796,
              38.9468829
            ],
            [
              -121.0715989,
              38.9468717
            ],
            [
              -121.0716247,
              38.9468641
            ],
            [
              -121.071648,
              38.9468641
            ],
            [
              -121.0716722,
              38.9468692
            ],
            [
              -121.0717068,
              38.9468804
            ],
            [
              -121.0717398,
              38.9468998
            ],
            [
              -121.0717656,
              38.9469174
            ],
            [
              -121.0717809,
              38.9469318
            ],
            [
              -121.0717873,
              38.9469525
            ],
            [
              -121.0717793,
              38.9469819
            ]
          ]
        ]
      },
      "properties": {
        "course_id": "ridge_golf_course",
        "course_name": "Ridge Golf Course",
        "hole_number": 7,
        "feature_type": "tee_box",
        "name": "hole_7_tee_box_2",
        "feature-color": "#8b7355",
        "is_approximate": true,
        "source": "osm",
        "@id": "88dc0db5-a89a-4ef6-b993-1c880e1e6fd1",
        "osm_id": 675327284
      }
    },
    {
      "type": "Feature",
      "bbox": [
        -121.0713009,
        38.9467458,
        -121.071185,
        38.9468397
      ],
      "geometry": {
        "type": "Polygon",
        "coordinates": [
          [
            [
              -121.0713001,
              38.9467852
            ],
            [
              -121.0713009,
              38.9468053
            ],
            [
              -121.0712889,
              38.9468228
            ],
            [
              -121.0712663,
              38.9468341
            ],
            [
              -121.0712397,
              38.9468397
            ],
            [
              -121.0712148,
              38.9468397
            ],
            [
              -121.0711946,
              38.9468291
            ],
            [
              -121.071185,
              38.9468072
            ],
            [
              -121.071185,
              38.9467815
            ],
            [
              -121.0711906,
              38.9467689
            ],
            [
              -121.0712035,
              38.9467527
            ],
            [
              -121.0712236,
              38.9467458
            ],
            [
              -121.0712534,
              38.9467458
            ],
            [
              -121.0712752,
              38.9467545
            ],
            [
              -121.0712913,
              38.9467689
            ],
            [
              -121.0713001,
              38.9467852
            ]
          ]
        ]
      },
      "properties": {
        "course_id": "ridge_golf_course",
        "course_name": "Ridge Golf Course",
        "hole_number": 7,
        "feature_type": "tee_box",
        "name": "hole_7_tee_box_3",
        "feature-color": "#8b7355",
        "is_approximate": true,
        "source": "osm",
        "@id": "af3e2647-5dd7-4f27-ac5a-882476ca908c",
        "osm_id": 675327285
      }
    },
    {
      "type": "Feature",
      "bbox": [
        -121.0711681,
        38.9465867,
        -121.0710819,
        38.9466568
      ],
      "geometry": {
        "type": "Polygon",
        "coordinates": [
          [
            [
              -121.0711584,
              38.9466456
            ],
            [
              -121.0711487,
              38.9466518
            ],
            [
              -121.0711302,
              38.9466568
            ],
            [
              -121.0711044,
              38.9466537
            ],
            [
              -121.0710891,
              38.9466493
            ],
            [
              -121.0710819,
              38.9466343
            ],
            [
              -121.0710835,
              38.946618
            ],
            [
              -121.0710899,
              38.9466055
            ],
            [
              -121.0711012,
              38.9465948
            ],
            [
              -121.0711149,
              38.9465898
            ],
            [
              -121.0711302,
              38.9465867
            ],
            [
              -121.0711479,
              38.9465923
            ],
            [
              -121.0711608,
              38.9466024
            ],
            [
              -121.0711681,
              38.946618
            ],
            [
              -121.0711664,
              38.946633
            ],
            [
              -121.0711584,
              38.9466456
            ]
          ]
        ]
      },
      "properties": {
        "course_id": "ridge_golf_course",
        "course_name": "Ridge Golf Course",
        "hole_number": 7,
        "feature_type": "tee_box",
        "name": "hole_7_tee_box_4",
        "feature-color": "#8b7355",
        "is_approximate": true,
        "source": "osm",
        "@id": "0e01ab78-e49a-4edc-9396-34c46f1172de",
        "osm_id": 675327286
      }
    },
    {
      "type": "Feature",
      "bbox": [
        -121.07200491059318,
        38.947188986366086,
        -121.07200491059318,
        38.947188986366086
      ],
      "geometry": {
        "type": "Point",
        "coordinates": [
          -121.07200491,
          38.94718899
        ]
      },
      "properties": {
        "course_id": "ridge_golf_course",
        "course_name": "Ridge Golf Course",
        "hole_number": 7,
        "feature_type": "tee_center",
        "name": "hole_7_tee_center",
        "feature-color": "#c8a055",
        "is_approximate": true,
        "source": "derived",
        "@id": "e16a88a2-8c0b-40ae-a766-4860b8111fe4"
      }
    },
    {
      "type": "Feature",
      "bbox": [
        -121.0715398,
        38.9472841,
        -121.0713918,
        38.9473906
      ],
      "geometry": {
        "type": "Polygon",
        "coordinates": [
          [
            [
              -121.0714438,
              38.9473906
            ],
            [
              -121.071429,
              38.9473858
            ],
            [
              -121.0714138,
              38.9473776
            ],
            [
              -121.0713995,
              38.9473698
            ],
            [
              -121.0713918,
              38.947362
            ],
            [
              -121.0713928,
              38.9473475
            ],
            [
              -121.0713961,
              38.9473368
            ],
            [
              -121.0713971,
              38.9473234
            ],
            [
              -121.0714038,
              38.9473119
            ],
            [
              -121.0714176,
              38.9472985
            ],
            [
              -121.0714333,
              38.9472896
            ],
            [
              -121.071451,
              38.9472844
            ],
            [
              -121.071471,
              38.9472841
            ],
            [
              -121.0714882,
              38.9472867
            ],
            [
              -121.0715059,
              38.9472918
            ],
            [
              -121.0715216,
              38.9473026
            ],
            [
              -121.0715336,
              38.9473119
            ],
            [
              -121.0715398,
              38.9473253
            ],
            [
              -121.0715383,
              38.9473397
            ],
            [
              -121.071534,
              38.9473483
            ],
            [
              -121.0715226,
              38.9473549
            ],
            [
              -121.0715059,
              38.9473627
            ],
            [
              -121.0714963,
              38.9473691
            ],
            [
              -121.0714858,
              38.9473768
            ],
            [
              -121.0714744,
              38.9473806
            ],
            [
              -121.0714629,
              38.9473869
            ],
            [
              -121.071451,
              38.9473906
            ],
            [
              -121.0714438,
              38.9473906
            ]
          ]
        ]
      },
      "properties": {
        "course_id": "ridge_golf_course",
        "course_name": "Ridge Golf Course",
        "hole_number": 8,
        "feature_type": "bunker",
        "name": "hole_8_bunker",
        "feature-color": "#d4b483",
        "is_approximate": true,
        "source": "osm",
        "@id": "79225e1c-77b1-4e6a-ba6e-168c67ceede2",
        "osm_id": 675328369
      }
    },
    {
      "type": "Feature",
      "bbox": [
        -121.0712553,
        38.9472562,
        -121.0710835,
        38.9473472
      ],
      "geometry": {
        "type": "Polygon",
        "coordinates": [
          [
            [
              -121.0712553,
              38.9473301
            ],
            [
              -121.0712496,
              38.9473379
            ],
            [
              -121.0712401,
              38.9473442
            ],
            [
              -121.0712286,
              38.9473468
            ],
            [
              -121.0712162,
              38.9473472
            ],
            [
              -121.0712062,
              38.9473449
            ],
            [
              -121.0712004,
              38.9473379
            ],
            [
              -121.0711976,
              38.9473304
            ],
            [
              -121.0711895,
              38.9473219
            ],
            [
              -121.0711818,
              38.9473175
            ],
            [
              -121.0711732,
              38.9473156
            ],
            [
              -121.0711608,
              38.9473171
            ],
            [
              -121.0711561,
              38.9473234
            ],
            [
              -121.0711522,
              38.9473297
            ],
            [
              -121.0711475,
              38.9473349
            ],
            [
              -121.0711389,
              38.9473375
            ],
            [
              -121.071126,
              38.9473379
            ],
            [
              -121.0711136,
              38.9473349
            ],
            [
              -121.0711002,
              38.9473308
            ],
            [
              -121.0710907,
              38.9473249
            ],
            [
              -121.071084,
              38.9473123
            ],
            [
              -121.0710835,
              38.9473015
            ],
            [
              -121.0710864,
              38.9472896
            ],
            [
              -121.0710926,
              38.9472803
            ],
            [
              -121.0711064,
              38.9472692
            ],
            [
              -121.0711226,
              38.9472622
            ],
            [
              -121.0711365,
              38.9472581
            ],
            [
              -121.0711513,
              38.9472566
            ],
            [
              -121.0711708,
              38.9472562
            ],
            [
              -121.071188,
              38.9472562
            ],
            [
              -121.0712023,
              38.9472592
            ],
            [
              -121.0712148,
              38.9472625
            ],
            [
              -121.0712253,
              38.9472681
            ],
            [
              -121.0712343,
              38.9472748
            ],
            [
              -121.0712424,
              38.9472863
            ],
            [
              -121.0712496,
              38.9472993
            ],
            [
              -121.0712544,
              38.9473134
            ],
            [
              -121.0712553,
              38.9473301
            ]
          ]
        ]
      },
      "properties": {
        "course_id": "ridge_golf_course",
        "course_name": "Ridge Golf Course",
        "hole_number": 8,
        "feature_type": "bunker",
        "name": "hole_8_bunker_2",
        "feature-color": "#d4b483",
        "is_approximate": true,
        "source": "osm",
        "@id": "75c1e1cc-acd9-4e2f-96fd-54e5c78cab4d",
        "osm_id": 675328370
      }
    },
    {
      "type": "Feature",
      "bbox": [
        -121.0711666,
        38.9473939,
        -121.0709112,
        38.9475669
      ],
      "geometry": {
        "type": "Polygon",
        "coordinates": [
          [
            [
              -121.0711666,
              38.9475001
            ],
            [
              -121.0711642,
              38.9475131
            ],
            [
              -121.0711613,
              38.9475261
            ],
            [
              -121.0711565,
              38.9475379
            ],
            [
              -121.0711456,
              38.9475487
            ],
            [
              -121.0711327,
              38.9475584
            ],
            [
              -121.0711169,
              38.9475647
            ],
            [
              -121.0711036,
              38.9475669
            ],
            [
              -121.0710873,
              38.9475628
            ],
            [
              -121.0710764,
              38.9475587
            ],
            [
              -121.0710635,
              38.9475524
            ],
            [
              -121.071053,
              38.9475428
            ],
            [
              -121.0710501,
              38.9475346
            ],
            [
              -121.0710482,
              38.9475235
            ],
            [
              -121.0710491,
              38.9475131
            ],
            [
              -121.0710491,
              38.9475068
            ],
            [
              -121.0710463,
              38.9475045
            ],
            [
              -121.0710434,
              38.947499
            ],
            [
              -121.0710434,
              38.9474908
            ],
            [
              -121.0710429,
              38.9474841
            ],
            [
              -121.0710372,
              38.9474767
            ],
            [
              -121.0710272,
              38.947473
            ],
            [
              -121.0710134,
              38.9474774
            ],
            [
              -121.0710081,
              38.9474834
            ],
            [
              -121.0710057,
              38.9474945
            ],
            [
              -121.0710033,
              38.9475012
            ],
            [
              -121.071,
              38.9475045
            ],
            [
              -121.0710014,
              38.9475116
            ],
            [
              -121.0710024,
              38.9475183
            ],
            [
              -121.0709981,
              38.9475227
            ],
            [
              -121.0709919,
              38.9475242
            ],
            [
              -121.0709842,
              38.9475249
            ],
            [
              -121.0709728,
              38.9475242
            ],
            [
              -121.0709594,
              38.947519
            ],
            [
              -121.0709489,
              38.9475131
            ],
            [
              -121.0709394,
              38.9475068
            ],
            [
              -121.0709294,
              38.947499
            ],
            [
              -121.0709203,
              38.9474871
            ],
            [
              -121.0709117,
              38.9474696
            ],
            [
              -121.0709112,
              38.9474529
            ],
            [
              -121.0709131,
              38.9474396
            ],
            [
              -121.0709174,
              38.9474277
            ],
            [
              -121.070926,
              38.9474154
            ],
            [
              -121.0709394,
              38.9474054
            ],
            [
              -121.0709537,
              38.947398
            ],
            [
              -121.0709694,
              38.9473939
            ],
            [
              -121.0709857,
              38.9473939
            ],
            [
              -121.0710062,
              38.9473939
            ],
            [
              -121.0710143,
              38.947395
            ],
            [
              -121.0710358,
              38.9474036
            ],
            [
              -121.0710506,
              38.9474121
            ],
            [
              -121.0710635,
              38.9474218
            ],
            [
              -121.0710768,
              38.9474296
            ],
            [
              -121.0710921,
              38.9474403
            ],
            [
              -121.0711079,
              38.94745
            ],
            [
              -121.0711298,
              38.9474667
            ],
            [
              -121.071147,
              38.94748
            ],
            [
              -121.0711618,
              38.9474904
            ],
            [
              -121.0711666,
              38.9475001
            ]
          ]
        ]
      },
      "properties": {
        "course_id": "ridge_golf_course",
        "course_name": "Ridge Golf Course",
        "hole_number": 8,
        "feature_type": "bunker",
        "name": "hole_8_bunker_3",
        "feature-color": "#d4b483",
        "is_approximate": true,
        "source": "osm",
        "@id": "7f38b62d-4e65-46cf-af8a-0bf045eebd53",
        "osm_id": 675328371
      }
    },
    {
      "type": "Feature",
      "bbox": [
        -121.0705304,
        38.9471635,
        -121.0702626,
        38.9472892
      ],
      "geometry": {
        "type": "Polygon",
        "coordinates": [
          [
            [
              -121.0705299,
              38.9472172
            ],
            [
              -121.0705304,
              38.947228
            ],
            [
              -121.0705294,
              38.9472395
            ],
            [
              -121.0705251,
              38.9472495
            ],
            [
              -121.0705146,
              38.9472633
            ],
            [
              -121.0705098,
              38.9472714
            ],
            [
              -121.0705013,
              38.9472781
            ],
            [
              -121.0704898,
              38.9472837
            ],
            [
              -121.0704779,
              38.9472852
            ],
            [
              -121.0704659,
              38.9472803
            ],
            [
              -121.0704559,
              38.947274
            ],
            [
              -121.0704454,
              38.947267
            ],
            [
              -121.0704344,
              38.947261
            ],
            [
              -121.0704301,
              38.9472558
            ],
            [
              -121.0704278,
              38.9472473
            ],
            [
              -121.0704239,
              38.9472403
            ],
            [
              -121.0704201,
              38.9472317
            ],
            [
              -121.0704158,
              38.9472261
            ],
            [
              -121.0704068,
              38.9472217
            ],
            [
              -121.0703939,
              38.9472228
            ],
            [
              -121.0703843,
              38.9472269
            ],
            [
              -121.0703805,
              38.9472362
            ],
            [
              -121.0703786,
              38.9472447
            ],
            [
              -121.070371,
              38.9472566
            ],
            [
              -121.0703662,
              38.947264
            ],
            [
              -121.0703581,
              38.9472733
            ],
            [
              -121.0703519,
              38.94728
            ],
            [
              -121.0703404,
              38.9472874
            ],
            [
              -121.0703318,
              38.9472892
            ],
            [
              -121.0703199,
              38.9472878
            ],
            [
              -121.0703051,
              38.9472848
            ],
            [
              -121.0702893,
              38.9472796
            ],
            [
              -121.0702793,
              38.9472751
            ],
            [
              -121.0702731,
              38.9472714
            ],
            [
              -121.0702684,
              38.9472614
            ],
            [
              -121.070265,
              38.9472514
            ],
            [
              -121.0702626,
              38.9472443
            ],
            [
              -121.0702626,
              38.9472388
            ],
            [
              -121.070266,
              38.9472317
            ],
            [
              -121.0702717,
              38.9472287
            ],
            [
              -121.0702746,
              38.9472269
            ],
            [
              -121.0702812,
              38.947228
            ],
            [
              -121.0702879,
              38.9472265
            ],
            [
              -121.070308,
              38.9472176
            ],
            [
              -121.0703137,
              38.9472132
            ],
            [
              -121.0703175,
              38.9472072
            ],
            [
              -121.0703204,
              38.9471939
            ],
            [
              -121.0703232,
              38.9471857
            ],
            [
              -121.0703266,
              38.9471816
            ],
            [
              -121.0703304,
              38.9471783
            ],
            [
              -121.0703385,
              38.9471746
            ],
            [
              -121.0703466,
              38.9471723
            ],
            [
              -121.0703557,
              38.947169
            ],
            [
              -121.070359,
              38.9471668
            ],
            [
              -121.0703662,
              38.947166
            ],
            [
              -121.070382,
              38.9471635
            ],
            [
              -121.0703978,
              38.947165
            ],
            [
              -121.0704135,
              38.9471688
            ],
            [
              -121.0704446,
              38.9471825
            ],
            [
              -121.0704644,
              38.9471926
            ],
            [
              -121.0704814,
              38.9471979
            ],
            [
              -121.0704981,
              38.9472025
            ],
            [
              -121.0705154,
              38.9472091
            ],
            [
              -121.0705299,
              38.9472172
            ]
          ]
        ]
      },
      "properties": {
        "course_id": "ridge_golf_course",
        "course_name": "Ridge Golf Course",
        "hole_number": 8,
        "feature_type": "bunker",
        "name": "hole_8_bunker_4",
        "feature-color": "#d4b483",
        "is_approximate": true,
        "source": "osm",
        "@id": "eb6829da-84a1-48a0-8c8b-0862221f4b05",
        "osm_id": 675328372
      }
    },
    {
      "type": "Feature",
      "bbox": [
        -121.0711914,
        38.9466317,
        -121.0695253,
        38.9474348
      ],
      "geometry": {
        "type": "Polygon",
        "coordinates": [
          [
            [
              -121.0711914,
              38.9473717
            ],
            [
              -121.0711417,
              38.9473609
            ],
            [
              -121.0711029,
              38.94735
            ],
            [
              -121.0710718,
              38.9473321
            ],
            [
              -121.0710499,
              38.9473095
            ],
            [
              -121.0710343,
              38.9472953
            ],
            [
              -121.0710046,
              38.9472797
            ],
            [
              -121.0709768,
              38.9472722
            ],
            [
              -121.0709164,
              38.947264
            ],
            [
              -121.0708521,
              38.9472536
            ],
            [
              -121.0707754,
              38.9472409
            ],
            [
              -121.0707323,
              38.9472267
            ],
            [
              -121.0707007,
              38.9472081
            ],
            [
              -121.0706777,
              38.9471857
            ],
            [
              -121.0706566,
              38.9471604
            ],
            [
              -121.0706374,
              38.9471305
            ],
            [
              -121.0706,
              38.9470262
            ],
            [
              -121.0705847,
              38.9470001
            ],
            [
              -121.0705655,
              38.9469837
            ],
            [
              -121.0705271,
              38.9469628
            ],
            [
              -121.0704984,
              38.9469494
            ],
            [
              -121.0704361,
              38.9469315
            ],
            [
              -121.0703709,
              38.9469218
            ],
            [
              -121.0703047,
              38.9469091
            ],
            [
              -121.0702549,
              38.9469009
            ],
            [
              -121.0702079,
              38.9468882
            ],
            [
              -121.0701437,
              38.9468673
            ],
            [
              -121.0700861,
              38.9468368
            ],
            [
              -121.0700056,
              38.9467823
            ],
            [
              -121.0699443,
              38.9467406
            ],
            [
              -121.0698589,
              38.9466929
            ],
            [
              -121.0697765,
              38.9466504
            ],
            [
              -121.0697333,
              38.9466355
            ],
            [
              -121.0696777,
              38.9466317
            ],
            [
              -121.0696317,
              38.9466399
            ],
            [
              -121.0695838,
              38.9466698
            ],
            [
              -121.0695512,
              38.9467026
            ],
            [
              -121.069533,
              38.9467331
            ],
            [
              -121.0695253,
              38.9467712
            ],
            [
              -121.0695368,
              38.9468107
            ],
            [
              -121.0695761,
              38.9468562
            ],
            [
              -121.0696193,
              38.946886
            ],
            [
              -121.0696739,
              38.9469188
            ],
            [
              -121.0697046,
              38.9469337
            ],
            [
              -121.0697611,
              38.9469546
            ],
            [
              -121.0698273,
              38.9469792
            ],
            [
              -121.0699097,
              38.9470187
            ],
            [
              -121.069996,
              38.9470642
            ],
            [
              -121.0700679,
              38.9471052
            ],
            [
              -121.070113,
              38.9471298
            ],
            [
              -121.0701408,
              38.9471402
            ],
            [
              -121.0701705,
              38.9471477
            ],
            [
              -121.0701935,
              38.9471492
            ],
            [
              -121.0702309,
              38.9471507
            ],
            [
              -121.0702846,
              38.9471447
            ],
            [
              -121.0703555,
              38.9471417
            ],
            [
              -121.0704131,
              38.9471432
            ],
            [
              -121.0704466,
              38.9471514
            ],
            [
              -121.0704917,
              38.9471671
            ],
            [
              -121.0705281,
              38.947185
            ],
            [
              -121.0705636,
              38.9472051
            ],
            [
              -121.070577,
              38.9472193
            ],
            [
              -121.0706029,
              38.9472588
            ],
            [
              -121.0706355,
              38.9473184
            ],
            [
              -121.0706777,
              38.9473572
            ],
            [
              -121.0707131,
              38.9473706
            ],
            [
              -121.0707448,
              38.9473803
            ],
            [
              -121.0707831,
              38.947387
            ],
            [
              -121.0708291,
              38.947387
            ],
            [
              -121.0708838,
              38.9473833
            ],
            [
              -121.070933,
              38.9473764
            ],
            [
              -121.0709689,
              38.9473713
            ],
            [
              -121.0710071,
              38.9473715
            ],
            [
              -121.0710373,
              38.9473768
            ],
            [
              -121.0710683,
              38.9473867
            ],
            [
              -121.0711054,
              38.9474087
            ],
            [
              -121.0711513,
              38.9474348
            ],
            [
              -121.0711389,
              38.9474236
            ],
            [
              -121.0711279,
              38.9474114
            ],
            [
              -121.0711222,
              38.9474017
            ],
            [
              -121.0711203,
              38.9473924
            ],
            [
              -121.0711217,
              38.9473835
            ],
            [
              -121.0711269,
              38.9473772
            ],
            [
              -121.0711379,
              38.9473731
            ],
            [
              -121.0711532,
              38.9473698
            ],
            [
              -121.0711608,
              38.9473683
            ],
            [
              -121.0711914,
              38.9473717
            ]
          ]
        ]
      },
      "properties": {
        "course_id": "ridge_golf_course",
        "course_name": "Ridge Golf Course",
        "hole_number": 8,
        "feature_type": "fairway",
        "name": "hole_8_fairway",
        "feature-color": "#4a7c3f",
        "is_approximate": true,
        "source": "osm",
        "@id": "ff6b7946-f5cd-460c-a62d-7411a879a50a",
        "osm_id": 675328373
      }
    },
    {
      "type": "Feature",
      "bbox": [
        -121.0714338,
        38.9473683,
        -121.0711203,
        38.9475457
      ],
      "geometry": {
        "type": "Polygon",
        "coordinates": [
          [
            [
              -121.0713805,
              38.9475445
            ],
            [
              -121.0713603,
              38.9475457
            ],
            [
              -121.0713455,
              38.9475442
            ],
            [
              -121.0713274,
              38.9475413
            ],
            [
              -121.0713121,
              38.9475387
            ],
            [
              -121.0712992,
              38.9475339
            ],
            [
              -121.0712849,
              38.9475275
            ],
            [
              -121.0712692,
              38.9475172
            ],
            [
              -121.0712486,
              38.9475016
            ],
            [
              -121.0712338,
              38.9474904
            ],
            [
              -121.0712157,
              38.9474789
            ],
            [
              -121.0712,
              38.9474682
            ],
            [
              -121.0711837,
              38.9474581
            ],
            [
              -121.0711666,
              38.9474451
            ],
            [
              -121.0711513,
              38.9474348
            ],
            [
              -121.0711389,
              38.9474236
            ],
            [
              -121.0711279,
              38.9474114
            ],
            [
              -121.0711222,
              38.9474017
            ],
            [
              -121.0711203,
              38.9473924
            ],
            [
              -121.0711217,
              38.9473835
            ],
            [
              -121.0711269,
              38.9473772
            ],
            [
              -121.0711379,
              38.9473731
            ],
            [
              -121.0711532,
              38.9473698
            ],
            [
              -121.0711608,
              38.9473683
            ],
            [
              -121.0711914,
              38.9473717
            ],
            [
              -121.071242,
              38.9473787
            ],
            [
              -121.0712792,
              38.9473865
            ],
            [
              -121.0713021,
              38.9473898
            ],
            [
              -121.0713388,
              38.9473976
            ],
            [
              -121.0713694,
              38.9474043
            ],
            [
              -121.0713909,
              38.947414
            ],
            [
              -121.071409,
              38.9474266
            ],
            [
              -121.071423,
              38.9474387
            ],
            [
              -121.071429,
              38.9474503
            ],
            [
              -121.0714338,
              38.9474652
            ],
            [
              -121.0714319,
              38.9474811
            ],
            [
              -121.0714281,
              38.9474971
            ],
            [
              -121.0714224,
              38.9475108
            ],
            [
              -121.0714143,
              38.9475227
            ],
            [
              -121.0714038,
              38.9475335
            ],
            [
              -121.0713947,
              38.9475405
            ],
            [
              -121.0713805,
              38.9475445
            ]
          ]
        ]
      },
      "properties": {
        "course_id": "ridge_golf_course",
        "course_name": "Ridge Golf Course",
        "hole_number": 8,
        "feature_type": "green",
        "name": "hole_8_green",
        "feature-color": "#2d6e2d",
        "is_approximate": true,
        "source": "osm",
        "@id": "d1eb09f9-1daf-40c8-afdb-918e89155df3",
        "osm_id": 675328368
      }
    },
    {
      "type": "Feature",
      "bbox": [
        -121.07142404700915,
        38.9475068413991,
        -121.07142404700915,
        38.9475068413991
      ],
      "geometry": {
        "type": "Point",
        "coordinates": [
          -121.07142405,
          38.94750684
        ]
      },
      "properties": {
        "course_id": "ridge_golf_course",
        "course_name": "Ridge Golf Course",
        "hole_number": 8,
        "feature_type": "green_back",
        "name": "hole_8_green_back",
        "feature-color": "#5aae5a",
        "is_approximate": true,
        "source": "derived",
        "@id": "d27f9f14-5b2a-4f4c-ba1e-bf70880d8ec4"
      }
    },
    {
      "type": "Feature",
      "bbox": [
        -121.07129168153251,
        38.94745197768838,
        -121.07129168153251,
        38.94745197768838
      ],
      "geometry": {
        "type": "Point",
        "coordinates": [
          -121.07129168,
          38.94745198
        ]
      },
      "properties": {
        "course_id": "ridge_golf_course",
        "course_name": "Ridge Golf Course",
        "hole_number": 8,
        "feature_type": "green_center",
        "name": "hole_8_green_center",
        "feature-color": "#5aae5a",
        "is_approximate": true,
        "source": "derived",
        "@id": "f03b5a0f-2c6a-4b16-8755-f63359aaddeb"
      }
    },
    {
      "type": "Feature",
      "bbox": [
        -121.07112291607714,
        38.94738202667578,
        -121.07112291607714,
        38.94738202667578
      ],
      "geometry": {
        "type": "Point",
        "coordinates": [
          -121.07112292,
          38.94738203
        ]
      },
      "properties": {
        "course_id": "ridge_golf_course",
        "course_name": "Ridge Golf Course",
        "hole_number": 8,
        "feature_type": "green_front",
        "name": "hole_8_green_front",
        "feature-color": "#5aae5a",
        "is_approximate": true,
        "source": "derived",
        "@id": "6ddfbeba-43eb-4860-84a6-6c8e1c52ffe5"
      }
    },
    {
      "type": "Feature",
      "bbox": [
        -121.0692401,
        38.9463716,
        -121.0691231,
        38.9464595
      ],
      "geometry": {
        "type": "Polygon",
        "coordinates": [
          [
            [
              -121.0692367,
              38.9464327
            ],
            [
              -121.0692212,
              38.9464442
            ],
            [
              -121.0692083,
              38.9464532
            ],
            [
              -121.0691894,
              38.946459
            ],
            [
              -121.0691704,
              38.9464595
            ],
            [
              -121.0691535,
              38.9464548
            ],
            [
              -121.0691366,
              38.9464448
            ],
            [
              -121.0691231,
              38.94643
            ],
            [
              -121.0691231,
              38.9464179
            ],
            [
              -121.0691265,
              38.9464042
            ],
            [
              -121.0691332,
              38.9463921
            ],
            [
              -121.0691488,
              38.9463811
            ],
            [
              -121.0691664,
              38.9463737
            ],
            [
              -121.0691907,
              38.9463716
            ],
            [
              -121.0692097,
              38.9463764
            ],
            [
              -121.0692239,
              38.9463827
            ],
            [
              -121.0692347,
              38.94639
            ],
            [
              -121.0692394,
              38.9464037
            ],
            [
              -121.0692401,
              38.9464169
            ],
            [
              -121.0692367,
              38.9464327
            ]
          ]
        ]
      },
      "properties": {
        "course_id": "ridge_golf_course",
        "course_name": "Ridge Golf Course",
        "hole_number": 8,
        "feature_type": "tee_box",
        "name": "hole_8_tee_box",
        "feature-color": "#8b7355",
        "is_approximate": true,
        "source": "osm",
        "@id": "e7576fa1-7971-42ad-84d1-6d9895d31265",
        "osm_id": 675328374
      }
    },
    {
      "type": "Feature",
      "bbox": [
        -121.06905,
        38.9463053,
        -121.0689181,
        38.9464
      ],
      "geometry": {
        "type": "Polygon",
        "coordinates": [
          [
            [
              -121.06905,
              38.9463558
            ],
            [
              -121.0690494,
              38.9463695
            ],
            [
              -121.0690433,
              38.9463837
            ],
            [
              -121.0690338,
              38.9463932
            ],
            [
              -121.0690236,
              38.9463985
            ],
            [
              -121.069004,
              38.9464
            ],
            [
              -121.0689851,
              38.9463974
            ],
            [
              -121.0689337,
              38.9463769
            ],
            [
              -121.0689235,
              38.9463616
            ],
            [
              -121.0689181,
              38.9463464
            ],
            [
              -121.0689195,
              38.9463264
            ],
            [
              -121.0689323,
              38.9463138
            ],
            [
              -121.0689445,
              38.946308
            ],
            [
              -121.0689662,
              38.9463053
            ],
            [
              -121.0689878,
              38.946308
            ],
            [
              -121.0690067,
              38.9463148
            ],
            [
              -121.0690318,
              38.9463243
            ],
            [
              -121.0690433,
              38.9463364
            ],
            [
              -121.06905,
              38.9463558
            ]
          ]
        ]
      },
      "properties": {
        "course_id": "ridge_golf_course",
        "course_name": "Ridge Golf Course",
        "hole_number": 8,
        "feature_type": "tee_box",
        "name": "hole_8_tee_box_2",
        "feature-color": "#8b7355",
        "is_approximate": true,
        "source": "osm",
        "@id": "453cf514-d3bf-4d2f-8dd1-476fd473a832",
        "osm_id": 675328375
      }
    },
    {
      "type": "Feature",
      "bbox": [
        -121.0684825,
        38.9461296,
        -121.0683114,
        38.9462569
      ],
      "geometry": {
        "type": "Polygon",
        "coordinates": [
          [
            [
              -121.0684622,
              38.9461696
            ],
            [
              -121.0684757,
              38.9461822
            ],
            [
              -121.0684825,
              38.9461991
            ],
            [
              -121.0684825,
              38.9462138
            ],
            [
              -121.0684737,
              38.9462343
            ],
            [
              -121.0684622,
              38.9462459
            ],
            [
              -121.0684446,
              38.9462543
            ],
            [
              -121.0684243,
              38.9462569
            ],
            [
              -121.0684074,
              38.9462543
            ],
            [
              -121.0683878,
              38.946247
            ],
            [
              -121.0683601,
              38.9462333
            ],
            [
              -121.0683371,
              38.946217
            ],
            [
              -121.0683208,
              38.946197
            ],
            [
              -121.0683114,
              38.9461791
            ],
            [
              -121.0683148,
              38.9461623
            ],
            [
              -121.0683202,
              38.9461496
            ],
            [
              -121.0683303,
              38.9461412
            ],
            [
              -121.0683438,
              38.9461349
            ],
            [
              -121.0683641,
              38.9461307
            ],
            [
              -121.0683851,
              38.9461296
            ],
            [
              -121.0684081,
              38.9461349
            ],
            [
              -121.0684318,
              38.9461454
            ],
            [
              -121.0684622,
              38.9461696
            ]
          ]
        ]
      },
      "properties": {
        "course_id": "ridge_golf_course",
        "course_name": "Ridge Golf Course",
        "hole_number": 8,
        "feature_type": "tee_box",
        "name": "hole_8_tee_box_3",
        "feature-color": "#8b7355",
        "is_approximate": true,
        "source": "osm",
        "@id": "cd41f8b0-1905-4ef1-ac0b-4f6449a04ece",
        "osm_id": 675328376
      }
    },
    {
      "type": "Feature",
      "bbox": [
        -121.068285,
        38.9460507,
        -121.0681612,
        38.9461465
      ],
      "geometry": {
        "type": "Polygon",
        "coordinates": [
          [
            [
              -121.0682843,
              38.9460881
            ],
            [
              -121.068285,
              38.9461007
            ],
            [
              -121.0682789,
              38.9461175
            ],
            [
              -121.0682715,
              38.9461307
            ],
            [
              -121.0682559,
              38.9461391
            ],
            [
              -121.0682383,
              38.9461449
            ],
            [
              -121.0682234,
              38.9461465
            ],
            [
              -121.0682045,
              38.9461433
            ],
            [
              -121.0681849,
              38.9461349
            ],
            [
              -121.0681727,
              38.9461265
            ],
            [
              -121.0681646,
              38.9461096
            ],
            [
              -121.0681612,
              38.9460918
            ],
            [
              -121.0681659,
              38.9460786
            ],
            [
              -121.0681761,
              38.9460676
            ],
            [
              -121.068195,
              38.946057
            ],
            [
              -121.0682153,
              38.9460528
            ],
            [
              -121.0682309,
              38.9460507
            ],
            [
              -121.0682478,
              38.9460534
            ],
            [
              -121.068264,
              38.9460581
            ],
            [
              -121.0682776,
              38.9460691
            ],
            [
              -121.0682843,
              38.9460881
            ]
          ]
        ]
      },
      "properties": {
        "course_id": "ridge_golf_course",
        "course_name": "Ridge Golf Course",
        "hole_number": 8,
        "feature_type": "tee_box",
        "name": "hole_8_tee_box_4",
        "feature-color": "#8b7355",
        "is_approximate": true,
        "source": "osm",
        "@id": "e776adf6-34c1-494b-b5e3-6ea84996fc5b",
        "osm_id": 675328377
      }
    },
    {
      "type": "Feature",
      "bbox": [
        -121.0680827,
        38.9459739,
        -121.0679705,
        38.9460549
      ],
      "geometry": {
        "type": "Polygon",
        "coordinates": [
          [
            [
              -121.0680827,
              38.946005
            ],
            [
              -121.068076,
              38.9460202
            ],
            [
              -121.0680557,
              38.9460397
            ],
            [
              -121.0680483,
              38.946047
            ],
            [
              -121.0680334,
              38.9460518
            ],
            [
              -121.0680212,
              38.9460549
            ],
            [
              -121.0680002,
              38.9460528
            ],
            [
              -121.067984,
              38.9460449
            ],
            [
              -121.0679732,
              38.9460297
            ],
            [
              -121.0679705,
              38.9460176
            ],
            [
              -121.0679779,
              38.9460023
            ],
            [
              -121.0679887,
              38.9459897
            ],
            [
              -121.0680023,
              38.9459839
            ],
            [
              -121.0680185,
              38.9459787
            ],
            [
              -121.0680388,
              38.9459744
            ],
            [
              -121.0680591,
              38.9459739
            ],
            [
              -121.0680746,
              38.9459823
            ],
            [
              -121.06808,
              38.9459923
            ],
            [
              -121.0680827,
              38.946005
            ]
          ]
        ]
      },
      "properties": {
        "course_id": "ridge_golf_course",
        "course_name": "Ridge Golf Course",
        "hole_number": 8,
        "feature_type": "tee_box",
        "name": "hole_8_tee_box_5",
        "feature-color": "#8b7355",
        "is_approximate": true,
        "source": "osm",
        "@id": "477682e5-d429-4c76-bf1b-b1388ccf9f20",
        "osm_id": 675328378
      }
    },
    {
      "type": "Feature",
      "bbox": [
        -121.06802670708481,
        38.94601345056951,
        -121.06802670708481,
        38.94601345056951
      ],
      "geometry": {
        "type": "Point",
        "coordinates": [
          -121.06802671,
          38.94601345
        ]
      },
      "properties": {
        "course_id": "ridge_golf_course",
        "course_name": "Ridge Golf Course",
        "hole_number": 8,
        "feature_type": "tee_center",
        "name": "hole_8_tee_center",
        "feature-color": "#c8a055",
        "is_approximate": true,
        "source": "derived",
        "@id": "a6d32cab-0284-4797-8aa9-40907b224359"
      }
    },
    {
      "type": "Feature",
      "bbox": [
        -121.0770766,
        38.9468933,
        -121.0768728,
        38.9470682
      ],
      "geometry": {
        "type": "Polygon",
        "coordinates": [
          [
            [
              -121.0770684,
              38.946934
            ],
            [
              -121.0770745,
              38.946961
            ],
            [
              -121.0770766,
              38.9469689
            ],
            [
              -121.0770698,
              38.9469789
            ],
            [
              -121.0770589,
              38.9469905
            ],
            [
              -121.0770467,
              38.9469995
            ],
            [
              -121.0770331,
              38.9470022
            ],
            [
              -121.0770195,
              38.946999
            ],
            [
              -121.0770019,
              38.9469826
            ],
            [
              -121.0769862,
              38.9469736
            ],
            [
              -121.0769679,
              38.9469731
            ],
            [
              -121.0769584,
              38.9469752
            ],
            [
              -121.0769529,
              38.9469794
            ],
            [
              -121.0769563,
              38.946989
            ],
            [
              -121.0769631,
              38.9469958
            ],
            [
              -121.0769733,
              38.9470022
            ],
            [
              -121.0769855,
              38.9470069
            ],
            [
              -121.0769951,
              38.9470117
            ],
            [
              -121.0769991,
              38.9470191
            ],
            [
              -121.0769991,
              38.9470333
            ],
            [
              -121.076993,
              38.9470471
            ],
            [
              -121.0769815,
              38.9470561
            ],
            [
              -121.0769713,
              38.947064
            ],
            [
              -121.0769543,
              38.9470682
            ],
            [
              -121.0769305,
              38.9470682
            ],
            [
              -121.0769108,
              38.947065
            ],
            [
              -121.0768999,
              38.9470571
            ],
            [
              -121.0768911,
              38.9470444
            ],
            [
              -121.0768843,
              38.9470291
            ],
            [
              -121.0768775,
              38.947009
            ],
            [
              -121.0768741,
              38.9469847
            ],
            [
              -121.0768728,
              38.9469567
            ],
            [
              -121.0768796,
              38.9469419
            ],
            [
              -121.0768938,
              38.9469266
            ],
            [
              -121.0769142,
              38.9469166
            ],
            [
              -121.0769461,
              38.9469039
            ],
            [
              -121.0769733,
              38.9468954
            ],
            [
              -121.0769937,
              38.9468933
            ],
            [
              -121.0770073,
              38.9468949
            ],
            [
              -121.077029,
              38.9469039
            ],
            [
              -121.077048,
              38.9469123
            ],
            [
              -121.0770616,
              38.9469219
            ],
            [
              -121.0770684,
              38.946934
            ]
          ]
        ]
      },
      "properties": {
        "course_id": "ridge_golf_course",
        "course_name": "Ridge Golf Course",
        "hole_number": 9,
        "feature_type": "bunker",
        "name": "hole_9_bunker",
        "feature-color": "#d4b483",
        "is_approximate": true,
        "source": "osm",
        "@id": "9e771573-0505-42fe-ad7a-48650adab3cb",
        "osm_id": 675332185
      }
    },
    {
      "type": "Feature",
      "bbox": [
        -121.076912,
        38.9468386,
        -121.0729125,
        38.9479642
      ],
      "geometry": {
        "type": "Polygon",
        "coordinates": [
          [
            [
              -121.076912,
              38.9468912
            ],
            [
              -121.0768904,
              38.9468981
            ],
            [
              -121.076868,
              38.9469076
            ],
            [
              -121.0768476,
              38.9469108
            ],
            [
              -121.0768293,
              38.9469097
            ],
            [
              -121.076813,
              38.946905
            ],
            [
              -121.0768033,
              38.9468965
            ],
            [
              -121.0767987,
              38.9468817
            ],
            [
              -121.076796,
              38.9468674
            ],
            [
              -121.0767987,
              38.9468489
            ],
            [
              -121.0767838,
              38.9468803
            ],
            [
              -121.0767702,
              38.9469034
            ],
            [
              -121.0767473,
              38.9469372
            ],
            [
              -121.0767154,
              38.9469647
            ],
            [
              -121.0766846,
              38.9469807
            ],
            [
              -121.0766538,
              38.9469949
            ],
            [
              -121.0766138,
              38.9470091
            ],
            [
              -121.0765704,
              38.9470224
            ],
            [
              -121.0765237,
              38.9470286
            ],
            [
              -121.07647,
              38.9470322
            ],
            [
              -121.0764164,
              38.947033
            ],
            [
              -121.076365,
              38.9470313
            ],
            [
              -121.0763136,
              38.9470242
            ],
            [
              -121.0762509,
              38.9470029
            ],
            [
              -121.076018,
              38.9468901
            ],
            [
              -121.0759655,
              38.9468662
            ],
            [
              -121.0759279,
              38.946852
            ],
            [
              -121.0758788,
              38.9468431
            ],
            [
              -121.0758309,
              38.9468386
            ],
            [
              -121.0757544,
              38.9468449
            ],
            [
              -121.0756859,
              38.9468564
            ],
            [
              -121.0756243,
              38.946875
            ],
            [
              -121.075541,
              38.9469141
            ],
            [
              -121.0753682,
              38.946993
            ],
            [
              -121.0752175,
              38.9470618
            ],
            [
              -121.0749984,
              38.9471572
            ],
            [
              -121.0749681,
              38.9471714
            ],
            [
              -121.074931,
              38.9471856
            ],
            [
              -121.074895,
              38.9471973
            ],
            [
              -121.0745275,
              38.9473038
            ],
            [
              -121.0742707,
              38.9473712
            ],
            [
              -121.0740162,
              38.9474405
            ],
            [
              -121.073805,
              38.9475035
            ],
            [
              -121.0735003,
              38.947594
            ],
            [
              -121.0732549,
              38.9476704
            ],
            [
              -121.0730666,
              38.9477245
            ],
            [
              -121.0730164,
              38.9477405
            ],
            [
              -121.0729741,
              38.9477644
            ],
            [
              -121.0729285,
              38.9477946
            ],
            [
              -121.0729125,
              38.9478275
            ],
            [
              -121.0729159,
              38.9478639
            ],
            [
              -121.0729285,
              38.9479011
            ],
            [
              -121.0729559,
              38.9479269
            ],
            [
              -121.0730072,
              38.9479491
            ],
            [
              -121.0730392,
              38.9479588
            ],
            [
              -121.0730575,
              38.9479633
            ],
            [
              -121.0730757,
              38.9479642
            ],
            [
              -121.0731088,
              38.947958
            ],
            [
              -121.0731842,
              38.9479411
            ],
            [
              -121.0732367,
              38.9479216
            ],
            [
              -121.0733006,
              38.9479038
            ],
            [
              -121.0733496,
              38.9478905
            ],
            [
              -121.0735037,
              38.9478807
            ],
            [
              -121.0735973,
              38.9478736
            ],
            [
              -121.0736704,
              38.947871
            ],
            [
              -121.0737548,
              38.947871
            ],
            [
              -121.073853,
              38.9478683
            ],
            [
              -121.0739374,
              38.947855
            ],
            [
              -121.0740036,
              38.9478363
            ],
            [
              -121.0740607,
              38.9478142
            ],
            [
              -121.0741155,
              38.9477849
            ],
            [
              -121.0741474,
              38.9477698
            ],
            [
              -121.0741942,
              38.9477467
            ],
            [
              -121.0742364,
              38.9477236
            ],
            [
              -121.0742878,
              38.9476926
            ],
            [
              -121.0743449,
              38.9476428
            ],
            [
              -121.0744168,
              38.9475772
            ],
            [
              -121.0744693,
              38.9475177
            ],
            [
              -121.0745012,
              38.9474866
            ],
            [
              -121.0745366,
              38.9474556
            ],
            [
              -121.0745697,
              38.9474405
            ],
            [
              -121.0746005,
              38.9474307
            ],
            [
              -121.0747181,
              38.9474174
            ],
            [
              -121.0748143,
              38.9474043
            ],
            [
              -121.074864,
              38.9473948
            ],
            [
              -121.074893,
              38.9473885
            ],
            [
              -121.0749232,
              38.9473807
            ],
            [
              -121.0749496,
              38.9473724
            ],
            [
              -121.0749775,
              38.9473613
            ],
            [
              -121.0749995,
              38.9473521
            ],
            [
              -121.0750235,
              38.9473428
            ],
            [
              -121.0750458,
              38.9473329
            ],
            [
              -121.0750682,
              38.9473238
            ],
            [
              -121.0750953,
              38.9473135
            ],
            [
              -121.0751398,
              38.9473024
            ],
            [
              -121.0752065,
              38.9472898
            ],
            [
              -121.0752772,
              38.9472787
            ],
            [
              -121.075332,
              38.9472679
            ],
            [
              -121.0753982,
              38.9472509
            ],
            [
              -121.0755341,
              38.9472182
            ],
            [
              -121.0755961,
              38.9472071
            ],
            [
              -121.075638,
              38.9472028
            ],
            [
              -121.0756923,
              38.9472012
            ],
            [
              -121.0757886,
              38.9472004
            ],
            [
              -121.0759194,
              38.9472028
            ],
            [
              -121.0760242,
              38.9472084
            ],
            [
              -121.0760841,
              38.9472156
            ],
            [
              -121.0761311,
              38.9472252
            ],
            [
              -121.0761746,
              38.947237
            ],
            [
              -121.076213,
              38.9472457
            ],
            [
              -121.0762532,
              38.9472501
            ],
            [
              -121.0762968,
              38.947252
            ],
            [
              -121.0763544,
              38.9472536
            ],
            [
              -121.0763991,
              38.9472537
            ],
            [
              -121.0764504,
              38.9472531
            ],
            [
              -121.0764982,
              38.9472485
            ],
            [
              -121.0765536,
              38.9472394
            ],
            [
              -121.0766241,
              38.9472224
            ],
            [
              -121.0766834,
              38.9472094
            ],
            [
              -121.0767193,
              38.9471983
            ],
            [
              -121.0767409,
              38.9471913
            ],
            [
              -121.0767565,
              38.9471845
            ],
            [
              -121.0767706,
              38.9471762
            ],
            [
              -121.0767832,
              38.9471676
            ],
            [
              -121.0767952,
              38.9471561
            ],
            [
              -121.0768062,
              38.9471439
            ],
            [
              -121.0768143,
              38.9471301
            ],
            [
              -121.07683,
              38.947096
            ],
            [
              -121.0768358,
              38.9470529
            ],
            [
              -121.0768363,
              38.9469975
            ],
            [
              -121.0768435,
              38.9469513
            ],
            [
              -121.0768548,
              38.946929
            ],
            [
              -121.0768741,
              38.9469128
            ],
            [
              -121.076912,
              38.9468912
            ]
          ]
        ]
      },
      "properties": {
        "course_id": "ridge_golf_course",
        "course_name": "Ridge Golf Course",
        "hole_number": 9,
        "feature_type": "fairway",
        "name": "hole_9_fairway",
        "feature-color": "#4a7c3f",
        "is_approximate": true,
        "source": "osm",
        "@id": "dc0f74d5-2578-4814-ac7a-51bd2b0ec0b4",
        "osm_id": 675332183
      }
    },
    {
      "type": "Feature",
      "bbox": [
        -121.0771227,
        38.9467311,
        -121.076942,
        38.9468975
      ],
      "geometry": {
        "type": "Polygon",
        "coordinates": [
          [
            [
              -121.077067,
              38.9468016
            ],
            [
              -121.0770932,
              38.9468089
            ],
            [
              -121.0771153,
              38.9468209
            ],
            [
              -121.0771227,
              38.9468375
            ],
            [
              -121.0771193,
              38.9468589
            ],
            [
              -121.07711,
              38.946879
            ],
            [
              -121.0770982,
              38.9468866
            ],
            [
              -121.0770845,
              38.9468939
            ],
            [
              -121.0770674,
              38.9468975
            ],
            [
              -121.0770466,
              38.9468928
            ],
            [
              -121.0770281,
              38.9468832
            ],
            [
              -121.07701,
              38.9468771
            ],
            [
              -121.0769859,
              38.946873
            ],
            [
              -121.0769651,
              38.946872
            ],
            [
              -121.076942,
              38.9468769
            ],
            [
              -121.0769679,
              38.9468658
            ],
            [
              -121.0769821,
              38.9468558
            ],
            [
              -121.0769957,
              38.9468437
            ],
            [
              -121.0770073,
              38.9468289
            ],
            [
              -121.0770127,
              38.9468141
            ],
            [
              -121.0770161,
              38.9467993
            ],
            [
              -121.0770167,
              38.9467812
            ],
            [
              -121.077012,
              38.9467602
            ],
            [
              -121.0770025,
              38.9467311
            ],
            [
              -121.0770144,
              38.9467481
            ],
            [
              -121.0770237,
              38.9467651
            ],
            [
              -121.0770331,
              38.9467784
            ],
            [
              -121.0770482,
              38.9467927
            ],
            [
              -121.077067,
              38.9468016
            ]
          ]
        ]
      },
      "properties": {
        "course_id": "ridge_golf_course",
        "course_name": "Ridge Golf Course",
        "hole_number": 9,
        "feature_type": "fairway",
        "name": "hole_9_fairway_2",
        "feature-color": "#4a7c3f",
        "is_approximate": true,
        "source": "osm",
        "@id": "9e00cf8d-0b36-47fb-99ee-c225b00a6851",
        "osm_id": 1120655678
      }
    },
    {
      "type": "Feature",
      "bbox": [
        -121.0770167,
        38.9466138,
        -121.0767838,
        38.9469108
      ],
      "geometry": {
        "type": "Polygon",
        "coordinates": [
          [
            [
              -121.0770127,
              38.9468141
            ],
            [
              -121.0770073,
              38.9468289
            ],
            [
              -121.0769957,
              38.9468437
            ],
            [
              -121.0769821,
              38.9468558
            ],
            [
              -121.0769679,
              38.9468658
            ],
            [
              -121.076942,
              38.9468769
            ],
            [
              -121.076912,
              38.9468912
            ],
            [
              -121.0768904,
              38.9468981
            ],
            [
              -121.076868,
              38.9469076
            ],
            [
              -121.0768476,
              38.9469108
            ],
            [
              -121.0768293,
              38.9469097
            ],
            [
              -121.076813,
              38.946905
            ],
            [
              -121.0768033,
              38.9468965
            ],
            [
              -121.0767987,
              38.9468817
            ],
            [
              -121.076796,
              38.9468674
            ],
            [
              -121.0767987,
              38.9468489
            ],
            [
              -121.0768008,
              38.946832
            ],
            [
              -121.076804,
              38.9468188
            ],
            [
              -121.0768089,
              38.9468083
            ],
            [
              -121.076809,
              38.946794
            ],
            [
              -121.0768021,
              38.9467686
            ],
            [
              -121.0767953,
              38.9467406
            ],
            [
              -121.0767899,
              38.9467153
            ],
            [
              -121.0767858,
              38.9466994
            ],
            [
              -121.0767838,
              38.946683
            ],
            [
              -121.0767872,
              38.9466619
            ],
            [
              -121.076796,
              38.9466455
            ],
            [
              -121.0768096,
              38.9466318
            ],
            [
              -121.0768273,
              38.9466249
            ],
            [
              -121.0768585,
              38.946618
            ],
            [
              -121.0768825,
              38.9466161
            ],
            [
              -121.0769122,
              38.9466138
            ],
            [
              -121.0769448,
              38.9466165
            ],
            [
              -121.0769706,
              38.9466249
            ],
            [
              -121.0769815,
              38.9466349
            ],
            [
              -121.0769903,
              38.9466519
            ],
            [
              -121.076996,
              38.946701
            ],
            [
              -121.0770025,
              38.9467311
            ],
            [
              -121.077012,
              38.9467602
            ],
            [
              -121.0770167,
              38.9467812
            ],
            [
              -121.0770161,
              38.9467993
            ],
            [
              -121.0770127,
              38.9468141
            ]
          ]
        ]
      },
      "properties": {
        "course_id": "ridge_golf_course",
        "course_name": "Ridge Golf Course",
        "hole_number": 9,
        "feature_type": "green",
        "name": "hole_9_green",
        "feature-color": "#2d6e2d",
        "is_approximate": true,
        "source": "osm",
        "@id": "82f076ce-c0af-4b4a-be1c-8481471988d0",
        "osm_id": 675332186
      }
    },
    {
      "type": "Feature",
      "bbox": [
        -121.0769995705977,
        38.946717534614024,
        -121.0769995705977,
        38.946717534614024
      ],
      "geometry": {
        "type": "Point",
        "coordinates": [
          -121.07699957,
          38.94671753
        ]
      },
      "properties": {
        "course_id": "ridge_golf_course",
        "course_name": "Ridge Golf Course",
        "hole_number": 9,
        "feature_type": "green_back",
        "name": "hole_9_green_back",
        "feature-color": "#5aae5a",
        "is_approximate": true,
        "source": "derived",
        "@id": "5860bbb0-dee4-45d9-90bf-a9609c2c7477"
      }
    },
    {
      "type": "Feature",
      "bbox": [
        -121.07689570971009,
        38.946756145842215,
        -121.07689570971009,
        38.946756145842215
      ],
      "geometry": {
        "type": "Point",
        "coordinates": [
          -121.07689571,
          38.94675615
        ]
      },
      "properties": {
        "course_id": "ridge_golf_course",
        "course_name": "Ridge Golf Course",
        "hole_number": 9,
        "feature_type": "green_center",
        "name": "hole_9_green_center",
        "feature-color": "#5aae5a",
        "is_approximate": true,
        "source": "derived",
        "@id": "0d2a6206-c565-4994-be8b-6e698038ea3b"
      }
    },
    {
      "type": "Feature",
      "bbox": [
        -121.07680761358287,
        38.946788896377555,
        -121.07680761358287,
        38.946788896377555
      ],
      "geometry": {
        "type": "Point",
        "coordinates": [
          -121.07680761,
          38.9467889
        ]
      },
      "properties": {
        "course_id": "ridge_golf_course",
        "course_name": "Ridge Golf Course",
        "hole_number": 9,
        "feature_type": "green_front",
        "name": "hole_9_green_front",
        "feature-color": "#5aae5a",
        "is_approximate": true,
        "source": "derived",
        "@id": "b434f0d9-bd3b-4718-bec7-3841eecf681a"
      }
    },
    {
      "type": "Feature",
      "bbox": [
        -121.0713942,
        38.9482654,
        -121.0712948,
        38.9483648
      ],
      "geometry": {
        "type": "Polygon",
        "coordinates": [
          [
            [
              -121.0713914,
              38.9483131
            ],
            [
              -121.0713931,
              38.9483211
            ],
            [
              -121.0713942,
              38.9483347
            ],
            [
              -121.0713902,
              38.9483476
            ],
            [
              -121.07138,
              38.9483564
            ],
            [
              -121.0713721,
              38.9483613
            ],
            [
              -121.0713584,
              38.9483648
            ],
            [
              -121.0713454,
              38.9483635
            ],
            [
              -121.0713329,
              38.9483595
            ],
            [
              -121.0713226,
              38.9483551
            ],
            [
              -121.0713164,
              38.948348
            ],
            [
              -121.0713079,
              38.9483383
            ],
            [
              -121.071301,
              38.9483272
            ],
            [
              -121.0712965,
              38.948314
            ],
            [
              -121.0712948,
              38.9483003
            ],
            [
              -121.0712988,
              38.9482866
            ],
            [
              -121.0713067,
              38.9482786
            ],
            [
              -121.0713147,
              38.948272
            ],
            [
              -121.0713238,
              38.9482671
            ],
            [
              -121.0713351,
              38.9482654
            ],
            [
              -121.0713482,
              38.9482676
            ],
            [
              -121.0713596,
              38.9482716
            ],
            [
              -121.0713709,
              38.9482786
            ],
            [
              -121.071384,
              38.948295
            ],
            [
              -121.0713914,
              38.9483131
            ]
          ]
        ]
      },
      "properties": {
        "course_id": "ridge_golf_course",
        "course_name": "Ridge Golf Course",
        "hole_number": 9,
        "feature_type": "tee_box",
        "name": "hole_9_tee_box",
        "feature-color": "#8b7355",
        "is_approximate": true,
        "source": "osm",
        "@id": "33995083-956f-4f40-adad-16a71e5e1c93",
        "osm_id": 675332178
      }
    },
    {
      "type": "Feature",
      "bbox": [
        -121.0716135,
        38.9482053,
        -121.0714965,
        38.9483352
      ],
      "geometry": {
        "type": "Polygon",
        "coordinates": [
          [
            [
              -121.0716118,
              38.9482866
            ],
            [
              -121.0716135,
              38.9483012
            ],
            [
              -121.0716118,
              38.9483118
            ],
            [
              -121.0716044,
              38.9483224
            ],
            [
              -121.0715942,
              38.9483303
            ],
            [
              -121.07158,
              38.9483352
            ],
            [
              -121.0715584,
              38.9483347
            ],
            [
              -121.0715414,
              38.9483308
            ],
            [
              -121.071526,
              38.9483211
            ],
            [
              -121.071513,
              38.9483074
            ],
            [
              -121.071505,
              38.9482919
            ],
            [
              -121.0714976,
              38.9482694
            ],
            [
              -121.0714965,
              38.9482534
            ],
            [
              -121.0715005,
              38.9482362
            ],
            [
              -121.071505,
              38.9482278
            ],
            [
              -121.0715187,
              38.9482168
            ],
            [
              -121.0715317,
              38.9482084
            ],
            [
              -121.0715454,
              38.9482053
            ],
            [
              -121.0715584,
              38.948207
            ],
            [
              -121.0715698,
              38.9482115
            ],
            [
              -121.0715755,
              38.9482154
            ],
            [
              -121.0715885,
              38.948238
            ],
            [
              -121.0716027,
              38.9482636
            ],
            [
              -121.0716118,
              38.9482866
            ]
          ]
        ]
      },
      "properties": {
        "course_id": "ridge_golf_course",
        "course_name": "Ridge Golf Course",
        "hole_number": 9,
        "feature_type": "tee_box",
        "name": "hole_9_tee_box_2",
        "feature-color": "#8b7355",
        "is_approximate": true,
        "source": "osm",
        "@id": "ef8edef6-984b-4a97-b0b7-d2797bdafe65",
        "osm_id": 675332179
      }
    },
    {
      "type": "Feature",
      "bbox": [
        -121.0718096,
        38.9481487,
        -121.0716959,
        38.9482901
      ],
      "geometry": {
        "type": "Polygon",
        "coordinates": [
          [
            [
              -121.0718096,
              38.9482455
            ],
            [
              -121.0718096,
              38.9482579
            ],
            [
              -121.0718044,
              38.9482733
            ],
            [
              -121.0717925,
              38.9482844
            ],
            [
              -121.0717783,
              38.9482888
            ],
            [
              -121.0717658,
              38.9482901
            ],
            [
              -121.0717556,
              38.9482884
            ],
            [
              -121.0717408,
              38.9482808
            ],
            [
              -121.0717221,
              38.9482579
            ],
            [
              -121.0717073,
              38.9482397
            ],
            [
              -121.0716999,
              38.9482238
            ],
            [
              -121.0716971,
              38.9482084
            ],
            [
              -121.0716959,
              38.9481938
            ],
            [
              -121.0716999,
              38.9481805
            ],
            [
              -121.0717062,
              38.9481686
            ],
            [
              -121.0717147,
              38.9481598
            ],
            [
              -121.07173,
              38.9481518
            ],
            [
              -121.0717493,
              38.9481487
            ],
            [
              -121.0717624,
              38.9481523
            ],
            [
              -121.0717726,
              38.9481576
            ],
            [
              -121.0717772,
              38.948162
            ],
            [
              -121.0717834,
              38.9481766
            ],
            [
              -121.0717942,
              38.9482004
            ],
            [
              -121.0718027,
              38.9482203
            ],
            [
              -121.0718096,
              38.9482455
            ]
          ]
        ]
      },
      "properties": {
        "course_id": "ridge_golf_course",
        "course_name": "Ridge Golf Course",
        "hole_number": 9,
        "feature_type": "tee_box",
        "name": "hole_9_tee_box_3",
        "feature-color": "#8b7355",
        "is_approximate": true,
        "source": "osm",
        "@id": "a1c24c0f-b1a4-4fd3-a7ec-2b2c85ad09ee",
        "osm_id": 675332180
      }
    },
    {
      "type": "Feature",
      "bbox": [
        -121.0719993,
        38.9480824,
        -121.0719039,
        38.9482048
      ],
      "geometry": {
        "type": "Polygon",
        "coordinates": [
          [
            [
              -121.0719885,
              38.9481319
            ],
            [
              -121.0719937,
              38.9481456
            ],
            [
              -121.0719982,
              38.9481611
            ],
            [
              -121.0719993,
              38.9481748
            ],
            [
              -121.0719976,
              38.948188
            ],
            [
              -121.0719919,
              38.9481969
            ],
            [
              -121.0719806,
              38.9482026
            ],
            [
              -121.0719635,
              38.9482048
            ],
            [
              -121.0719533,
              38.9482048
            ],
            [
              -121.071938,
              38.9481991
            ],
            [
              -121.07193,
              38.948188
            ],
            [
              -121.0719198,
              38.9481704
            ],
            [
              -121.071913,
              38.9481474
            ],
            [
              -121.0719073,
              38.9481319
            ],
            [
              -121.0719039,
              38.9481138
            ],
            [
              -121.0719056,
              38.9481019
            ],
            [
              -121.0719101,
              38.9480935
            ],
            [
              -121.0719192,
              38.9480869
            ],
            [
              -121.0719277,
              38.9480833
            ],
            [
              -121.0719425,
              38.9480824
            ],
            [
              -121.071955,
              38.9480838
            ],
            [
              -121.0719635,
              38.9480891
            ],
            [
              -121.0719738,
              38.9480992
            ],
            [
              -121.0719806,
              38.948112
            ],
            [
              -121.0719885,
              38.9481319
            ]
          ]
        ]
      },
      "properties": {
        "course_id": "ridge_golf_course",
        "course_name": "Ridge Golf Course",
        "hole_number": 9,
        "feature_type": "tee_box",
        "name": "hole_9_tee_box_4",
        "feature-color": "#8b7355",
        "is_approximate": true,
        "source": "osm",
        "@id": "ecccbf46-e3f7-4eba-a413-c5c6c7557d39",
        "osm_id": 675332181
      }
    },
    {
      "type": "Feature",
      "bbox": [
        -121.0721971,
        38.9480338,
        -121.0721079,
        38.9481226
      ],
      "geometry": {
        "type": "Polygon",
        "coordinates": [
          [
            [
              -121.0721971,
              38.9480829
            ],
            [
              -121.0721937,
              38.9480983
            ],
            [
              -121.0721834,
              38.9481125
            ],
            [
              -121.0721709,
              38.9481204
            ],
            [
              -121.0721522,
              38.9481226
            ],
            [
              -121.0721346,
              38.9481182
            ],
            [
              -121.0721215,
              38.9481067
            ],
            [
              -121.0721096,
              38.9480899
            ],
            [
              -121.0721079,
              38.9480723
            ],
            [
              -121.0721101,
              38.9480555
            ],
            [
              -121.0721158,
              38.9480444
            ],
            [
              -121.072126,
              38.9480382
            ],
            [
              -121.0721391,
              38.9480338
            ],
            [
              -121.0721533,
              38.9480338
            ],
            [
              -121.0721669,
              38.9480387
            ],
            [
              -121.0721806,
              38.9480475
            ],
            [
              -121.0721902,
              38.9480621
            ],
            [
              -121.0721948,
              38.9480718
            ],
            [
              -121.0721971,
              38.9480829
            ]
          ]
        ]
      },
      "properties": {
        "course_id": "ridge_golf_course",
        "course_name": "Ridge Golf Course",
        "hole_number": 9,
        "feature_type": "tee_box",
        "name": "hole_9_tee_box_5",
        "feature-color": "#8b7355",
        "is_approximate": true,
        "source": "osm",
        "@id": "77d65185-10e5-4b58-9c3e-fa3ebfc6df7a",
        "osm_id": 675332182
      }
    },
    {
      "type": "Feature",
      "bbox": [
        -121.07134492156379,
        38.94831535858234,
        -121.07134492156379,
        38.94831535858234
      ],
      "geometry": {
        "type": "Point",
        "coordinates": [
          -121.07134492,
          38.94831536
        ]
      },
      "properties": {
        "course_id": "ridge_golf_course",
        "course_name": "Ridge Golf Course",
        "hole_number": 9,
        "feature_type": "tee_center",
        "name": "hole_9_tee_center",
        "feature-color": "#c8a055",
        "is_approximate": true,
        "source": "derived",
        "@id": "5a28516a-7f27-4986-a16a-94a1e2fd7ca9"
      }
    },
    {
      "type": "Feature",
      "bbox": [
        -121.077035,
        38.9462874,
        -121.0759187,
        38.9469443
      ],
      "geometry": {
        "type": "Polygon",
        "coordinates": [
          [
            [
              -121.0769742,
              38.9465432
            ],
            [
              -121.0769474,
              38.9465502
            ],
            [
              -121.0769143,
              38.9465571
            ],
            [
              -121.0768902,
              38.9465648
            ],
            [
              -121.0768616,
              38.9465745
            ],
            [
              -121.0768115,
              38.946587
            ],
            [
              -121.0767669,
              38.9466086
            ],
            [
              -121.0767445,
              38.9466287
            ],
            [
              -121.076732,
              38.9466614
            ],
            [
              -121.0767293,
              38.9466996
            ],
            [
              -121.0767338,
              38.9467337
            ],
            [
              -121.0767409,
              38.9467684
            ],
            [
              -121.0767445,
              38.9467955
            ],
            [
              -121.0767338,
              38.9468317
            ],
            [
              -121.0767159,
              38.9468657
            ],
            [
              -121.0766864,
              38.9468887
            ],
            [
              -121.0766534,
              38.9469047
            ],
            [
              -121.0766176,
              38.946922
            ],
            [
              -121.0765783,
              38.9469339
            ],
            [
              -121.0765452,
              38.9469401
            ],
            [
              -121.0765077,
              38.9469443
            ],
            [
              -121.0764701,
              38.9469436
            ],
            [
              -121.0764326,
              38.9469408
            ],
            [
              -121.0764022,
              38.9469429
            ],
            [
              -121.0763754,
              38.9469429
            ],
            [
              -121.0763414,
              38.9469359
            ],
            [
              -121.07632,
              38.9469339
            ],
            [
              -121.0762923,
              38.9469262
            ],
            [
              -121.0762628,
              38.9469144
            ],
            [
              -121.0762306,
              38.946904
            ],
            [
              -121.0761856,
              38.946883
            ],
            [
              -121.0761027,
              38.9468379
            ],
            [
              -121.0760357,
              38.9468012
            ],
            [
              -121.0759912,
              38.9467841
            ],
            [
              -121.0759991,
              38.9467553
            ],
            [
              -121.0760014,
              38.9467356
            ],
            [
              -121.0760006,
              38.9467117
            ],
            [
              -121.0759896,
              38.946697
            ],
            [
              -121.0759691,
              38.9466805
            ],
            [
              -121.0759479,
              38.946667
            ],
            [
              -121.0759187,
              38.9466376
            ],
            [
              -121.0759455,
              38.9466162
            ],
            [
              -121.0759705,
              38.9465794
            ],
            [
              -121.0759822,
              38.9465495
            ],
            [
              -121.0759991,
              38.9465189
            ],
            [
              -121.076017,
              38.9464848
            ],
            [
              -121.0760456,
              38.9464556
            ],
            [
              -121.0760635,
              38.9464313
            ],
            [
              -121.0760724,
              38.9464146
            ],
            [
              -121.076093,
              38.9463924
            ],
            [
              -121.0761127,
              38.9463736
            ],
            [
              -121.0761386,
              38.9463597
            ],
            [
              -121.076169,
              38.9463458
            ],
            [
              -121.0761922,
              38.946341
            ],
            [
              -121.0762208,
              38.9463389
            ],
            [
              -121.076236,
              38.9463326
            ],
            [
              -121.0762539,
              38.9463264
            ],
            [
              -121.0762798,
              38.9463187
            ],
            [
              -121.076312,
              38.9463062
            ],
            [
              -121.0763406,
              38.9462951
            ],
            [
              -121.0763709,
              38.9462874
            ],
            [
              -121.076412,
              38.9462895
            ],
            [
              -121.0764907,
              38.9462958
            ],
            [
              -121.0765434,
              38.9463069
            ],
            [
              -121.076589,
              38.9463215
            ],
            [
              -121.076631,
              38.9463458
            ],
            [
              -121.0766659,
              38.9463576
            ],
            [
              -121.0767034,
              38.9463653
            ],
            [
              -121.0767409,
              38.9463688
            ],
            [
              -121.0767829,
              38.9463688
            ],
            [
              -121.0768187,
              38.9463625
            ],
            [
              -121.0768366,
              38.9463611
            ],
            [
              -121.0768634,
              38.946359
            ],
            [
              -121.0768768,
              38.9463562
            ],
            [
              -121.0769081,
              38.9463576
            ],
            [
              -121.0769376,
              38.946359
            ],
            [
              -121.0769572,
              38.9463604
            ],
            [
              -121.076984,
              38.9463639
            ],
            [
              -121.0769948,
              38.9463611
            ],
            [
              -121.0770019,
              38.946359
            ],
            [
              -121.077035,
              38.9464362
            ],
            [
              -121.0770314,
              38.9464445
            ],
            [
              -121.0770198,
              38.9464508
            ],
            [
              -121.0770028,
              38.9464709
            ],
            [
              -121.0770028,
              38.9464841
            ],
            [
              -121.0769885,
              38.946505
            ],
            [
              -121.0769796,
              38.9465217
            ],
            [
              -121.0769742,
              38.9465432
            ]
          ]
        ]
      },
      "properties": {
        "course_id": "ridge_golf_course",
        "course_name": "Ridge Golf Course",
        "hole_number": 9,
        "feature_type": "water",
        "name": "hole_9_water",
        "feature-color": "#2255cc",
        "is_approximate": true,
        "source": "osm",
        "@id": "105a920d-afe6-4b66-9b10-c0af480c008d",
        "osm_id": 674566428,
        "hazard_group": "674566428"
      }
    },
    {
      "type": "Feature",
      "bbox": [
        -121.0760014,
        38.9466376,
        -121.0726045,
        38.9476821
      ],
      "geometry": {
        "type": "Polygon",
        "coordinates": [
          [
            [
              -121.0727561,
              38.9476732
            ],
            [
              -121.0727093,
              38.9476812
            ],
            [
              -121.0726713,
              38.9476814
            ],
            [
              -121.0726468,
              38.9476821
            ],
            [
              -121.0726224,
              38.9476793
            ],
            [
              -121.0726046,
              38.9476632
            ],
            [
              -121.0726045,
              38.9476402
            ],
            [
              -121.0726133,
              38.9476166
            ],
            [
              -121.0726397,
              38.9476023
            ],
            [
              -121.0726775,
              38.9475908
            ],
            [
              -121.0727141,
              38.9475842
            ],
            [
              -121.0727508,
              38.9475795
            ],
            [
              -121.0728064,
              38.9475795
            ],
            [
              -121.0728553,
              38.9475774
            ],
            [
              -121.0729017,
              38.9475826
            ],
            [
              -121.072948,
              38.9475743
            ],
            [
              -121.0730036,
              38.9475527
            ],
            [
              -121.0730499,
              38.9475311
            ],
            [
              -121.0731068,
              38.9475064
            ],
            [
              -121.0731397,
              38.9474906
            ],
            [
              -121.0731901,
              38.9474722
            ],
            [
              -121.0732445,
              38.9474612
            ],
            [
              -121.0732839,
              38.9474606
            ],
            [
              -121.073317,
              38.9474532
            ],
            [
              -121.0733485,
              38.9474404
            ],
            [
              -121.0733887,
              38.9474299
            ],
            [
              -121.0734186,
              38.9474165
            ],
            [
              -121.0734493,
              38.9473993
            ],
            [
              -121.0734627,
              38.947384
            ],
            [
              -121.0735124,
              38.9473656
            ],
            [
              -121.073551,
              38.9473527
            ],
            [
              -121.0736045,
              38.947335
            ],
            [
              -121.0736636,
              38.9473135
            ],
            [
              -121.0736912,
              38.9472982
            ],
            [
              -121.0737212,
              38.9472841
            ],
            [
              -121.0737582,
              38.9472651
            ],
            [
              -121.0738094,
              38.9472437
            ],
            [
              -121.0739118,
              38.9472057
            ],
            [
              -121.0740001,
              38.9471818
            ],
            [
              -121.0740552,
              38.9471646
            ],
            [
              -121.0741143,
              38.9471413
            ],
            [
              -121.0741608,
              38.9471235
            ],
            [
              -121.074231,
              38.9471058
            ],
            [
              -121.0742743,
              38.9470917
            ],
            [
              -121.074357,
              38.9470543
            ],
            [
              -121.0744918,
              38.9470163
            ],
            [
              -121.0745729,
              38.9469955
            ],
            [
              -121.0746375,
              38.9469881
            ],
            [
              -121.0746911,
              38.9469765
            ],
            [
              -121.0747384,
              38.9469673
            ],
            [
              -121.0747872,
              38.9469477
            ],
            [
              -121.0748109,
              38.9469262
            ],
            [
              -121.0748337,
              38.9468888
            ],
            [
              -121.0748637,
              38.9468656
            ],
            [
              -121.074907,
              38.9468484
            ],
            [
              -121.0749448,
              38.9468294
            ],
            [
              -121.074996,
              38.9468098
            ],
            [
              -121.0750386,
              38.9467926
            ],
            [
              -121.0751048,
              38.9467755
            ],
            [
              -121.0751828,
              38.946762
            ],
            [
              -121.0752285,
              38.9467559
            ],
            [
              -121.0753317,
              38.9467369
            ],
            [
              -121.075416,
              38.9467271
            ],
            [
              -121.0754373,
              38.9467216
            ],
            [
              -121.0754972,
              38.9467277
            ],
            [
              -121.0755673,
              38.9467338
            ],
            [
              -121.0756264,
              38.9467301
            ],
            [
              -121.0756626,
              38.9467234
            ],
            [
              -121.0757115,
              38.9467117
            ],
            [
              -121.0757871,
              38.9466885
            ],
            [
              -121.0758541,
              38.9466609
            ],
            [
              -121.0758895,
              38.9466431
            ],
            [
              -121.0759187,
              38.9466376
            ],
            [
              -121.0759479,
              38.946667
            ],
            [
              -121.0759691,
              38.9466805
            ],
            [
              -121.0759896,
              38.946697
            ],
            [
              -121.0760006,
              38.9467117
            ],
            [
              -121.0760014,
              38.9467356
            ],
            [
              -121.0759991,
              38.9467553
            ],
            [
              -121.0759912,
              38.9467841
            ],
            [
              -121.0759565,
              38.9467693
            ],
            [
              -121.0759281,
              38.9467561
            ],
            [
              -121.0758935,
              38.9467476
            ],
            [
              -121.0758596,
              38.9467447
            ],
            [
              -121.075819,
              38.946748
            ],
            [
              -121.0757754,
              38.9467567
            ],
            [
              -121.0757217,
              38.9467696
            ],
            [
              -121.0756697,
              38.9467847
            ],
            [
              -121.0756272,
              38.9467969
            ],
            [
              -121.0756027,
              38.946819
            ],
            [
              -121.0755618,
              38.9468588
            ],
            [
              -121.0755137,
              38.9468772
            ],
            [
              -121.0751954,
              38.9469869
            ],
            [
              -121.075078,
              38.9470341
            ],
            [
              -121.0749228,
              38.9470935
            ],
            [
              -121.0748172,
              38.9471291
            ],
            [
              -121.0747549,
              38.9471432
            ],
            [
              -121.0747037,
              38.9471523
            ],
            [
              -121.0746612,
              38.9471487
            ],
            [
              -121.0746123,
              38.9471487
            ],
            [
              -121.0744894,
              38.9471658
            ],
            [
              -121.0743893,
              38.9471842
            ],
            [
              -121.0742963,
              38.9472063
            ],
            [
              -121.0742223,
              38.9472265
            ],
            [
              -121.0741427,
              38.9472614
            ],
            [
              -121.0740348,
              38.9473037
            ],
            [
              -121.0739221,
              38.947346
            ],
            [
              -121.0737842,
              38.9473993
            ],
            [
              -121.0736802,
              38.9474361
            ],
            [
              -121.073629,
              38.9474514
            ],
            [
              -121.0735975,
              38.9474563
            ],
            [
              -121.073547,
              38.9474667
            ],
            [
              -121.073469,
              38.9474955
            ],
            [
              -121.0733973,
              38.9475274
            ],
            [
              -121.0733395,
              38.9475563
            ],
            [
              -121.0732837,
              38.9475787
            ],
            [
              -121.0732043,
              38.9476024
            ],
            [
              -121.0731154,
              38.9476266
            ],
            [
              -121.0730464,
              38.9476467
            ],
            [
              -121.0729808,
              38.9476634
            ],
            [
              -121.0729176,
              38.9476741
            ],
            [
              -121.0728564,
              38.9476761
            ],
            [
              -121.0727996,
              38.9476728
            ],
            [
              -121.0727561,
              38.9476732
            ]
          ]
        ]
      },
      "properties": {
        "course_id": "ridge_golf_course",
        "course_name": "Ridge Golf Course",
        "hole_number": 9,
        "feature_type": "water",
        "name": "hole_9_water_2",
        "feature-color": "#2255cc",
        "is_approximate": true,
        "source": "osm",
        "@id": "858461ee-d9bc-483b-8b72-556f5d098527",
        "osm_id": 674577378,
        "hazard_group": "674577378"
      }
    },
    {
      "type": "Feature",
      "bbox": [
        -121.0772375,
        38.946304,
        -121.077019,
        38.9464162
      ],
      "geometry": {
        "type": "Polygon",
        "coordinates": [
          [
            [
              -121.0770372,
              38.9464162
            ],
            [
              -121.077019,
              38.9463772
            ],
            [
              -121.0770592,
              38.9463709
            ],
            [
              -121.0770866,
              38.946366
            ],
            [
              -121.0771184,
              38.9463558
            ],
            [
              -121.0771391,
              38.9463443
            ],
            [
              -121.0771525,
              38.9463329
            ],
            [
              -121.0771785,
              38.9463194
            ],
            [
              -121.0772054,
              38.9463101
            ],
            [
              -121.0772223,
              38.946304
            ],
            [
              -121.0772296,
              38.9463349
            ],
            [
              -121.0772375,
              38.9463581
            ],
            [
              -121.0772205,
              38.9463651
            ],
            [
              -121.0771955,
              38.9463747
            ],
            [
              -121.0771692,
              38.9463816
            ],
            [
              -121.0771419,
              38.9463884
            ],
            [
              -121.0771142,
              38.9463993
            ],
            [
              -121.0770735,
              38.9464078
            ],
            [
              -121.0770372,
              38.9464162
            ]
          ]
        ]
      },
      "properties": {
        "course_id": "ridge_golf_course",
        "course_name": "Ridge Golf Course",
        "hole_number": 9,
        "feature_type": "water",
        "name": "hole_9_water_3",
        "feature-color": "#2255cc",
        "is_approximate": true,
        "source": "osm",
        "@id": "ce9b3999-cea4-4f06-9e28-2373e23f8443",
        "osm_id": 675724521,
        "hazard_group": "675724521"
      }
    },
    {
      "type": "Feature",
      "bbox": [
        -121.0772283,
        38.9450285,
        -121.0770608,
        38.9452805
      ],
      "geometry": {
        "type": "Polygon",
        "coordinates": [
          [
            [
              -121.0771963,
              38.9452411
            ],
            [
              -121.0771822,
              38.945256
            ],
            [
              -121.0771639,
              38.9452663
            ],
            [
              -121.0771471,
              38.9452741
            ],
            [
              -121.077127,
              38.9452791
            ],
            [
              -121.0771069,
              38.9452805
            ],
            [
              -121.07709,
              38.9452787
            ],
            [
              -121.077074,
              38.9452716
            ],
            [
              -121.0770649,
              38.9452528
            ],
            [
              -121.0770608,
              38.9452379
            ],
            [
              -121.0770608,
              38.9451889
            ],
            [
              -121.0770631,
              38.9451818
            ],
            [
              -121.0770672,
              38.9451783
            ],
            [
              -121.0770786,
              38.9451705
            ],
            [
              -121.0770854,
              38.9451658
            ],
            [
              -121.0770927,
              38.9451634
            ],
            [
              -121.0771023,
              38.9451651
            ],
            [
              -121.0771115,
              38.9451641
            ],
            [
              -121.077121,
              38.9451598
            ],
            [
              -121.0771229,
              38.9451477
            ],
            [
              -121.0771233,
              38.9451357
            ],
            [
              -121.0771233,
              38.9451261
            ],
            [
              -121.0771201,
              38.94512
            ],
            [
              -121.0771096,
              38.9451197
            ],
            [
              -121.0771,
              38.9451168
            ],
            [
              -121.0770955,
              38.9451115
            ],
            [
              -121.0770946,
              38.9451027
            ],
            [
              -121.0770854,
              38.9450849
            ],
            [
              -121.0770832,
              38.9450792
            ],
            [
              -121.0770864,
              38.9450725
            ],
            [
              -121.0770923,
              38.9450672
            ],
            [
              -121.0770941,
              38.9450604
            ],
            [
              -121.0770964,
              38.9450512
            ],
            [
              -121.0771037,
              38.9450451
            ],
            [
              -121.0771128,
              38.9450409
            ],
            [
              -121.077121,
              38.9450384
            ],
            [
              -121.0771311,
              38.945038
            ],
            [
              -121.0771402,
              38.9450363
            ],
            [
              -121.0771493,
              38.9450356
            ],
            [
              -121.0771644,
              38.9450338
            ],
            [
              -121.077179,
              38.9450302
            ],
            [
              -121.0771904,
              38.9450285
            ],
            [
              -121.0772032,
              38.9450295
            ],
            [
              -121.0772141,
              38.9450341
            ],
            [
              -121.077221,
              38.9450412
            ],
            [
              -121.077226,
              38.9450522
            ],
            [
              -121.0772283,
              38.9450611
            ],
            [
              -121.0772274,
              38.9450789
            ],
            [
              -121.0772246,
              38.9451073
            ],
            [
              -121.0772224,
              38.9451154
            ],
            [
              -121.0772178,
              38.9451215
            ],
            [
              -121.0772037,
              38.9451321
            ],
            [
              -121.0771913,
              38.9451421
            ],
            [
              -121.0771859,
              38.9451481
            ],
            [
              -121.0771845,
              38.945157
            ],
            [
              -121.0771836,
              38.9451605
            ],
            [
              -121.0771859,
              38.9451655
            ],
            [
              -121.0771936,
              38.9451811
            ],
            [
              -121.0771959,
              38.9451836
            ],
            [
              -121.0771991,
              38.9451907
            ],
            [
              -121.0772018,
              38.9451946
            ],
            [
              -121.0772037,
              38.9452052
            ],
            [
              -121.0772046,
              38.9452159
            ],
            [
              -121.0772027,
              38.945228
            ],
            [
              -121.0771963,
              38.9452411
            ]
          ]
        ]
      },
      "properties": {
        "course_id": "ridge_golf_course",
        "course_name": "Ridge Golf Course",
        "hole_number": 10,
        "feature_type": "bunker",
        "name": "hole_10_bunker",
        "feature-color": "#d4b483",
        "is_approximate": true,
        "source": "osm",
        "@id": "4690aaf0-dedf-4033-8f32-be04b5c30665",
        "osm_id": 675724526
      }
    },
    {
      "type": "Feature",
      "bbox": [
        -121.0776421,
        38.943996,
        -121.0774889,
        38.9441762
      ],
      "geometry": {
        "type": "Polygon",
        "coordinates": [
          [
            [
              -121.0776421,
              38.9440455
            ],
            [
              -121.0776414,
              38.9440612
            ],
            [
              -121.0776369,
              38.9440849
            ],
            [
              -121.0776278,
              38.9440995
            ],
            [
              -121.0776239,
              38.9441187
            ],
            [
              -121.0776083,
              38.9441455
            ],
            [
              -121.0775992,
              38.9441606
            ],
            [
              -121.0775901,
              38.9441687
            ],
            [
              -121.0775752,
              38.9441732
            ],
            [
              -121.0775609,
              38.9441732
            ],
            [
              -121.0775473,
              38.9441762
            ],
            [
              -121.0775311,
              38.9441732
            ],
            [
              -121.0775149,
              38.9441672
            ],
            [
              -121.0775019,
              38.9441576
            ],
            [
              -121.0774934,
              38.9441475
            ],
            [
              -121.0774889,
              38.9441323
            ],
            [
              -121.0774941,
              38.9441131
            ],
            [
              -121.0775071,
              38.9440965
            ],
            [
              -121.0775285,
              38.9440803
            ],
            [
              -121.0775389,
              38.9440733
            ],
            [
              -121.0775486,
              38.9440692
            ],
            [
              -121.0775564,
              38.9440677
            ],
            [
              -121.0775635,
              38.9440718
            ],
            [
              -121.07757,
              38.9440738
            ],
            [
              -121.0775798,
              38.9440718
            ],
            [
              -121.0775836,
              38.9440642
            ],
            [
              -121.0775811,
              38.9440571
            ],
            [
              -121.0775752,
              38.9440526
            ],
            [
              -121.0775642,
              38.944048
            ],
            [
              -121.0775629,
              38.94404
            ],
            [
              -121.0775616,
              38.9440243
            ],
            [
              -121.0775635,
              38.9440162
            ],
            [
              -121.0775713,
              38.9440061
            ],
            [
              -121.0775823,
              38.9439981
            ],
            [
              -121.0776012,
              38.943996
            ],
            [
              -121.0776141,
              38.9439986
            ],
            [
              -121.0776252,
              38.9440026
            ],
            [
              -121.0776336,
              38.9440117
            ],
            [
              -121.0776382,
              38.9440228
            ],
            [
              -121.0776421,
              38.9440455
            ]
          ]
        ]
      },
      "properties": {
        "course_id": "ridge_golf_course",
        "course_name": "Ridge Golf Course",
        "hole_number": 10,
        "feature_type": "bunker",
        "name": "hole_10_bunker_2",
        "feature-color": "#d4b483",
        "is_approximate": true,
        "source": "osm",
        "@id": "74879b7f-8cc4-4ace-a1b6-6ce5a3b55ac7",
        "osm_id": 675724530
      }
    },
    {
      "type": "Feature",
      "bbox": [
        -121.0776769,
        38.9439041,
        -121.0771016,
        38.9461459
      ],
      "geometry": {
        "type": "Polygon",
        "coordinates": [
          [
            [
              -121.0775771,
              38.9439742
            ],
            [
              -121.0775426,
              38.9439981
            ],
            [
              -121.0775229,
              38.944024
            ],
            [
              -121.0775139,
              38.9440445
            ],
            [
              -121.0775052,
              38.9440582
            ],
            [
              -121.0774882,
              38.9440783
            ],
            [
              -121.0774745,
              38.9440937
            ],
            [
              -121.0774634,
              38.9441051
            ],
            [
              -121.0774536,
              38.9441188
            ],
            [
              -121.0774438,
              38.9441346
            ],
            [
              -121.0774422,
              38.9441503
            ],
            [
              -121.0774457,
              38.9441647
            ],
            [
              -121.0774542,
              38.9441811
            ],
            [
              -121.0774615,
              38.9441944
            ],
            [
              -121.0774729,
              38.9442098
            ],
            [
              -121.0774865,
              38.9442241
            ],
            [
              -121.0774986,
              38.9442418
            ],
            [
              -121.077526,
              38.9442844
            ],
            [
              -121.0775337,
              38.9443035
            ],
            [
              -121.0775385,
              38.9443249
            ],
            [
              -121.0775454,
              38.9443543
            ],
            [
              -121.0775506,
              38.9443902
            ],
            [
              -121.0775539,
              38.9444482
            ],
            [
              -121.0775592,
              38.9445004
            ],
            [
              -121.0775623,
              38.944541
            ],
            [
              -121.0775665,
              38.944586
            ],
            [
              -121.0775693,
              38.9446205
            ],
            [
              -121.0775731,
              38.9446585
            ],
            [
              -121.077576,
              38.9446864
            ],
            [
              -121.0775776,
              38.9447127
            ],
            [
              -121.0775771,
              38.9447325
            ],
            [
              -121.0775726,
              38.9447535
            ],
            [
              -121.0775667,
              38.9447794
            ],
            [
              -121.0775571,
              38.9448026
            ],
            [
              -121.0775511,
              38.9448236
            ],
            [
              -121.0775476,
              38.9448457
            ],
            [
              -121.0775458,
              38.9448629
            ],
            [
              -121.077544,
              38.9448833
            ],
            [
              -121.077545,
              38.9449082
            ],
            [
              -121.0775483,
              38.9449328
            ],
            [
              -121.0775531,
              38.9449602
            ],
            [
              -121.0775654,
              38.9449871
            ],
            [
              -121.0775757,
              38.9450096
            ],
            [
              -121.0775985,
              38.9450455
            ],
            [
              -121.0776298,
              38.9450924
            ],
            [
              -121.0776489,
              38.9451213
            ],
            [
              -121.0776613,
              38.9451385
            ],
            [
              -121.0776709,
              38.9451629
            ],
            [
              -121.0776759,
              38.945186
            ],
            [
              -121.0776769,
              38.9452087
            ],
            [
              -121.0776752,
              38.9452319
            ],
            [
              -121.0776716,
              38.9452614
            ],
            [
              -121.0776677,
              38.9452829
            ],
            [
              -121.0776595,
              38.9453181
            ],
            [
              -121.0776507,
              38.9453657
            ],
            [
              -121.0776469,
              38.9453962
            ],
            [
              -121.0776472,
              38.9454232
            ],
            [
              -121.0776503,
              38.9454613
            ],
            [
              -121.0776557,
              38.9455007
            ],
            [
              -121.077664,
              38.9455485
            ],
            [
              -121.077671,
              38.9455993
            ],
            [
              -121.0776719,
              38.9456323
            ],
            [
              -121.0776701,
              38.9456512
            ],
            [
              -121.0776644,
              38.9456752
            ],
            [
              -121.0776552,
              38.945706
            ],
            [
              -121.077636,
              38.9457737
            ],
            [
              -121.0776201,
              38.9458519
            ],
            [
              -121.0776054,
              38.9459173
            ],
            [
              -121.0776018,
              38.9459783
            ],
            [
              -121.0775963,
              38.946045
            ],
            [
              -121.0775753,
              38.9460905
            ],
            [
              -121.0775489,
              38.9461132
            ],
            [
              -121.077505,
              38.9461338
            ],
            [
              -121.0774594,
              38.9461444
            ],
            [
              -121.0774019,
              38.9461459
            ],
            [
              -121.077359,
              38.946138
            ],
            [
              -121.0773261,
              38.9461189
            ],
            [
              -121.0773015,
              38.946094
            ],
            [
              -121.0772832,
              38.9460635
            ],
            [
              -121.077275,
              38.946023
            ],
            [
              -121.077275,
              38.9459641
            ],
            [
              -121.0772823,
              38.9458789
            ],
            [
              -121.0772887,
              38.9458278
            ],
            [
              -121.0772896,
              38.9457817
            ],
            [
              -121.0772777,
              38.945732
            ],
            [
              -121.0772586,
              38.9456815
            ],
            [
              -121.0772084,
              38.9455985
            ],
            [
              -121.0771509,
              38.9455168
            ],
            [
              -121.0771235,
              38.9454785
            ],
            [
              -121.0771016,
              38.945438
            ],
            [
              -121.0771034,
              38.9453954
            ],
            [
              -121.0771262,
              38.9453649
            ],
            [
              -121.0771582,
              38.9453386
            ],
            [
              -121.0772038,
              38.9452996
            ],
            [
              -121.0772403,
              38.9452563
            ],
            [
              -121.0772558,
              38.9452194
            ],
            [
              -121.0772659,
              38.9451697
            ],
            [
              -121.0772768,
              38.9450987
            ],
            [
              -121.0772841,
              38.945039
            ],
            [
              -121.0772723,
              38.9450071
            ],
            [
              -121.0772412,
              38.9449631
            ],
            [
              -121.0771773,
              38.9448694
            ],
            [
              -121.0771527,
              38.9448168
            ],
            [
              -121.0771445,
              38.9447813
            ],
            [
              -121.0771545,
              38.9447039
            ],
            [
              -121.0771591,
              38.9446464
            ],
            [
              -121.0771518,
              38.9445875
            ],
            [
              -121.0771473,
              38.9445389
            ],
            [
              -121.0771473,
              38.9445128
            ],
            [
              -121.0771436,
              38.9444547
            ],
            [
              -121.0771415,
              38.9443824
            ],
            [
              -121.077137,
              38.9443384
            ],
            [
              -121.0771333,
              38.9443026
            ],
            [
              -121.0771296,
              38.9442795
            ],
            [
              -121.077129,
              38.9442469
            ],
            [
              -121.0771344,
              38.9442273
            ],
            [
              -121.0771412,
              38.9442065
            ],
            [
              -121.0771539,
              38.9441833
            ],
            [
              -121.0771664,
              38.9441622
            ],
            [
              -121.0771858,
              38.9441413
            ],
            [
              -121.0772022,
              38.9441243
            ],
            [
              -121.0772174,
              38.9441088
            ],
            [
              -121.0772347,
              38.9440944
            ],
            [
              -121.0772594,
              38.9440766
            ],
            [
              -121.0772789,
              38.944062
            ],
            [
              -121.0773066,
              38.9440392
            ],
            [
              -121.0773293,
              38.944022
            ],
            [
              -121.0773505,
              38.9440015
            ],
            [
              -121.0773654,
              38.9439855
            ],
            [
              -121.0773763,
              38.9439689
            ],
            [
              -121.0773836,
              38.9439506
            ],
            [
              -121.0773888,
              38.9439371
            ],
            [
              -121.0774021,
              38.9439041
            ],
            [
              -121.0774,
              38.9439231
            ],
            [
              -121.077398,
              38.9439416
            ],
            [
              -121.0773993,
              38.9439552
            ],
            [
              -121.0774,
              38.9439619
            ],
            [
              -121.077401,
              38.9439713
            ],
            [
              -121.077405,
              38.9439836
            ],
            [
              -121.077414,
              38.9439952
            ],
            [
              -121.077432,
              38.9440021
            ],
            [
              -121.077449,
              38.9440077
            ],
            [
              -121.07747,
              38.9440077
            ],
            [
              -121.077493,
              38.9440021
            ],
            [
              -121.077522,
              38.9439935
            ],
            [
              -121.077548,
              38.9439834
            ],
            [
              -121.0775771,
              38.9439742
            ]
          ]
        ]
      },
      "properties": {
        "course_id": "ridge_golf_course",
        "course_name": "Ridge Golf Course",
        "hole_number": 10,
        "feature_type": "fairway",
        "name": "hole_10_fairway",
        "feature-color": "#4a7c3f",
        "is_approximate": true,
        "source": "osm",
        "@id": "c677dc12-5059-45f7-8ebd-30939cf43ccc",
        "osm_id": 675724524
      }
    },
    {
      "type": "Feature",
      "bbox": [
        -121.077646,
        38.9437082,
        -121.0774138,
        38.9438626
      ],
      "geometry": {
        "type": "Polygon",
        "coordinates": [
          [
            [
              -121.077646,
              38.9438567
            ],
            [
              -121.0776362,
              38.9438221
            ],
            [
              -121.0776301,
              38.9437991
            ],
            [
              -121.0776301,
              38.9437746
            ],
            [
              -121.0776291,
              38.9437549
            ],
            [
              -121.0776209,
              38.9437343
            ],
            [
              -121.0775884,
              38.9437138
            ],
            [
              -121.0775437,
              38.9437082
            ],
            [
              -121.0775051,
              38.9437106
            ],
            [
              -121.0774756,
              38.9437217
            ],
            [
              -121.0774512,
              38.943743
            ],
            [
              -121.077439,
              38.9437699
            ],
            [
              -121.077436,
              38.9437912
            ],
            [
              -121.0774299,
              38.9438149
            ],
            [
              -121.0774258,
              38.9438371
            ],
            [
              -121.0774138,
              38.9438626
            ],
            [
              -121.0774246,
              38.9438485
            ],
            [
              -121.0774376,
              38.9438383
            ],
            [
              -121.0774538,
              38.9438309
            ],
            [
              -121.0774746,
              38.9438235
            ],
            [
              -121.0775012,
              38.9438172
            ],
            [
              -121.0775341,
              38.9438126
            ],
            [
              -121.0775707,
              38.9438169
            ],
            [
              -121.0776018,
              38.9438234
            ],
            [
              -121.0776245,
              38.943832
            ],
            [
              -121.077638,
              38.9438421
            ],
            [
              -121.077646,
              38.9438567
            ]
          ]
        ]
      },
      "properties": {
        "course_id": "ridge_golf_course",
        "course_name": "Ridge Golf Course",
        "hole_number": 10,
        "feature_type": "fairway",
        "name": "hole_10_fairway_2",
        "feature-color": "#4a7c3f",
        "is_approximate": true,
        "source": "osm",
        "@id": "30b212fe-f33b-48cf-aefa-99ab71de22d1",
        "osm_id": 1120661315
      }
    },
    {
      "type": "Feature",
      "bbox": [
        -121.077651,
        38.9438126,
        -121.077398,
        38.9440077
      ],
      "geometry": {
        "type": "Polygon",
        "coordinates": [
          [
            [
              -121.077607,
              38.9439647
            ],
            [
              -121.0775771,
              38.9439742
            ],
            [
              -121.077548,
              38.9439834
            ],
            [
              -121.077522,
              38.9439935
            ],
            [
              -121.077493,
              38.9440021
            ],
            [
              -121.07747,
              38.9440077
            ],
            [
              -121.077449,
              38.9440077
            ],
            [
              -121.077432,
              38.9440021
            ],
            [
              -121.077414,
              38.9439952
            ],
            [
              -121.077405,
              38.9439836
            ],
            [
              -121.077401,
              38.9439713
            ],
            [
              -121.0774,
              38.9439619
            ],
            [
              -121.0773993,
              38.9439552
            ],
            [
              -121.077398,
              38.9439416
            ],
            [
              -121.0774,
              38.9439231
            ],
            [
              -121.0774021,
              38.9439041
            ],
            [
              -121.0774074,
              38.9438823
            ],
            [
              -121.0774138,
              38.9438626
            ],
            [
              -121.0774246,
              38.9438485
            ],
            [
              -121.0774376,
              38.9438383
            ],
            [
              -121.0774538,
              38.9438309
            ],
            [
              -121.0774746,
              38.9438235
            ],
            [
              -121.0775012,
              38.9438172
            ],
            [
              -121.0775341,
              38.9438126
            ],
            [
              -121.0775707,
              38.9438169
            ],
            [
              -121.0776018,
              38.9438234
            ],
            [
              -121.0776245,
              38.943832
            ],
            [
              -121.077638,
              38.9438421
            ],
            [
              -121.077646,
              38.9438567
            ],
            [
              -121.077651,
              38.9438789
            ],
            [
              -121.077651,
              38.9439001
            ],
            [
              -121.077646,
              38.9439234
            ],
            [
              -121.077638,
              38.9439395
            ],
            [
              -121.077626,
              38.9439547
            ],
            [
              -121.077607,
              38.9439647
            ]
          ]
        ]
      },
      "properties": {
        "course_id": "ridge_golf_course",
        "course_name": "Ridge Golf Course",
        "hole_number": 10,
        "feature_type": "green",
        "name": "hole_10_green",
        "feature-color": "#2d6e2d",
        "is_approximate": true,
        "source": "osm",
        "@id": "d052d741-8552-4b21-8dbc-1fc8508b04d4",
        "osm_id": 675724534
      }
    },
    {
      "type": "Feature",
      "bbox": [
        -121.0775291874251,
        38.943813286864575,
        -121.0775291874251,
        38.943813286864575
      ],
      "geometry": {
        "type": "Point",
        "coordinates": [
          -121.07752919,
          38.94381329
        ]
      },
      "properties": {
        "course_id": "ridge_golf_course",
        "course_name": "Ridge Golf Course",
        "hole_number": 10,
        "feature_type": "green_back",
        "name": "hole_10_green_back",
        "feature-color": "#5aae5a",
        "is_approximate": true,
        "source": "derived",
        "@id": "e513e2f7-f739-4951-9aa7-31880f4c82af"
      }
    },
    {
      "type": "Feature",
      "bbox": [
        -121.07751958740332,
        38.94390719355688,
        -121.07751958740332,
        38.94390719355688
      ],
      "geometry": {
        "type": "Point",
        "coordinates": [
          -121.07751959,
          38.94390719
        ]
      },
      "properties": {
        "course_id": "ridge_golf_course",
        "course_name": "Ridge Golf Course",
        "hole_number": 10,
        "feature_type": "green_center",
        "name": "hole_10_green_center",
        "feature-color": "#5aae5a",
        "is_approximate": true,
        "source": "derived",
        "@id": "5513e825-9e28-4f73-8172-82194f69275e"
      }
    },
    {
      "type": "Feature",
      "bbox": [
        -121.07751041307763,
        38.943996936121806,
        -121.07751041307763,
        38.943996936121806
      ],
      "geometry": {
        "type": "Point",
        "coordinates": [
          -121.07751041,
          38.94399694
        ]
      },
      "properties": {
        "course_id": "ridge_golf_course",
        "course_name": "Ridge Golf Course",
        "hole_number": 10,
        "feature_type": "green_front",
        "name": "hole_10_green_front",
        "feature-color": "#5aae5a",
        "is_approximate": true,
        "source": "derived",
        "@id": "68216b50-3a41-4683-bd74-939f7f2c84f0"
      }
    },
    {
      "type": "Feature",
      "bbox": [
        -121.0776282,
        38.9471997,
        -121.0775355,
        38.9472827
      ],
      "geometry": {
        "type": "Polygon",
        "coordinates": [
          [
            [
              -121.0776276,
              38.9472343
            ],
            [
              -121.0776282,
              38.9472422
            ],
            [
              -121.0776282,
              38.9472555
            ],
            [
              -121.077627,
              38.9472649
            ],
            [
              -121.0776225,
              38.9472728
            ],
            [
              -121.0776136,
              38.9472787
            ],
            [
              -121.0776035,
              38.9472822
            ],
            [
              -121.077592,
              38.9472827
            ],
            [
              -121.0775793,
              38.9472827
            ],
            [
              -121.0775679,
              38.9472772
            ],
            [
              -121.0775584,
              38.9472688
            ],
            [
              -121.0775463,
              38.947258
            ],
            [
              -121.0775362,
              38.9472432
            ],
            [
              -121.0775355,
              38.9472333
            ],
            [
              -121.0775406,
              38.9472229
            ],
            [
              -121.077552,
              38.9472101
            ],
            [
              -121.0775654,
              38.9472012
            ],
            [
              -121.07758,
              38.9471997
            ],
            [
              -121.0775927,
              38.9472042
            ],
            [
              -121.0776047,
              38.9472096
            ],
            [
              -121.0776168,
              38.947217
            ],
            [
              -121.0776238,
              38.9472219
            ],
            [
              -121.0776276,
              38.9472343
            ]
          ]
        ]
      },
      "properties": {
        "course_id": "ridge_golf_course",
        "course_name": "Ridge Golf Course",
        "hole_number": 10,
        "feature_type": "tee_box",
        "name": "hole_10_tee_box",
        "feature-color": "#8b7355",
        "is_approximate": true,
        "source": "osm",
        "@id": "7d107fdd-dad4-4d57-bda3-2ea5fe3750f0",
        "osm_id": 675724516
      }
    },
    {
      "type": "Feature",
      "bbox": [
        -121.0776524,
        38.9470125,
        -121.0775235,
        38.9470886
      ],
      "geometry": {
        "type": "Polygon",
        "coordinates": [
          [
            [
              -121.0776485,
              38.9470659
            ],
            [
              -121.0776397,
              38.9470748
            ],
            [
              -121.0776257,
              38.9470802
            ],
            [
              -121.0776098,
              38.9470856
            ],
            [
              -121.0775952,
              38.9470876
            ],
            [
              -121.0775806,
              38.9470886
            ],
            [
              -121.0775647,
              38.9470866
            ],
            [
              -121.077552,
              38.9470807
            ],
            [
              -121.0775412,
              38.9470743
            ],
            [
              -121.0775311,
              38.9470669
            ],
            [
              -121.077526,
              38.947058
            ],
            [
              -121.0775235,
              38.9470432
            ],
            [
              -121.0775241,
              38.9470323
            ],
            [
              -121.0775323,
              38.9470264
            ],
            [
              -121.0775444,
              38.947019
            ],
            [
              -121.0775584,
              38.947016
            ],
            [
              -121.0775787,
              38.9470125
            ],
            [
              -121.0775952,
              38.947013
            ],
            [
              -121.0776193,
              38.947016
            ],
            [
              -121.0776346,
              38.9470234
            ],
            [
              -121.0776466,
              38.9470333
            ],
            [
              -121.0776524,
              38.9470506
            ],
            [
              -121.0776485,
              38.9470659
            ]
          ]
        ]
      },
      "properties": {
        "course_id": "ridge_golf_course",
        "course_name": "Ridge Golf Course",
        "hole_number": 10,
        "feature_type": "tee_box",
        "name": "hole_10_tee_box_2",
        "feature-color": "#8b7355",
        "is_approximate": true,
        "source": "osm",
        "@id": "ecbabe6a-aac9-43e1-9ae0-edbb686f6d95",
        "osm_id": 675724517
      }
    },
    {
      "type": "Feature",
      "bbox": [
        -121.0776466,
        38.9468496,
        -121.0775348,
        38.9469118
      ],
      "geometry": {
        "type": "Polygon",
        "coordinates": [
          [
            [
              -121.0776466,
              38.9468866
            ],
            [
              -121.0776428,
              38.946894
            ],
            [
              -121.0776351,
              38.9469019
            ],
            [
              -121.0776275,
              38.9469064
            ],
            [
              -121.0776148,
              38.9469098
            ],
            [
              -121.077604,
              38.9469113
            ],
            [
              -121.077585,
              38.9469118
            ],
            [
              -121.0775647,
              38.9469083
            ],
            [
              -121.0775513,
              38.9469024
            ],
            [
              -121.0775418,
              38.946893
            ],
            [
              -121.0775348,
              38.9468797
            ],
            [
              -121.0775374,
              38.9468693
            ],
            [
              -121.0775494,
              38.9468594
            ],
            [
              -121.0775659,
              38.9468535
            ],
            [
              -121.0775894,
              38.9468496
            ],
            [
              -121.0776078,
              38.9468515
            ],
            [
              -121.0776244,
              38.946855
            ],
            [
              -121.0776371,
              38.9468609
            ],
            [
              -121.0776466,
              38.9468718
            ],
            [
              -121.0776466,
              38.9468866
            ]
          ]
        ]
      },
      "properties": {
        "course_id": "ridge_golf_course",
        "course_name": "Ridge Golf Course",
        "hole_number": 10,
        "feature_type": "tee_box",
        "name": "hole_10_tee_box_3",
        "feature-color": "#8b7355",
        "is_approximate": true,
        "source": "osm",
        "@id": "0bfa5616-4d20-4aa4-9ac1-4d8081eb0462",
        "osm_id": 675724518
      }
    },
    {
      "type": "Feature",
      "bbox": [
        -121.0776491,
        38.9466678,
        -121.0775494,
        38.9467345
      ],
      "geometry": {
        "type": "Polygon",
        "coordinates": [
          [
            [
              -121.0776491,
              38.9467034
            ],
            [
              -121.0776485,
              38.9467147
            ],
            [
              -121.0776409,
              38.9467231
            ],
            [
              -121.0776282,
              38.9467296
            ],
            [
              -121.077611,
              38.9467345
            ],
            [
              -121.0775977,
              38.9467345
            ],
            [
              -121.0775774,
              38.9467315
            ],
            [
              -121.0775589,
              38.9467231
            ],
            [
              -121.0775513,
              38.9467108
            ],
            [
              -121.0775494,
              38.9467009
            ],
            [
              -121.0775564,
              38.9466856
            ],
            [
              -121.0775666,
              38.9466747
            ],
            [
              -121.0775799,
              38.9466708
            ],
            [
              -121.0775958,
              38.9466678
            ],
            [
              -121.0776104,
              38.9466678
            ],
            [
              -121.0776218,
              38.9466708
            ],
            [
              -121.0776332,
              38.9466752
            ],
            [
              -121.077644,
              38.9466866
            ],
            [
              -121.0776478,
              38.9466935
            ],
            [
              -121.0776491,
              38.9467034
            ]
          ]
        ]
      },
      "properties": {
        "course_id": "ridge_golf_course",
        "course_name": "Ridge Golf Course",
        "hole_number": 10,
        "feature_type": "tee_box",
        "name": "hole_10_tee_box_4",
        "feature-color": "#8b7355",
        "is_approximate": true,
        "source": "osm",
        "@id": "b2cba497-712a-4bac-81c7-4d803ba8a50a",
        "osm_id": 675724519
      }
    },
    {
      "type": "Feature",
      "bbox": [
        -121.0775599,
        38.9464829,
        -121.077466,
        38.9465465
      ],
      "geometry": {
        "type": "Polygon",
        "coordinates": [
          [
            [
              -121.0775584,
              38.9465241
            ],
            [
              -121.0775493,
              38.9465347
            ],
            [
              -121.0775372,
              38.9465418
            ],
            [
              -121.0775228,
              38.9465453
            ],
            [
              -121.0775076,
              38.9465465
            ],
            [
              -121.077488,
              38.9465412
            ],
            [
              -121.0774705,
              38.9465306
            ],
            [
              -121.077466,
              38.9465164
            ],
            [
              -121.0774713,
              38.9464999
            ],
            [
              -121.0774827,
              38.9464911
            ],
            [
              -121.0774986,
              38.9464852
            ],
            [
              -121.0775235,
              38.9464829
            ],
            [
              -121.0775402,
              38.946487
            ],
            [
              -121.0775531,
              38.9464941
            ],
            [
              -121.0775599,
              38.9465058
            ],
            [
              -121.0775584,
              38.9465241
            ]
          ]
        ]
      },
      "properties": {
        "course_id": "ridge_golf_course",
        "course_name": "Ridge Golf Course",
        "hole_number": 10,
        "feature_type": "tee_box",
        "name": "hole_10_tee_box_5",
        "feature-color": "#8b7355",
        "is_approximate": true,
        "source": "osm",
        "@id": "500bbd43-451c-483e-8d48-e7afe8676d6a",
        "osm_id": 675724520
      }
    },
    {
      "type": "Feature",
      "bbox": [
        -121.07758436703159,
        38.94724197205116,
        -121.07758436703159,
        38.94724197205116
      ],
      "geometry": {
        "type": "Point",
        "coordinates": [
          -121.07758437,
          38.94724197
        ]
      },
      "properties": {
        "course_id": "ridge_golf_course",
        "course_name": "Ridge Golf Course",
        "hole_number": 10,
        "feature_type": "tee_center",
        "name": "hole_10_tee_center",
        "feature-color": "#c8a055",
        "is_approximate": true,
        "source": "derived",
        "@id": "cad26d6c-4d5e-415d-99e4-b35faa1b86b2"
      }
    },
    {
      "type": "Feature",
      "bbox": [
        -121.0772375,
        38.946304,
        -121.077019,
        38.9464162
      ],
      "geometry": {
        "type": "Polygon",
        "coordinates": [
          [
            [
              -121.0770372,
              38.9464162
            ],
            [
              -121.077019,
              38.9463772
            ],
            [
              -121.0770592,
              38.9463709
            ],
            [
              -121.0770866,
              38.946366
            ],
            [
              -121.0771184,
              38.9463558
            ],
            [
              -121.0771391,
              38.9463443
            ],
            [
              -121.0771525,
              38.9463329
            ],
            [
              -121.0771785,
              38.9463194
            ],
            [
              -121.0772054,
              38.9463101
            ],
            [
              -121.0772223,
              38.946304
            ],
            [
              -121.0772296,
              38.9463349
            ],
            [
              -121.0772375,
              38.9463581
            ],
            [
              -121.0772205,
              38.9463651
            ],
            [
              -121.0771955,
              38.9463747
            ],
            [
              -121.0771692,
              38.9463816
            ],
            [
              -121.0771419,
              38.9463884
            ],
            [
              -121.0771142,
              38.9463993
            ],
            [
              -121.0770735,
              38.9464078
            ],
            [
              -121.0770372,
              38.9464162
            ]
          ]
        ]
      },
      "properties": {
        "course_id": "ridge_golf_course",
        "course_name": "Ridge Golf Course",
        "hole_number": 10,
        "feature_type": "water",
        "name": "hole_10_water",
        "feature-color": "#2255cc",
        "is_approximate": true,
        "source": "osm",
        "@id": "d7c0af49-88dd-41e4-a458-8a0788477b03",
        "osm_id": 675724521,
        "hazard_group": "675724521"
      }
    },
    {
      "type": "Feature",
      "bbox": [
        -121.0776387,
        38.9461968,
        -121.07727,
        38.9463535
      ],
      "geometry": {
        "type": "Polygon",
        "coordinates": [
          [
            [
              -121.0772901,
              38.9463535
            ],
            [
              -121.0772762,
              38.9463156
            ],
            [
              -121.07727,
              38.9462864
            ],
            [
              -121.077301,
              38.9462776
            ],
            [
              -121.077328,
              38.9462735
            ],
            [
              -121.0773527,
              38.94627
            ],
            [
              -121.077384,
              38.9462659
            ],
            [
              -121.0774109,
              38.9462617
            ],
            [
              -121.0774475,
              38.9462491
            ],
            [
              -121.0774981,
              38.9462399
            ],
            [
              -121.0775412,
              38.9462341
            ],
            [
              -121.0775691,
              38.946229
            ],
            [
              -121.0775991,
              38.9462139
            ],
            [
              -121.0776387,
              38.9461968
            ],
            [
              -121.0776384,
              38.9462254
            ],
            [
              -121.0776322,
              38.9462471
            ],
            [
              -121.0776225,
              38.9462674
            ],
            [
              -121.0776124,
              38.9462855
            ],
            [
              -121.0776109,
              38.9462969
            ],
            [
              -121.0775988,
              38.9463034
            ],
            [
              -121.0775799,
              38.9463086
            ],
            [
              -121.077553,
              38.9463128
            ],
            [
              -121.077525,
              38.9463161
            ],
            [
              -121.0774884,
              38.9463161
            ],
            [
              -121.0774572,
              38.9463153
            ],
            [
              -121.0774023,
              38.946327
            ],
            [
              -121.0773635,
              38.9463345
            ],
            [
              -121.0773242,
              38.94634
            ],
            [
              -121.0772901,
              38.9463535
            ]
          ]
        ]
      },
      "properties": {
        "course_id": "ridge_golf_course",
        "course_name": "Ridge Golf Course",
        "hole_number": 10,
        "feature_type": "water",
        "name": "hole_10_water_2",
        "feature-color": "#2255cc",
        "is_approximate": true,
        "source": "osm",
        "@id": "898a7688-ddae-4f52-9d1c-f03a814f25d0",
        "osm_id": 675724522,
        "hazard_group": "675724522"
      }
    },
    {
      "type": "Feature",
      "bbox": [
        -121.0787282,
        38.9433199,
        -121.0773413,
        38.9451079
      ],
      "geometry": {
        "type": "Polygon",
        "coordinates": [
          [
            [
              -121.0778623,
              38.9451079
            ],
            [
              -121.0778512,
              38.9451079
            ],
            [
              -121.0777753,
              38.9451048
            ],
            [
              -121.0777558,
              38.9450819
            ],
            [
              -121.0777241,
              38.9450369
            ],
            [
              -121.0776971,
              38.9449892
            ],
            [
              -121.0776853,
              38.9449393
            ],
            [
              -121.0776862,
              38.9448789
            ],
            [
              -121.0777016,
              38.9448417
            ],
            [
              -121.077707,
              38.9448263
            ],
            [
              -121.0777187,
              38.9447778
            ],
            [
              -121.0777205,
              38.9447343
            ],
            [
              -121.0777097,
              38.94469
            ],
            [
              -121.0776925,
              38.9446479
            ],
            [
              -121.0776664,
              38.9446093
            ],
            [
              -121.0776591,
              38.944565
            ],
            [
              -121.0776609,
              38.9444934
            ],
            [
              -121.0776528,
              38.9444316
            ],
            [
              -121.0776501,
              38.9443649
            ],
            [
              -121.0776456,
              38.9443087
            ],
            [
              -121.0776456,
              38.9442666
            ],
            [
              -121.0776555,
              38.9442069
            ],
            [
              -121.0776835,
              38.9441317
            ],
            [
              -121.0777169,
              38.9440629
            ],
            [
              -121.077726,
              38.9440327
            ],
            [
              -121.0777332,
              38.9439569
            ],
            [
              -121.0777494,
              38.9438663
            ],
            [
              -121.0777521,
              38.9438347
            ],
            [
              -121.0777422,
              38.9437925
            ],
            [
              -121.077726,
              38.9437546
            ],
            [
              -121.0777115,
              38.9437314
            ],
            [
              -121.0777061,
              38.9437132
            ],
            [
              -121.0776925,
              38.943683
            ],
            [
              -121.0776772,
              38.9436619
            ],
            [
              -121.077651,
              38.9436422
            ],
            [
              -121.077623,
              38.9436254
            ],
            [
              -121.0775833,
              38.9436156
            ],
            [
              -121.0775345,
              38.9436156
            ],
            [
              -121.0774957,
              38.9436324
            ],
            [
              -121.0774614,
              38.9436549
            ],
            [
              -121.0774397,
              38.9436598
            ],
            [
              -121.0774144,
              38.9436605
            ],
            [
              -121.0773828,
              38.9436542
            ],
            [
              -121.0773621,
              38.9436493
            ],
            [
              -121.0773512,
              38.9436422
            ],
            [
              -121.0773422,
              38.9436163
            ],
            [
              -121.0773413,
              38.9435861
            ],
            [
              -121.0773467,
              38.9435355
            ],
            [
              -121.0773621,
              38.9434667
            ],
            [
              -121.0773738,
              38.9434231
            ],
            [
              -121.0774,
              38.9433655
            ],
            [
              -121.0774217,
              38.9433438
            ],
            [
              -121.0774433,
              38.9433248
            ],
            [
              -121.0774596,
              38.9433199
            ],
            [
              -121.0774767,
              38.9433206
            ],
            [
              -121.0774993,
              38.943322
            ],
            [
              -121.0775273,
              38.9433283
            ],
            [
              -121.0775571,
              38.9433438
            ],
            [
              -121.0776131,
              38.9433803
            ],
            [
              -121.0776618,
              38.9434147
            ],
            [
              -121.0776962,
              38.9434358
            ],
            [
              -121.0777187,
              38.9434484
            ],
            [
              -121.0777612,
              38.9434688
            ],
            [
              -121.0778253,
              38.9434927
            ],
            [
              -121.0779011,
              38.9435222
            ],
            [
              -121.0779553,
              38.9435397
            ],
            [
              -121.0780004,
              38.9435453
            ],
            [
              -121.0780582,
              38.943546
            ],
            [
              -121.0781115,
              38.9435453
            ],
            [
              -121.0781458,
              38.9435411
            ],
            [
              -121.0781612,
              38.9435313
            ],
            [
              -121.078181,
              38.9435348
            ],
            [
              -121.0782009,
              38.9435313
            ],
            [
              -121.0782199,
              38.9435285
            ],
            [
              -121.0782352,
              38.943525
            ],
            [
              -121.0782605,
              38.9435144
            ],
            [
              -121.0782758,
              38.9435032
            ],
            [
              -121.078293,
              38.9434863
            ],
            [
              -121.0783129,
              38.9434625
            ],
            [
              -121.0783418,
              38.9434337
            ],
            [
              -121.0783679,
              38.9434154
            ],
            [
              -121.078405,
              38.9434028
            ],
            [
              -121.078451,
              38.9433929
            ],
            [
              -121.0785079,
              38.9433887
            ],
            [
              -121.0785648,
              38.9433894
            ],
            [
              -121.0786172,
              38.9434
            ],
            [
              -121.0786623,
              38.9434196
            ],
            [
              -121.0786894,
              38.9434414
            ],
            [
              -121.0787065,
              38.9434793
            ],
            [
              -121.0787228,
              38.9435355
            ],
            [
              -121.0787273,
              38.9435952
            ],
            [
              -121.0787282,
              38.9436268
            ],
            [
              -121.0787174,
              38.9436563
            ],
            [
              -121.078702,
              38.9436802
            ],
            [
              -121.0786767,
              38.9436977
            ],
            [
              -121.0785792,
              38.9437399
            ],
            [
              -121.0785431,
              38.9437623
            ],
            [
              -121.0785097,
              38.9437904
            ],
            [
              -121.0784835,
              38.943822
            ],
            [
              -121.0784628,
              38.9438466
            ],
            [
              -121.078442,
              38.9438635
            ],
            [
              -121.0784185,
              38.9438859
            ],
            [
              -121.0783905,
              38.9439147
            ],
            [
              -121.0783607,
              38.9439555
            ],
            [
              -121.078339,
              38.9439885
            ],
            [
              -121.0783201,
              38.9440081
            ],
            [
              -121.0782795,
              38.9440411
            ],
            [
              -121.0782406,
              38.9440692
            ],
            [
              -121.078191,
              38.9441043
            ],
            [
              -121.0781485,
              38.9441394
            ],
            [
              -121.0781232,
              38.9441626
            ],
            [
              -121.0781016,
              38.9441984
            ],
            [
              -121.0780736,
              38.944242
            ],
            [
              -121.0780618,
              38.9442897
            ],
            [
              -121.0780582,
              38.9443782
            ],
            [
              -121.0780564,
              38.9444323
            ],
            [
              -121.0780555,
              38.9444513
            ],
            [
              -121.0780546,
              38.944485
            ],
            [
              -121.0780646,
              38.9445264
            ],
            [
              -121.0780781,
              38.9445699
            ],
            [
              -121.0780844,
              38.9446051
            ],
            [
              -121.0780828,
              38.9446294
            ],
            [
              -121.0780694,
              38.9446599
            ],
            [
              -121.0780548,
              38.944693
            ],
            [
              -121.0780424,
              38.9447169
            ],
            [
              -121.078029,
              38.9447366
            ],
            [
              -121.0780026,
              38.9447634
            ],
            [
              -121.0779773,
              38.9447835
            ],
            [
              -121.0779649,
              38.944796
            ],
            [
              -121.0779515,
              38.9448023
            ],
            [
              -121.0779262,
              38.9448224
            ],
            [
              -121.0779165,
              38.9448425
            ],
            [
              -121.0779165,
              38.9448726
            ],
            [
              -121.0779132,
              38.9449095
            ],
            [
              -121.0779148,
              38.9449296
            ],
            [
              -121.0779208,
              38.9449547
            ],
            [
              -121.0779315,
              38.9449719
            ],
            [
              -121.077938,
              38.9449941
            ],
            [
              -121.0779369,
              38.9450179
            ],
            [
              -121.0779358,
              38.9450443
            ],
            [
              -121.0779186,
              38.945069
            ],
            [
              -121.0778987,
              38.9450908
            ],
            [
              -121.0778836,
              38.9451017
            ],
            [
              -121.0778623,
              38.9451079
            ]
          ]
        ]
      },
      "properties": {
        "course_id": "ridge_golf_course",
        "course_name": "Ridge Golf Course",
        "hole_number": 10,
        "feature_type": "water",
        "name": "hole_10_water_3",
        "feature-color": "#2255cc",
        "is_approximate": true,
        "source": "osm",
        "@id": "c8bb97cd-a2b9-4064-8332-6f8cb5a10a9c",
        "osm_id": 675724523,
        "hazard_group": "675724523"
      }
    },
    {
      "type": "Feature",
      "bbox": [
        -121.0791486,
        38.9445649,
        -121.0777753,
        38.9469672
      ],
      "geometry": {
        "type": "Polygon",
        "coordinates": [
          [
            [
              -121.0782213,
              38.9455814
            ],
            [
              -121.0782586,
              38.9455738
            ],
            [
              -121.0782881,
              38.9455678
            ],
            [
              -121.0783149,
              38.945561
            ],
            [
              -121.0783529,
              38.9455482
            ],
            [
              -121.0783837,
              38.945527
            ],
            [
              -121.078411,
              38.9455016
            ],
            [
              -121.0784343,
              38.9454715
            ],
            [
              -121.0784463,
              38.9454435
            ],
            [
              -121.0784554,
              38.9454108
            ],
            [
              -121.0784643,
              38.9453422
            ],
            [
              -121.0784853,
              38.9452551
            ],
            [
              -121.0785017,
              38.9451981
            ],
            [
              -121.078539,
              38.9451505
            ],
            [
              -121.078557,
              38.9451354
            ],
            [
              -121.0785585,
              38.9451156
            ],
            [
              -121.0785689,
              38.9450982
            ],
            [
              -121.0786033,
              38.9450657
            ],
            [
              -121.0786481,
              38.9450343
            ],
            [
              -121.0786825,
              38.9450076
            ],
            [
              -121.0787049,
              38.9449971
            ],
            [
              -121.0787258,
              38.9449832
            ],
            [
              -121.0787407,
              38.9449657
            ],
            [
              -121.0787542,
              38.9449425
            ],
            [
              -121.0787676,
              38.9449204
            ],
            [
              -121.0787665,
              38.944902
            ],
            [
              -121.0787711,
              38.9448822
            ],
            [
              -121.0787781,
              38.9448662
            ],
            [
              -121.078787,
              38.9448519
            ],
            [
              -121.078795,
              38.9448396
            ],
            [
              -121.0788101,
              38.94483
            ],
            [
              -121.0788289,
              38.94482
            ],
            [
              -121.0788469,
              38.9448135
            ],
            [
              -121.0788624,
              38.944807
            ],
            [
              -121.0788827,
              38.9447993
            ],
            [
              -121.0788991,
              38.9447908
            ],
            [
              -121.0789115,
              38.9447822
            ],
            [
              -121.0789185,
              38.9447702
            ],
            [
              -121.0789256,
              38.9447563
            ],
            [
              -121.0789357,
              38.944734
            ],
            [
              -121.0789411,
              38.9447221
            ],
            [
              -121.0789523,
              38.9447029
            ],
            [
              -121.0789625,
              38.9446785
            ],
            [
              -121.0789771,
              38.944654
            ],
            [
              -121.0789852,
              38.9446321
            ],
            [
              -121.0789995,
              38.9446075
            ],
            [
              -121.0790082,
              38.9445923
            ],
            [
              -121.0790205,
              38.9445786
            ],
            [
              -121.0790351,
              38.9445686
            ],
            [
              -121.0790515,
              38.9445649
            ],
            [
              -121.0790739,
              38.9445719
            ],
            [
              -121.0791082,
              38.9445893
            ],
            [
              -121.0791411,
              38.9446195
            ],
            [
              -121.0791473,
              38.9446403
            ],
            [
              -121.0791486,
              38.9446648
            ],
            [
              -121.079145,
              38.9447007
            ],
            [
              -121.0791363,
              38.9447235
            ],
            [
              -121.0791288,
              38.9447439
            ],
            [
              -121.0791172,
              38.9447556
            ],
            [
              -121.0790978,
              38.9447554
            ],
            [
              -121.0790784,
              38.9447566
            ],
            [
              -121.0790664,
              38.9447624
            ],
            [
              -121.0790527,
              38.9447721
            ],
            [
              -121.0790327,
              38.9447885
            ],
            [
              -121.0790037,
              38.9448205
            ],
            [
              -121.0789499,
              38.9448763
            ],
            [
              -121.0789125,
              38.9449111
            ],
            [
              -121.0788946,
              38.9449344
            ],
            [
              -121.0788782,
              38.9449506
            ],
            [
              -121.0788617,
              38.9449611
            ],
            [
              -121.0788458,
              38.9449755
            ],
            [
              -121.078835,
              38.9449964
            ],
            [
              -121.0788247,
              38.945025
            ],
            [
              -121.0788137,
              38.9450474
            ],
            [
              -121.0788112,
              38.9450625
            ],
            [
              -121.0788112,
              38.9450788
            ],
            [
              -121.0788095,
              38.9450914
            ],
            [
              -121.0788054,
              38.9451134
            ],
            [
              -121.0788049,
              38.9451403
            ],
            [
              -121.0788077,
              38.9451679
            ],
            [
              -121.0788168,
              38.945203
            ],
            [
              -121.0788342,
              38.945225
            ],
            [
              -121.0788493,
              38.9452341
            ],
            [
              -121.0788585,
              38.9452468
            ],
            [
              -121.0788645,
              38.945257
            ],
            [
              -121.0788646,
              38.9452675
            ],
            [
              -121.0788526,
              38.9452784
            ],
            [
              -121.0788369,
              38.945285
            ],
            [
              -121.0788172,
              38.9452886
            ],
            [
              -121.0788041,
              38.9452941
            ],
            [
              -121.0787983,
              38.9453093
            ],
            [
              -121.0787958,
              38.945329
            ],
            [
              -121.0787921,
              38.9453458
            ],
            [
              -121.0787843,
              38.9453629
            ],
            [
              -121.0787781,
              38.9453846
            ],
            [
              -121.0787653,
              38.9454063
            ],
            [
              -121.0787537,
              38.9454208
            ],
            [
              -121.0787445,
              38.9454327
            ],
            [
              -121.0787378,
              38.9454423
            ],
            [
              -121.078727,
              38.9454565
            ],
            [
              -121.0787184,
              38.9454712
            ],
            [
              -121.0787162,
              38.9454865
            ],
            [
              -121.0787107,
              38.9455007
            ],
            [
              -121.0787067,
              38.9455161
            ],
            [
              -121.0787071,
              38.9455325
            ],
            [
              -121.0787108,
              38.9455502
            ],
            [
              -121.0787071,
              38.9455622
            ],
            [
              -121.0787069,
              38.9455745
            ],
            [
              -121.0787123,
              38.9455905
            ],
            [
              -121.0787188,
              38.9456165
            ],
            [
              -121.0787333,
              38.9456513
            ],
            [
              -121.0787486,
              38.9456864
            ],
            [
              -121.0787671,
              38.9457164
            ],
            [
              -121.0787772,
              38.9457362
            ],
            [
              -121.0787861,
              38.9457526
            ],
            [
              -121.078799,
              38.945764
            ],
            [
              -121.078811,
              38.9457683
            ],
            [
              -121.0788289,
              38.9457651
            ],
            [
              -121.0788513,
              38.945757
            ],
            [
              -121.0788722,
              38.9457419
            ],
            [
              -121.0788841,
              38.9457245
            ],
            [
              -121.0788931,
              38.9457094
            ],
            [
              -121.0789051,
              38.9456919
            ],
            [
              -121.078922,
              38.9456724
            ],
            [
              -121.0789392,
              38.9456537
            ],
            [
              -121.0789663,
              38.9456443
            ],
            [
              -121.0790037,
              38.9456396
            ],
            [
              -121.0790194,
              38.9456443
            ],
            [
              -121.0790226,
              38.9456548
            ],
            [
              -121.0790137,
              38.9456619
            ],
            [
              -121.079006,
              38.9456724
            ],
            [
              -121.0790037,
              38.9456814
            ],
            [
              -121.0790031,
              38.9456916
            ],
            [
              -121.0790002,
              38.9457013
            ],
            [
              -121.0789885,
              38.9457121
            ],
            [
              -121.0789691,
              38.9457193
            ],
            [
              -121.0789506,
              38.9457284
            ],
            [
              -121.0789346,
              38.9457305
            ],
            [
              -121.0789204,
              38.9457271
            ],
            [
              -121.0789085,
              38.9457285
            ],
            [
              -121.0788961,
              38.9457361
            ],
            [
              -121.0788853,
              38.9457499
            ],
            [
              -121.0788778,
              38.9457591
            ],
            [
              -121.0788657,
              38.9457747
            ],
            [
              -121.0788612,
              38.9457913
            ],
            [
              -121.0788576,
              38.9458135
            ],
            [
              -121.0788549,
              38.9458345
            ],
            [
              -121.0788547,
              38.9458586
            ],
            [
              -121.0788587,
              38.9458895
            ],
            [
              -121.0788595,
              38.9459098
            ],
            [
              -121.0788595,
              38.9459378
            ],
            [
              -121.0788542,
              38.9459618
            ],
            [
              -121.078852,
              38.9459853
            ],
            [
              -121.0788504,
              38.9460062
            ],
            [
              -121.078849,
              38.9460187
            ],
            [
              -121.0788433,
              38.9460313
            ],
            [
              -121.0788357,
              38.9460387
            ],
            [
              -121.078834,
              38.9460515
            ],
            [
              -121.0788363,
              38.9460636
            ],
            [
              -121.0788416,
              38.9460802
            ],
            [
              -121.0788428,
              38.9460931
            ],
            [
              -121.0788477,
              38.9461145
            ],
            [
              -121.0788526,
              38.9461396
            ],
            [
              -121.0788563,
              38.9461575
            ],
            [
              -121.0788616,
              38.9461728
            ],
            [
              -121.0788675,
              38.9461911
            ],
            [
              -121.0788782,
              38.9462195
            ],
            [
              -121.0788808,
              38.9462365
            ],
            [
              -121.0788816,
              38.9462561
            ],
            [
              -121.07888,
              38.9462769
            ],
            [
              -121.0788795,
              38.9462945
            ],
            [
              -121.0788768,
              38.9463064
            ],
            [
              -121.0788746,
              38.9463224
            ],
            [
              -121.0788741,
              38.946339
            ],
            [
              -121.0788746,
              38.9463632
            ],
            [
              -121.0788788,
              38.9463828
            ],
            [
              -121.0788839,
              38.9464094
            ],
            [
              -121.0788905,
              38.9464328
            ],
            [
              -121.0788939,
              38.9464537
            ],
            [
              -121.0788967,
              38.9464826
            ],
            [
              -121.0788987,
              38.9465039
            ],
            [
              -121.078898,
              38.9465179
            ],
            [
              -121.0789023,
              38.9465394
            ],
            [
              -121.0789034,
              38.9465575
            ],
            [
              -121.0789054,
              38.9465818
            ],
            [
              -121.0789055,
              38.9466012
            ],
            [
              -121.0789061,
              38.9466227
            ],
            [
              -121.0789057,
              38.9466347
            ],
            [
              -121.0789096,
              38.9466573
            ],
            [
              -121.0789118,
              38.9466762
            ],
            [
              -121.0789134,
              38.9466937
            ],
            [
              -121.0789106,
              38.9467104
            ],
            [
              -121.078907,
              38.9467247
            ],
            [
              -121.0789015,
              38.9467356
            ],
            [
              -121.0789007,
              38.9467517
            ],
            [
              -121.0789039,
              38.9467696
            ],
            [
              -121.0789087,
              38.946789
            ],
            [
              -121.0789143,
              38.9468029
            ],
            [
              -121.0789197,
              38.9468185
            ],
            [
              -121.0789155,
              38.9468329
            ],
            [
              -121.0789036,
              38.9468468
            ],
            [
              -121.0788942,
              38.9468572
            ],
            [
              -121.0788889,
              38.9468742
            ],
            [
              -121.0788871,
              38.9468884
            ],
            [
              -121.0788893,
              38.9469051
            ],
            [
              -121.0788854,
              38.9469321
            ],
            [
              -121.0788713,
              38.9469523
            ],
            [
              -121.0788502,
              38.9469576
            ],
            [
              -121.0788331,
              38.9469567
            ],
            [
              -121.0788188,
              38.9469626
            ],
            [
              -121.0788046,
              38.9469672
            ],
            [
              -121.0787859,
              38.9469655
            ],
            [
              -121.078771,
              38.9469596
            ],
            [
              -121.0787576,
              38.9469462
            ],
            [
              -121.0787534,
              38.9469234
            ],
            [
              -121.0787467,
              38.9469056
            ],
            [
              -121.0787367,
              38.9468854
            ],
            [
              -121.0787256,
              38.9468635
            ],
            [
              -121.0787128,
              38.9468466
            ],
            [
              -121.0787072,
              38.9468328
            ],
            [
              -121.0787049,
              38.9468178
            ],
            [
              -121.0787173,
              38.9467947
            ],
            [
              -121.0787264,
              38.9467729
            ],
            [
              -121.0787307,
              38.9467517
            ],
            [
              -121.0787342,
              38.9467385
            ],
            [
              -121.0787425,
              38.9467142
            ],
            [
              -121.078746,
              38.946692
            ],
            [
              -121.0787491,
              38.9466733
            ],
            [
              -121.0787553,
              38.946653
            ],
            [
              -121.078761,
              38.9466309
            ],
            [
              -121.078762,
              38.9466066
            ],
            [
              -121.078754,
              38.9465798
            ],
            [
              -121.0787413,
              38.9465587
            ],
            [
              -121.0787347,
              38.9465434
            ],
            [
              -121.0787297,
              38.9465252
            ],
            [
              -121.0787296,
              38.94651
            ],
            [
              -121.0787255,
              38.9464926
            ],
            [
              -121.0787211,
              38.9464751
            ],
            [
              -121.078715,
              38.9464582
            ],
            [
              -121.078705,
              38.9464486
            ],
            [
              -121.0786967,
              38.9464383
            ],
            [
              -121.0786961,
              38.946424
            ],
            [
              -121.0787006,
              38.9464099
            ],
            [
              -121.0787019,
              38.9463984
            ],
            [
              -121.0787019,
              38.9463705
            ],
            [
              -121.0786974,
              38.946353
            ],
            [
              -121.0787034,
              38.946331
            ],
            [
              -121.0787093,
              38.9463054
            ],
            [
              -121.0787243,
              38.9462915
            ],
            [
              -121.0787318,
              38.9462729
            ],
            [
              -121.0787347,
              38.9462427
            ],
            [
              -121.0787273,
              38.9461822
            ],
            [
              -121.0787183,
              38.946152
            ],
            [
              -121.0786974,
              38.9461288
            ],
            [
              -121.0786795,
              38.9460963
            ],
            [
              -121.0786571,
              38.9460695
            ],
            [
              -121.0786436,
              38.9460405
            ],
            [
              -121.0786347,
              38.9460068
            ],
            [
              -121.0786332,
              38.9459847
            ],
            [
              -121.0786496,
              38.9459615
            ],
            [
              -121.0786765,
              38.9459348
            ],
            [
              -121.0786825,
              38.9459173
            ],
            [
              -121.0786765,
              38.9459069
            ],
            [
              -121.0786607,
              38.9458995
            ],
            [
              -121.0786494,
              38.9458818
            ],
            [
              -121.0786582,
              38.9458655
            ],
            [
              -121.0786635,
              38.945852
            ],
            [
              -121.0786652,
              38.9458402
            ],
            [
              -121.0786737,
              38.9458292
            ],
            [
              -121.0786848,
              38.9458238
            ],
            [
              -121.0786823,
              38.9458148
            ],
            [
              -121.0786682,
              38.9458072
            ],
            [
              -121.0786492,
              38.945799
            ],
            [
              -121.0786318,
              38.9457942
            ],
            [
              -121.0786107,
              38.9457985
            ],
            [
              -121.0785946,
              38.9457982
            ],
            [
              -121.0785809,
              38.9457907
            ],
            [
              -121.078566,
              38.9457802
            ],
            [
              -121.078557,
              38.9457651
            ],
            [
              -121.0785464,
              38.9457465
            ],
            [
              -121.0785383,
              38.9457303
            ],
            [
              -121.0785291,
              38.9457157
            ],
            [
              -121.0785092,
              38.9456966
            ],
            [
              -121.0784829,
              38.9456752
            ],
            [
              -121.0784574,
              38.9456585
            ],
            [
              -121.0784253,
              38.945639
            ],
            [
              -121.0783963,
              38.9456209
            ],
            [
              -121.078375,
              38.9456103
            ],
            [
              -121.0783536,
              38.9456017
            ],
            [
              -121.0783344,
              38.9455943
            ],
            [
              -121.078311,
              38.945591
            ],
            [
              -121.0782896,
              38.9455908
            ],
            [
              -121.0782601,
              38.9455937
            ],
            [
              -121.0782411,
              38.9455992
            ],
            [
              -121.0782216,
              38.9456043
            ],
            [
              -121.0781337,
              38.9456129
            ],
            [
              -121.0780357,
              38.9455929
            ],
            [
              -121.0779449,
              38.9455627
            ],
            [
              -121.0778555,
              38.9455017
            ],
            [
              -121.077821,
              38.9454234
            ],
            [
              -121.0777927,
              38.9453127
            ],
            [
              -121.0777796,
              38.9452296
            ],
            [
              -121.0777753,
              38.9451048
            ],
            [
              -121.0778512,
              38.9451079
            ],
            [
              -121.0778437,
              38.9452354
            ],
            [
              -121.0778663,
              38.9453168
            ],
            [
              -121.077882,
              38.9454062
            ],
            [
              -121.0779137,
              38.9454637
            ],
            [
              -121.0779784,
              38.9455015
            ],
            [
              -121.0781298,
              38.9455548
            ],
            [
              -121.0782213,
              38.9455814
            ]
          ]
        ]
      },
      "properties": {
        "course_id": "ridge_golf_course",
        "course_name": "Ridge Golf Course",
        "hole_number": 10,
        "feature_type": "water",
        "name": "hole_10_water_4",
        "feature-color": "#2255cc",
        "is_approximate": true,
        "source": "osm",
        "@id": "49bfe9ca-2b8d-41e5-b10a-cb5e1770946f",
        "osm_id": 676443436,
        "hazard_group": "676443436"
      }
    },
    {
      "type": "Feature",
      "bbox": [
        -121.074455,
        38.9438219,
        -121.0742336,
        38.9439387
      ],
      "geometry": {
        "type": "Polygon",
        "coordinates": [
          [
            [
              -121.0744527,
              38.9439032
            ],
            [
              -121.0744436,
              38.9439138
            ],
            [
              -121.0744345,
              38.9439252
            ],
            [
              -121.0744253,
              38.9439326
            ],
            [
              -121.0744144,
              38.9439376
            ],
            [
              -121.0744062,
              38.9439387
            ],
            [
              -121.0743907,
              38.9439323
            ],
            [
              -121.0743806,
              38.9439255
            ],
            [
              -121.074382,
              38.9439156
            ],
            [
              -121.0743834,
              38.9439064
            ],
            [
              -121.0743802,
              38.9438986
            ],
            [
              -121.0743683,
              38.9438961
            ],
            [
              -121.0743532,
              38.9438964
            ],
            [
              -121.0743409,
              38.9438986
            ],
            [
              -121.0743318,
              38.9439085
            ],
            [
              -121.074324,
              38.9439156
            ],
            [
              -121.0743181,
              38.9439195
            ],
            [
              -121.0743108,
              38.943922
            ],
            [
              -121.0743007,
              38.9439245
            ],
            [
              -121.0742889,
              38.9439248
            ],
            [
              -121.074277,
              38.9439227
            ],
            [
              -121.074267,
              38.9439156
            ],
            [
              -121.074256,
              38.9439046
            ],
            [
              -121.0742473,
              38.9438907
            ],
            [
              -121.0742373,
              38.9438755
            ],
            [
              -121.0742336,
              38.9438595
            ],
            [
              -121.0742346,
              38.9438428
            ],
            [
              -121.0742428,
              38.94383
            ],
            [
              -121.0742542,
              38.9438244
            ],
            [
              -121.0742697,
              38.9438222
            ],
            [
              -121.0742811,
              38.9438219
            ],
            [
              -121.0742925,
              38.9438229
            ],
            [
              -121.0743021,
              38.9438315
            ],
            [
              -121.0743144,
              38.9438418
            ],
            [
              -121.0743204,
              38.9438464
            ],
            [
              -121.0743295,
              38.9438489
            ],
            [
              -121.0743418,
              38.9438474
            ],
            [
              -121.0743478,
              38.9438428
            ],
            [
              -121.0743532,
              38.9438371
            ],
            [
              -121.0743601,
              38.94383
            ],
            [
              -121.0743665,
              38.9438279
            ],
            [
              -121.074376,
              38.9438265
            ],
            [
              -121.0743966,
              38.9438293
            ],
            [
              -121.0744153,
              38.9438322
            ],
            [
              -121.0744322,
              38.9438414
            ],
            [
              -121.074445,
              38.9438542
            ],
            [
              -121.0744518,
              38.9438659
            ],
            [
              -121.0744532,
              38.9438773
            ],
            [
              -121.074455,
              38.9438918
            ],
            [
              -121.0744527,
              38.9439032
            ]
          ]
        ]
      },
      "properties": {
        "course_id": "ridge_golf_course",
        "course_name": "Ridge Golf Course",
        "hole_number": 11,
        "feature_type": "bunker",
        "name": "hole_11_bunker",
        "feature-color": "#d4b483",
        "is_approximate": true,
        "source": "osm",
        "@id": "065c9995-c45d-49df-9092-b5d4896c5eed",
        "osm_id": 675727432
      }
    },
    {
      "type": "Feature",
      "bbox": [
        -121.0738613,
        38.9435455,
        -121.0736207,
        38.9437303
      ],
      "geometry": {
        "type": "Polygon",
        "coordinates": [
          [
            [
              -121.0738497,
              38.943616
            ],
            [
              -121.0738397,
              38.943631
            ],
            [
              -121.0738265,
              38.94364
            ],
            [
              -121.0738134,
              38.9436436
            ],
            [
              -121.0737956,
              38.9436479
            ],
            [
              -121.0737855,
              38.9436563
            ],
            [
              -121.0737793,
              38.9436701
            ],
            [
              -121.073777,
              38.9436816
            ],
            [
              -121.0737631,
              38.94369
            ],
            [
              -121.0737491,
              38.9436996
            ],
            [
              -121.073736,
              38.9437129
            ],
            [
              -121.0737244,
              38.9437267
            ],
            [
              -121.0737143,
              38.9437303
            ],
            [
              -121.073695,
              38.9437267
            ],
            [
              -121.0736756,
              38.9437189
            ],
            [
              -121.0736493,
              38.9437026
            ],
            [
              -121.0736253,
              38.9436852
            ],
            [
              -121.0736207,
              38.9436677
            ],
            [
              -121.0736245,
              38.9436485
            ],
            [
              -121.0736369,
              38.9436274
            ],
            [
              -121.0736532,
              38.9436154
            ],
            [
              -121.073671,
              38.9436075
            ],
            [
              -121.0736849,
              38.9436093
            ],
            [
              -121.0736934,
              38.9436154
            ],
            [
              -121.0737019,
              38.943625
            ],
            [
              -121.0737089,
              38.9436322
            ],
            [
              -121.0737182,
              38.9436346
            ],
            [
              -121.073729,
              38.9436292
            ],
            [
              -121.0737352,
              38.9436226
            ],
            [
              -121.073746,
              38.9436136
            ],
            [
              -121.0737468,
              38.9436057
            ],
            [
              -121.0737429,
              38.9435991
            ],
            [
              -121.0737375,
              38.9435889
            ],
            [
              -121.0737368,
              38.9435804
            ],
            [
              -121.0737499,
              38.9435702
            ],
            [
              -121.0737793,
              38.9435576
            ],
            [
              -121.0738018,
              38.9435491
            ],
            [
              -121.0738203,
              38.9435455
            ],
            [
              -121.073849,
              38.9435558
            ],
            [
              -121.0738613,
              38.9435744
            ],
            [
              -121.0738613,
              38.9435919
            ],
            [
              -121.073859,
              38.9436033
            ],
            [
              -121.0738497,
              38.943616
            ]
          ]
        ]
      },
      "properties": {
        "course_id": "ridge_golf_course",
        "course_name": "Ridge Golf Course",
        "hole_number": 11,
        "feature_type": "bunker",
        "name": "hole_11_bunker_2",
        "feature-color": "#d4b483",
        "is_approximate": true,
        "source": "osm",
        "@id": "9e32d7b1-96a6-4639-96a7-1ebc635f614e",
        "osm_id": 675727433
      }
    },
    {
      "type": "Feature",
      "bbox": [
        -121.0736222,
        38.9439067,
        -121.073404,
        38.9440451
      ],
      "geometry": {
        "type": "Polygon",
        "coordinates": [
          [
            [
              -121.0736222,
              38.9439711
            ],
            [
              -121.0736122,
              38.9439891
            ],
            [
              -121.0736036,
              38.9440018
            ],
            [
              -121.0735812,
              38.944018
            ],
            [
              -121.0735657,
              38.9440192
            ],
            [
              -121.0735502,
              38.9440186
            ],
            [
              -121.0735456,
              38.9440066
            ],
            [
              -121.0735402,
              38.9439994
            ],
            [
              -121.0735278,
              38.9439964
            ],
            [
              -121.0735131,
              38.9440012
            ],
            [
              -121.0735023,
              38.9440114
            ],
            [
              -121.0734992,
              38.9440198
            ],
            [
              -121.0734968,
              38.9440271
            ],
            [
              -121.0734481,
              38.9440451
            ],
            [
              -121.0734318,
              38.9440427
            ],
            [
              -121.0734179,
              38.9440379
            ],
            [
              -121.0734094,
              38.9440234
            ],
            [
              -121.073404,
              38.9440036
            ],
            [
              -121.0734086,
              38.9439861
            ],
            [
              -121.0734179,
              38.9439723
            ],
            [
              -121.0734543,
              38.9439506
            ],
            [
              -121.0734682,
              38.9439554
            ],
            [
              -121.0734775,
              38.9439602
            ],
            [
              -121.0734891,
              38.9439627
            ],
            [
              -121.0735015,
              38.9439602
            ],
            [
              -121.0735077,
              38.9439524
            ],
            [
              -121.0735077,
              38.9439404
            ],
            [
              -121.0735046,
              38.9439326
            ],
            [
              -121.07351,
              38.9439247
            ],
            [
              -121.0735348,
              38.9439097
            ],
            [
              -121.073551,
              38.9439067
            ],
            [
              -121.0735704,
              38.9439085
            ],
            [
              -121.0735905,
              38.9439157
            ],
            [
              -121.0736091,
              38.9439308
            ],
            [
              -121.0736214,
              38.9439482
            ],
            [
              -121.0736222,
              38.9439711
            ]
          ]
        ]
      },
      "properties": {
        "course_id": "ridge_golf_course",
        "course_name": "Ridge Golf Course",
        "hole_number": 11,
        "feature_type": "bunker",
        "name": "hole_11_bunker_3",
        "feature-color": "#d4b483",
        "is_approximate": true,
        "source": "osm",
        "@id": "eacb9bd3-268a-4296-b0a0-1e3feddd2917",
        "osm_id": 675727434
      }
    },
    {
      "type": "Feature",
      "bbox": [
        -121.0734218,
        38.9438393,
        -121.0733072,
        38.9439163
      ],
      "geometry": {
        "type": "Polygon",
        "coordinates": [
          [
            [
              -121.0734148,
              38.9438934
            ],
            [
              -121.0734024,
              38.9439061
            ],
            [
              -121.0733808,
              38.9439127
            ],
            [
              -121.0733599,
              38.9439163
            ],
            [
              -121.0733405,
              38.9439139
            ],
            [
              -121.0733212,
              38.9439091
            ],
            [
              -121.0733096,
              38.9438976
            ],
            [
              -121.0733072,
              38.9438772
            ],
            [
              -121.073315,
              38.9438591
            ],
            [
              -121.0733266,
              38.9438471
            ],
            [
              -121.0733452,
              38.9438393
            ],
            [
              -121.0733715,
              38.9438399
            ],
            [
              -121.0733986,
              38.9438441
            ],
            [
              -121.073414,
              38.9438531
            ],
            [
              -121.0734218,
              38.9438682
            ],
            [
              -121.0734218,
              38.9438808
            ],
            [
              -121.0734148,
              38.9438934
            ]
          ]
        ]
      },
      "properties": {
        "course_id": "ridge_golf_course",
        "course_name": "Ridge Golf Course",
        "hole_number": 11,
        "feature_type": "bunker",
        "name": "hole_11_bunker_4",
        "feature-color": "#d4b483",
        "is_approximate": true,
        "source": "osm",
        "@id": "34d4dfa7-681a-48bb-88c9-5251af821f95",
        "osm_id": 675727435
      }
    },
    {
      "type": "Feature",
      "bbox": [
        -121.073055,
        38.9437418,
        -121.0729396,
        38.9438308
      ],
      "geometry": {
        "type": "Polygon",
        "coordinates": [
          [
            [
              -121.0730526,
              38.9437905
            ],
            [
              -121.0730495,
              38.9438038
            ],
            [
              -121.0730402,
              38.9438206
            ],
            [
              -121.0730286,
              38.943826
            ],
            [
              -121.0730093,
              38.9438308
            ],
            [
              -121.0729892,
              38.9438272
            ],
            [
              -121.0729706,
              38.9438224
            ],
            [
              -121.0729528,
              38.9438128
            ],
            [
              -121.072942,
              38.9438032
            ],
            [
              -121.0729396,
              38.9437887
            ],
            [
              -121.0729458,
              38.9437712
            ],
            [
              -121.0729567,
              38.943758
            ],
            [
              -121.0729691,
              38.9437478
            ],
            [
              -121.0729876,
              38.9437418
            ],
            [
              -121.0730124,
              38.9437418
            ],
            [
              -121.0730441,
              38.9437496
            ],
            [
              -121.0730534,
              38.943761
            ],
            [
              -121.073055,
              38.9437749
            ],
            [
              -121.0730526,
              38.9437905
            ]
          ]
        ]
      },
      "properties": {
        "course_id": "ridge_golf_course",
        "course_name": "Ridge Golf Course",
        "hole_number": 11,
        "feature_type": "bunker",
        "name": "hole_11_bunker_5",
        "feature-color": "#d4b483",
        "is_approximate": true,
        "source": "osm",
        "@id": "0d67844f-4992-484a-b590-7b540b270a34",
        "osm_id": 675727436
      }
    },
    {
      "type": "Feature",
      "bbox": [
        -121.0715464,
        38.9442059,
        -121.071316,
        38.9443169
      ],
      "geometry": {
        "type": "Polygon",
        "coordinates": [
          [
            [
              -121.0715464,
              38.9442882
            ],
            [
              -121.071536,
              38.9443008
            ],
            [
              -121.0715159,
              38.9443139
            ],
            [
              -121.0715048,
              38.9443169
            ],
            [
              -121.0714815,
              38.9443164
            ],
            [
              -121.0714704,
              38.9443124
            ],
            [
              -121.0714555,
              38.9443073
            ],
            [
              -121.0714406,
              38.9442988
            ],
            [
              -121.0714354,
              38.9442962
            ],
            [
              -121.071438,
              38.9442897
            ],
            [
              -121.0714373,
              38.9442801
            ],
            [
              -121.071425,
              38.944273
            ],
            [
              -121.0714127,
              38.944271
            ],
            [
              -121.0714003,
              38.944275
            ],
            [
              -121.0713932,
              38.9442826
            ],
            [
              -121.0713938,
              38.9442897
            ],
            [
              -121.0713874,
              38.9442957
            ],
            [
              -121.0713731,
              38.9442912
            ],
            [
              -121.0713581,
              38.9442897
            ],
            [
              -121.0713439,
              38.9442856
            ],
            [
              -121.0713263,
              38.944276
            ],
            [
              -121.071316,
              38.9442614
            ],
            [
              -121.0713192,
              38.9442503
            ],
            [
              -121.0713322,
              38.9442316
            ],
            [
              -121.0713484,
              38.944218
            ],
            [
              -121.0713659,
              38.9442089
            ],
            [
              -121.0713796,
              38.9442069
            ],
            [
              -121.0713932,
              38.9442059
            ],
            [
              -121.0714068,
              38.9442089
            ],
            [
              -121.071414,
              38.9442165
            ],
            [
              -121.0714159,
              38.9442235
            ],
            [
              -121.0714166,
              38.9442286
            ],
            [
              -121.0714211,
              38.9442326
            ],
            [
              -121.0714302,
              38.9442331
            ],
            [
              -121.0714425,
              38.9442306
            ],
            [
              -121.0714484,
              38.9442256
            ],
            [
              -121.071451,
              38.9442205
            ],
            [
              -121.0714607,
              38.94422
            ],
            [
              -121.0714808,
              38.944223
            ],
            [
              -121.0714964,
              38.9442256
            ],
            [
              -121.0715152,
              38.9442286
            ],
            [
              -121.0715236,
              38.9442331
            ],
            [
              -121.0715308,
              38.9442422
            ],
            [
              -121.0715373,
              38.9442589
            ],
            [
              -121.0715418,
              38.944272
            ],
            [
              -121.0715464,
              38.9442882
            ]
          ]
        ]
      },
      "properties": {
        "course_id": "ridge_golf_course",
        "course_name": "Ridge Golf Course",
        "hole_number": 11,
        "feature_type": "bunker",
        "name": "hole_11_bunker_6",
        "feature-color": "#d4b483",
        "is_approximate": true,
        "source": "osm",
        "@id": "c014a731-5f68-4153-bd89-64a9715d4b8e",
        "osm_id": 675727437
      }
    },
    {
      "type": "Feature",
      "bbox": [
        -121.0714003,
        38.944426,
        -121.0712809,
        38.9444971
      ],
      "geometry": {
        "type": "Polygon",
        "coordinates": [
          [
            [
              -121.0713997,
              38.9444684
            ],
            [
              -121.0714003,
              38.9444779
            ],
            [
              -121.0713964,
              38.944487
            ],
            [
              -121.071388,
              38.9444931
            ],
            [
              -121.071375,
              38.9444971
            ],
            [
              -121.0713244,
              38.9444966
            ],
            [
              -121.0713186,
              38.9444946
            ],
            [
              -121.0713062,
              38.9444805
            ],
            [
              -121.0712913,
              38.9444583
            ],
            [
              -121.0712822,
              38.9444477
            ],
            [
              -121.0712809,
              38.9444396
            ],
            [
              -121.0712874,
              38.944435
            ],
            [
              -121.0713023,
              38.94443
            ],
            [
              -121.0713153,
              38.9444265
            ],
            [
              -121.0713309,
              38.944426
            ],
            [
              -121.0713471,
              38.9444265
            ],
            [
              -121.0713607,
              38.9444325
            ],
            [
              -121.0713757,
              38.9444391
            ],
            [
              -121.0713874,
              38.9444466
            ],
            [
              -121.0713984,
              38.9444552
            ],
            [
              -121.0713997,
              38.9444684
            ]
          ]
        ]
      },
      "properties": {
        "course_id": "ridge_golf_course",
        "course_name": "Ridge Golf Course",
        "hole_number": 11,
        "feature_type": "bunker",
        "name": "hole_11_bunker_7",
        "feature-color": "#d4b483",
        "is_approximate": true,
        "source": "osm",
        "@id": "ba5fde30-9b99-4c8a-8b2d-8705c4e46cbf",
        "osm_id": 675727439
      }
    },
    {
      "type": "Feature",
      "bbox": [
        -121.0750867,
        38.9434766,
        -121.0714185,
        38.9445139
      ],
      "geometry": {
        "type": "Polygon",
        "coordinates": [
          [
            [
              -121.071467,
              38.9443316
            ],
            [
              -121.0714938,
              38.9443386
            ],
            [
              -121.0715133,
              38.9443472
            ],
            [
              -121.0715347,
              38.9443689
            ],
            [
              -121.0715392,
              38.9443815
            ],
            [
              -121.0715405,
              38.9444007
            ],
            [
              -121.0715353,
              38.9444189
            ],
            [
              -121.0715204,
              38.9444345
            ],
            [
              -121.0715022,
              38.9444446
            ],
            [
              -121.0714854,
              38.9444472
            ],
            [
              -121.0714685,
              38.9444492
            ],
            [
              -121.0714529,
              38.9444477
            ],
            [
              -121.071436,
              38.9444456
            ],
            [
              -121.0714185,
              38.9444406
            ],
            [
              -121.0714542,
              38.9444702
            ],
            [
              -121.0715016,
              38.9444976
            ],
            [
              -121.0715551,
              38.9445082
            ],
            [
              -121.0716424,
              38.9445139
            ],
            [
              -121.0717712,
              38.944513
            ],
            [
              -121.0719197,
              38.9445028
            ],
            [
              -121.0720617,
              38.9444856
            ],
            [
              -121.0721321,
              38.9444711
            ],
            [
              -121.0722432,
              38.9444309
            ],
            [
              -121.0723027,
              38.9443992
            ],
            [
              -121.0724006,
              38.9443427
            ],
            [
              -121.0724919,
              38.9442931
            ],
            [
              -121.0725899,
              38.94424
            ],
            [
              -121.0726592,
              38.9442092
            ],
            [
              -121.0726977,
              38.9441981
            ],
            [
              -121.0727417,
              38.9441878
            ],
            [
              -121.0728518,
              38.9441758
            ],
            [
              -121.072986,
              38.9441681
            ],
            [
              -121.0730708,
              38.9441621
            ],
            [
              -121.0731456,
              38.9441518
            ],
            [
              -121.0731852,
              38.9441356
            ],
            [
              -121.073216,
              38.9441065
            ],
            [
              -121.073238,
              38.9440765
            ],
            [
              -121.0732512,
              38.944044
            ],
            [
              -121.07326,
              38.9439832
            ],
            [
              -121.0732567,
              38.9438942
            ],
            [
              -121.0732633,
              38.9438472
            ],
            [
              -121.073282,
              38.9438206
            ],
            [
              -121.0733085,
              38.9438078
            ],
            [
              -121.073336,
              38.943795
            ],
            [
              -121.0733756,
              38.9437924
            ],
            [
              -121.0734416,
              38.9437975
            ],
            [
              -121.0735109,
              38.9438155
            ],
            [
              -121.0735814,
              38.9438446
            ],
            [
              -121.0736562,
              38.943884
            ],
            [
              -121.0737222,
              38.9439276
            ],
            [
              -121.0737497,
              38.9439422
            ],
            [
              -121.0737959,
              38.9439499
            ],
            [
              -121.0738455,
              38.9439473
            ],
            [
              -121.0739368,
              38.9439379
            ],
            [
              -121.0740105,
              38.9439173
            ],
            [
              -121.0740766,
              38.9438917
            ],
            [
              -121.0741195,
              38.9438643
            ],
            [
              -121.0741624,
              38.9438318
            ],
            [
              -121.0741987,
              38.9438061
            ],
            [
              -121.0742306,
              38.9437847
            ],
            [
              -121.0742636,
              38.9437744
            ],
            [
              -121.0743131,
              38.9437753
            ],
            [
              -121.0743803,
              38.9437872
            ],
            [
              -121.0745288,
              38.9438395
            ],
            [
              -121.0745717,
              38.9438497
            ],
            [
              -121.0746235,
              38.9438454
            ],
            [
              -121.0746818,
              38.9438318
            ],
            [
              -121.0747423,
              38.9438069
            ],
            [
              -121.0747929,
              38.9437907
            ],
            [
              -121.074838,
              38.9437787
            ],
            [
              -121.0748854,
              38.9437736
            ],
            [
              -121.0749492,
              38.9437744
            ],
            [
              -121.0749965,
              38.9437727
            ],
            [
              -121.0750471,
              38.9437633
            ],
            [
              -121.0750812,
              38.9437436
            ],
            [
              -121.0750867,
              38.9437196
            ],
            [
              -121.0750834,
              38.9436965
            ],
            [
              -121.0750515,
              38.943664
            ],
            [
              -121.0749998,
              38.9436383
            ],
            [
              -121.0748909,
              38.943587
            ],
            [
              -121.0748149,
              38.943557
            ],
            [
              -121.0746785,
              38.9435228
            ],
            [
              -121.0744991,
              38.9434868
            ],
            [
              -121.0743616,
              38.9434766
            ],
            [
              -121.0742119,
              38.9434783
            ],
            [
              -121.0741184,
              38.9434877
            ],
            [
              -121.07407,
              38.9435014
            ],
            [
              -121.0740083,
              38.9435331
            ],
            [
              -121.0739654,
              38.943563
            ],
            [
              -121.0739071,
              38.9436135
            ],
            [
              -121.0738708,
              38.9436631
            ],
            [
              -121.0738058,
              38.9437162
            ],
            [
              -121.0737431,
              38.9437419
            ],
            [
              -121.073676,
              38.9437522
            ],
            [
              -121.0736122,
              38.9437564
            ],
            [
              -121.073545,
              38.9437547
            ],
            [
              -121.0734548,
              38.9437504
            ],
            [
              -121.0733987,
              38.9437513
            ],
            [
              -121.0733624,
              38.9437573
            ],
            [
              -121.0733107,
              38.9437693
            ],
            [
              -121.0732083,
              38.9437984
            ],
            [
              -121.0730895,
              38.9438369
            ],
            [
              -121.0727814,
              38.9439327
            ],
            [
              -121.0726328,
              38.9439815
            ],
            [
              -121.0725195,
              38.9440269
            ],
            [
              -121.0724446,
              38.9440534
            ],
            [
              -121.0723247,
              38.9440817
            ],
            [
              -121.0722576,
              38.9440971
            ],
            [
              -121.0722113,
              38.9441142
            ],
            [
              -121.0721442,
              38.9441236
            ],
            [
              -121.0720705,
              38.9441441
            ],
            [
              -121.0719968,
              38.9441775
            ],
            [
              -121.0719296,
              38.9442246
            ],
            [
              -121.0718746,
              38.9442623
            ],
            [
              -121.0718295,
              38.9442973
            ],
            [
              -121.0717723,
              38.9443247
            ],
            [
              -121.0717337,
              38.9443299
            ],
            [
              -121.0716611,
              38.9443384
            ],
            [
              -121.0715865,
              38.9443441
            ],
            [
              -121.0715326,
              38.944342
            ],
            [
              -121.071467,
              38.9443316
            ]
          ]
        ]
      },
      "properties": {
        "course_id": "ridge_golf_course",
        "course_name": "Ridge Golf Course",
        "hole_number": 11,
        "feature_type": "fairway",
        "name": "hole_11_fairway",
        "feature-color": "#4a7c3f",
        "is_approximate": true,
        "source": "osm",
        "@id": "669356bd-bd1c-413b-8e2f-5cce49eded66",
        "osm_id": 675727431
      }
    },
    {
      "type": "Feature",
      "bbox": [
        -121.0715405,
        38.9442791,
        -121.0711849,
        38.9444492
      ],
      "geometry": {
        "type": "Polygon",
        "coordinates": [
          [
            [
              -121.0715353,
              38.9444189
            ],
            [
              -121.0715204,
              38.9444345
            ],
            [
              -121.0715022,
              38.9444446
            ],
            [
              -121.0714854,
              38.9444472
            ],
            [
              -121.0714685,
              38.9444492
            ],
            [
              -121.0714529,
              38.9444477
            ],
            [
              -121.071436,
              38.9444456
            ],
            [
              -121.0714185,
              38.9444406
            ],
            [
              -121.071404,
              38.9444295
            ],
            [
              -121.071388,
              38.9444118
            ],
            [
              -121.0713705,
              38.9444042
            ],
            [
              -121.0713419,
              38.9443977
            ],
            [
              -121.0713095,
              38.9443947
            ],
            [
              -121.0712835,
              38.9443936
            ],
            [
              -121.0712543,
              38.9443911
            ],
            [
              -121.0712284,
              38.9443846
            ],
            [
              -121.0712089,
              38.944375
            ],
            [
              -121.0711881,
              38.9443613
            ],
            [
              -121.0711849,
              38.9443497
            ],
            [
              -121.0711868,
              38.944327
            ],
            [
              -121.0711888,
              38.9443134
            ],
            [
              -121.0711972,
              38.9443023
            ],
            [
              -121.0712089,
              38.9442912
            ],
            [
              -121.0712258,
              38.9442831
            ],
            [
              -121.0712452,
              38.9442791
            ],
            [
              -121.0712731,
              38.9442831
            ],
            [
              -121.0712887,
              38.9442932
            ],
            [
              -121.0713043,
              38.9442993
            ],
            [
              -121.0713343,
              38.9443071
            ],
            [
              -121.0713686,
              38.9443134
            ],
            [
              -121.0714105,
              38.9443214
            ],
            [
              -121.0714378,
              38.9443268
            ],
            [
              -121.071467,
              38.9443316
            ],
            [
              -121.0714938,
              38.9443386
            ],
            [
              -121.0715133,
              38.9443472
            ],
            [
              -121.0715347,
              38.9443689
            ],
            [
              -121.0715392,
              38.9443815
            ],
            [
              -121.0715405,
              38.9444007
            ],
            [
              -121.0715353,
              38.9444189
            ]
          ]
        ]
      },
      "properties": {
        "course_id": "ridge_golf_course",
        "course_name": "Ridge Golf Course",
        "hole_number": 11,
        "feature_type": "green",
        "name": "hole_11_green",
        "feature-color": "#2d6e2d",
        "is_approximate": true,
        "source": "osm",
        "@id": "249e7776-d3a4-4efe-8052-ff5cfa74c7d0",
        "osm_id": 675727440
      }
    },
    {
      "type": "Feature",
      "bbox": [
        -121.07124430601687,
        38.94438859185751,
        -121.07124430601687,
        38.94438859185751
      ],
      "geometry": {
        "type": "Point",
        "coordinates": [
          -121.07124431,
          38.94438859
        ]
      },
      "properties": {
        "course_id": "ridge_golf_course",
        "course_name": "Ridge Golf Course",
        "hole_number": 11,
        "feature_type": "green_back",
        "name": "hole_11_green_back",
        "feature-color": "#5aae5a",
        "is_approximate": true,
        "source": "derived",
        "@id": "b5c90d64-b014-4620-a351-3750204866eb"
      }
    },
    {
      "type": "Feature",
      "bbox": [
        -121.07136555380325,
        38.94436336779944,
        -121.07136555380325,
        38.94436336779944
      ],
      "geometry": {
        "type": "Point",
        "coordinates": [
          -121.07136555,
          38.94436337
        ]
      },
      "properties": {
        "course_id": "ridge_golf_course",
        "course_name": "Ridge Golf Course",
        "hole_number": 11,
        "feature_type": "green_center",
        "name": "hole_11_green_center",
        "feature-color": "#5aae5a",
        "is_approximate": true,
        "source": "derived",
        "@id": "21177631-1336-4efd-b91a-8cf5e1c81f27"
      }
    },
    {
      "type": "Feature",
      "bbox": [
        -121.07148972484812,
        38.94433753559466,
        -121.07148972484812,
        38.94433753559466
      ],
      "geometry": {
        "type": "Point",
        "coordinates": [
          -121.07148972,
          38.94433754
        ]
      },
      "properties": {
        "course_id": "ridge_golf_course",
        "course_name": "Ridge Golf Course",
        "hole_number": 11,
        "feature_type": "green_front",
        "name": "hole_11_green_front",
        "feature-color": "#5aae5a",
        "is_approximate": true,
        "source": "derived",
        "@id": "fc59fb65-d898-4ee9-8b2b-8289e2bcac72"
      }
    },
    {
      "type": "Feature",
      "bbox": [
        -121.0767027,
        38.943732,
        -121.0765536,
        38.9438197
      ],
      "geometry": {
        "type": "Polygon",
        "coordinates": [
          [
            [
              -121.0767027,
              38.9437824
            ],
            [
              -121.0766946,
              38.9437976
            ],
            [
              -121.076682,
              38.9438103
            ],
            [
              -121.0766674,
              38.9438163
            ],
            [
              -121.0766439,
              38.9438192
            ],
            [
              -121.0766108,
              38.9438197
            ],
            [
              -121.0765873,
              38.9438167
            ],
            [
              -121.0765688,
              38.9438103
            ],
            [
              -121.0765552,
              38.9437989
            ],
            [
              -121.0765536,
              38.9437756
            ],
            [
              -121.0765596,
              38.9437574
            ],
            [
              -121.0765688,
              38.943746
            ],
            [
              -121.0765808,
              38.9437392
            ],
            [
              -121.0765939,
              38.9437341
            ],
            [
              -121.0766222,
              38.9437329
            ],
            [
              -121.076651,
              38.943732
            ],
            [
              -121.0766739,
              38.9437363
            ],
            [
              -121.0766924,
              38.9437494
            ],
            [
              -121.0766984,
              38.9437621
            ],
            [
              -121.0767027,
              38.9437824
            ]
          ]
        ]
      },
      "properties": {
        "course_id": "ridge_golf_course",
        "course_name": "Ridge Golf Course",
        "hole_number": 11,
        "feature_type": "tee_box",
        "name": "hole_11_tee_box",
        "feature-color": "#8b7355",
        "is_approximate": true,
        "source": "osm",
        "@id": "8ba6c6db-2619-4eca-b3dd-48841d5edc21",
        "osm_id": 675727427
      }
    },
    {
      "type": "Feature",
      "bbox": [
        -121.0763419,
        38.9437375,
        -121.0760823,
        38.9438565
      ],
      "geometry": {
        "type": "Polygon",
        "coordinates": [
          [
            [
              -121.0763419,
              38.9437587
            ],
            [
              -121.0763419,
              38.9437714
            ],
            [
              -121.0763364,
              38.9437841
            ],
            [
              -121.0763212,
              38.9437909
            ],
            [
              -121.0762994,
              38.9437913
            ],
            [
              -121.0762717,
              38.9437926
            ],
            [
              -121.0762483,
              38.9437959
            ],
            [
              -121.0762303,
              38.9438053
            ],
            [
              -121.0762173,
              38.9438218
            ],
            [
              -121.0762069,
              38.9438412
            ],
            [
              -121.0761944,
              38.9438506
            ],
            [
              -121.0761721,
              38.9438561
            ],
            [
              -121.0761498,
              38.9438565
            ],
            [
              -121.0761231,
              38.9438548
            ],
            [
              -121.0761019,
              38.9438438
            ],
            [
              -121.0760861,
              38.9438315
            ],
            [
              -121.0760823,
              38.9438163
            ],
            [
              -121.0760861,
              38.9438019
            ],
            [
              -121.0760953,
              38.9437917
            ],
            [
              -121.0761133,
              38.9437811
            ],
            [
              -121.0761487,
              38.9437735
            ],
            [
              -121.0761846,
              38.9437676
            ],
            [
              -121.0762037,
              38.9437617
            ],
            [
              -121.0762249,
              38.9437545
            ],
            [
              -121.076239,
              38.9437481
            ],
            [
              -121.0762505,
              38.943743
            ],
            [
              -121.0762739,
              38.9437396
            ],
            [
              -121.0763,
              38.9437375
            ],
            [
              -121.0763185,
              38.9437384
            ],
            [
              -121.0763359,
              38.9437456
            ],
            [
              -121.0763419,
              38.9437587
            ]
          ]
        ]
      },
      "properties": {
        "course_id": "ridge_golf_course",
        "course_name": "Ridge Golf Course",
        "hole_number": 11,
        "feature_type": "tee_box",
        "name": "hole_11_tee_box_2",
        "feature-color": "#8b7355",
        "is_approximate": true,
        "source": "osm",
        "@id": "11c2f842-5200-4628-a964-689b737177a2",
        "osm_id": 675727428
      }
    },
    {
      "type": "Feature",
      "bbox": [
        -121.0759625,
        38.9437375,
        -121.0758815,
        38.9438129
      ],
      "geometry": {
        "type": "Polygon",
        "coordinates": [
          [
            [
              -121.0759587,
              38.9437871
            ],
            [
              -121.0759495,
              38.9437998
            ],
            [
              -121.0759386,
              38.9438078
            ],
            [
              -121.0759244,
              38.9438129
            ],
            [
              -121.0759027,
              38.9438108
            ],
            [
              -121.075888,
              38.9437993
            ],
            [
              -121.0758815,
              38.9437832
            ],
            [
              -121.0758815,
              38.9437625
            ],
            [
              -121.0758869,
              38.9437485
            ],
            [
              -121.0758983,
              38.9437396
            ],
            [
              -121.0759163,
              38.9437375
            ],
            [
              -121.0759375,
              38.9437388
            ],
            [
              -121.0759511,
              38.9437494
            ],
            [
              -121.0759593,
              38.9437604
            ],
            [
              -121.0759625,
              38.9437727
            ],
            [
              -121.0759587,
              38.9437871
            ]
          ]
        ]
      },
      "properties": {
        "course_id": "ridge_golf_course",
        "course_name": "Ridge Golf Course",
        "hole_number": 11,
        "feature_type": "tee_box",
        "name": "hole_11_tee_box_3",
        "feature-color": "#8b7355",
        "is_approximate": true,
        "source": "osm",
        "@id": "12530f0f-4517-43c8-b5ea-fb8caa310dab",
        "osm_id": 675727429
      }
    },
    {
      "type": "Feature",
      "bbox": [
        -121.0757263,
        38.9436994,
        -121.0756518,
        38.9437667
      ],
      "geometry": {
        "type": "Polygon",
        "coordinates": [
          [
            [
              -121.0757247,
              38.9437426
            ],
            [
              -121.0757138,
              38.9437557
            ],
            [
              -121.075697,
              38.9437638
            ],
            [
              -121.0756779,
              38.9437667
            ],
            [
              -121.0756659,
              38.9437646
            ],
            [
              -121.0756567,
              38.9437545
            ],
            [
              -121.0756518,
              38.9437413
            ],
            [
              -121.0756534,
              38.9437274
            ],
            [
              -121.0756621,
              38.9437121
            ],
            [
              -121.075673,
              38.9437041
            ],
            [
              -121.075685,
              38.9436994
            ],
            [
              -121.0756959,
              38.9436994
            ],
            [
              -121.0757084,
              38.9437016
            ],
            [
              -121.0757198,
              38.9437121
            ],
            [
              -121.0757263,
              38.943727
            ],
            [
              -121.0757247,
              38.9437426
            ]
          ]
        ]
      },
      "properties": {
        "course_id": "ridge_golf_course",
        "course_name": "Ridge Golf Course",
        "hole_number": 11,
        "feature_type": "tee_box",
        "name": "hole_11_tee_box_4",
        "feature-color": "#8b7355",
        "is_approximate": true,
        "source": "osm",
        "@id": "8be89760-df5d-4c6c-a97d-31814547901d",
        "osm_id": 675727430
      }
    },
    {
      "type": "Feature",
      "bbox": [
        -121.07662732547703,
        38.943776269086044,
        -121.07662732547703,
        38.943776269086044
      ],
      "geometry": {
        "type": "Point",
        "coordinates": [
          -121.07662733,
          38.94377627
        ]
      },
      "properties": {
        "course_id": "ridge_golf_course",
        "course_name": "Ridge Golf Course",
        "hole_number": 11,
        "feature_type": "tee_center",
        "name": "hole_11_tee_center",
        "feature-color": "#c8a055",
        "is_approximate": true,
        "source": "derived",
        "@id": "b2828462-cc3d-455e-ae15-738c0cafc1a5"
      }
    },
    {
      "type": "Feature",
      "bbox": [
        -121.0713456,
        38.9452235,
        -121.0712204,
        38.9453725
      ],
      "geometry": {
        "type": "Polygon",
        "coordinates": [
          [
            [
              -121.0713456,
              38.9453205
            ],
            [
              -121.0713429,
              38.9453581
            ],
            [
              -121.0713331,
              38.9453641
            ],
            [
              -121.0713146,
              38.9453683
            ],
            [
              -121.0712955,
              38.9453708
            ],
            [
              -121.0712754,
              38.9453725
            ],
            [
              -121.0712574,
              38.9453683
            ],
            [
              -121.0712422,
              38.9453569
            ],
            [
              -121.0712335,
              38.9453412
            ],
            [
              -121.0712318,
              38.9453281
            ],
            [
              -121.0712307,
              38.945312
            ],
            [
              -121.0712335,
              38.945304
            ],
            [
              -121.0712389,
              38.9452993
            ],
            [
              -121.0712433,
              38.9452925
            ],
            [
              -121.0712443,
              38.9452836
            ],
            [
              -121.0712394,
              38.9452764
            ],
            [
              -121.0712307,
              38.9452709
            ],
            [
              -121.0712226,
              38.9452616
            ],
            [
              -121.0712204,
              38.9452498
            ],
            [
              -121.0712237,
              38.9452396
            ],
            [
              -121.0712313,
              38.9452328
            ],
            [
              -121.0712449,
              38.9452261
            ],
            [
              -121.0712612,
              38.9452235
            ],
            [
              -121.0712857,
              38.9452235
            ],
            [
              -121.0713048,
              38.9452252
            ],
            [
              -121.0713205,
              38.9452316
            ],
            [
              -121.0713347,
              38.9452443
            ],
            [
              -121.0713418,
              38.9452515
            ],
            [
              -121.071345,
              38.9452587
            ],
            [
              -121.0713439,
              38.9452667
            ],
            [
              -121.071339,
              38.9452718
            ],
            [
              -121.0713244,
              38.9452794
            ],
            [
              -121.0713195,
              38.9452896
            ],
            [
              -121.0713205,
              38.9453002
            ],
            [
              -121.0713227,
              38.9453078
            ],
            [
              -121.0713276,
              38.945315
            ],
            [
              -121.0713374,
              38.9453184
            ],
            [
              -121.0713456,
              38.9453205
            ]
          ]
        ]
      },
      "properties": {
        "course_id": "ridge_golf_course",
        "course_name": "Ridge Golf Course",
        "hole_number": 12,
        "feature_type": "bunker",
        "name": "hole_12_bunker",
        "feature-color": "#d4b483",
        "is_approximate": true,
        "source": "osm",
        "@id": "c1a29691-2dcb-4160-b9c3-4ad6326765b7",
        "osm_id": 675729434
      }
    },
    {
      "type": "Feature",
      "bbox": [
        -121.0715358,
        38.9449369,
        -121.0711275,
        38.9453344
      ],
      "geometry": {
        "type": "Polygon",
        "coordinates": [
          [
            [
              -121.0713933,
              38.9453344
            ],
            [
              -121.071389,
              38.9452973
            ],
            [
              -121.0713864,
              38.9452786
            ],
            [
              -121.0713786,
              38.9452584
            ],
            [
              -121.0713657,
              38.9452388
            ],
            [
              -121.0713533,
              38.9452221
            ],
            [
              -121.0713436,
              38.945211
            ],
            [
              -121.071328,
              38.9452014
            ],
            [
              -121.0712975,
              38.9451873
            ],
            [
              -121.071254,
              38.9451696
            ],
            [
              -121.0711859,
              38.9451338
            ],
            [
              -121.0711632,
              38.9451196
            ],
            [
              -121.0711431,
              38.9450934
            ],
            [
              -121.071132,
              38.9450732
            ],
            [
              -121.0711275,
              38.9450429
            ],
            [
              -121.0711333,
              38.9450121
            ],
            [
              -121.0711502,
              38.9449839
            ],
            [
              -121.0711768,
              38.9449591
            ],
            [
              -121.0712099,
              38.9449445
            ],
            [
              -121.0712482,
              38.9449369
            ],
            [
              -121.071293,
              38.9449394
            ],
            [
              -121.0713189,
              38.9449475
            ],
            [
              -121.0713481,
              38.9449632
            ],
            [
              -121.0713773,
              38.9449914
            ],
            [
              -121.0713936,
              38.9450227
            ],
            [
              -121.0714033,
              38.9450434
            ],
            [
              -121.0714104,
              38.9450656
            ],
            [
              -121.0714215,
              38.9451171
            ],
            [
              -121.0714254,
              38.9451378
            ],
            [
              -121.0714351,
              38.9451701
            ],
            [
              -121.0714617,
              38.945211
            ],
            [
              -121.0714812,
              38.9452423
            ],
            [
              -121.0715078,
              38.9452701
            ],
            [
              -121.0715358,
              38.9453129
            ],
            [
              -121.0715221,
              38.9453018
            ],
            [
              -121.0715089,
              38.9452955
            ],
            [
              -121.0714934,
              38.9452912
            ],
            [
              -121.0714765,
              38.9452884
            ],
            [
              -121.0714523,
              38.9452884
            ],
            [
              -121.0714295,
              38.9452912
            ],
            [
              -121.0714167,
              38.9452972
            ],
            [
              -121.0714048,
              38.9453061
            ],
            [
              -121.0713957,
              38.9453196
            ],
            [
              -121.0713933,
              38.9453344
            ]
          ]
        ]
      },
      "properties": {
        "course_id": "ridge_golf_course",
        "course_name": "Ridge Golf Course",
        "hole_number": 12,
        "feature_type": "fairway",
        "name": "hole_12_fairway",
        "feature-color": "#4a7c3f",
        "is_approximate": true,
        "source": "osm",
        "@id": "6d8361f6-193b-4c42-ae8b-266bce4e2c0f",
        "osm_id": 675729426
      }
    },
    {
      "type": "Feature",
      "bbox": [
        -121.0715805,
        38.9452884,
        -121.071393,
        38.9455074
      ],
      "geometry": {
        "type": "Polygon",
        "coordinates": [
          [
            [
              -121.0715783,
              38.945409
            ],
            [
              -121.0715769,
              38.9453909
            ],
            [
              -121.0715714,
              38.9453693
            ],
            [
              -121.0715623,
              38.9453498
            ],
            [
              -121.071555,
              38.9453345
            ],
            [
              -121.0715449,
              38.9453217
            ],
            [
              -121.0715358,
              38.9453129
            ],
            [
              -121.0715221,
              38.9453018
            ],
            [
              -121.0715089,
              38.9452955
            ],
            [
              -121.0714934,
              38.9452912
            ],
            [
              -121.0714765,
              38.9452884
            ],
            [
              -121.0714523,
              38.9452884
            ],
            [
              -121.0714295,
              38.9452912
            ],
            [
              -121.0714167,
              38.9452972
            ],
            [
              -121.0714048,
              38.9453061
            ],
            [
              -121.0713957,
              38.9453196
            ],
            [
              -121.0713933,
              38.9453344
            ],
            [
              -121.071393,
              38.9453633
            ],
            [
              -121.0713939,
              38.9453924
            ],
            [
              -121.0713952,
              38.9454119
            ],
            [
              -121.0713984,
              38.945424
            ],
            [
              -121.0714044,
              38.9454378
            ],
            [
              -121.0714117,
              38.9454516
            ],
            [
              -121.0714276,
              38.9454697
            ],
            [
              -121.0714427,
              38.9454829
            ],
            [
              -121.0714587,
              38.9454932
            ],
            [
              -121.0714736,
              38.9455013
            ],
            [
              -121.0714947,
              38.945506
            ],
            [
              -121.0715103,
              38.9455074
            ],
            [
              -121.0715249,
              38.945506
            ],
            [
              -121.0715408,
              38.9454999
            ],
            [
              -121.0715559,
              38.9454886
            ],
            [
              -121.0715669,
              38.9454737
            ],
            [
              -121.071576,
              38.9454538
            ],
            [
              -121.0715801,
              38.9454399
            ],
            [
              -121.0715805,
              38.9454261
            ],
            [
              -121.0715783,
              38.945409
            ]
          ]
        ]
      },
      "properties": {
        "course_id": "ridge_golf_course",
        "course_name": "Ridge Golf Course",
        "hole_number": 12,
        "feature_type": "green",
        "name": "hole_12_green",
        "feature-color": "#2d6e2d",
        "is_approximate": true,
        "source": "osm",
        "@id": "5858450e-d8d1-45b1-a24c-d494b7212f1e",
        "osm_id": 675729430
      }
    },
    {
      "type": "Feature",
      "bbox": [
        -121.07154513848882,
        38.94549665331632,
        -121.07154513848882,
        38.94549665331632
      ],
      "geometry": {
        "type": "Point",
        "coordinates": [
          -121.07154514,
          38.94549665
        ]
      },
      "properties": {
        "course_id": "ridge_golf_course",
        "course_name": "Ridge Golf Course",
        "hole_number": 12,
        "feature_type": "green_back",
        "name": "hole_12_green_back",
        "feature-color": "#5aae5a",
        "is_approximate": true,
        "source": "derived",
        "@id": "f0093156-e88f-431b-b6ce-8a1251e95c4d"
      }
    },
    {
      "type": "Feature",
      "bbox": [
        -121.07148505332397,
        38.94539566366063,
        -121.07148505332397,
        38.94539566366063
      ],
      "geometry": {
        "type": "Point",
        "coordinates": [
          -121.07148505,
          38.94539566
        ]
      },
      "properties": {
        "course_id": "ridge_golf_course",
        "course_name": "Ridge Golf Course",
        "hole_number": 12,
        "feature_type": "green_center",
        "name": "hole_12_green_center",
        "feature-color": "#5aae5a",
        "is_approximate": true,
        "source": "derived",
        "@id": "91550788-f0dc-44bb-a58c-1310d220c083"
      }
    },
    {
      "type": "Feature",
      "bbox": [
        -121.07142434025091,
        38.945293618632384,
        -121.07142434025091,
        38.945293618632384
      ],
      "geometry": {
        "type": "Point",
        "coordinates": [
          -121.07142434,
          38.94529362
        ]
      },
      "properties": {
        "course_id": "ridge_golf_course",
        "course_name": "Ridge Golf Course",
        "hole_number": 12,
        "feature_type": "green_front",
        "name": "hole_12_green_front",
        "feature-color": "#5aae5a",
        "is_approximate": true,
        "source": "derived",
        "@id": "22f47bac-fad8-49f2-8c98-c7fb20aa0863"
      }
    },
    {
      "type": "Feature",
      "bbox": [
        -121.0697716,
        38.9445222,
        -121.069613,
        38.9446486
      ],
      "geometry": {
        "type": "Polygon",
        "coordinates": [
          [
            [
              -121.0697592,
              38.9445968
            ],
            [
              -121.0697531,
              38.9446119
            ],
            [
              -121.0697368,
              38.9446299
            ],
            [
              -121.0697159,
              38.9446444
            ],
            [
              -121.0696919,
              38.9446486
            ],
            [
              -121.0696617,
              38.944645
            ],
            [
              -121.0696323,
              38.9446341
            ],
            [
              -121.0696192,
              38.9446215
            ],
            [
              -121.069613,
              38.9446022
            ],
            [
              -121.0696161,
              38.944586
            ],
            [
              -121.0696331,
              38.9445631
            ],
            [
              -121.0696555,
              38.9445457
            ],
            [
              -121.069685,
              38.9445306
            ],
            [
              -121.0697159,
              38.9445222
            ],
            [
              -121.0697399,
              38.9445228
            ],
            [
              -121.0697592,
              38.9445354
            ],
            [
              -121.0697716,
              38.9445469
            ],
            [
              -121.0697685,
              38.9445727
            ],
            [
              -121.0697592,
              38.9445968
            ]
          ]
        ]
      },
      "properties": {
        "course_id": "ridge_golf_course",
        "course_name": "Ridge Golf Course",
        "hole_number": 12,
        "feature_type": "tee_box",
        "name": "hole_12_tee_box",
        "feature-color": "#8b7355",
        "is_approximate": true,
        "source": "osm",
        "@id": "90d662b4-512f-4135-bb70-f2f0fe8b033c",
        "osm_id": 675729407
      }
    },
    {
      "type": "Feature",
      "bbox": [
        -121.0700092,
        38.9445192,
        -121.0698599,
        38.944648
      ],
      "geometry": {
        "type": "Polygon",
        "coordinates": [
          [
            [
              -121.0699984,
              38.9446155
            ],
            [
              -121.0699829,
              38.9446311
            ],
            [
              -121.069962,
              38.944642
            ],
            [
              -121.0699403,
              38.944648
            ],
            [
              -121.0699156,
              38.944645
            ],
            [
              -121.0698931,
              38.9446365
            ],
            [
              -121.0698761,
              38.9446239
            ],
            [
              -121.0698629,
              38.9446028
            ],
            [
              -121.0698599,
              38.9445878
            ],
            [
              -121.0698614,
              38.9445691
            ],
            [
              -121.0698715,
              38.9445499
            ],
            [
              -121.0698893,
              38.9445348
            ],
            [
              -121.0699125,
              38.9445228
            ],
            [
              -121.0699411,
              38.9445192
            ],
            [
              -121.0699651,
              38.9445204
            ],
            [
              -121.0699922,
              38.9445318
            ],
            [
              -121.0700061,
              38.9445487
            ],
            [
              -121.0700092,
              38.9445685
            ],
            [
              -121.0700077,
              38.9445926
            ],
            [
              -121.0699984,
              38.9446155
            ]
          ]
        ]
      },
      "properties": {
        "course_id": "ridge_golf_course",
        "course_name": "Ridge Golf Course",
        "hole_number": 12,
        "feature_type": "tee_box",
        "name": "hole_12_tee_box_2",
        "feature-color": "#8b7355",
        "is_approximate": true,
        "source": "osm",
        "@id": "cd37f350-4d4c-4ebf-a287-047ce9ce5caf",
        "osm_id": 675729409
      }
    },
    {
      "type": "Feature",
      "bbox": [
        -121.0702344,
        38.9445186,
        -121.0700812,
        38.944645
      ],
      "geometry": {
        "type": "Polygon",
        "coordinates": [
          [
            [
              -121.0702336,
              38.9445866
            ],
            [
              -121.0702244,
              38.9446034
            ],
            [
              -121.0702089,
              38.9446203
            ],
            [
              -121.0701903,
              38.9446353
            ],
            [
              -121.0701671,
              38.9446432
            ],
            [
              -121.0701477,
              38.944645
            ],
            [
              -121.0701237,
              38.944639
            ],
            [
              -121.0701044,
              38.9446269
            ],
            [
              -121.0700897,
              38.9446059
            ],
            [
              -121.0700812,
              38.9445782
            ],
            [
              -121.0700851,
              38.9445535
            ],
            [
              -121.0700967,
              38.9445396
            ],
            [
              -121.0701237,
              38.9445216
            ],
            [
              -121.070147,
              38.9445186
            ],
            [
              -121.0701741,
              38.9445186
            ],
            [
              -121.0702004,
              38.9445276
            ],
            [
              -121.070222,
              38.9445427
            ],
            [
              -121.0702344,
              38.9445625
            ],
            [
              -121.0702336,
              38.9445866
            ]
          ]
        ]
      },
      "properties": {
        "course_id": "ridge_golf_course",
        "course_name": "Ridge Golf Course",
        "hole_number": 12,
        "feature_type": "tee_box",
        "name": "hole_12_tee_box_3",
        "feature-color": "#8b7355",
        "is_approximate": true,
        "source": "osm",
        "@id": "9856f577-ec31-4903-abcc-e8d246b1244a",
        "osm_id": 675729412
      }
    },
    {
      "type": "Feature",
      "bbox": [
        -121.0704697,
        38.9445541,
        -121.0703242,
        38.9446624
      ],
      "geometry": {
        "type": "Polygon",
        "coordinates": [
          [
            [
              -121.0704697,
              38.944601
            ],
            [
              -121.070448,
              38.9446299
            ],
            [
              -121.0704248,
              38.9446486
            ],
            [
              -121.0704039,
              38.9446594
            ],
            [
              -121.0703822,
              38.9446624
            ],
            [
              -121.0703559,
              38.9446588
            ],
            [
              -121.0703366,
              38.9446444
            ],
            [
              -121.0703242,
              38.9446233
            ],
            [
              -121.070325,
              38.9446022
            ],
            [
              -121.0703288,
              38.9445884
            ],
            [
              -121.0703397,
              38.9445746
            ],
            [
              -121.0703528,
              38.9445631
            ],
            [
              -121.070366,
              38.9445571
            ],
            [
              -121.0703807,
              38.9445541
            ],
            [
              -121.0704101,
              38.9445547
            ],
            [
              -121.0704318,
              38.9445571
            ],
            [
              -121.0704527,
              38.9445643
            ],
            [
              -121.0704681,
              38.9445806
            ],
            [
              -121.0704697,
              38.944601
            ]
          ]
        ]
      },
      "properties": {
        "course_id": "ridge_golf_course",
        "course_name": "Ridge Golf Course",
        "hole_number": 12,
        "feature_type": "tee_box",
        "name": "hole_12_tee_box_4",
        "feature-color": "#8b7355",
        "is_approximate": true,
        "source": "osm",
        "@id": "dbd64451-186d-40db-a62c-6c6a065ddc1c",
        "osm_id": 675729414
      }
    },
    {
      "type": "Feature",
      "bbox": [
        -121.0707916,
        38.9444993,
        -121.0706709,
        38.9446022
      ],
      "geometry": {
        "type": "Polygon",
        "coordinates": [
          [
            [
              -121.0707916,
              38.9445529
            ],
            [
              -121.0707916,
              38.9445685
            ],
            [
              -121.0707831,
              38.9445842
            ],
            [
              -121.0707692,
              38.9445956
            ],
            [
              -121.070746,
              38.9446016
            ],
            [
              -121.0707196,
              38.9446022
            ],
            [
              -121.0707003,
              38.9445944
            ],
            [
              -121.0706848,
              38.9445764
            ],
            [
              -121.0706755,
              38.9445595
            ],
            [
              -121.0706709,
              38.9445408
            ],
            [
              -121.0706763,
              38.9445282
            ],
            [
              -121.0706879,
              38.9445144
            ],
            [
              -121.0707018,
              38.9445035
            ],
            [
              -121.0707235,
              38.9444993
            ],
            [
              -121.0707421,
              38.9445029
            ],
            [
              -121.0707614,
              38.9445095
            ],
            [
              -121.0707831,
              38.9445264
            ],
            [
              -121.0707916,
              38.9445529
            ]
          ]
        ]
      },
      "properties": {
        "course_id": "ridge_golf_course",
        "course_name": "Ridge Golf Course",
        "hole_number": 12,
        "feature_type": "tee_box",
        "name": "hole_12_tee_box_5",
        "feature-color": "#8b7355",
        "is_approximate": true,
        "source": "osm",
        "@id": "9c18b63b-4b8d-495e-9fba-c0f99b9d45fd",
        "osm_id": 675729418
      }
    },
    {
      "type": "Feature",
      "bbox": [
        -121.06969461437548,
        38.94458610336408,
        -121.06969461437548,
        38.94458610336408
      ],
      "geometry": {
        "type": "Point",
        "coordinates": [
          -121.06969461,
          38.9445861
        ]
      },
      "properties": {
        "course_id": "ridge_golf_course",
        "course_name": "Ridge Golf Course",
        "hole_number": 12,
        "feature_type": "tee_center",
        "name": "hole_12_tee_center",
        "feature-color": "#c8a055",
        "is_approximate": true,
        "source": "derived",
        "@id": "358ed262-3483-4684-bf8c-9a65f64dc48d"
      }
    },
    {
      "type": "Feature",
      "bbox": [
        -121.0688846,
        38.9448706,
        -121.0687284,
        38.9449757
      ],
      "geometry": {
        "type": "Polygon",
        "coordinates": [
          [
            [
              -121.0688738,
              38.9448932
            ],
            [
              -121.0688802,
              38.9449036
            ],
            [
              -121.0688846,
              38.9449149
            ],
            [
              -121.0688829,
              38.9449254
            ],
            [
              -121.0688765,
              38.9449313
            ],
            [
              -121.0688663,
              38.944935
            ],
            [
              -121.0688528,
              38.944938
            ],
            [
              -121.0688399,
              38.9449392
            ],
            [
              -121.0688253,
              38.9449417
            ],
            [
              -121.06882,
              38.9449497
            ],
            [
              -121.0688124,
              38.9449614
            ],
            [
              -121.0688022,
              38.9449685
            ],
            [
              -121.0687925,
              38.9449727
            ],
            [
              -121.0687753,
              38.9449757
            ],
            [
              -121.0687586,
              38.9449719
            ],
            [
              -121.068743,
              38.9449627
            ],
            [
              -121.0687338,
              38.9449539
            ],
            [
              -121.068729,
              38.9449413
            ],
            [
              -121.0687284,
              38.9449237
            ],
            [
              -121.0687311,
              38.9449141
            ],
            [
              -121.0687376,
              38.9449091
            ],
            [
              -121.068751,
              38.9449036
            ],
            [
              -121.0687688,
              38.9448965
            ],
            [
              -121.068785,
              38.9448882
            ],
            [
              -121.0687973,
              38.9448802
            ],
            [
              -121.068813,
              38.9448735
            ],
            [
              -121.0688318,
              38.9448706
            ],
            [
              -121.0688469,
              38.9448739
            ],
            [
              -121.0688609,
              38.9448802
            ],
            [
              -121.0688684,
              38.9448852
            ],
            [
              -121.0688738,
              38.9448932
            ]
          ]
        ]
      },
      "properties": {
        "course_id": "ridge_golf_course",
        "course_name": "Ridge Golf Course",
        "hole_number": 13,
        "feature_type": "bunker",
        "name": "hole_13_bunker",
        "feature-color": "#d4b483",
        "is_approximate": true,
        "source": "osm",
        "@id": "713b722c-91ef-43ff-bb05-338a02163326",
        "osm_id": 675885744
      }
    },
    {
      "type": "Feature",
      "bbox": [
        -121.0686062,
        38.94484,
        -121.0684264,
        38.944943
      ],
      "geometry": {
        "type": "Polygon",
        "coordinates": [
          [
            [
              -121.0686062,
              38.9449103
            ],
            [
              -121.0686062,
              38.9449216
            ],
            [
              -121.0685965,
              38.9449313
            ],
            [
              -121.0685842,
              38.9449376
            ],
            [
              -121.0685702,
              38.9449426
            ],
            [
              -121.0685535,
              38.944943
            ],
            [
              -121.0685362,
              38.9449384
            ],
            [
              -121.0685249,
              38.9449338
            ],
            [
              -121.0685169,
              38.94493
            ],
            [
              -121.0685142,
              38.944925
            ],
            [
              -121.068512,
              38.9449175
            ],
            [
              -121.0685077,
              38.9449124
            ],
            [
              -121.0684975,
              38.9449095
            ],
            [
              -121.0684867,
              38.9449124
            ],
            [
              -121.0684786,
              38.9449162
            ],
            [
              -121.0684684,
              38.9449145
            ],
            [
              -121.0684576,
              38.9449083
            ],
            [
              -121.0684458,
              38.9449028
            ],
            [
              -121.0684334,
              38.9448982
            ],
            [
              -121.0684264,
              38.944884
            ],
            [
              -121.0684264,
              38.9448735
            ],
            [
              -121.0684313,
              38.944863
            ],
            [
              -121.0684415,
              38.9448542
            ],
            [
              -121.068456,
              38.9448467
            ],
            [
              -121.0684727,
              38.94484
            ],
            [
              -121.0684856,
              38.9448413
            ],
            [
              -121.0685082,
              38.9448496
            ],
            [
              -121.0685276,
              38.9448588
            ],
            [
              -121.06854,
              38.9448655
            ],
            [
              -121.0685545,
              38.9448697
            ],
            [
              -121.068575,
              38.9448773
            ],
            [
              -121.0685874,
              38.9448823
            ],
            [
              -121.0686014,
              38.9448936
            ],
            [
              -121.0686062,
              38.9449103
            ]
          ]
        ]
      },
      "properties": {
        "course_id": "ridge_golf_course",
        "course_name": "Ridge Golf Course",
        "hole_number": 13,
        "feature_type": "bunker",
        "name": "hole_13_bunker_2",
        "feature-color": "#d4b483",
        "is_approximate": true,
        "source": "osm",
        "@id": "8ebfbba6-b4de-4ca2-9d9f-50d5dbafa483",
        "osm_id": 675885745
      }
    },
    {
      "type": "Feature",
      "bbox": [
        -121.0686563,
        38.944737,
        -121.0685131,
        38.9448245
      ],
      "geometry": {
        "type": "Polygon",
        "coordinates": [
          [
            [
              -121.0686563,
              38.9447898
            ],
            [
              -121.0686552,
              38.9448032
            ],
            [
              -121.0686498,
              38.9448132
            ],
            [
              -121.0686418,
              38.9448186
            ],
            [
              -121.0686294,
              38.9448241
            ],
            [
              -121.0686159,
              38.9448245
            ],
            [
              -121.0686025,
              38.9448245
            ],
            [
              -121.0685971,
              38.9448203
            ],
            [
              -121.0685955,
              38.9448149
            ],
            [
              -121.0685852,
              38.9448119
            ],
            [
              -121.0685691,
              38.9448086
            ],
            [
              -121.0685605,
              38.9448082
            ],
            [
              -121.0685524,
              38.9448099
            ],
            [
              -121.0685422,
              38.9448069
            ],
            [
              -121.0685303,
              38.9448019
            ],
            [
              -121.0685206,
              38.9447965
            ],
            [
              -121.0685163,
              38.9447831
            ],
            [
              -121.0685131,
              38.944768
            ],
            [
              -121.0685152,
              38.9447554
            ],
            [
              -121.0685206,
              38.944745
            ],
            [
              -121.068533,
              38.9447399
            ],
            [
              -121.068554,
              38.944737
            ],
            [
              -121.0685702,
              38.9447383
            ],
            [
              -121.0685863,
              38.944742
            ],
            [
              -121.0686008,
              38.9447466
            ],
            [
              -121.0686218,
              38.9447546
            ],
            [
              -121.0686385,
              38.9447617
            ],
            [
              -121.0686471,
              38.9447692
            ],
            [
              -121.0686525,
              38.9447772
            ],
            [
              -121.0686563,
              38.9447898
            ]
          ]
        ]
      },
      "properties": {
        "course_id": "ridge_golf_course",
        "course_name": "Ridge Golf Course",
        "hole_number": 13,
        "feature_type": "bunker",
        "name": "hole_13_bunker_3",
        "feature-color": "#d4b483",
        "is_approximate": true,
        "source": "osm",
        "@id": "07454941-6f0c-4158-9742-56f1390f0695",
        "osm_id": 675885746
      }
    },
    {
      "type": "Feature",
      "bbox": [
        -121.0708691,
        38.9448002,
        -121.0681614,
        38.9459528
      ],
      "geometry": {
        "type": "Polygon",
        "coordinates": [
          [
            [
              -121.068397,
              38.9448798
            ],
            [
              -121.0684022,
              38.9449041
            ],
            [
              -121.0684176,
              38.9449152
            ],
            [
              -121.0684346,
              38.9449249
            ],
            [
              -121.0684569,
              38.9449351
            ],
            [
              -121.0684786,
              38.9449443
            ],
            [
              -121.0685049,
              38.9449511
            ],
            [
              -121.0685305,
              38.9449578
            ],
            [
              -121.0685563,
              38.9449581
            ],
            [
              -121.0685882,
              38.9449579
            ],
            [
              -121.068613,
              38.9449575
            ],
            [
              -121.068656,
              38.9449564
            ],
            [
              -121.0686749,
              38.9449643
            ],
            [
              -121.0687077,
              38.9449728
            ],
            [
              -121.0687391,
              38.9449817
            ],
            [
              -121.0687609,
              38.9449897
            ],
            [
              -121.0687834,
              38.9449907
            ],
            [
              -121.0688136,
              38.9449882
            ],
            [
              -121.0688508,
              38.9449822
            ],
            [
              -121.0688816,
              38.9449782
            ],
            [
              -121.0689131,
              38.9449782
            ],
            [
              -121.0689323,
              38.9449807
            ],
            [
              -121.0689567,
              38.9449872
            ],
            [
              -121.0689843,
              38.9449952
            ],
            [
              -121.0690017,
              38.9450017
            ],
            [
              -121.0690241,
              38.9450087
            ],
            [
              -121.0690511,
              38.9450152
            ],
            [
              -121.0690768,
              38.9450297
            ],
            [
              -121.0691044,
              38.9450526
            ],
            [
              -121.0691403,
              38.9450776
            ],
            [
              -121.0691859,
              38.9451011
            ],
            [
              -121.0692199,
              38.9451121
            ],
            [
              -121.0692649,
              38.945121
            ],
            [
              -121.0693259,
              38.945134
            ],
            [
              -121.0694068,
              38.945146
            ],
            [
              -121.0694748,
              38.945161
            ],
            [
              -121.0695345,
              38.9451715
            ],
            [
              -121.0695743,
              38.945184
            ],
            [
              -121.0696212,
              38.9452019
            ],
            [
              -121.0696597,
              38.9452164
            ],
            [
              -121.0696886,
              38.9452289
            ],
            [
              -121.06972,
              38.9452424
            ],
            [
              -121.069774,
              38.9452638
            ],
            [
              -121.0698356,
              38.9452938
            ],
            [
              -121.0698824,
              38.9453223
            ],
            [
              -121.0699178,
              38.9453467
            ],
            [
              -121.0699499,
              38.9453767
            ],
            [
              -121.0700128,
              38.9454456
            ],
            [
              -121.0700725,
              38.9455135
            ],
            [
              -121.0701059,
              38.9455325
            ],
            [
              -121.0701405,
              38.9455544
            ],
            [
              -121.0701668,
              38.9455674
            ],
            [
              -121.0701996,
              38.9455799
            ],
            [
              -121.0702407,
              38.9455854
            ],
            [
              -121.0703049,
              38.9455959
            ],
            [
              -121.0703716,
              38.9456123
            ],
            [
              -121.0704653,
              38.9456453
            ],
            [
              -121.0706342,
              38.9457167
            ],
            [
              -121.0707664,
              38.9457726
            ],
            [
              -121.0707992,
              38.9457931
            ],
            [
              -121.0708293,
              38.9458125
            ],
            [
              -121.0708454,
              38.9458315
            ],
            [
              -121.0708602,
              38.9458555
            ],
            [
              -121.0708691,
              38.9458815
            ],
            [
              -121.0708666,
              38.9459019
            ],
            [
              -121.0708576,
              38.9459144
            ],
            [
              -121.0708364,
              38.9459314
            ],
            [
              -121.0708133,
              38.9459444
            ],
            [
              -121.0707831,
              38.9459528
            ],
            [
              -121.0707581,
              38.9459523
            ],
            [
              -121.0707221,
              38.9459499
            ],
            [
              -121.0706483,
              38.9459399
            ],
            [
              -121.0705841,
              38.9459349
            ],
            [
              -121.0705116,
              38.9459299
            ],
            [
              -121.0704775,
              38.9459274
            ],
            [
              -121.070432,
              38.9459229
            ],
            [
              -121.0703883,
              38.9459159
            ],
            [
              -121.0703421,
              38.9459019
            ],
            [
              -121.0702862,
              38.9458839
            ],
            [
              -121.0702458,
              38.9458635
            ],
            [
              -121.0702098,
              38.945841
            ],
            [
              -121.070172,
              38.9458185
            ],
            [
              -121.0701386,
              38.9457981
            ],
            [
              -121.0701071,
              38.9457811
            ],
            [
              -121.0700667,
              38.9457641
            ],
            [
              -121.0700166,
              38.9457397
            ],
            [
              -121.0698966,
              38.9456767
            ],
            [
              -121.0697881,
              38.9456238
            ],
            [
              -121.0697457,
              38.9456014
            ],
            [
              -121.0697027,
              38.9455809
            ],
            [
              -121.0696738,
              38.9455659
            ],
            [
              -121.0696424,
              38.9455539
            ],
            [
              -121.0696115,
              38.9455399
            ],
            [
              -121.0695788,
              38.945527
            ],
            [
              -121.0695371,
              38.945508
            ],
            [
              -121.0694883,
              38.9454815
            ],
            [
              -121.0694472,
              38.9454456
            ],
            [
              -121.0694151,
              38.9454091
            ],
            [
              -121.0693894,
              38.9453837
            ],
            [
              -121.0693682,
              38.9453632
            ],
            [
              -121.0693111,
              38.9453203
            ],
            [
              -121.0692495,
              38.9452763
            ],
            [
              -121.069218,
              38.9452484
            ],
            [
              -121.0691936,
              38.9452329
            ],
            [
              -121.0691551,
              38.9452074
            ],
            [
              -121.0691269,
              38.9451939
            ],
            [
              -121.069105,
              38.9451874
            ],
            [
              -121.0690601,
              38.9451745
            ],
            [
              -121.0690203,
              38.945164
            ],
            [
              -121.0689876,
              38.945152
            ],
            [
              -121.0689497,
              38.945136
            ],
            [
              -121.0689208,
              38.9451141
            ],
            [
              -121.0688964,
              38.9450896
            ],
            [
              -121.0688726,
              38.9450641
            ],
            [
              -121.0688431,
              38.9450407
            ],
            [
              -121.0688078,
              38.9450252
            ],
            [
              -121.0687712,
              38.9450202
            ],
            [
              -121.0687314,
              38.9450187
            ],
            [
              -121.0687025,
              38.9450227
            ],
            [
              -121.0686685,
              38.9450357
            ],
            [
              -121.0686338,
              38.9450377
            ],
            [
              -121.0686101,
              38.9450362
            ],
            [
              -121.0685902,
              38.9450267
            ],
            [
              -121.0685812,
              38.9450147
            ],
            [
              -121.0685679,
              38.9450062
            ],
            [
              -121.0685517,
              38.9450067
            ],
            [
              -121.0685343,
              38.9450047
            ],
            [
              -121.0685141,
              38.9449983
            ],
            [
              -121.068499,
              38.9449932
            ],
            [
              -121.0684817,
              38.9449912
            ],
            [
              -121.0684573,
              38.9449897
            ],
            [
              -121.0684406,
              38.9449907
            ],
            [
              -121.0684239,
              38.9449952
            ],
            [
              -121.0684014,
              38.9450032
            ],
            [
              -121.068379,
              38.9450107
            ],
            [
              -121.0683507,
              38.9450182
            ],
            [
              -121.0683283,
              38.9450202
            ],
            [
              -121.0682859,
              38.9450167
            ],
            [
              -121.0682564,
              38.9450102
            ],
            [
              -121.0682211,
              38.9449962
            ],
            [
              -121.0681979,
              38.9449807
            ],
            [
              -121.0681793,
              38.9449618
            ],
            [
              -121.0681652,
              38.9449368
            ],
            [
              -121.0681614,
              38.9449143
            ],
            [
              -121.0681652,
              38.9448929
            ],
            [
              -121.0681742,
              38.9448779
            ],
            [
              -121.068189,
              38.9448604
            ],
            [
              -121.0682031,
              38.9448499
            ],
            [
              -121.0682199,
              38.9448401
            ],
            [
              -121.0682381,
              38.9448298
            ],
            [
              -121.0682531,
              38.944818
            ],
            [
              -121.068273,
              38.9448002
            ],
            [
              -121.0682644,
              38.9448153
            ],
            [
              -121.0682525,
              38.9448375
            ],
            [
              -121.0682445,
              38.9448509
            ],
            [
              -121.0682385,
              38.9448664
            ],
            [
              -121.0682342,
              38.9448861
            ],
            [
              -121.0682348,
              38.9449024
            ],
            [
              -121.0682466,
              38.9449175
            ],
            [
              -121.0682681,
              38.9449309
            ],
            [
              -121.0682886,
              38.9449355
            ],
            [
              -121.0683123,
              38.9449397
            ],
            [
              -121.0683279,
              38.9449417
            ],
            [
              -121.0683387,
              38.9449422
            ],
            [
              -121.0683451,
              38.9449401
            ],
            [
              -121.0683618,
              38.9449325
            ],
            [
              -121.0683737,
              38.9449196
            ],
            [
              -121.0683817,
              38.9449074
            ],
            [
              -121.0683887,
              38.9448923
            ],
            [
              -121.068397,
              38.9448798
            ]
          ]
        ]
      },
      "properties": {
        "course_id": "ridge_golf_course",
        "course_name": "Ridge Golf Course",
        "hole_number": 13,
        "feature_type": "fairway",
        "name": "hole_13_fairway",
        "feature-color": "#4a7c3f",
        "is_approximate": true,
        "source": "osm",
        "@id": "1d852dc0-85c4-4a4d-91a7-7cb1f1e366cd",
        "osm_id": 675885743
      }
    },
    {
      "type": "Feature",
      "bbox": [
        -121.0684706,
        38.9446968,
        -121.0682342,
        38.9449422
      ],
      "geometry": {
        "type": "Polygon",
        "coordinates": [
          [
            [
              -121.0683887,
              38.9448923
            ],
            [
              -121.0683817,
              38.9449074
            ],
            [
              -121.0683737,
              38.9449196
            ],
            [
              -121.0683618,
              38.9449325
            ],
            [
              -121.0683451,
              38.9449401
            ],
            [
              -121.0683387,
              38.9449422
            ],
            [
              -121.0683279,
              38.9449417
            ],
            [
              -121.0683123,
              38.9449397
            ],
            [
              -121.0682886,
              38.9449355
            ],
            [
              -121.0682681,
              38.9449309
            ],
            [
              -121.0682466,
              38.9449175
            ],
            [
              -121.0682348,
              38.9449024
            ],
            [
              -121.0682342,
              38.9448861
            ],
            [
              -121.0682385,
              38.9448664
            ],
            [
              -121.0682445,
              38.9448509
            ],
            [
              -121.0682525,
              38.9448375
            ],
            [
              -121.0682644,
              38.9448153
            ],
            [
              -121.068273,
              38.9448002
            ],
            [
              -121.0682811,
              38.9447839
            ],
            [
              -121.0682885,
              38.9447707
            ],
            [
              -121.0682956,
              38.9447592
            ],
            [
              -121.068305,
              38.9447411
            ],
            [
              -121.0683187,
              38.9447236
            ],
            [
              -121.0683304,
              38.9447106
            ],
            [
              -121.0683435,
              38.9447027
            ],
            [
              -121.0683554,
              38.9446981
            ],
            [
              -121.0683683,
              38.9446968
            ],
            [
              -121.0683903,
              38.9447014
            ],
            [
              -121.0684146,
              38.944711
            ],
            [
              -121.0684383,
              38.9447253
            ],
            [
              -121.0684582,
              38.9447383
            ],
            [
              -121.0684657,
              38.9447491
            ],
            [
              -121.0684706,
              38.9447651
            ],
            [
              -121.068469,
              38.9447852
            ],
            [
              -121.0684625,
              38.9447985
            ],
            [
              -121.068449,
              38.9448149
            ],
            [
              -121.0684361,
              38.9448312
            ],
            [
              -121.068422,
              38.9448471
            ],
            [
              -121.0684124,
              38.9448605
            ],
            [
              -121.068406,
              38.9448682
            ],
            [
              -121.068397,
              38.9448798
            ],
            [
              -121.0683887,
              38.9448923
            ]
          ]
        ]
      },
      "properties": {
        "course_id": "ridge_golf_course",
        "course_name": "Ridge Golf Course",
        "hole_number": 13,
        "feature_type": "green",
        "name": "hole_13_green",
        "feature-color": "#2d6e2d",
        "is_approximate": true,
        "source": "osm",
        "@id": "158223aa-ee3d-44f1-9e16-cf74b6d638be",
        "osm_id": 675885747
      }
    },
    {
      "type": "Feature",
      "bbox": [
        -121.06827910290298,
        38.944787918849556,
        -121.06827910290298,
        38.944787918849556
      ],
      "geometry": {
        "type": "Point",
        "coordinates": [
          -121.0682791,
          38.94478792
        ]
      },
      "properties": {
        "course_id": "ridge_golf_course",
        "course_name": "Ridge Golf Course",
        "hole_number": 13,
        "feature_type": "green_back",
        "name": "hole_13_green_back",
        "feature-color": "#5aae5a",
        "is_approximate": true,
        "source": "derived",
        "@id": "75032345-242c-4c43-973f-aa6dcf197408"
      }
    },
    {
      "type": "Feature",
      "bbox": [
        -121.0683498698055,
        38.94482003290532,
        -121.0683498698055,
        38.94482003290532
      ],
      "geometry": {
        "type": "Point",
        "coordinates": [
          -121.06834987,
          38.94482003
        ]
      },
      "properties": {
        "course_id": "ridge_golf_course",
        "course_name": "Ridge Golf Course",
        "hole_number": 13,
        "feature_type": "green_center",
        "name": "hole_13_green_center",
        "feature-color": "#5aae5a",
        "is_approximate": true,
        "source": "derived",
        "@id": "ae5dc95b-46e0-48aa-b2ca-7a531e50ba76"
      }
    },
    {
      "type": "Feature",
      "bbox": [
        -121.06841893689445,
        38.944851375584825,
        -121.06841893689445,
        38.944851375584825
      ],
      "geometry": {
        "type": "Point",
        "coordinates": [
          -121.06841894,
          38.94485138
        ]
      },
      "properties": {
        "course_id": "ridge_golf_course",
        "course_name": "Ridge Golf Course",
        "hole_number": 13,
        "feature_type": "green_front",
        "name": "hole_13_green_front",
        "feature-color": "#5aae5a",
        "is_approximate": true,
        "source": "derived",
        "@id": "685cd622-1ef8-4e5d-9798-f470df867f1e"
      }
    },
    {
      "type": "Feature",
      "bbox": [
        -121.0721908,
        38.9464396,
        -121.0719979,
        38.9465754
      ],
      "geometry": {
        "type": "Polygon",
        "coordinates": [
          [
            [
              -121.072086,
              38.9464426
            ],
            [
              -121.0721227,
              38.9464628
            ],
            [
              -121.0721763,
              38.9464926
            ],
            [
              -121.0721893,
              38.9465087
            ],
            [
              -121.0721908,
              38.9465295
            ],
            [
              -121.0721809,
              38.9465432
            ],
            [
              -121.0721625,
              38.9465599
            ],
            [
              -121.0721457,
              38.9465682
            ],
            [
              -121.0721265,
              38.9465736
            ],
            [
              -121.0721074,
              38.9465754
            ],
            [
              -121.0720898,
              38.9465712
            ],
            [
              -121.0720094,
              38.9465134
            ],
            [
              -121.0720033,
              38.9465027
            ],
            [
              -121.0719979,
              38.9464861
            ],
            [
              -121.0720033,
              38.9464688
            ],
            [
              -121.0720209,
              38.9464569
            ],
            [
              -121.0720477,
              38.9464426
            ],
            [
              -121.0720653,
              38.9464396
            ],
            [
              -121.072086,
              38.9464426
            ]
          ]
        ]
      },
      "properties": {
        "course_id": "ridge_golf_course",
        "course_name": "Ridge Golf Course",
        "hole_number": 13,
        "feature_type": "tee_box",
        "name": "hole_13_tee_box",
        "feature-color": "#8b7355",
        "is_approximate": true,
        "source": "osm",
        "@id": "37ce30c4-5eb7-4546-a97c-ca64d191dfbd",
        "osm_id": 675885740
      }
    },
    {
      "type": "Feature",
      "bbox": [
        -121.0718348,
        38.9461773,
        -121.0716285,
        38.9463672
      ],
      "geometry": {
        "type": "Polygon",
        "coordinates": [
          [
            [
              -121.0718348,
              38.9462661
            ],
            [
              -121.0718317,
              38.9462763
            ],
            [
              -121.0718285,
              38.9462879
            ],
            [
              -121.0718217,
              38.9462938
            ],
            [
              -121.0718145,
              38.9463054
            ],
            [
              -121.0718091,
              38.9463149
            ],
            [
              -121.0718077,
              38.9463251
            ],
            [
              -121.0718041,
              38.9463342
            ],
            [
              -121.0717942,
              38.9463444
            ],
            [
              -121.0717784,
              38.946356
            ],
            [
              -121.0717626,
              38.9463623
            ],
            [
              -121.0717504,
              38.9463662
            ],
            [
              -121.0717355,
              38.9463672
            ],
            [
              -121.0717265,
              38.9463662
            ],
            [
              -121.0717184,
              38.9463634
            ],
            [
              -121.0717098,
              38.9463528
            ],
            [
              -121.0717102,
              38.9463405
            ],
            [
              -121.0717111,
              38.9463268
            ],
            [
              -121.0717138,
              38.9463131
            ],
            [
              -121.0717116,
              38.9463037
            ],
            [
              -121.0717062,
              38.9462938
            ],
            [
              -121.0716962,
              38.9462879
            ],
            [
              -121.0716859,
              38.9462798
            ],
            [
              -121.0716646,
              38.9462678
            ],
            [
              -121.0716443,
              38.9462538
            ],
            [
              -121.0716321,
              38.9462412
            ],
            [
              -121.0716303,
              38.9462331
            ],
            [
              -121.0716285,
              38.9462222
            ],
            [
              -121.0716285,
              38.9462082
            ],
            [
              -121.0716339,
              38.9461948
            ],
            [
              -121.0716448,
              38.9461878
            ],
            [
              -121.0716583,
              38.9461801
            ],
            [
              -121.0716746,
              38.9461773
            ],
            [
              -121.071712,
              38.9461843
            ],
            [
              -121.0717558,
              38.9461994
            ],
            [
              -121.0717807,
              38.9462082
            ],
            [
              -121.0718168,
              38.9462296
            ],
            [
              -121.0718308,
              38.9462447
            ],
            [
              -121.0718348,
              38.946257
            ],
            [
              -121.0718348,
              38.9462661
            ]
          ]
        ]
      },
      "properties": {
        "course_id": "ridge_golf_course",
        "course_name": "Ridge Golf Course",
        "hole_number": 13,
        "feature_type": "tee_box",
        "name": "hole_13_tee_box_2",
        "feature-color": "#8b7355",
        "is_approximate": true,
        "source": "osm",
        "@id": "1d270041-049d-41d4-817b-c268905c7045",
        "osm_id": 675885741
      }
    },
    {
      "type": "Feature",
      "bbox": [
        -121.0712642,
        38.9460473,
        -121.0711603,
        38.9461256
      ],
      "geometry": {
        "type": "Polygon",
        "coordinates": [
          [
            [
              -121.0712628,
              38.9461021
            ],
            [
              -121.0712547,
              38.9461134
            ],
            [
              -121.0712425,
              38.9461214
            ],
            [
              -121.0712272,
              38.9461256
            ],
            [
              -121.07121,
              38.9461246
            ],
            [
              -121.0711919,
              38.9461207
            ],
            [
              -121.0711802,
              38.9461137
            ],
            [
              -121.0711698,
              38.9461032
            ],
            [
              -121.0711617,
              38.9460933
            ],
            [
              -121.0711603,
              38.9460754
            ],
            [
              -121.0711653,
              38.9460631
            ],
            [
              -121.0711766,
              38.9460537
            ],
            [
              -121.0711933,
              38.946048
            ],
            [
              -121.0712105,
              38.9460473
            ],
            [
              -121.0712276,
              38.9460512
            ],
            [
              -121.0712434,
              38.9460614
            ],
            [
              -121.0712542,
              38.9460688
            ],
            [
              -121.0712606,
              38.9460758
            ],
            [
              -121.0712642,
              38.9460881
            ],
            [
              -121.0712628,
              38.9461021
            ]
          ]
        ]
      },
      "properties": {
        "course_id": "ridge_golf_course",
        "course_name": "Ridge Golf Course",
        "hole_number": 13,
        "feature_type": "tee_box",
        "name": "hole_13_tee_box_3",
        "feature-color": "#8b7355",
        "is_approximate": true,
        "source": "osm",
        "@id": "4a54f2b4-6c56-4159-8c17-0df754e5f33e",
        "osm_id": 675885742
      }
    },
    {
      "type": "Feature",
      "bbox": [
        -121.07209463791177,
        38.94650735999258,
        -121.07209463791177,
        38.94650735999258
      ],
      "geometry": {
        "type": "Point",
        "coordinates": [
          -121.07209464,
          38.94650736
        ]
      },
      "properties": {
        "course_id": "ridge_golf_course",
        "course_name": "Ridge Golf Course",
        "hole_number": 13,
        "feature_type": "tee_center",
        "name": "hole_13_tee_center",
        "feature-color": "#c8a055",
        "is_approximate": true,
        "source": "derived",
        "@id": "92c1c2fd-fc1d-4de1-bcdf-0b2a9d75a804"
      }
    },
    {
      "type": "Feature",
      "bbox": [
        -121.0670189,
        38.9448456,
        -121.0668537,
        38.9449689
      ],
      "geometry": {
        "type": "Polygon",
        "coordinates": [
          [
            [
              -121.0670189,
              38.9449135
            ],
            [
              -121.0670155,
              38.9449256
            ],
            [
              -121.0670077,
              38.9449386
            ],
            [
              -121.0669955,
              38.9449507
            ],
            [
              -121.0669849,
              38.9449581
            ],
            [
              -121.0669677,
              38.9449645
            ],
            [
              -121.066951,
              38.9449689
            ],
            [
              -121.0669343,
              38.944968
            ],
            [
              -121.0669154,
              38.9449658
            ],
            [
              -121.0669015,
              38.9449602
            ],
            [
              -121.0668965,
              38.9449555
            ],
            [
              -121.0668898,
              38.9449373
            ],
            [
              -121.0668926,
              38.9449295
            ],
            [
              -121.0669009,
              38.9449252
            ],
            [
              -121.0669182,
              38.9449183
            ],
            [
              -121.0669226,
              38.9449139
            ],
            [
              -121.0669226,
              38.9449048
            ],
            [
              -121.0669182,
              38.9448997
            ],
            [
              -121.0669093,
              38.9448953
            ],
            [
              -121.0669004,
              38.9448966
            ],
            [
              -121.066887,
              38.9449014
            ],
            [
              -121.0668742,
              38.9449018
            ],
            [
              -121.0668653,
              38.9448962
            ],
            [
              -121.0668598,
              38.9448888
            ],
            [
              -121.0668548,
              38.944878
            ],
            [
              -121.0668537,
              38.9448672
            ],
            [
              -121.0668559,
              38.9448607
            ],
            [
              -121.0668631,
              38.9448551
            ],
            [
              -121.0668759,
              38.944849
            ],
            [
              -121.0668932,
              38.9448456
            ],
            [
              -121.0669093,
              38.944846
            ],
            [
              -121.0669338,
              38.9448469
            ],
            [
              -121.0669538,
              38.9448521
            ],
            [
              -121.0669716,
              38.944859
            ],
            [
              -121.0669883,
              38.9448663
            ],
            [
              -121.067,
              38.9448759
            ],
            [
              -121.0670094,
              38.9448888
            ],
            [
              -121.067015,
              38.9448975
            ],
            [
              -121.0670189,
              38.9449135
            ]
          ]
        ]
      },
      "properties": {
        "course_id": "ridge_golf_course",
        "course_name": "Ridge Golf Course",
        "hole_number": 14,
        "feature_type": "bunker",
        "name": "hole_14_bunker",
        "feature-color": "#d4b483",
        "is_approximate": true,
        "source": "osm",
        "@id": "6bbc1ccf-5418-4907-8307-273c199f3107",
        "osm_id": 675890302
      }
    },
    {
      "type": "Feature",
      "bbox": [
        -121.0668119,
        38.9446284,
        -121.0666673,
        38.9447521
      ],
      "geometry": {
        "type": "Polygon",
        "coordinates": [
          [
            [
              -121.0668119,
              38.9447167
            ],
            [
              -121.0668058,
              38.9447301
            ],
            [
              -121.0667992,
              38.944743
            ],
            [
              -121.0667869,
              38.94475
            ],
            [
              -121.0667747,
              38.9447513
            ],
            [
              -121.0667591,
              38.9447521
            ],
            [
              -121.0667446,
              38.9447469
            ],
            [
              -121.0667363,
              38.9447366
            ],
            [
              -121.0667241,
              38.9447193
            ],
            [
              -121.0667079,
              38.9447037
            ],
            [
              -121.0666962,
              38.9446885
            ],
            [
              -121.0666829,
              38.9446756
            ],
            [
              -121.0666729,
              38.944666
            ],
            [
              -121.0666673,
              38.9446617
            ],
            [
              -121.0666673,
              38.9446518
            ],
            [
              -121.0666718,
              38.944641
            ],
            [
              -121.0666829,
              38.9446353
            ],
            [
              -121.0666979,
              38.9446301
            ],
            [
              -121.0667079,
              38.9446284
            ],
            [
              -121.0667241,
              38.9446293
            ],
            [
              -121.0667441,
              38.9446323
            ],
            [
              -121.0667602,
              38.9446371
            ],
            [
              -121.0667825,
              38.9446518
            ],
            [
              -121.0667975,
              38.9446704
            ],
            [
              -121.0668053,
              38.9446859
            ],
            [
              -121.0668114,
              38.9446981
            ],
            [
              -121.0668119,
              38.9447167
            ]
          ]
        ]
      },
      "properties": {
        "course_id": "ridge_golf_course",
        "course_name": "Ridge Golf Course",
        "hole_number": 14,
        "feature_type": "bunker",
        "name": "hole_14_bunker_2",
        "feature-color": "#d4b483",
        "is_approximate": true,
        "source": "osm",
        "@id": "ae040eba-0427-4a14-90cd-21394977f763",
        "osm_id": 675890303
      }
    },
    {
      "type": "Feature",
      "bbox": [
        -121.0670506,
        38.9450917,
        -121.0669577,
        38.9451588
      ],
      "geometry": {
        "type": "Polygon",
        "coordinates": [
          [
            [
              -121.0670483,
              38.945138
            ],
            [
              -121.0670428,
              38.9451467
            ],
            [
              -121.0670356,
              38.9451536
            ],
            [
              -121.0670255,
              38.9451588
            ],
            [
              -121.0670105,
              38.9451588
            ],
            [
              -121.0669983,
              38.9451558
            ],
            [
              -121.0669894,
              38.945148
            ],
            [
              -121.0669777,
              38.9451415
            ],
            [
              -121.0669649,
              38.9451372
            ],
            [
              -121.0669577,
              38.9451298
            ],
            [
              -121.0669605,
              38.9451147
            ],
            [
              -121.0669682,
              38.9451051
            ],
            [
              -121.0669805,
              38.9450982
            ],
            [
              -121.0669927,
              38.9450939
            ],
            [
              -121.0670011,
              38.9450917
            ],
            [
              -121.0670116,
              38.9450939
            ],
            [
              -121.0670216,
              38.9450965
            ],
            [
              -121.0670328,
              38.9451
            ],
            [
              -121.0670422,
              38.9451073
            ],
            [
              -121.0670495,
              38.9451177
            ],
            [
              -121.0670506,
              38.9451298
            ],
            [
              -121.0670483,
              38.945138
            ]
          ]
        ]
      },
      "properties": {
        "course_id": "ridge_golf_course",
        "course_name": "Ridge Golf Course",
        "hole_number": 14,
        "feature_type": "bunker",
        "name": "hole_14_bunker_3",
        "feature-color": "#d4b483",
        "is_approximate": true,
        "source": "osm",
        "@id": "01fb1a7d-7274-4e96-be0e-6fb523dbfe9b",
        "osm_id": 675890304
      }
    },
    {
      "type": "Feature",
      "bbox": [
        -121.0672648,
        38.9447867,
        -121.0664591,
        38.9452672
      ],
      "geometry": {
        "type": "Polygon",
        "coordinates": [
          [
            [
              -121.0668587,
              38.9449356
            ],
            [
              -121.0668735,
              38.9449592
            ],
            [
              -121.0668874,
              38.9449772
            ],
            [
              -121.0669121,
              38.9449856
            ],
            [
              -121.0669429,
              38.944988
            ],
            [
              -121.0669891,
              38.9449868
            ],
            [
              -121.0670322,
              38.9449892
            ],
            [
              -121.0670646,
              38.9449928
            ],
            [
              -121.0671108,
              38.945
            ],
            [
              -121.0671462,
              38.9450084
            ],
            [
              -121.0671786,
              38.9450263
            ],
            [
              -121.0672094,
              38.9450527
            ],
            [
              -121.0672309,
              38.9450767
            ],
            [
              -121.0672463,
              38.945103
            ],
            [
              -121.0672571,
              38.9451366
            ],
            [
              -121.0672648,
              38.9451725
            ],
            [
              -121.0672618,
              38.9452192
            ],
            [
              -121.0672433,
              38.9452552
            ],
            [
              -121.0672094,
              38.945266
            ],
            [
              -121.0671678,
              38.9452672
            ],
            [
              -121.0671308,
              38.9452624
            ],
            [
              -121.0670938,
              38.9452384
            ],
            [
              -121.06708,
              38.9452132
            ],
            [
              -121.0670815,
              38.9451809
            ],
            [
              -121.0670769,
              38.9451426
            ],
            [
              -121.0670676,
              38.945103
            ],
            [
              -121.0670415,
              38.9450803
            ],
            [
              -121.0670045,
              38.9450695
            ],
            [
              -121.0669536,
              38.9450707
            ],
            [
              -121.0668966,
              38.9450695
            ],
            [
              -121.0668412,
              38.9450563
            ],
            [
              -121.0667965,
              38.9450359
            ],
            [
              -121.0667565,
              38.9450156
            ],
            [
              -121.0667257,
              38.9449964
            ],
            [
              -121.0666995,
              38.9449796
            ],
            [
              -121.066664,
              38.944964
            ],
            [
              -121.0666194,
              38.944958
            ],
            [
              -121.0665762,
              38.944958
            ],
            [
              -121.0665485,
              38.9449556
            ],
            [
              -121.0665223,
              38.9449521
            ],
            [
              -121.0664761,
              38.9449329
            ],
            [
              -121.0664591,
              38.9449125
            ],
            [
              -121.0664591,
              38.944885
            ],
            [
              -121.0664684,
              38.9448646
            ],
            [
              -121.0664822,
              38.944843
            ],
            [
              -121.0664946,
              38.944825
            ],
            [
              -121.0665084,
              38.9447999
            ],
            [
              -121.0665233,
              38.9447867
            ],
            [
              -121.0665194,
              38.944801
            ],
            [
              -121.0665177,
              38.9448179
            ],
            [
              -121.0665233,
              38.9448313
            ],
            [
              -121.0665327,
              38.9448482
            ],
            [
              -121.0665494,
              38.9448637
            ],
            [
              -121.0665678,
              38.9448772
            ],
            [
              -121.0665872,
              38.9448897
            ],
            [
              -121.0666095,
              38.9448988
            ],
            [
              -121.0666317,
              38.9449074
            ],
            [
              -121.0666545,
              38.9449139
            ],
            [
              -121.0666746,
              38.94492
            ],
            [
              -121.0666957,
              38.9449299
            ],
            [
              -121.0667191,
              38.9449408
            ],
            [
              -121.0667385,
              38.9449516
            ],
            [
              -121.0667624,
              38.9449637
            ],
            [
              -121.0667808,
              38.9449723
            ],
            [
              -121.0667914,
              38.9449797
            ],
            [
              -121.0668092,
              38.9449814
            ],
            [
              -121.0668242,
              38.9449806
            ],
            [
              -121.0668375,
              38.9449775
            ],
            [
              -121.0668498,
              38.9449723
            ],
            [
              -121.0668559,
              38.9449658
            ],
            [
              -121.0668609,
              38.9449494
            ],
            [
              -121.0668587,
              38.9449356
            ]
          ]
        ]
      },
      "properties": {
        "course_id": "ridge_golf_course",
        "course_name": "Ridge Golf Course",
        "hole_number": 14,
        "feature_type": "fairway",
        "name": "hole_14_fairway",
        "feature-color": "#4a7c3f",
        "is_approximate": true,
        "source": "osm",
        "@id": "a8c17a71-07b1-4a2a-8f18-6bf845b6a08c",
        "osm_id": 1120661316
      }
    },
    {
      "type": "Feature",
      "bbox": [
        -121.0668609,
        38.9447409,
        -121.0665177,
        38.9449814
      ],
      "geometry": {
        "type": "Polygon",
        "coordinates": [
          [
            [
              -121.0666746,
              38.94492
            ],
            [
              -121.0666545,
              38.9449139
            ],
            [
              -121.0666317,
              38.9449074
            ],
            [
              -121.0666095,
              38.9448988
            ],
            [
              -121.0665872,
              38.9448897
            ],
            [
              -121.0665678,
              38.9448772
            ],
            [
              -121.0665494,
              38.9448637
            ],
            [
              -121.0665327,
              38.9448482
            ],
            [
              -121.0665233,
              38.9448313
            ],
            [
              -121.0665177,
              38.9448179
            ],
            [
              -121.0665194,
              38.944801
            ],
            [
              -121.0665233,
              38.9447867
            ],
            [
              -121.0665333,
              38.944772
            ],
            [
              -121.0665438,
              38.9447608
            ],
            [
              -121.0665572,
              38.9447495
            ],
            [
              -121.0665728,
              38.944743
            ],
            [
              -121.0665911,
              38.9447409
            ],
            [
              -121.0666128,
              38.9447417
            ],
            [
              -121.0666339,
              38.9447482
            ],
            [
              -121.0666506,
              38.9447569
            ],
            [
              -121.0667152,
              38.9448066
            ],
            [
              -121.0667469,
              38.9448317
            ],
            [
              -121.0667864,
              38.9448577
            ],
            [
              -121.066832,
              38.9448901
            ],
            [
              -121.0668448,
              38.9449027
            ],
            [
              -121.0668564,
              38.9449234
            ],
            [
              -121.0668587,
              38.9449356
            ],
            [
              -121.0668609,
              38.9449494
            ],
            [
              -121.0668559,
              38.9449658
            ],
            [
              -121.0668498,
              38.9449723
            ],
            [
              -121.0668375,
              38.9449775
            ],
            [
              -121.0668242,
              38.9449806
            ],
            [
              -121.0668092,
              38.9449814
            ],
            [
              -121.0667914,
              38.9449797
            ],
            [
              -121.0667808,
              38.9449723
            ],
            [
              -121.0667624,
              38.9449637
            ],
            [
              -121.0667385,
              38.9449516
            ],
            [
              -121.0667191,
              38.9449408
            ],
            [
              -121.0666957,
              38.9449299
            ],
            [
              -121.0666746,
              38.94492
            ]
          ]
        ]
      },
      "properties": {
        "course_id": "ridge_golf_course",
        "course_name": "Ridge Golf Course",
        "hole_number": 14,
        "feature_type": "green",
        "name": "hole_14_green",
        "feature-color": "#2d6e2d",
        "is_approximate": true,
        "source": "osm",
        "@id": "54d70cc1-325c-476d-8853-b731be8f046f",
        "osm_id": 675890301
      }
    },
    {
      "type": "Feature",
      "bbox": [
        -121.066543313417,
        38.944761319021865,
        -121.066543313417,
        38.944761319021865
      ],
      "geometry": {
        "type": "Point",
        "coordinates": [
          -121.06654331,
          38.94476132
        ]
      },
      "properties": {
        "course_id": "ridge_golf_course",
        "course_name": "Ridge Golf Course",
        "hole_number": 14,
        "feature_type": "green_back",
        "name": "hole_14_green_back",
        "feature-color": "#5aae5a",
        "is_approximate": true,
        "source": "derived",
        "@id": "1ee6026b-39eb-4c87-b723-4ce435bf26f6"
      }
    },
    {
      "type": "Feature",
      "bbox": [
        -121.06668190525308,
        38.94485991598557,
        -121.06668190525308,
        38.94485991598557
      ],
      "geometry": {
        "type": "Point",
        "coordinates": [
          -121.06668191,
          38.94485992
        ]
      },
      "properties": {
        "course_id": "ridge_golf_course",
        "course_name": "Ridge Golf Course",
        "hole_number": 14,
        "feature_type": "green_center",
        "name": "hole_14_green_center",
        "feature-color": "#5aae5a",
        "is_approximate": true,
        "source": "derived",
        "@id": "b75803bb-7ec5-487e-ab2e-683229b2746c"
      }
    },
    {
      "type": "Feature",
      "bbox": [
        -121.06684357559728,
        38.944974931454816,
        -121.06684357559728,
        38.944974931454816
      ],
      "geometry": {
        "type": "Point",
        "coordinates": [
          -121.06684358,
          38.94497493
        ]
      },
      "properties": {
        "course_id": "ridge_golf_course",
        "course_name": "Ridge Golf Course",
        "hole_number": 14,
        "feature_type": "green_front",
        "name": "hole_14_green_front",
        "feature-color": "#5aae5a",
        "is_approximate": true,
        "source": "derived",
        "@id": "68892a52-3d21-4645-bba1-192997153976"
      }
    },
    {
      "type": "Feature",
      "bbox": [
        -121.0682046,
        38.9457561,
        -121.0680216,
        38.9459006
      ],
      "geometry": {
        "type": "Polygon",
        "coordinates": [
          [
            [
              -121.0682046,
              38.9458368
            ],
            [
              -121.0682036,
              38.9458566
            ],
            [
              -121.0681904,
              38.9458815
            ],
            [
              -121.0681688,
              38.9458955
            ],
            [
              -121.0681423,
              38.9458999
            ],
            [
              -121.0681131,
              38.9459006
            ],
            [
              -121.0680914,
              38.9458955
            ],
            [
              -121.068065,
              38.945883
            ],
            [
              -121.0680395,
              38.9458661
            ],
            [
              -121.0680244,
              38.9458493
            ],
            [
              -121.0680216,
              38.9458331
            ],
            [
              -121.0680226,
              38.9458162
            ],
            [
              -121.0680339,
              38.9457964
            ],
            [
              -121.0680461,
              38.9457854
            ],
            [
              -121.0680631,
              38.9457722
            ],
            [
              -121.0680848,
              38.945762
            ],
            [
              -121.0681027,
              38.9457561
            ],
            [
              -121.0681197,
              38.9457561
            ],
            [
              -121.0681433,
              38.9457627
            ],
            [
              -121.0681801,
              38.9457876
            ],
            [
              -121.0681942,
              38.9458016
            ],
            [
              -121.0682027,
              38.9458177
            ],
            [
              -121.0682046,
              38.9458368
            ]
          ]
        ]
      },
      "properties": {
        "course_id": "ridge_golf_course",
        "course_name": "Ridge Golf Course",
        "hole_number": 14,
        "feature_type": "tee_box",
        "name": "hole_14_tee_box",
        "feature-color": "#8b7355",
        "is_approximate": true,
        "source": "osm",
        "@id": "fe9819b7-e07c-44bc-bc75-c4ed97142cac",
        "osm_id": 675890297
      }
    },
    {
      "type": "Feature",
      "bbox": [
        -121.0679839,
        38.9455126,
        -121.0677462,
        38.9457612
      ],
      "geometry": {
        "type": "Polygon",
        "coordinates": [
          [
            [
              -121.067982,
              38.945627
            ],
            [
              -121.0679735,
              38.9456475
            ],
            [
              -121.0679575,
              38.9456769
            ],
            [
              -121.0679443,
              38.9456908
            ],
            [
              -121.0679282,
              38.9457084
            ],
            [
              -121.067915,
              38.9457304
            ],
            [
              -121.0679018,
              38.9457444
            ],
            [
              -121.0678811,
              38.9457568
            ],
            [
              -121.0678547,
              38.9457612
            ],
            [
              -121.0678254,
              38.9457576
            ],
            [
              -121.0678056,
              38.9457502
            ],
            [
              -121.0677745,
              38.9457304
            ],
            [
              -121.0677556,
              38.9457114
            ],
            [
              -121.0677462,
              38.9456952
            ],
            [
              -121.067749,
              38.9456776
            ],
            [
              -121.0677651,
              38.9456571
            ],
            [
              -121.0677783,
              38.9456402
            ],
            [
              -121.0677868,
              38.9456255
            ],
            [
              -121.0677924,
              38.9456021
            ],
            [
              -121.0677981,
              38.9455764
            ],
            [
              -121.0678056,
              38.9455507
            ],
            [
              -121.0678179,
              38.9455287
            ],
            [
              -121.0678377,
              38.9455192
            ],
            [
              -121.0678575,
              38.9455148
            ],
            [
              -121.0678764,
              38.9455126
            ],
            [
              -121.0679066,
              38.9455214
            ],
            [
              -121.0679462,
              38.945547
            ],
            [
              -121.0679679,
              38.9455698
            ],
            [
              -121.0679839,
              38.9455962
            ],
            [
              -121.067982,
              38.945627
            ]
          ]
        ]
      },
      "properties": {
        "course_id": "ridge_golf_course",
        "course_name": "Ridge Golf Course",
        "hole_number": 14,
        "feature_type": "tee_box",
        "name": "hole_14_tee_box_2",
        "feature-color": "#8b7355",
        "is_approximate": true,
        "source": "osm",
        "@id": "a1e797f5-a276-4a1b-a118-1b4b51c30b2d",
        "osm_id": 675890298
      }
    },
    {
      "type": "Feature",
      "bbox": [
        -121.0677019,
        38.9454055,
        -121.0675057,
        38.9455419
      ],
      "geometry": {
        "type": "Polygon",
        "coordinates": [
          [
            [
              -121.0677009,
              38.9454891
            ],
            [
              -121.0676877,
              38.9455089
            ],
            [
              -121.0676736,
              38.9455177
            ],
            [
              -121.0676557,
              38.9455287
            ],
            [
              -121.0676387,
              38.9455375
            ],
            [
              -121.0676113,
              38.9455419
            ],
            [
              -121.0675906,
              38.945539
            ],
            [
              -121.0675708,
              38.9455316
            ],
            [
              -121.0675397,
              38.9455214
            ],
            [
              -121.067517,
              38.9455096
            ],
            [
              -121.0675057,
              38.9454891
            ],
            [
              -121.0675085,
              38.9454656
            ],
            [
              -121.067518,
              38.9454436
            ],
            [
              -121.0675359,
              38.9454304
            ],
            [
              -121.0675614,
              38.9454179
            ],
            [
              -121.0675897,
              38.9454077
            ],
            [
              -121.0676264,
              38.9454055
            ],
            [
              -121.0676557,
              38.945415
            ],
            [
              -121.0676783,
              38.9454304
            ],
            [
              -121.0676981,
              38.9454539
            ],
            [
              -121.0677019,
              38.94547
            ],
            [
              -121.0677009,
              38.9454891
            ]
          ]
        ]
      },
      "properties": {
        "course_id": "ridge_golf_course",
        "course_name": "Ridge Golf Course",
        "hole_number": 14,
        "feature_type": "tee_box",
        "name": "hole_14_tee_box_3",
        "feature-color": "#8b7355",
        "is_approximate": true,
        "source": "osm",
        "@id": "d1cd4117-8921-4dab-8e98-d16d27f10ae9",
        "osm_id": 675890299
      }
    },
    {
      "type": "Feature",
      "bbox": [
        -121.0681155169343,
        38.94583066345628,
        -121.0681155169343,
        38.94583066345628
      ],
      "geometry": {
        "type": "Point",
        "coordinates": [
          -121.06811552,
          38.94583066
        ]
      },
      "properties": {
        "course_id": "ridge_golf_course",
        "course_name": "Ridge Golf Course",
        "hole_number": 14,
        "feature_type": "tee_center",
        "name": "hole_14_tee_center",
        "feature-color": "#c8a055",
        "is_approximate": true,
        "source": "derived",
        "@id": "6a3e34c8-5f06-4308-b2b5-eefc397bd52f"
      }
    },
    {
      "type": "Feature",
      "bbox": [
        -121.070366,
        38.943651,
        -121.0698341,
        38.9438175
      ],
      "geometry": {
        "type": "Polygon",
        "coordinates": [
          [
            [
              -121.070366,
              38.943725
            ],
            [
              -121.0703642,
              38.9437485
            ],
            [
              -121.0703472,
              38.9437647
            ],
            [
              -121.070333,
              38.9437764
            ],
            [
              -121.0703085,
              38.943783
            ],
            [
              -121.0702859,
              38.9437845
            ],
            [
              -121.0702736,
              38.9437786
            ],
            [
              -121.0702651,
              38.9437632
            ],
            [
              -121.0702557,
              38.9437537
            ],
            [
              -121.0702368,
              38.9437478
            ],
            [
              -121.0702199,
              38.9437515
            ],
            [
              -121.0702095,
              38.9437603
            ],
            [
              -121.0701972,
              38.9437735
            ],
            [
              -121.0701802,
              38.9437845
            ],
            [
              -121.0701623,
              38.9437925
            ],
            [
              -121.0701453,
              38.9437977
            ],
            [
              -121.0701199,
              38.9437969
            ],
            [
              -121.070102,
              38.9437918
            ],
            [
              -121.0700906,
              38.9437823
            ],
            [
              -121.0700935,
              38.9437647
            ],
            [
              -121.0700935,
              38.9437537
            ],
            [
              -121.070084,
              38.94375
            ],
            [
              -121.0700671,
              38.94375
            ],
            [
              -121.0700539,
              38.9437493
            ],
            [
              -121.0700359,
              38.9437471
            ],
            [
              -121.0700227,
              38.9437515
            ],
            [
              -121.0700152,
              38.9437632
            ],
            [
              -121.0700048,
              38.9437771
            ],
            [
              -121.069985,
              38.9437896
            ],
            [
              -121.0699586,
              38.9437991
            ],
            [
              -121.0699369,
              38.9438101
            ],
            [
              -121.0699143,
              38.9438175
            ],
            [
              -121.069885,
              38.9438153
            ],
            [
              -121.0698643,
              38.9438057
            ],
            [
              -121.0698464,
              38.9437845
            ],
            [
              -121.0698369,
              38.9437669
            ],
            [
              -121.0698341,
              38.9437566
            ],
            [
              -121.0698369,
              38.9437485
            ],
            [
              -121.0698577,
              38.9437346
            ],
            [
              -121.069886,
              38.9437184
            ],
            [
              -121.0698973,
              38.9437111
            ],
            [
              -121.0699048,
              38.9437089
            ],
            [
              -121.0699124,
              38.9437111
            ],
            [
              -121.0699237,
              38.9437162
            ],
            [
              -121.0699379,
              38.9437184
            ],
            [
              -121.0699482,
              38.943717
            ],
            [
              -121.0699558,
              38.9437118
            ],
            [
              -121.0699614,
              38.9436979
            ],
            [
              -121.0699661,
              38.9436869
            ],
            [
              -121.0699709,
              38.9436796
            ],
            [
              -121.069985,
              38.943673
            ],
            [
              -121.0699944,
              38.9436671
            ],
            [
              -121.070019,
              38.943662
            ],
            [
              -121.0700407,
              38.9436576
            ],
            [
              -121.0700605,
              38.9436583
            ],
            [
              -121.0700774,
              38.9436598
            ],
            [
              -121.0700916,
              38.9436634
            ],
            [
              -121.070102,
              38.943673
            ],
            [
              -121.0701114,
              38.943681
            ],
            [
              -121.0701237,
              38.943684
            ],
            [
              -121.0701359,
              38.9436832
            ],
            [
              -121.0701482,
              38.9436818
            ],
            [
              -121.0701623,
              38.9436803
            ],
            [
              -121.0701784,
              38.9436788
            ],
            [
              -121.070185,
              38.9436715
            ],
            [
              -121.0701887,
              38.9436627
            ],
            [
              -121.0701944,
              38.9436546
            ],
            [
              -121.0702085,
              38.943651
            ],
            [
              -121.0702368,
              38.9436524
            ],
            [
              -121.070283,
              38.9436539
            ],
            [
              -121.0703085,
              38.9436583
            ],
            [
              -121.0703415,
              38.9436693
            ],
            [
              -121.0703538,
              38.9436891
            ],
            [
              -121.0703623,
              38.9437038
            ],
            [
              -121.070366,
              38.943725
            ]
          ]
        ]
      },
      "properties": {
        "course_id": "ridge_golf_course",
        "course_name": "Ridge Golf Course",
        "hole_number": 15,
        "feature_type": "bunker",
        "name": "hole_15_bunker",
        "feature-color": "#d4b483",
        "is_approximate": true,
        "source": "osm",
        "@id": "fee0c279-a2fe-4458-bcca-b0a1e697a523",
        "osm_id": 675891626
      }
    },
    {
      "type": "Feature",
      "bbox": [
        -121.0727942,
        38.9433254,
        -121.0725548,
        38.9434663
      ],
      "geometry": {
        "type": "Polygon",
        "coordinates": [
          [
            [
              -121.0727942,
              38.9433698
            ],
            [
              -121.0727882,
              38.9433848
            ],
            [
              -121.0727756,
              38.9433956
            ],
            [
              -121.0727637,
              38.9434038
            ],
            [
              -121.0727518,
              38.9434095
            ],
            [
              -121.0727411,
              38.9434131
            ],
            [
              -121.0727332,
              38.9434126
            ],
            [
              -121.0727246,
              38.9434075
            ],
            [
              -121.0727139,
              38.9433982
            ],
            [
              -121.0726987,
              38.943394
            ],
            [
              -121.0726887,
              38.9433904
            ],
            [
              -121.0726814,
              38.9433842
            ],
            [
              -121.0726708,
              38.9433786
            ],
            [
              -121.0726622,
              38.9433827
            ],
            [
              -121.0726576,
              38.9433894
            ],
            [
              -121.0726589,
              38.9433956
            ],
            [
              -121.0726735,
              38.9434054
            ],
            [
              -121.0726868,
              38.9434126
            ],
            [
              -121.072694,
              38.9434178
            ],
            [
              -121.0726994,
              38.9434229
            ],
            [
              -121.0726974,
              38.9434343
            ],
            [
              -121.0726861,
              38.9434487
            ],
            [
              -121.0726808,
              38.9434559
            ],
            [
              -121.0726708,
              38.9434621
            ],
            [
              -121.0726576,
              38.9434627
            ],
            [
              -121.072641,
              38.9434652
            ],
            [
              -121.0726257,
              38.9434663
            ],
            [
              -121.0726118,
              38.9434652
            ],
            [
              -121.0725959,
              38.9434601
            ],
            [
              -121.07257,
              38.943442
            ],
            [
              -121.0725607,
              38.9434317
            ],
            [
              -121.0725548,
              38.9434188
            ],
            [
              -121.0725561,
              38.9434028
            ],
            [
              -121.0725647,
              38.9433899
            ],
            [
              -121.0725853,
              38.9433719
            ],
            [
              -121.0726045,
              38.9433579
            ],
            [
              -121.0726211,
              38.9433492
            ],
            [
              -121.0726416,
              38.9433445
            ],
            [
              -121.0726596,
              38.9433394
            ],
            [
              -121.0726801,
              38.9433327
            ],
            [
              -121.0726954,
              38.9433285
            ],
            [
              -121.0727073,
              38.9433265
            ],
            [
              -121.0727186,
              38.9433259
            ],
            [
              -121.0727305,
              38.9433275
            ],
            [
              -121.0727418,
              38.9433265
            ],
            [
              -121.0727518,
              38.9433254
            ],
            [
              -121.072761,
              38.9433254
            ],
            [
              -121.0727723,
              38.9433311
            ],
            [
              -121.0727862,
              38.9433429
            ],
            [
              -121.0727929,
              38.9433564
            ],
            [
              -121.0727942,
              38.9433698
            ]
          ]
        ]
      },
      "properties": {
        "course_id": "ridge_golf_course",
        "course_name": "Ridge Golf Course",
        "hole_number": 15,
        "feature_type": "bunker",
        "name": "hole_15_bunker_2",
        "feature-color": "#d4b483",
        "is_approximate": true,
        "source": "osm",
        "@id": "e4671606-48a4-4880-a58a-4c1ac02cc3ec",
        "osm_id": 675891627
      }
    },
    {
      "type": "Feature",
      "bbox": [
        -121.0730655,
        38.9431717,
        -121.0728639,
        38.9433229
      ],
      "geometry": {
        "type": "Polygon",
        "coordinates": [
          [
            [
              -121.0730409,
              38.9433007
            ],
            [
              -121.0730323,
              38.9433105
            ],
            [
              -121.0730171,
              38.9433177
            ],
            [
              -121.0729985,
              38.9433213
            ],
            [
              -121.0729793,
              38.9433229
            ],
            [
              -121.0729653,
              38.9433187
            ],
            [
              -121.0729488,
              38.943313
            ],
            [
              -121.0729361,
              38.9433002
            ],
            [
              -121.0729255,
              38.9432919
            ],
            [
              -121.0729229,
              38.9432836
            ],
            [
              -121.0729282,
              38.9432749
            ],
            [
              -121.0729348,
              38.9432671
            ],
            [
              -121.0729308,
              38.9432563
            ],
            [
              -121.0729196,
              38.9432527
            ],
            [
              -121.072909,
              38.9432527
            ],
            [
              -121.0729036,
              38.9432589
            ],
            [
              -121.0728977,
              38.9432578
            ],
            [
              -121.0728824,
              38.9432465
            ],
            [
              -121.0728705,
              38.9432341
            ],
            [
              -121.0728639,
              38.9432166
            ],
            [
              -121.0728639,
              38.9432016
            ],
            [
              -121.0728711,
              38.9431882
            ],
            [
              -121.0728818,
              38.9431779
            ],
            [
              -121.0728937,
              38.9431717
            ],
            [
              -121.0729149,
              38.9431722
            ],
            [
              -121.0729355,
              38.9431769
            ],
            [
              -121.0729507,
              38.9431851
            ],
            [
              -121.072966,
              38.9431939
            ],
            [
              -121.0729706,
              38.9432027
            ],
            [
              -121.0729713,
              38.9432104
            ],
            [
              -121.0729653,
              38.9432181
            ],
            [
              -121.0729633,
              38.9432248
            ],
            [
              -121.072966,
              38.943231
            ],
            [
              -121.072974,
              38.9432341
            ],
            [
              -121.0729859,
              38.9432336
            ],
            [
              -121.0729925,
              38.94323
            ],
            [
              -121.0729978,
              38.9432264
            ],
            [
              -121.0730065,
              38.9432248
            ],
            [
              -121.0730204,
              38.9432284
            ],
            [
              -121.073035,
              38.9432326
            ],
            [
              -121.0730542,
              38.9432388
            ],
            [
              -121.0730635,
              38.9432491
            ],
            [
              -121.0730648,
              38.9432615
            ],
            [
              -121.0730655,
              38.9432697
            ],
            [
              -121.0730555,
              38.9432842
            ],
            [
              -121.0730409,
              38.9433007
            ]
          ]
        ]
      },
      "properties": {
        "course_id": "ridge_golf_course",
        "course_name": "Ridge Golf Course",
        "hole_number": 15,
        "feature_type": "bunker",
        "name": "hole_15_bunker_3",
        "feature-color": "#d4b483",
        "is_approximate": true,
        "source": "osm",
        "@id": "73e46a96-bfc8-441b-9689-3542531a337c",
        "osm_id": 675891628
      }
    },
    {
      "type": "Feature",
      "bbox": [
        -121.0731988,
        38.9431103,
        -121.0730987,
        38.9431913
      ],
      "geometry": {
        "type": "Polygon",
        "coordinates": [
          [
            [
              -121.0731935,
              38.9431248
            ],
            [
              -121.0731988,
              38.9431361
            ],
            [
              -121.0731988,
              38.9431495
            ],
            [
              -121.0731895,
              38.943166
            ],
            [
              -121.0731769,
              38.9431763
            ],
            [
              -121.0731583,
              38.9431861
            ],
            [
              -121.0731438,
              38.9431913
            ],
            [
              -121.0731292,
              38.9431908
            ],
            [
              -121.0731139,
              38.9431825
            ],
            [
              -121.0731033,
              38.9431712
            ],
            [
              -121.0730987,
              38.9431516
            ],
            [
              -121.0730993,
              38.9431351
            ],
            [
              -121.0731033,
              38.9431237
            ],
            [
              -121.0731159,
              38.9431149
            ],
            [
              -121.0731298,
              38.9431119
            ],
            [
              -121.0731491,
              38.9431103
            ],
            [
              -121.073169,
              38.9431144
            ],
            [
              -121.0731822,
              38.9431196
            ],
            [
              -121.0731935,
              38.9431248
            ]
          ]
        ]
      },
      "properties": {
        "course_id": "ridge_golf_course",
        "course_name": "Ridge Golf Course",
        "hole_number": 15,
        "feature_type": "bunker",
        "name": "hole_15_bunker_4",
        "feature-color": "#d4b483",
        "is_approximate": true,
        "source": "osm",
        "@id": "df3ab2cb-863e-4852-a463-e658e9ab0e5b",
        "osm_id": 675891629
      }
    },
    {
      "type": "Feature",
      "bbox": [
        -121.0732065,
        38.9432769,
        -121.0693465,
        38.9441982
      ],
      "geometry": {
        "type": "Polygon",
        "coordinates": [
          [
            [
              -121.0732065,
              38.9433907
            ],
            [
              -121.0731521,
              38.9434023
            ],
            [
              -121.0731226,
              38.9434115
            ],
            [
              -121.073095,
              38.9434285
            ],
            [
              -121.0730776,
              38.9434478
            ],
            [
              -121.0730437,
              38.9434742
            ],
            [
              -121.0730069,
              38.9434932
            ],
            [
              -121.0729663,
              38.9435123
            ],
            [
              -121.0729239,
              38.9435292
            ],
            [
              -121.0728861,
              38.9435417
            ],
            [
              -121.0728531,
              38.943549
            ],
            [
              -121.0728069,
              38.9435483
            ],
            [
              -121.0727598,
              38.9435424
            ],
            [
              -121.0727117,
              38.9435314
            ],
            [
              -121.0726636,
              38.9435241
            ],
            [
              -121.07264,
              38.9435255
            ],
            [
              -121.072607,
              38.9435314
            ],
            [
              -121.0724127,
              38.9435644
            ],
            [
              -121.0723316,
              38.9435717
            ],
            [
              -121.0722175,
              38.9435769
            ],
            [
              -121.072109,
              38.9435813
            ],
            [
              -121.0720335,
              38.9435842
            ],
            [
              -121.07196,
              38.9435967
            ],
            [
              -121.0718638,
              38.9436157
            ],
            [
              -121.0715921,
              38.9436766
            ],
            [
              -121.0714045,
              38.9437228
            ],
            [
              -121.0712526,
              38.9437757
            ],
            [
              -121.0711489,
              38.9438028
            ],
            [
              -121.0710677,
              38.943816
            ],
            [
              -121.0709621,
              38.9438395
            ],
            [
              -121.0708819,
              38.9438571
            ],
            [
              -121.0708272,
              38.943863
            ],
            [
              -121.0707329,
              38.9438725
            ],
            [
              -121.0706386,
              38.9438908
            ],
            [
              -121.0705594,
              38.943915
            ],
            [
              -121.0705094,
              38.9439363
            ],
            [
              -121.0704415,
              38.9439701
            ],
            [
              -121.0703708,
              38.9440016
            ],
            [
              -121.0703,
              38.9440324
            ],
            [
              -121.0702444,
              38.9440471
            ],
            [
              -121.0702057,
              38.9440544
            ],
            [
              -121.070135,
              38.9440632
            ],
            [
              -121.0700548,
              38.9440801
            ],
            [
              -121.0698709,
              38.9441358
            ],
            [
              -121.0697954,
              38.9441571
            ],
            [
              -121.0697106,
              38.9441769
            ],
            [
              -121.0696191,
              38.9441945
            ],
            [
              -121.069554,
              38.9441982
            ],
            [
              -121.0694908,
              38.9441938
            ],
            [
              -121.069437,
              38.9441857
            ],
            [
              -121.0693842,
              38.94416
            ],
            [
              -121.0693578,
              38.9441314
            ],
            [
              -121.0693484,
              38.9440962
            ],
            [
              -121.0693465,
              38.9440639
            ],
            [
              -121.0693578,
              38.9440331
            ],
            [
              -121.0693795,
              38.9440148
            ],
            [
              -121.0694059,
              38.944006
            ],
            [
              -121.0694814,
              38.9439884
            ],
            [
              -121.0696643,
              38.9439414
            ],
            [
              -121.0697162,
              38.9439253
            ],
            [
              -121.0698549,
              38.9438791
            ],
            [
              -121.070001,
              38.9438446
            ],
            [
              -121.0700623,
              38.9438343
            ],
            [
              -121.0701425,
              38.9438292
            ],
            [
              -121.070251,
              38.9438197
            ],
            [
              -121.0703142,
              38.9438101
            ],
            [
              -121.0703802,
              38.9437933
            ],
            [
              -121.0704207,
              38.9437801
            ],
            [
              -121.0704707,
              38.9437544
            ],
            [
              -121.0705377,
              38.9437221
            ],
            [
              -121.0705867,
              38.9436942
            ],
            [
              -121.0706603,
              38.9436546
            ],
            [
              -121.0707546,
              38.9436172
            ],
            [
              -121.0708235,
              38.9435981
            ],
            [
              -121.0709772,
              38.9435644
            ],
            [
              -121.0712177,
              38.9435292
            ],
            [
              -121.0712847,
              38.9435197
            ],
            [
              -121.0715101,
              38.9434866
            ],
            [
              -121.0717223,
              38.9434624
            ],
            [
              -121.0718364,
              38.94345
            ],
            [
              -121.0719345,
              38.9434353
            ],
            [
              -121.0719986,
              38.9434243
            ],
            [
              -121.0720703,
              38.9434162
            ],
            [
              -121.0721458,
              38.9434133
            ],
            [
              -121.072225,
              38.9434126
            ],
            [
              -121.0723165,
              38.9434228
            ],
            [
              -121.0723806,
              38.9434426
            ],
            [
              -121.0724466,
              38.9434595
            ],
            [
              -121.0724872,
              38.9434756
            ],
            [
              -121.0725174,
              38.9434881
            ],
            [
              -121.0725664,
              38.9434962
            ],
            [
              -121.0726258,
              38.9434998
            ],
            [
              -121.0726871,
              38.9434903
            ],
            [
              -121.0727277,
              38.9434815
            ],
            [
              -121.0727645,
              38.9434654
            ],
            [
              -121.0728277,
              38.9434302
            ],
            [
              -121.0728767,
              38.9434038
            ],
            [
              -121.0729475,
              38.9433715
            ],
            [
              -121.0730088,
              38.9433443
            ],
            [
              -121.0730437,
              38.943326
            ],
            [
              -121.0730578,
              38.9433128
            ],
            [
              -121.073071,
              38.9432989
            ],
            [
              -121.0730967,
              38.9432769
            ],
            [
              -121.0730867,
              38.9432929
            ],
            [
              -121.0730781,
              38.94331
            ],
            [
              -121.0730754,
              38.9433239
            ],
            [
              -121.0730774,
              38.9433394
            ],
            [
              -121.0730821,
              38.9433543
            ],
            [
              -121.0730857,
              38.9433672
            ],
            [
              -121.0730937,
              38.9433775
            ],
            [
              -121.073108,
              38.9433857
            ],
            [
              -121.073127,
              38.9433899
            ],
            [
              -121.0731437,
              38.9433925
            ],
            [
              -121.0731643,
              38.9433925
            ],
            [
              -121.0731786,
              38.9433925
            ],
            [
              -121.0732065,
              38.9433907
            ]
          ]
        ]
      },
      "properties": {
        "course_id": "ridge_golf_course",
        "course_name": "Ridge Golf Course",
        "hole_number": 15,
        "feature_type": "fairway",
        "name": "hole_15_fairway",
        "feature-color": "#4a7c3f",
        "is_approximate": true,
        "source": "osm",
        "@id": "c32222e5-5247-4a34-ba66-cba14eab0c0d",
        "osm_id": 675891625
      }
    },
    {
      "type": "Feature",
      "bbox": [
        -121.07336,
        38.9431898,
        -121.0730754,
        38.9433925
      ],
      "geometry": {
        "type": "Polygon",
        "coordinates": [
          [
            [
              -121.0730774,
              38.9433394
            ],
            [
              -121.0730754,
              38.9433239
            ],
            [
              -121.0730781,
              38.94331
            ],
            [
              -121.0730867,
              38.9432929
            ],
            [
              -121.0730967,
              38.9432769
            ],
            [
              -121.07311,
              38.9432573
            ],
            [
              -121.0731265,
              38.9432413
            ],
            [
              -121.0731438,
              38.9432279
            ],
            [
              -121.0731663,
              38.9432125
            ],
            [
              -121.0731966,
              38.9431996
            ],
            [
              -121.0732207,
              38.9431934
            ],
            [
              -121.0732413,
              38.9431898
            ],
            [
              -121.0732704,
              38.9431923
            ],
            [
              -121.0733016,
              38.9432006
            ],
            [
              -121.0733255,
              38.9432119
            ],
            [
              -121.0733441,
              38.9432233
            ],
            [
              -121.0733567,
              38.9432367
            ],
            [
              -121.07336,
              38.943262
            ],
            [
              -121.073354,
              38.9432816
            ],
            [
              -121.0733437,
              38.9432962
            ],
            [
              -121.0733301,
              38.9433156
            ],
            [
              -121.0733136,
              38.9433373
            ],
            [
              -121.0732983,
              38.9433564
            ],
            [
              -121.0732804,
              38.9433688
            ],
            [
              -121.0732578,
              38.9433775
            ],
            [
              -121.073232,
              38.9433853
            ],
            [
              -121.0732065,
              38.9433907
            ],
            [
              -121.0731786,
              38.9433925
            ],
            [
              -121.0731643,
              38.9433925
            ],
            [
              -121.0731437,
              38.9433925
            ],
            [
              -121.073127,
              38.9433899
            ],
            [
              -121.073108,
              38.9433857
            ],
            [
              -121.0730937,
              38.9433775
            ],
            [
              -121.0730857,
              38.9433672
            ],
            [
              -121.0730821,
              38.9433543
            ],
            [
              -121.0730774,
              38.9433394
            ]
          ]
        ]
      },
      "properties": {
        "course_id": "ridge_golf_course",
        "course_name": "Ridge Golf Course",
        "hole_number": 15,
        "feature_type": "green",
        "name": "hole_15_green",
        "feature-color": "#2d6e2d",
        "is_approximate": true,
        "source": "osm",
        "@id": "7f20eef3-31ec-460d-a9a6-66c3d8529d65",
        "osm_id": 675891630
      }
    },
    {
      "type": "Feature",
      "bbox": [
        -121.07335923891411,
        38.94326448621388,
        -121.07335923891411,
        38.94326448621388
      ],
      "geometry": {
        "type": "Point",
        "coordinates": [
          -121.07335924,
          38.94326449
        ]
      },
      "properties": {
        "course_id": "ridge_golf_course",
        "course_name": "Ridge Golf Course",
        "hole_number": 15,
        "feature_type": "green_back",
        "name": "hole_15_green_back",
        "feature-color": "#5aae5a",
        "is_approximate": true,
        "source": "derived",
        "@id": "2cc9e106-a5a1-4a79-94cb-d478885ad18e"
      }
    },
    {
      "type": "Feature",
      "bbox": [
        -121.07321572720798,
        38.94329362864806,
        -121.07321572720798,
        38.94329362864806
      ],
      "geometry": {
        "type": "Point",
        "coordinates": [
          -121.07321573,
          38.94329363
        ]
      },
      "properties": {
        "course_id": "ridge_golf_course",
        "course_name": "Ridge Golf Course",
        "hole_number": 15,
        "feature_type": "green_center",
        "name": "hole_15_green_center",
        "feature-color": "#5aae5a",
        "is_approximate": true,
        "source": "derived",
        "@id": "1df36cd6-b870-4ddf-bcfb-d0cac08277dd"
      }
    },
    {
      "type": "Feature",
      "bbox": [
        -121.0730757590604,
        38.94332205150385,
        -121.0730757590604,
        38.94332205150385
      ],
      "geometry": {
        "type": "Point",
        "coordinates": [
          -121.07307576,
          38.94332205
        ]
      },
      "properties": {
        "course_id": "ridge_golf_course",
        "course_name": "Ridge Golf Course",
        "hole_number": 15,
        "feature_type": "green_front",
        "name": "hole_15_green_front",
        "feature-color": "#5aae5a",
        "is_approximate": true,
        "source": "derived",
        "@id": "73bc2aca-afbb-4684-8c90-4314344f87eb"
      }
    },
    {
      "type": "Feature",
      "bbox": [
        -121.0677891,
        38.9444134,
        -121.0675905,
        38.9445176
      ],
      "geometry": {
        "type": "Polygon",
        "coordinates": [
          [
            [
              -121.0677568,
              38.9444973
            ],
            [
              -121.0676422,
              38.9445176
            ],
            [
              -121.0676267,
              38.9445176
            ],
            [
              -121.0676128,
              38.9445146
            ],
            [
              -121.0675983,
              38.9445016
            ],
            [
              -121.0675905,
              38.9444852
            ],
            [
              -121.0675911,
              38.9444709
            ],
            [
              -121.0675983,
              38.9444571
            ],
            [
              -121.0676139,
              38.9444484
            ],
            [
              -121.0676378,
              38.9444372
            ],
            [
              -121.067684,
              38.944419
            ],
            [
              -121.0677107,
              38.9444134
            ],
            [
              -121.0677396,
              38.9444134
            ],
            [
              -121.0677585,
              38.944416
            ],
            [
              -121.0677724,
              38.9444242
            ],
            [
              -121.0677835,
              38.9444354
            ],
            [
              -121.0677891,
              38.9444515
            ],
            [
              -121.0677891,
              38.944467
            ],
            [
              -121.0677835,
              38.9444787
            ],
            [
              -121.0677735,
              38.9444887
            ],
            [
              -121.0677568,
              38.9444973
            ]
          ]
        ]
      },
      "properties": {
        "course_id": "ridge_golf_course",
        "course_name": "Ridge Golf Course",
        "hole_number": 15,
        "feature_type": "tee_box",
        "name": "hole_15_tee_box",
        "feature-color": "#8b7355",
        "is_approximate": true,
        "source": "osm",
        "@id": "87ecb137-5d35-4f56-8b92-7920a268bde9",
        "osm_id": 675891621
      }
    },
    {
      "type": "Feature",
      "bbox": [
        -121.0681317,
        38.9442451,
        -121.0679354,
        38.9443801
      ],
      "geometry": {
        "type": "Polygon",
        "coordinates": [
          [
            [
              -121.0681317,
              38.9443087
            ],
            [
              -121.0681312,
              38.9443243
            ],
            [
              -121.0681256,
              38.9443437
            ],
            [
              -121.0681162,
              38.9443545
            ],
            [
              -121.0681022,
              38.9443632
            ],
            [
              -121.0680878,
              38.9443684
            ],
            [
              -121.0680661,
              38.9443749
            ],
            [
              -121.0680438,
              38.9443783
            ],
            [
              -121.068016,
              38.9443801
            ],
            [
              -121.0679977,
              38.9443779
            ],
            [
              -121.0679782,
              38.9443714
            ],
            [
              -121.0679587,
              38.9443584
            ],
            [
              -121.0679487,
              38.9443455
            ],
            [
              -121.0679404,
              38.944329
            ],
            [
              -121.0679354,
              38.9443091
            ],
            [
              -121.0679354,
              38.9442918
            ],
            [
              -121.0679387,
              38.9442806
            ],
            [
              -121.0679454,
              38.9442702
            ],
            [
              -121.0679576,
              38.9442615
            ],
            [
              -121.0679804,
              38.9442559
            ],
            [
              -121.0680316,
              38.9442473
            ],
            [
              -121.0680594,
              38.9442451
            ],
            [
              -121.0680817,
              38.9442473
            ],
            [
              -121.0681,
              38.9442525
            ],
            [
              -121.0681139,
              38.9442598
            ],
            [
              -121.0681239,
              38.9442719
            ],
            [
              -121.0681289,
              38.9442884
            ],
            [
              -121.0681317,
              38.9443087
            ]
          ]
        ]
      },
      "properties": {
        "course_id": "ridge_golf_course",
        "course_name": "Ridge Golf Course",
        "hole_number": 15,
        "feature_type": "tee_box",
        "name": "hole_15_tee_box_2",
        "feature-color": "#8b7355",
        "is_approximate": true,
        "source": "osm",
        "@id": "1510228b-cfe9-46b4-bb22-27445a72d2a8",
        "osm_id": 675891622
      }
    },
    {
      "type": "Feature",
      "bbox": [
        -121.0685116,
        38.9442282,
        -121.0683381,
        38.9443818
      ],
      "geometry": {
        "type": "Polygon",
        "coordinates": [
          [
            [
              -121.0685116,
              38.9443377
            ],
            [
              -121.0685105,
              38.9443515
            ],
            [
              -121.0685016,
              38.9443645
            ],
            [
              -121.0684905,
              38.9443736
            ],
            [
              -121.0684777,
              38.9443792
            ],
            [
              -121.0684605,
              38.9443818
            ],
            [
              -121.0684466,
              38.9443809
            ],
            [
              -121.068426,
              38.9443727
            ],
            [
              -121.0684082,
              38.944358
            ],
            [
              -121.0683815,
              38.9443277
            ],
            [
              -121.0683448,
              38.9442849
            ],
            [
              -121.0683381,
              38.9442728
            ],
            [
              -121.0683386,
              38.9442628
            ],
            [
              -121.0683437,
              38.9442503
            ],
            [
              -121.0683542,
              38.9442403
            ],
            [
              -121.0683698,
              38.9442343
            ],
            [
              -121.0683865,
              38.94423
            ],
            [
              -121.0684076,
              38.9442282
            ],
            [
              -121.0684271,
              38.9442317
            ],
            [
              -121.068441,
              38.9442395
            ],
            [
              -121.0684505,
              38.9442559
            ],
            [
              -121.0684605,
              38.9442767
            ],
            [
              -121.068476,
              38.9442944
            ],
            [
              -121.0684905,
              38.9443061
            ],
            [
              -121.0685055,
              38.9443191
            ],
            [
              -121.0685116,
              38.9443377
            ]
          ]
        ]
      },
      "properties": {
        "course_id": "ridge_golf_course",
        "course_name": "Ridge Golf Course",
        "hole_number": 15,
        "feature_type": "tee_box",
        "name": "hole_15_tee_box_3",
        "feature-color": "#8b7355",
        "is_approximate": true,
        "source": "osm",
        "@id": "5c343a55-02ac-4e42-a858-f7a808863208",
        "osm_id": 675891623
      }
    },
    {
      "type": "Feature",
      "bbox": [
        -121.0687859,
        38.9442001,
        -121.0686729,
        38.9443117
      ],
      "geometry": {
        "type": "Polygon",
        "coordinates": [
          [
            [
              -121.0687853,
              38.9442628
            ],
            [
              -121.0687859,
              38.944278
            ],
            [
              -121.0687803,
              38.9442914
            ],
            [
              -121.0687675,
              38.9443013
            ],
            [
              -121.0687503,
              38.9443087
            ],
            [
              -121.0687308,
              38.9443117
            ],
            [
              -121.0687174,
              38.9443087
            ],
            [
              -121.068703,
              38.9442992
            ],
            [
              -121.0686902,
              38.9442832
            ],
            [
              -121.0686791,
              38.9442602
            ],
            [
              -121.0686752,
              38.9442451
            ],
            [
              -121.0686729,
              38.9442321
            ],
            [
              -121.0686763,
              38.9442196
            ],
            [
              -121.0686835,
              38.9442105
            ],
            [
              -121.068693,
              38.9442044
            ],
            [
              -121.0687047,
              38.9442001
            ],
            [
              -121.0687152,
              38.9442005
            ],
            [
              -121.068728,
              38.9442014
            ],
            [
              -121.0687425,
              38.9442053
            ],
            [
              -121.0687558,
              38.9442109
            ],
            [
              -121.068767,
              38.9442213
            ],
            [
              -121.068777,
              38.944236
            ],
            [
              -121.0687831,
              38.9442503
            ],
            [
              -121.0687853,
              38.9442628
            ]
          ]
        ]
      },
      "properties": {
        "course_id": "ridge_golf_course",
        "course_name": "Ridge Golf Course",
        "hole_number": 15,
        "feature_type": "tee_box",
        "name": "hole_15_tee_box_4",
        "feature-color": "#8b7355",
        "is_approximate": true,
        "source": "osm",
        "@id": "5cff3b6a-a588-4604-8ee5-f0d2fdf5c71e",
        "osm_id": 675891624
      }
    },
    {
      "type": "Feature",
      "bbox": [
        -121.06769173305396,
        38.94446593231221,
        -121.06769173305396,
        38.94446593231221
      ],
      "geometry": {
        "type": "Point",
        "coordinates": [
          -121.06769173,
          38.94446593
        ]
      },
      "properties": {
        "course_id": "ridge_golf_course",
        "course_name": "Ridge Golf Course",
        "hole_number": 15,
        "feature_type": "tee_center",
        "name": "hole_15_tee_center",
        "feature-color": "#c8a055",
        "is_approximate": true,
        "source": "derived",
        "@id": "c33fbeb5-f1cc-4e85-ba5f-55aa3aa2317c"
      }
    },
    {
      "type": "Feature",
      "bbox": [
        -121.078032,
        38.9429486,
        -121.0753177,
        38.9434503
      ],
      "geometry": {
        "type": "Polygon",
        "coordinates": [
          [
            [
              -121.078032,
              38.9433417
            ],
            [
              -121.078018,
              38.9433177
            ],
            [
              -121.0780093,
              38.9432943
            ],
            [
              -121.0779966,
              38.9432781
            ],
            [
              -121.0779792,
              38.9432661
            ],
            [
              -121.0779416,
              38.9432499
            ],
            [
              -121.0779027,
              38.9432432
            ],
            [
              -121.0778511,
              38.9432364
            ],
            [
              -121.0777988,
              38.9432379
            ],
            [
              -121.0777746,
              38.9432411
            ],
            [
              -121.0777632,
              38.9432447
            ],
            [
              -121.0777471,
              38.9432505
            ],
            [
              -121.0777284,
              38.943263
            ],
            [
              -121.0777197,
              38.9432771
            ],
            [
              -121.0777136,
              38.9432927
            ],
            [
              -121.0777116,
              38.9433125
            ],
            [
              -121.0777129,
              38.9433386
            ],
            [
              -121.0777163,
              38.9433574
            ],
            [
              -121.0777243,
              38.9433673
            ],
            [
              -121.0777398,
              38.9433782
            ],
            [
              -121.077759,
              38.9433863
            ],
            [
              -121.077772,
              38.9433907
            ],
            [
              -121.077739,
              38.9433875
            ],
            [
              -121.0777057,
              38.9433782
            ],
            [
              -121.0776666,
              38.9433508
            ],
            [
              -121.0775516,
              38.9432799
            ],
            [
              -121.0775076,
              38.9432618
            ],
            [
              -121.0774589,
              38.94325
            ],
            [
              -121.0774085,
              38.9432481
            ],
            [
              -121.0773661,
              38.9432544
            ],
            [
              -121.0773389,
              38.9432687
            ],
            [
              -121.0773061,
              38.9432998
            ],
            [
              -121.0772709,
              38.9433495
            ],
            [
              -121.0772454,
              38.9433881
            ],
            [
              -121.0772246,
              38.9434111
            ],
            [
              -121.0771926,
              38.9434304
            ],
            [
              -121.0771606,
              38.9434416
            ],
            [
              -121.0771443,
              38.9434449
            ],
            [
              -121.0771172,
              38.9434503
            ],
            [
              -121.0770748,
              38.9434503
            ],
            [
              -121.0770107,
              38.94344
            ],
            [
              -121.0769503,
              38.9434268
            ],
            [
              -121.0768909,
              38.9434085
            ],
            [
              -121.0768475,
              38.9433909
            ],
            [
              -121.0768013,
              38.9433681
            ],
            [
              -121.0767664,
              38.9433439
            ],
            [
              -121.0767145,
              38.9433124
            ],
            [
              -121.0766711,
              38.9432963
            ],
            [
              -121.0766145,
              38.9432889
            ],
            [
              -121.0765419,
              38.9432897
            ],
            [
              -121.0764174,
              38.9432941
            ],
            [
              -121.0763307,
              38.9433073
            ],
            [
              -121.0762448,
              38.9433124
            ],
            [
              -121.0761845,
              38.9433131
            ],
            [
              -121.0761137,
              38.9433021
            ],
            [
              -121.0760194,
              38.9432831
            ],
            [
              -121.0758817,
              38.9432566
            ],
            [
              -121.0758044,
              38.9432376
            ],
            [
              -121.0756007,
              38.9431921
            ],
            [
              -121.0755205,
              38.9431708
            ],
            [
              -121.0754431,
              38.9431488
            ],
            [
              -121.0753781,
              38.9431246
            ],
            [
              -121.0753375,
              38.9430931
            ],
            [
              -121.0753205,
              38.9430586
            ],
            [
              -121.0753177,
              38.9430256
            ],
            [
              -121.0753366,
              38.9429911
            ],
            [
              -121.0753724,
              38.9429684
            ],
            [
              -121.0754215,
              38.9429552
            ],
            [
              -121.0755044,
              38.9429486
            ],
            [
              -121.0755752,
              38.9429522
            ],
            [
              -121.0756818,
              38.9429684
            ],
            [
              -121.0757789,
              38.9429786
            ],
            [
              -121.0758591,
              38.9429904
            ],
            [
              -121.0759345,
              38.9429992
            ],
            [
              -121.0759826,
              38.9430014
            ],
            [
              -121.0761118,
              38.9430204
            ],
            [
              -121.0761835,
              38.9430278
            ],
            [
              -121.0762958,
              38.9430351
            ],
            [
              -121.0764362,
              38.9430491
            ],
            [
              -121.0765121,
              38.9430522
            ],
            [
              -121.0765865,
              38.9430491
            ],
            [
              -121.0767072,
              38.9430498
            ],
            [
              -121.0767824,
              38.9430603
            ],
            [
              -121.0768855,
              38.9430902
            ],
            [
              -121.0770447,
              38.9431424
            ],
            [
              -121.0770702,
              38.9431505
            ],
            [
              -121.0770958,
              38.9431517
            ],
            [
              -121.077143,
              38.9431455
            ],
            [
              -121.0773309,
              38.9431101
            ],
            [
              -121.0774637,
              38.9430958
            ],
            [
              -121.0775356,
              38.9430989
            ],
            [
              -121.077582,
              38.9431045
            ],
            [
              -121.07763,
              38.9431144
            ],
            [
              -121.0776779,
              38.9431269
            ],
            [
              -121.0777459,
              38.9431474
            ],
            [
              -121.0777723,
              38.9431598
            ],
            [
              -121.0778019,
              38.9431667
            ],
            [
              -121.0778331,
              38.9431692
            ],
            [
              -121.0778802,
              38.9431704
            ],
            [
              -121.0779234,
              38.9431754
            ],
            [
              -121.0779562,
              38.9431847
            ],
            [
              -121.0779858,
              38.9432065
            ],
            [
              -121.0780067,
              38.9432393
            ],
            [
              -121.0780152,
              38.9432752
            ],
            [
              -121.078032,
              38.9433417
            ]
          ]
        ]
      },
      "properties": {
        "course_id": "ridge_golf_course",
        "course_name": "Ridge Golf Course",
        "hole_number": 16,
        "feature_type": "fairway",
        "name": "hole_16_fairway",
        "feature-color": "#4a7c3f",
        "is_approximate": true,
        "source": "osm",
        "@id": "abf1531a-1020-4884-a6a4-4d15317665e2",
        "osm_id": 675892143
      }
    },
    {
      "type": "Feature",
      "bbox": [
        -121.0780704,
        38.9432364,
        -121.0777116,
        38.9434831
      ],
      "geometry": {
        "type": "Polygon",
        "coordinates": [
          [
            [
              -121.0780583,
              38.9433866
            ],
            [
              -121.0780675,
              38.9434125
            ],
            [
              -121.0780704,
              38.9434325
            ],
            [
              -121.0780643,
              38.9434502
            ],
            [
              -121.0780516,
              38.9434638
            ],
            [
              -121.0780368,
              38.9434737
            ],
            [
              -121.0780201,
              38.9434784
            ],
            [
              -121.0780013,
              38.943482
            ],
            [
              -121.0779798,
              38.9434831
            ],
            [
              -121.0779597,
              38.9434789
            ],
            [
              -121.0779463,
              38.9434747
            ],
            [
              -121.0779342,
              38.943469
            ],
            [
              -121.0779168,
              38.9434606
            ],
            [
              -121.077898,
              38.9434518
            ],
            [
              -121.0778838,
              38.9434431
            ],
            [
              -121.0778652,
              38.9434283
            ],
            [
              -121.0778511,
              38.9434158
            ],
            [
              -121.0778424,
              38.943409
            ],
            [
              -121.0778303,
              38.9434027
            ],
            [
              -121.0778135,
              38.943398
            ],
            [
              -121.0777921,
              38.9433939
            ],
            [
              -121.077772,
              38.9433907
            ],
            [
              -121.077759,
              38.9433863
            ],
            [
              -121.0777398,
              38.9433782
            ],
            [
              -121.0777243,
              38.9433673
            ],
            [
              -121.0777163,
              38.9433574
            ],
            [
              -121.0777129,
              38.9433386
            ],
            [
              -121.0777116,
              38.9433125
            ],
            [
              -121.0777136,
              38.9432927
            ],
            [
              -121.0777197,
              38.9432771
            ],
            [
              -121.0777284,
              38.943263
            ],
            [
              -121.0777471,
              38.9432505
            ],
            [
              -121.0777632,
              38.9432447
            ],
            [
              -121.0777746,
              38.9432411
            ],
            [
              -121.0777988,
              38.9432379
            ],
            [
              -121.0778511,
              38.9432364
            ],
            [
              -121.0779027,
              38.9432432
            ],
            [
              -121.0779416,
              38.9432499
            ],
            [
              -121.0779792,
              38.9432661
            ],
            [
              -121.0779966,
              38.9432781
            ],
            [
              -121.0780093,
              38.9432943
            ],
            [
              -121.078018,
              38.9433177
            ],
            [
              -121.078032,
              38.9433417
            ],
            [
              -121.0780465,
              38.9433667
            ],
            [
              -121.0780583,
              38.9433866
            ]
          ]
        ]
      },
      "properties": {
        "course_id": "ridge_golf_course",
        "course_name": "Ridge Golf Course",
        "hole_number": 16,
        "feature_type": "green",
        "name": "hole_16_green",
        "feature-color": "#2d6e2d",
        "is_approximate": true,
        "source": "osm",
        "@id": "6fb6090f-24f8-4cbe-bd4f-393883999a9a",
        "osm_id": 675892144
      }
    },
    {
      "type": "Feature",
      "bbox": [
        -121.07804837199137,
        38.94336985700241,
        -121.07804837199137,
        38.94336985700241
      ],
      "geometry": {
        "type": "Point",
        "coordinates": [
          -121.07804837,
          38.94336986
        ]
      },
      "properties": {
        "course_id": "ridge_golf_course",
        "course_name": "Ridge Golf Course",
        "hole_number": 16,
        "feature_type": "green_back",
        "name": "hole_16_green_back",
        "feature-color": "#5aae5a",
        "is_approximate": true,
        "source": "derived",
        "@id": "0202a748-2acc-4af4-8935-8effb60d9dd5"
      }
    },
    {
      "type": "Feature",
      "bbox": [
        -121.07789560601601,
        38.94335031194627,
        -121.07789560601601,
        38.94335031194627
      ],
      "geometry": {
        "type": "Point",
        "coordinates": [
          -121.07789561,
          38.94335031
        ]
      },
      "properties": {
        "course_id": "ridge_golf_course",
        "course_name": "Ridge Golf Course",
        "hole_number": 16,
        "feature_type": "green_center",
        "name": "hole_16_green_center",
        "feature-color": "#5aae5a",
        "is_approximate": true,
        "source": "derived",
        "@id": "fe1ace28-0df1-4ab4-9ada-a690c716b12f"
      }
    },
    {
      "type": "Feature",
      "bbox": [
        -121.07771231532487,
        38.94332686152257,
        -121.07771231532487,
        38.94332686152257
      ],
      "geometry": {
        "type": "Point",
        "coordinates": [
          -121.07771232,
          38.94332686
        ]
      },
      "properties": {
        "course_id": "ridge_golf_course",
        "course_name": "Ridge Golf Course",
        "hole_number": 16,
        "feature_type": "green_front",
        "name": "hole_16_green_front",
        "feature-color": "#5aae5a",
        "is_approximate": true,
        "source": "derived",
        "@id": "9fce6d86-7a55-416d-81ba-9f16bf8d48ad"
      }
    },
    {
      "type": "Feature",
      "bbox": [
        -121.0738775,
        38.9428693,
        -121.0737115,
        38.9429691
      ],
      "geometry": {
        "type": "Polygon",
        "coordinates": [
          [
            [
              -121.0738766,
              38.942906
            ],
            [
              -121.0738775,
              38.9429192
            ],
            [
              -121.0738719,
              38.9429361
            ],
            [
              -121.0738596,
              38.9429537
            ],
            [
              -121.0738436,
              38.9429647
            ],
            [
              -121.0738181,
              38.9429684
            ],
            [
              -121.0737898,
              38.9429691
            ],
            [
              -121.0737709,
              38.9429676
            ],
            [
              -121.0737492,
              38.9429632
            ],
            [
              -121.0737323,
              38.9429522
            ],
            [
              -121.0737162,
              38.9429405
            ],
            [
              -121.0737115,
              38.9429229
            ],
            [
              -121.0737153,
              38.9429023
            ],
            [
              -121.0737285,
              38.9428847
            ],
            [
              -121.0737577,
              38.9428723
            ],
            [
              -121.0737841,
              38.9428693
            ],
            [
              -121.0738124,
              38.9428715
            ],
            [
              -121.0738332,
              38.942873
            ],
            [
              -121.0738511,
              38.9428781
            ],
            [
              -121.0738671,
              38.9428899
            ],
            [
              -121.0738766,
              38.942906
            ]
          ]
        ]
      },
      "properties": {
        "course_id": "ridge_golf_course",
        "course_name": "Ridge Golf Course",
        "hole_number": 16,
        "feature_type": "tee_box",
        "name": "hole_16_tee_box",
        "feature-color": "#8b7355",
        "is_approximate": true,
        "source": "osm",
        "@id": "07418f29-b10b-42be-9b18-53cbcef3fd21",
        "osm_id": 675892133
      }
    },
    {
      "type": "Feature",
      "bbox": [
        -121.0734088,
        38.9427908,
        -121.0733201,
        38.9428532
      ],
      "geometry": {
        "type": "Polygon",
        "coordinates": [
          [
            [
              -121.0734088,
              38.9428238
            ],
            [
              -121.0734078,
              38.9428334
            ],
            [
              -121.0734003,
              38.9428429
            ],
            [
              -121.073389,
              38.9428495
            ],
            [
              -121.073371,
              38.9428532
            ],
            [
              -121.0733541,
              38.9428495
            ],
            [
              -121.073339,
              38.9428437
            ],
            [
              -121.0733201,
              38.9428319
            ],
            [
              -121.0733201,
              38.9428165
            ],
            [
              -121.0733258,
              38.9428018
            ],
            [
              -121.073339,
              38.942793
            ],
            [
              -121.0733654,
              38.9427908
            ],
            [
              -121.0733795,
              38.942796
            ],
            [
              -121.0733918,
              38.9428026
            ],
            [
              -121.073404,
              38.9428128
            ],
            [
              -121.0734088,
              38.9428238
            ]
          ]
        ]
      },
      "properties": {
        "course_id": "ridge_golf_course",
        "course_name": "Ridge Golf Course",
        "hole_number": 16,
        "feature_type": "tee_box",
        "name": "hole_16_tee_box_2",
        "feature-color": "#8b7355",
        "is_approximate": true,
        "source": "osm",
        "@id": "84e9d766-beac-4956-add7-411b83655c3a",
        "osm_id": 675892136
      }
    },
    {
      "type": "Feature",
      "bbox": [
        -121.0741878,
        38.9430828,
        -121.0740303,
        38.943184
      ],
      "geometry": {
        "type": "Polygon",
        "coordinates": [
          [
            [
              -121.0741869,
              38.9431459
            ],
            [
              -121.0741793,
              38.9431642
            ],
            [
              -121.0741623,
              38.943176
            ],
            [
              -121.0741444,
              38.9431833
            ],
            [
              -121.0741199,
              38.943184
            ],
            [
              -121.0740897,
              38.943184
            ],
            [
              -121.074068,
              38.9431789
            ],
            [
              -121.0740463,
              38.9431679
            ],
            [
              -121.074035,
              38.9431591
            ],
            [
              -121.0740312,
              38.9431444
            ],
            [
              -121.0740303,
              38.9431283
            ],
            [
              -121.074036,
              38.9431143
            ],
            [
              -121.0740473,
              38.9430989
            ],
            [
              -121.0740718,
              38.9430894
            ],
            [
              -121.074102,
              38.9430843
            ],
            [
              -121.0741293,
              38.9430828
            ],
            [
              -121.074152,
              38.943085
            ],
            [
              -121.074168,
              38.9430916
            ],
            [
              -121.0741821,
              38.9431099
            ],
            [
              -121.0741878,
              38.9431283
            ],
            [
              -121.0741869,
              38.9431459
            ]
          ]
        ]
      },
      "properties": {
        "course_id": "ridge_golf_course",
        "course_name": "Ridge Golf Course",
        "hole_number": 16,
        "feature_type": "tee_box",
        "name": "hole_16_tee_box_3",
        "feature-color": "#8b7355",
        "is_approximate": true,
        "source": "osm",
        "@id": "c37bb2ac-b911-4f3d-b6a5-ca858031d2cb",
        "osm_id": 675892139
      }
    },
    {
      "type": "Feature",
      "bbox": [
        -121.0745217,
        38.9430586,
        -121.0743632,
        38.9431517
      ],
      "geometry": {
        "type": "Polygon",
        "coordinates": [
          [
            [
              -121.0745207,
              38.943096
            ],
            [
              -121.0745217,
              38.943107
            ],
            [
              -121.0745141,
              38.9431253
            ],
            [
              -121.0745009,
              38.9431363
            ],
            [
              -121.0744887,
              38.9431437
            ],
            [
              -121.0744632,
              38.9431488
            ],
            [
              -121.0744283,
              38.9431517
            ],
            [
              -121.0744028,
              38.9431488
            ],
            [
              -121.0743783,
              38.94314
            ],
            [
              -121.0743661,
              38.9431253
            ],
            [
              -121.0743632,
              38.9431055
            ],
            [
              -121.0743708,
              38.9430894
            ],
            [
              -121.074383,
              38.9430747
            ],
            [
              -121.0743981,
              38.9430645
            ],
            [
              -121.0744179,
              38.9430608
            ],
            [
              -121.0744396,
              38.9430586
            ],
            [
              -121.0744717,
              38.9430593
            ],
            [
              -121.0744953,
              38.9430615
            ],
            [
              -121.0745132,
              38.9430755
            ],
            [
              -121.0745207,
              38.943096
            ]
          ]
        ]
      },
      "properties": {
        "course_id": "ridge_golf_course",
        "course_name": "Ridge Golf Course",
        "hole_number": 16,
        "feature_type": "tee_box",
        "name": "hole_16_tee_box_4",
        "feature-color": "#8b7355",
        "is_approximate": true,
        "source": "osm",
        "@id": "7807b989-0d42-41ca-b1a6-6488ca099f6a",
        "osm_id": 675892140
      }
    },
    {
      "type": "Feature",
      "bbox": [
        -121.0747707,
        38.943038,
        -121.0746707,
        38.9431107
      ],
      "geometry": {
        "type": "Polygon",
        "coordinates": [
          [
            [
              -121.0747707,
              38.9430769
            ],
            [
              -121.0747707,
              38.9430887
            ],
            [
              -121.0747622,
              38.9430989
            ],
            [
              -121.0747471,
              38.9431055
            ],
            [
              -121.0747263,
              38.9431107
            ],
            [
              -121.0747075,
              38.9431099
            ],
            [
              -121.0746981,
              38.943107
            ],
            [
              -121.0746886,
              38.9431041
            ],
            [
              -121.0746792,
              38.9430953
            ],
            [
              -121.0746726,
              38.9430762
            ],
            [
              -121.0746707,
              38.9430601
            ],
            [
              -121.0746811,
              38.9430454
            ],
            [
              -121.0747084,
              38.943038
            ],
            [
              -121.0747301,
              38.9430388
            ],
            [
              -121.074748,
              38.9430439
            ],
            [
              -121.0747622,
              38.9430564
            ],
            [
              -121.0747707,
              38.9430769
            ]
          ]
        ]
      },
      "properties": {
        "course_id": "ridge_golf_course",
        "course_name": "Ridge Golf Course",
        "hole_number": 16,
        "feature_type": "tee_box",
        "name": "hole_16_tee_box_5",
        "feature-color": "#8b7355",
        "is_approximate": true,
        "source": "osm",
        "@id": "080fc19d-69df-4b4b-a55f-07a95b7491c1",
        "osm_id": 675892141
      }
    },
    {
      "type": "Feature",
      "bbox": [
        -121.07336358600706,
        38.94282190810854,
        -121.07336358600706,
        38.94282190810854
      ],
      "geometry": {
        "type": "Point",
        "coordinates": [
          -121.07336359,
          38.94282191
        ]
      },
      "properties": {
        "course_id": "ridge_golf_course",
        "course_name": "Ridge Golf Course",
        "hole_number": 16,
        "feature_type": "tee_center",
        "name": "hole_16_tee_center",
        "feature-color": "#c8a055",
        "is_approximate": true,
        "source": "derived",
        "@id": "dee2ffe3-ac67-4a1e-8e4e-fd0872b80b11"
      }
    },
    {
      "type": "Feature",
      "bbox": [
        -121.0787282,
        38.9433199,
        -121.0773413,
        38.9451079
      ],
      "geometry": {
        "type": "Polygon",
        "coordinates": [
          [
            [
              -121.0778623,
              38.9451079
            ],
            [
              -121.0778512,
              38.9451079
            ],
            [
              -121.0777753,
              38.9451048
            ],
            [
              -121.0777558,
              38.9450819
            ],
            [
              -121.0777241,
              38.9450369
            ],
            [
              -121.0776971,
              38.9449892
            ],
            [
              -121.0776853,
              38.9449393
            ],
            [
              -121.0776862,
              38.9448789
            ],
            [
              -121.0777016,
              38.9448417
            ],
            [
              -121.077707,
              38.9448263
            ],
            [
              -121.0777187,
              38.9447778
            ],
            [
              -121.0777205,
              38.9447343
            ],
            [
              -121.0777097,
              38.94469
            ],
            [
              -121.0776925,
              38.9446479
            ],
            [
              -121.0776664,
              38.9446093
            ],
            [
              -121.0776591,
              38.944565
            ],
            [
              -121.0776609,
              38.9444934
            ],
            [
              -121.0776528,
              38.9444316
            ],
            [
              -121.0776501,
              38.9443649
            ],
            [
              -121.0776456,
              38.9443087
            ],
            [
              -121.0776456,
              38.9442666
            ],
            [
              -121.0776555,
              38.9442069
            ],
            [
              -121.0776835,
              38.9441317
            ],
            [
              -121.0777169,
              38.9440629
            ],
            [
              -121.077726,
              38.9440327
            ],
            [
              -121.0777332,
              38.9439569
            ],
            [
              -121.0777494,
              38.9438663
            ],
            [
              -121.0777521,
              38.9438347
            ],
            [
              -121.0777422,
              38.9437925
            ],
            [
              -121.077726,
              38.9437546
            ],
            [
              -121.0777115,
              38.9437314
            ],
            [
              -121.0777061,
              38.9437132
            ],
            [
              -121.0776925,
              38.943683
            ],
            [
              -121.0776772,
              38.9436619
            ],
            [
              -121.077651,
              38.9436422
            ],
            [
              -121.077623,
              38.9436254
            ],
            [
              -121.0775833,
              38.9436156
            ],
            [
              -121.0775345,
              38.9436156
            ],
            [
              -121.0774957,
              38.9436324
            ],
            [
              -121.0774614,
              38.9436549
            ],
            [
              -121.0774397,
              38.9436598
            ],
            [
              -121.0774144,
              38.9436605
            ],
            [
              -121.0773828,
              38.9436542
            ],
            [
              -121.0773621,
              38.9436493
            ],
            [
              -121.0773512,
              38.9436422
            ],
            [
              -121.0773422,
              38.9436163
            ],
            [
              -121.0773413,
              38.9435861
            ],
            [
              -121.0773467,
              38.9435355
            ],
            [
              -121.0773621,
              38.9434667
            ],
            [
              -121.0773738,
              38.9434231
            ],
            [
              -121.0774,
              38.9433655
            ],
            [
              -121.0774217,
              38.9433438
            ],
            [
              -121.0774433,
              38.9433248
            ],
            [
              -121.0774596,
              38.9433199
            ],
            [
              -121.0774767,
              38.9433206
            ],
            [
              -121.0774993,
              38.943322
            ],
            [
              -121.0775273,
              38.9433283
            ],
            [
              -121.0775571,
              38.9433438
            ],
            [
              -121.0776131,
              38.9433803
            ],
            [
              -121.0776618,
              38.9434147
            ],
            [
              -121.0776962,
              38.9434358
            ],
            [
              -121.0777187,
              38.9434484
            ],
            [
              -121.0777612,
              38.9434688
            ],
            [
              -121.0778253,
              38.9434927
            ],
            [
              -121.0779011,
              38.9435222
            ],
            [
              -121.0779553,
              38.9435397
            ],
            [
              -121.0780004,
              38.9435453
            ],
            [
              -121.0780582,
              38.943546
            ],
            [
              -121.0781115,
              38.9435453
            ],
            [
              -121.0781458,
              38.9435411
            ],
            [
              -121.0781612,
              38.9435313
            ],
            [
              -121.078181,
              38.9435348
            ],
            [
              -121.0782009,
              38.9435313
            ],
            [
              -121.0782199,
              38.9435285
            ],
            [
              -121.0782352,
              38.943525
            ],
            [
              -121.0782605,
              38.9435144
            ],
            [
              -121.0782758,
              38.9435032
            ],
            [
              -121.078293,
              38.9434863
            ],
            [
              -121.0783129,
              38.9434625
            ],
            [
              -121.0783418,
              38.9434337
            ],
            [
              -121.0783679,
              38.9434154
            ],
            [
              -121.078405,
              38.9434028
            ],
            [
              -121.078451,
              38.9433929
            ],
            [
              -121.0785079,
              38.9433887
            ],
            [
              -121.0785648,
              38.9433894
            ],
            [
              -121.0786172,
              38.9434
            ],
            [
              -121.0786623,
              38.9434196
            ],
            [
              -121.0786894,
              38.9434414
            ],
            [
              -121.0787065,
              38.9434793
            ],
            [
              -121.0787228,
              38.9435355
            ],
            [
              -121.0787273,
              38.9435952
            ],
            [
              -121.0787282,
              38.9436268
            ],
            [
              -121.0787174,
              38.9436563
            ],
            [
              -121.078702,
              38.9436802
            ],
            [
              -121.0786767,
              38.9436977
            ],
            [
              -121.0785792,
              38.9437399
            ],
            [
              -121.0785431,
              38.9437623
            ],
            [
              -121.0785097,
              38.9437904
            ],
            [
              -121.0784835,
              38.943822
            ],
            [
              -121.0784628,
              38.9438466
            ],
            [
              -121.078442,
              38.9438635
            ],
            [
              -121.0784185,
              38.9438859
            ],
            [
              -121.0783905,
              38.9439147
            ],
            [
              -121.0783607,
              38.9439555
            ],
            [
              -121.078339,
              38.9439885
            ],
            [
              -121.0783201,
              38.9440081
            ],
            [
              -121.0782795,
              38.9440411
            ],
            [
              -121.0782406,
              38.9440692
            ],
            [
              -121.078191,
              38.9441043
            ],
            [
              -121.0781485,
              38.9441394
            ],
            [
              -121.0781232,
              38.9441626
            ],
            [
              -121.0781016,
              38.9441984
            ],
            [
              -121.0780736,
              38.944242
            ],
            [
              -121.0780618,
              38.9442897
            ],
            [
              -121.0780582,
              38.9443782
            ],
            [
              -121.0780564,
              38.9444323
            ],
            [
              -121.0780555,
              38.9444513
            ],
            [
              -121.0780546,
              38.944485
            ],
            [
              -121.0780646,
              38.9445264
            ],
            [
              -121.0780781,
              38.9445699
            ],
            [
              -121.0780844,
              38.9446051
            ],
            [
              -121.0780828,
              38.9446294
            ],
            [
              -121.0780694,
              38.9446599
            ],
            [
              -121.0780548,
              38.944693
            ],
            [
              -121.0780424,
              38.9447169
            ],
            [
              -121.078029,
              38.9447366
            ],
            [
              -121.0780026,
              38.9447634
            ],
            [
              -121.0779773,
              38.9447835
            ],
            [
              -121.0779649,
              38.944796
            ],
            [
              -121.0779515,
              38.9448023
            ],
            [
              -121.0779262,
              38.9448224
            ],
            [
              -121.0779165,
              38.9448425
            ],
            [
              -121.0779165,
              38.9448726
            ],
            [
              -121.0779132,
              38.9449095
            ],
            [
              -121.0779148,
              38.9449296
            ],
            [
              -121.0779208,
              38.9449547
            ],
            [
              -121.0779315,
              38.9449719
            ],
            [
              -121.077938,
              38.9449941
            ],
            [
              -121.0779369,
              38.9450179
            ],
            [
              -121.0779358,
              38.9450443
            ],
            [
              -121.0779186,
              38.945069
            ],
            [
              -121.0778987,
              38.9450908
            ],
            [
              -121.0778836,
              38.9451017
            ],
            [
              -121.0778623,
              38.9451079
            ]
          ]
        ]
      },
      "properties": {
        "course_id": "ridge_golf_course",
        "course_name": "Ridge Golf Course",
        "hole_number": 16,
        "feature_type": "water",
        "name": "hole_16_water",
        "feature-color": "#2255cc",
        "is_approximate": true,
        "source": "osm",
        "@id": "2fd98e3e-d553-42c2-a934-74677841254a",
        "osm_id": 675724523,
        "hazard_group": "675724523"
      }
    },
    {
      "type": "Feature",
      "bbox": [
        -121.0754111,
        38.9429295,
        -121.0748876,
        38.9432699
      ],
      "geometry": {
        "type": "Polygon",
        "coordinates": [
          [
            [
              -121.0754092,
              38.9432104
            ],
            [
              -121.0754111,
              38.9432236
            ],
            [
              -121.0753998,
              38.943239
            ],
            [
              -121.075379,
              38.9432588
            ],
            [
              -121.0753715,
              38.9432662
            ],
            [
              -121.075346,
              38.9432699
            ],
            [
              -121.0753281,
              38.9432596
            ],
            [
              -121.0753262,
              38.9432464
            ],
            [
              -121.0753243,
              38.9432324
            ],
            [
              -121.0753054,
              38.9432244
            ],
            [
              -121.0752696,
              38.9432207
            ],
            [
              -121.0752357,
              38.9432082
            ],
            [
              -121.0752008,
              38.9431987
            ],
            [
              -121.0751734,
              38.9431745
            ],
            [
              -121.0751479,
              38.9431539
            ],
            [
              -121.0751328,
              38.9431202
            ],
            [
              -121.0751262,
              38.9431011
            ],
            [
              -121.0751215,
              38.9430828
            ],
            [
              -121.075114,
              38.9430615
            ],
            [
              -121.0750932,
              38.9430446
            ],
            [
              -121.075064,
              38.9430226
            ],
            [
              -121.0750319,
              38.9430043
            ],
            [
              -121.0749989,
              38.9429845
            ],
            [
              -121.0749716,
              38.942964
            ],
            [
              -121.0749508,
              38.9429522
            ],
            [
              -121.0749357,
              38.9429669
            ],
            [
              -121.0749329,
              38.942983
            ],
            [
              -121.0749461,
              38.943008
            ],
            [
              -121.0749527,
              38.9430329
            ],
            [
              -121.0749555,
              38.943052
            ],
            [
              -121.0749499,
              38.9430725
            ],
            [
              -121.0749338,
              38.9430762
            ],
            [
              -121.074914,
              38.9430703
            ],
            [
              -121.0749093,
              38.9430652
            ],
            [
              -121.0749037,
              38.9430351
            ],
            [
              -121.0749037,
              38.9430175
            ],
            [
              -121.0748942,
              38.943005
            ],
            [
              -121.0748876,
              38.9429955
            ],
            [
              -121.0749282,
              38.9429522
            ],
            [
              -121.0749442,
              38.9429368
            ],
            [
              -121.0749669,
              38.9429295
            ],
            [
              -121.0750055,
              38.9429434
            ],
            [
              -121.0750961,
              38.9429992
            ],
            [
              -121.0751677,
              38.9430711
            ],
            [
              -121.0752187,
              38.9431165
            ],
            [
              -121.0752696,
              38.9431525
            ],
            [
              -121.0753026,
              38.9431752
            ],
            [
              -121.0753479,
              38.9431914
            ],
            [
              -121.0754092,
              38.9432104
            ]
          ]
        ]
      },
      "properties": {
        "course_id": "ridge_golf_course",
        "course_name": "Ridge Golf Course",
        "hole_number": 16,
        "feature_type": "water",
        "name": "hole_16_water_2",
        "feature-color": "#2255cc",
        "is_approximate": true,
        "source": "osm",
        "@id": "323d1e6b-4189-4809-8c6e-2e4d20a549e4",
        "osm_id": 675892142,
        "hazard_group": "675892142"
      }
    },
    {
      "type": "Feature",
      "bbox": [
        -121.0783862,
        38.9426105,
        -121.07738,
        38.9428429
      ],
      "geometry": {
        "type": "Polygon",
        "coordinates": [
          [
            [
              -121.0783597,
              38.9426469
            ],
            [
              -121.0783841,
              38.9426769
            ],
            [
              -121.0783862,
              38.9427244
            ],
            [
              -121.0783679,
              38.9427908
            ],
            [
              -121.0783191,
              38.942835
            ],
            [
              -121.0782439,
              38.9428429
            ],
            [
              -121.078128,
              38.9428287
            ],
            [
              -121.0780833,
              38.9427829
            ],
            [
              -121.0780487,
              38.9427259
            ],
            [
              -121.0779938,
              38.9427038
            ],
            [
              -121.0779003,
              38.9427196
            ],
            [
              -121.0778373,
              38.9427623
            ],
            [
              -121.0777743,
              38.9428113
            ],
            [
              -121.0776747,
              38.9428382
            ],
            [
              -121.0775832,
              38.9428382
            ],
            [
              -121.0774918,
              38.9428192
            ],
            [
              -121.0774287,
              38.9427987
            ],
            [
              -121.0773901,
              38.9427655
            ],
            [
              -121.07738,
              38.9427228
            ],
            [
              -121.0774125,
              38.9426785
            ],
            [
              -121.0774897,
              38.9426421
            ],
            [
              -121.0776442,
              38.9426327
            ],
            [
              -121.0777316,
              38.9426248
            ],
            [
              -121.0778028,
              38.9426137
            ],
            [
              -121.0778861,
              38.9426248
            ],
            [
              -121.0779674,
              38.9426437
            ],
            [
              -121.0780447,
              38.942658
            ],
            [
              -121.078128,
              38.942639
            ],
            [
              -121.0781788,
              38.9426216
            ],
            [
              -121.0782439,
              38.9426105
            ],
            [
              -121.078313,
              38.9426216
            ],
            [
              -121.0783597,
              38.9426469
            ]
          ]
        ]
      },
      "properties": {
        "course_id": "ridge_golf_course",
        "course_name": "Ridge Golf Course",
        "hole_number": 16,
        "feature_type": "water",
        "name": "hole_16_water_3",
        "feature-color": "#2255cc",
        "is_approximate": true,
        "source": "osm",
        "@id": "e076b2b9-9284-4b9b-bd5e-572996870431",
        "osm_id": 1120661317,
        "hazard_group": "1120661317"
      }
    },
    {
      "type": "Feature",
      "bbox": [
        -121.078655,
        38.9440156,
        -121.0785046,
        38.9442077
      ],
      "geometry": {
        "type": "Polygon",
        "coordinates": [
          [
            [
              -121.0786126,
              38.9441829
            ],
            [
              -121.0786054,
              38.9441922
            ],
            [
              -121.0785942,
              38.944199
            ],
            [
              -121.0785806,
              38.9442046
            ],
            [
              -121.0785622,
              38.9442077
            ],
            [
              -121.078543,
              38.9442065
            ],
            [
              -121.0785278,
              38.9441997
            ],
            [
              -121.0785206,
              38.9441922
            ],
            [
              -121.0785142,
              38.9441773
            ],
            [
              -121.0785078,
              38.9441561
            ],
            [
              -121.0785046,
              38.9441437
            ],
            [
              -121.0785046,
              38.9441344
            ],
            [
              -121.0785078,
              38.944125
            ],
            [
              -121.078515,
              38.9441163
            ],
            [
              -121.0785174,
              38.9441026
            ],
            [
              -121.0785174,
              38.944089
            ],
            [
              -121.0785214,
              38.9440722
            ],
            [
              -121.0785262,
              38.9440585
            ],
            [
              -121.0785374,
              38.9440504
            ],
            [
              -121.078551,
              38.9440405
            ],
            [
              -121.0785662,
              38.9440305
            ],
            [
              -121.0785886,
              38.9440206
            ],
            [
              -121.0786062,
              38.9440156
            ],
            [
              -121.0786302,
              38.9440181
            ],
            [
              -121.078647,
              38.9440268
            ],
            [
              -121.078655,
              38.9440442
            ],
            [
              -121.0786542,
              38.9440616
            ],
            [
              -121.0786438,
              38.9440784
            ],
            [
              -121.078635,
              38.9440933
            ],
            [
              -121.078627,
              38.9440995
            ],
            [
              -121.0786126,
              38.9440989
            ],
            [
              -121.0785998,
              38.9440958
            ],
            [
              -121.0785878,
              38.9440989
            ],
            [
              -121.0785814,
              38.9441051
            ],
            [
              -121.0785806,
              38.9441126
            ],
            [
              -121.0785854,
              38.9441188
            ],
            [
              -121.0785934,
              38.9441201
            ],
            [
              -121.0786118,
              38.9441238
            ],
            [
              -121.0786166,
              38.9441288
            ],
            [
              -121.0786206,
              38.9441393
            ],
            [
              -121.0786126,
              38.9441829
            ]
          ]
        ]
      },
      "properties": {
        "course_id": "ridge_golf_course",
        "course_name": "Ridge Golf Course",
        "hole_number": 17,
        "feature_type": "bunker",
        "name": "hole_17_bunker",
        "feature-color": "#d4b483",
        "is_approximate": true,
        "source": "osm",
        "@id": "a24d2aa2-7142-47f8-be18-9487573a50a8",
        "osm_id": 675894125
      }
    },
    {
      "type": "Feature",
      "bbox": [
        -121.0783751,
        38.9442768,
        -121.0781272,
        38.9443906
      ],
      "geometry": {
        "type": "Polygon",
        "coordinates": [
          [
            [
              -121.0783487,
              38.9443732
            ],
            [
              -121.0783343,
              38.9443806
            ],
            [
              -121.0783167,
              38.9443844
            ],
            [
              -121.0783015,
              38.9443837
            ],
            [
              -121.0782911,
              38.9443794
            ],
            [
              -121.0782823,
              38.9443701
            ],
            [
              -121.0782767,
              38.9443638
            ],
            [
              -121.0782696,
              38.9443595
            ],
            [
              -121.0782608,
              38.9443614
            ],
            [
              -121.0782608,
              38.9443688
            ],
            [
              -121.0782624,
              38.9443775
            ],
            [
              -121.0782568,
              38.9443844
            ],
            [
              -121.0782472,
              38.94439
            ],
            [
              -121.078232,
              38.9443906
            ],
            [
              -121.0782184,
              38.9443887
            ],
            [
              -121.0782032,
              38.9443844
            ],
            [
              -121.0781928,
              38.9443757
            ],
            [
              -121.0781752,
              38.9443651
            ],
            [
              -121.07816,
              38.9443589
            ],
            [
              -121.0781432,
              38.9443495
            ],
            [
              -121.0781352,
              38.9443402
            ],
            [
              -121.0781296,
              38.9443278
            ],
            [
              -121.0781272,
              38.9443147
            ],
            [
              -121.0781288,
              38.9443017
            ],
            [
              -121.078132,
              38.9442929
            ],
            [
              -121.0781408,
              38.9442842
            ],
            [
              -121.0781472,
              38.9442768
            ],
            [
              -121.0781584,
              38.944278
            ],
            [
              -121.0781736,
              38.9442855
            ],
            [
              -121.0781888,
              38.9442929
            ],
            [
              -121.0782072,
              38.9443017
            ],
            [
              -121.0782224,
              38.9443091
            ],
            [
              -121.0782352,
              38.9443116
            ],
            [
              -121.0782488,
              38.944311
            ],
            [
              -121.078264,
              38.944306
            ],
            [
              -121.0782767,
              38.9443017
            ],
            [
              -121.0782927,
              38.9442998
            ],
            [
              -121.0783143,
              38.9442992
            ],
            [
              -121.0783399,
              38.9443017
            ],
            [
              -121.0783591,
              38.9443091
            ],
            [
              -121.0783703,
              38.9443253
            ],
            [
              -121.0783743,
              38.9443383
            ],
            [
              -121.0783751,
              38.9443527
            ],
            [
              -121.0783663,
              38.944362
            ],
            [
              -121.0783487,
              38.9443732
            ]
          ]
        ]
      },
      "properties": {
        "course_id": "ridge_golf_course",
        "course_name": "Ridge Golf Course",
        "hole_number": 17,
        "feature_type": "bunker",
        "name": "hole_17_bunker_2",
        "feature-color": "#d4b483",
        "is_approximate": true,
        "source": "osm",
        "@id": "52aaa9d5-2600-4fb8-8cc0-515a18884abf",
        "osm_id": 675894126
      }
    },
    {
      "type": "Feature",
      "bbox": [
        -121.0784958,
        38.9440168,
        -121.0781752,
        38.9442743
      ],
      "geometry": {
        "type": "Polygon",
        "coordinates": [
          [
            [
              -121.0784047,
              38.9442637
            ],
            [
              -121.0783767,
              38.9442693
            ],
            [
              -121.0783407,
              38.9442712
            ],
            [
              -121.0782927,
              38.9442743
            ],
            [
              -121.0782624,
              38.9442718
            ],
            [
              -121.0782376,
              38.9442699
            ],
            [
              -121.0782208,
              38.9442668
            ],
            [
              -121.0782008,
              38.9442619
            ],
            [
              -121.0781832,
              38.9442494
            ],
            [
              -121.0781768,
              38.944237
            ],
            [
              -121.0781752,
              38.9442214
            ],
            [
              -121.0781768,
              38.9442046
            ],
            [
              -121.078192,
              38.9441854
            ],
            [
              -121.0782072,
              38.9441679
            ],
            [
              -121.0782336,
              38.9441499
            ],
            [
              -121.0782624,
              38.9441319
            ],
            [
              -121.0782903,
              38.9441176
            ],
            [
              -121.0783111,
              38.9441045
            ],
            [
              -121.0783327,
              38.9440939
            ],
            [
              -121.0783439,
              38.9440859
            ],
            [
              -121.0783535,
              38.9440772
            ],
            [
              -121.0783679,
              38.9440628
            ],
            [
              -121.0783855,
              38.9440448
            ],
            [
              -121.0783919,
              38.944033
            ],
            [
              -121.0784055,
              38.944023
            ],
            [
              -121.0784271,
              38.9440174
            ],
            [
              -121.0784423,
              38.9440168
            ],
            [
              -121.0784695,
              38.9440255
            ],
            [
              -121.0784838,
              38.9440349
            ],
            [
              -121.0784958,
              38.9440485
            ],
            [
              -121.0784942,
              38.9440772
            ],
            [
              -121.078487,
              38.9441076
            ],
            [
              -121.0784854,
              38.9441319
            ],
            [
              -121.0784814,
              38.9441624
            ],
            [
              -121.0784782,
              38.9441959
            ],
            [
              -121.0784679,
              38.9442171
            ],
            [
              -121.0784543,
              38.9442376
            ],
            [
              -121.0784335,
              38.9442519
            ],
            [
              -121.0784047,
              38.9442637
            ]
          ]
        ]
      },
      "properties": {
        "course_id": "ridge_golf_course",
        "course_name": "Ridge Golf Course",
        "hole_number": 17,
        "feature_type": "green",
        "name": "hole_17_green",
        "feature-color": "#2d6e2d",
        "is_approximate": true,
        "source": "osm",
        "@id": "3550e7f9-a4ca-4eea-866d-a8b1b52cd188",
        "osm_id": 675894127
      }
    },
    {
      "type": "Feature",
      "bbox": [
        -121.0783102173642,
        38.94427316867023,
        -121.0783102173642,
        38.94427316867023
      ],
      "geometry": {
        "type": "Point",
        "coordinates": [
          -121.07831022,
          38.94427317
        ]
      },
      "properties": {
        "course_id": "ridge_golf_course",
        "course_name": "Ridge Golf Course",
        "hole_number": 17,
        "feature_type": "green_back",
        "name": "hole_17_green_back",
        "feature-color": "#5aae5a",
        "is_approximate": true,
        "source": "derived",
        "@id": "9f23ffc7-544c-426b-940e-6830ebe7ec24"
      }
    },
    {
      "type": "Feature",
      "bbox": [
        -121.078355738139,
        38.94416586622096,
        -121.078355738139,
        38.94416586622096
      ],
      "geometry": {
        "type": "Point",
        "coordinates": [
          -121.07835574,
          38.94416587
        ]
      },
      "properties": {
        "course_id": "ridge_golf_course",
        "course_name": "Ridge Golf Course",
        "hole_number": 17,
        "feature_type": "green_center",
        "name": "hole_17_green_center",
        "feature-color": "#5aae5a",
        "is_approximate": true,
        "source": "derived",
        "@id": "fd3daac7-6ce1-4ad2-8672-8a063d09792c"
      }
    },
    {
      "type": "Feature",
      "bbox": [
        -121.07841768641002,
        38.944019840560365,
        -121.07841768641002,
        38.944019840560365
      ],
      "geometry": {
        "type": "Point",
        "coordinates": [
          -121.07841769,
          38.94401984
        ]
      },
      "properties": {
        "course_id": "ridge_golf_course",
        "course_name": "Ridge Golf Course",
        "hole_number": 17,
        "feature_type": "green_front",
        "name": "hole_17_green_front",
        "feature-color": "#5aae5a",
        "is_approximate": true,
        "source": "derived",
        "@id": "a4acba2c-52e9-4a5e-afff-088333a86d46"
      }
    },
    {
      "type": "Feature",
      "bbox": [
        -121.0789623,
        38.9425667,
        -121.0788765,
        38.9426149
      ],
      "geometry": {
        "type": "Polygon",
        "coordinates": [
          [
            [
              -121.0788765,
              38.9425875
            ],
            [
              -121.0788803,
              38.9425964
            ],
            [
              -121.0788927,
              38.9426053
            ],
            [
              -121.0789089,
              38.9426142
            ],
            [
              -121.078928,
              38.9426149
            ],
            [
              -121.0789451,
              38.9426149
            ],
            [
              -121.0789556,
              38.9426082
            ],
            [
              -121.0789623,
              38.9425986
            ],
            [
              -121.0789604,
              38.942586
            ],
            [
              -121.0789518,
              38.9425756
            ],
            [
              -121.0789375,
              38.9425697
            ],
            [
              -121.0789127,
              38.9425667
            ],
            [
              -121.0788889,
              38.9425674
            ],
            [
              -121.0788774,
              38.9425756
            ],
            [
              -121.0788765,
              38.9425875
            ]
          ]
        ]
      },
      "properties": {
        "course_id": "ridge_golf_course",
        "course_name": "Ridge Golf Course",
        "hole_number": 17,
        "feature_type": "tee_box",
        "name": "hole_17_tee_box",
        "feature-color": "#8b7355",
        "is_approximate": true,
        "source": "osm",
        "@id": "e30aa250-cb35-4102-9072-3aeb5ad9211c",
        "osm_id": 675894119
      }
    },
    {
      "type": "Feature",
      "bbox": [
        -121.0789331,
        38.9426675,
        -121.0787749,
        38.9428187
      ],
      "geometry": {
        "type": "Polygon",
        "coordinates": [
          [
            [
              -121.0789331,
              38.9427447
            ],
            [
              -121.0789331,
              38.942778
            ],
            [
              -121.0789284,
              38.9427916
            ],
            [
              -121.0789163,
              38.9428052
            ],
            [
              -121.0789016,
              38.942814
            ],
            [
              -121.0788795,
              38.9428187
            ],
            [
              -121.0788573,
              38.9428177
            ],
            [
              -121.0788379,
              38.9428125
            ],
            [
              -121.0788111,
              38.942801
            ],
            [
              -121.0787963,
              38.942788
            ],
            [
              -121.0787863,
              38.9427692
            ],
            [
              -121.0787775,
              38.9427415
            ],
            [
              -121.0787749,
              38.9427207
            ],
            [
              -121.0787755,
              38.9427029
            ],
            [
              -121.0787829,
              38.9426904
            ],
            [
              -121.078805,
              38.9426774
            ],
            [
              -121.0788265,
              38.9426717
            ],
            [
              -121.0788412,
              38.9426675
            ],
            [
              -121.0788654,
              38.9426675
            ],
            [
              -121.0788848,
              38.9426717
            ],
            [
              -121.0789002,
              38.9426821
            ],
            [
              -121.0789163,
              38.9426946
            ],
            [
              -121.0789264,
              38.9427061
            ],
            [
              -121.0789311,
              38.9427212
            ],
            [
              -121.0789331,
              38.9427447
            ]
          ]
        ]
      },
      "properties": {
        "course_id": "ridge_golf_course",
        "course_name": "Ridge Golf Course",
        "hole_number": 17,
        "feature_type": "tee_box",
        "name": "hole_17_tee_box_2",
        "feature-color": "#8b7355",
        "is_approximate": true,
        "source": "osm",
        "@id": "3b8143e0-879c-4867-b2bb-2e77125958e4",
        "osm_id": 675894120
      }
    },
    {
      "type": "Feature",
      "bbox": [
        -121.0789049,
        38.9428886,
        -121.0787038,
        38.9430013
      ],
      "geometry": {
        "type": "Polygon",
        "coordinates": [
          [
            [
              -121.0788942,
              38.9429762
            ],
            [
              -121.0788821,
              38.9429867
            ],
            [
              -121.0788627,
              38.9429971
            ],
            [
              -121.0788453,
              38.9430013
            ],
            [
              -121.0788285,
              38.9430007
            ],
            [
              -121.0787393,
              38.9429752
            ],
            [
              -121.0787145,
              38.9429632
            ],
            [
              -121.0787044,
              38.9429502
            ],
            [
              -121.0787038,
              38.9429329
            ],
            [
              -121.0787078,
              38.9429168
            ],
            [
              -121.0787158,
              38.9429058
            ],
            [
              -121.078736,
              38.9428933
            ],
            [
              -121.0787568,
              38.9428886
            ],
            [
              -121.0787863,
              38.9428891
            ],
            [
              -121.0788178,
              38.9428938
            ],
            [
              -121.0788439,
              38.942898
            ],
            [
              -121.0788607,
              38.9429006
            ],
            [
              -121.0788761,
              38.9429006
            ],
            [
              -121.0788868,
              38.9429027
            ],
            [
              -121.0788982,
              38.9429079
            ],
            [
              -121.0789043,
              38.9429199
            ],
            [
              -121.0789049,
              38.9429356
            ],
            [
              -121.0789023,
              38.9429533
            ],
            [
              -121.0789009,
              38.9429658
            ],
            [
              -121.0788942,
              38.9429762
            ]
          ]
        ]
      },
      "properties": {
        "course_id": "ridge_golf_course",
        "course_name": "Ridge Golf Course",
        "hole_number": 17,
        "feature_type": "tee_box",
        "name": "hole_17_tee_box_3",
        "feature-color": "#8b7355",
        "is_approximate": true,
        "source": "osm",
        "@id": "18f4d190-56a6-4365-be8a-c3ae0c58756e",
        "osm_id": 675894121
      }
    },
    {
      "type": "Feature",
      "bbox": [
        -121.0788493,
        38.9430816,
        -121.0786374,
        38.9431989
      ],
      "geometry": {
        "type": "Polygon",
        "coordinates": [
          [
            [
              -121.0786682,
              38.9430957
            ],
            [
              -121.078683,
              38.9430878
            ],
            [
              -121.0787031,
              38.9430826
            ],
            [
              -121.0787246,
              38.9430816
            ],
            [
              -121.0787474,
              38.9430831
            ],
            [
              -121.0787742,
              38.9430868
            ],
            [
              -121.0787956,
              38.9430936
            ],
            [
              -121.0788158,
              38.943104
            ],
            [
              -121.0788285,
              38.9431129
            ],
            [
              -121.0788426,
              38.9431264
            ],
            [
              -121.0788493,
              38.9431421
            ],
            [
              -121.0788466,
              38.9431614
            ],
            [
              -121.0788379,
              38.9431749
            ],
            [
              -121.0788272,
              38.9431854
            ],
            [
              -121.0788144,
              38.9431927
            ],
            [
              -121.0788003,
              38.9431974
            ],
            [
              -121.0787795,
              38.9431984
            ],
            [
              -121.0787527,
              38.9431989
            ],
            [
              -121.0787306,
              38.9431948
            ],
            [
              -121.0787024,
              38.9431927
            ],
            [
              -121.078679,
              38.943189
            ],
            [
              -121.0786642,
              38.9431864
            ],
            [
              -121.0786548,
              38.9431822
            ],
            [
              -121.0786428,
              38.9431749
            ],
            [
              -121.0786381,
              38.9431614
            ],
            [
              -121.0786374,
              38.9431416
            ],
            [
              -121.0786414,
              38.943127
            ],
            [
              -121.0786521,
              38.9431108
            ],
            [
              -121.0786682,
              38.9430957
            ]
          ]
        ]
      },
      "properties": {
        "course_id": "ridge_golf_course",
        "course_name": "Ridge Golf Course",
        "hole_number": 17,
        "feature_type": "tee_box",
        "name": "hole_17_tee_box_4",
        "feature-color": "#8b7355",
        "is_approximate": true,
        "source": "osm",
        "@id": "df137431-68f6-42d4-bb68-2bfd3441bbd1",
        "osm_id": 675894122
      }
    },
    {
      "type": "Feature",
      "bbox": [
        -121.0790296,
        38.9434253,
        -121.0789171,
        38.9435176
      ],
      "geometry": {
        "type": "Polygon",
        "coordinates": [
          [
            [
              -121.0790268,
              38.9434634
            ],
            [
              -121.0790296,
              38.943477
            ],
            [
              -121.0790239,
              38.9434927
            ],
            [
              -121.0790166,
              38.9435028
            ],
            [
              -121.0790065,
              38.9435093
            ],
            [
              -121.0789913,
              38.9435159
            ],
            [
              -121.0789688,
              38.9435176
            ],
            [
              -121.078948,
              38.9435133
            ],
            [
              -121.0789357,
              38.9435067
            ],
            [
              -121.0789283,
              38.9434988
            ],
            [
              -121.0789227,
              38.9434874
            ],
            [
              -121.0789177,
              38.9434783
            ],
            [
              -121.0789171,
              38.9434625
            ],
            [
              -121.0789227,
              38.9434525
            ],
            [
              -121.07893,
              38.9434433
            ],
            [
              -121.0789407,
              38.9434363
            ],
            [
              -121.0789537,
              38.9434288
            ],
            [
              -121.0789649,
              38.9434258
            ],
            [
              -121.0789818,
              38.9434253
            ],
            [
              -121.0789958,
              38.9434262
            ],
            [
              -121.0790071,
              38.9434293
            ],
            [
              -121.0790138,
              38.9434367
            ],
            [
              -121.0790234,
              38.9434494
            ],
            [
              -121.0790268,
              38.9434634
            ]
          ]
        ]
      },
      "properties": {
        "course_id": "ridge_golf_course",
        "course_name": "Ridge Golf Course",
        "hole_number": 17,
        "feature_type": "tee_box",
        "name": "hole_17_tee_box_5",
        "feature-color": "#8b7355",
        "is_approximate": true,
        "source": "osm",
        "@id": "aae97603-0262-45c9-bf41-73fb3e38c158",
        "osm_id": 675894123
      }
    },
    {
      "type": "Feature",
      "bbox": [
        -121.0789195958964,
        38.9425904070475,
        -121.0789195958964,
        38.9425904070475
      ],
      "geometry": {
        "type": "Point",
        "coordinates": [
          -121.0789196,
          38.94259041
        ]
      },
      "properties": {
        "course_id": "ridge_golf_course",
        "course_name": "Ridge Golf Course",
        "hole_number": 17,
        "feature_type": "tee_center",
        "name": "hole_17_tee_center",
        "feature-color": "#c8a055",
        "is_approximate": true,
        "source": "derived",
        "@id": "478c32bd-c82a-45c8-88a4-9d005eb8f7be"
      }
    },
    {
      "type": "Feature",
      "bbox": [
        -121.0787282,
        38.9433199,
        -121.0773413,
        38.9451079
      ],
      "geometry": {
        "type": "Polygon",
        "coordinates": [
          [
            [
              -121.0778623,
              38.9451079
            ],
            [
              -121.0778512,
              38.9451079
            ],
            [
              -121.0777753,
              38.9451048
            ],
            [
              -121.0777558,
              38.9450819
            ],
            [
              -121.0777241,
              38.9450369
            ],
            [
              -121.0776971,
              38.9449892
            ],
            [
              -121.0776853,
              38.9449393
            ],
            [
              -121.0776862,
              38.9448789
            ],
            [
              -121.0777016,
              38.9448417
            ],
            [
              -121.077707,
              38.9448263
            ],
            [
              -121.0777187,
              38.9447778
            ],
            [
              -121.0777205,
              38.9447343
            ],
            [
              -121.0777097,
              38.94469
            ],
            [
              -121.0776925,
              38.9446479
            ],
            [
              -121.0776664,
              38.9446093
            ],
            [
              -121.0776591,
              38.944565
            ],
            [
              -121.0776609,
              38.9444934
            ],
            [
              -121.0776528,
              38.9444316
            ],
            [
              -121.0776501,
              38.9443649
            ],
            [
              -121.0776456,
              38.9443087
            ],
            [
              -121.0776456,
              38.9442666
            ],
            [
              -121.0776555,
              38.9442069
            ],
            [
              -121.0776835,
              38.9441317
            ],
            [
              -121.0777169,
              38.9440629
            ],
            [
              -121.077726,
              38.9440327
            ],
            [
              -121.0777332,
              38.9439569
            ],
            [
              -121.0777494,
              38.9438663
            ],
            [
              -121.0777521,
              38.9438347
            ],
            [
              -121.0777422,
              38.9437925
            ],
            [
              -121.077726,
              38.9437546
            ],
            [
              -121.0777115,
              38.9437314
            ],
            [
              -121.0777061,
              38.9437132
            ],
            [
              -121.0776925,
              38.943683
            ],
            [
              -121.0776772,
              38.9436619
            ],
            [
              -121.077651,
              38.9436422
            ],
            [
              -121.077623,
              38.9436254
            ],
            [
              -121.0775833,
              38.9436156
            ],
            [
              -121.0775345,
              38.9436156
            ],
            [
              -121.0774957,
              38.9436324
            ],
            [
              -121.0774614,
              38.9436549
            ],
            [
              -121.0774397,
              38.9436598
            ],
            [
              -121.0774144,
              38.9436605
            ],
            [
              -121.0773828,
              38.9436542
            ],
            [
              -121.0773621,
              38.9436493
            ],
            [
              -121.0773512,
              38.9436422
            ],
            [
              -121.0773422,
              38.9436163
            ],
            [
              -121.0773413,
              38.9435861
            ],
            [
              -121.0773467,
              38.9435355
            ],
            [
              -121.0773621,
              38.9434667
            ],
            [
              -121.0773738,
              38.9434231
            ],
            [
              -121.0774,
              38.9433655
            ],
            [
              -121.0774217,
              38.9433438
            ],
            [
              -121.0774433,
              38.9433248
            ],
            [
              -121.0774596,
              38.9433199
            ],
            [
              -121.0774767,
              38.9433206
            ],
            [
              -121.0774993,
              38.943322
            ],
            [
              -121.0775273,
              38.9433283
            ],
            [
              -121.0775571,
              38.9433438
            ],
            [
              -121.0776131,
              38.9433803
            ],
            [
              -121.0776618,
              38.9434147
            ],
            [
              -121.0776962,
              38.9434358
            ],
            [
              -121.0777187,
              38.9434484
            ],
            [
              -121.0777612,
              38.9434688
            ],
            [
              -121.0778253,
              38.9434927
            ],
            [
              -121.0779011,
              38.9435222
            ],
            [
              -121.0779553,
              38.9435397
            ],
            [
              -121.0780004,
              38.9435453
            ],
            [
              -121.0780582,
              38.943546
            ],
            [
              -121.0781115,
              38.9435453
            ],
            [
              -121.0781458,
              38.9435411
            ],
            [
              -121.0781612,
              38.9435313
            ],
            [
              -121.078181,
              38.9435348
            ],
            [
              -121.0782009,
              38.9435313
            ],
            [
              -121.0782199,
              38.9435285
            ],
            [
              -121.0782352,
              38.943525
            ],
            [
              -121.0782605,
              38.9435144
            ],
            [
              -121.0782758,
              38.9435032
            ],
            [
              -121.078293,
              38.9434863
            ],
            [
              -121.0783129,
              38.9434625
            ],
            [
              -121.0783418,
              38.9434337
            ],
            [
              -121.0783679,
              38.9434154
            ],
            [
              -121.078405,
              38.9434028
            ],
            [
              -121.078451,
              38.9433929
            ],
            [
              -121.0785079,
              38.9433887
            ],
            [
              -121.0785648,
              38.9433894
            ],
            [
              -121.0786172,
              38.9434
            ],
            [
              -121.0786623,
              38.9434196
            ],
            [
              -121.0786894,
              38.9434414
            ],
            [
              -121.0787065,
              38.9434793
            ],
            [
              -121.0787228,
              38.9435355
            ],
            [
              -121.0787273,
              38.9435952
            ],
            [
              -121.0787282,
              38.9436268
            ],
            [
              -121.0787174,
              38.9436563
            ],
            [
              -121.078702,
              38.9436802
            ],
            [
              -121.0786767,
              38.9436977
            ],
            [
              -121.0785792,
              38.9437399
            ],
            [
              -121.0785431,
              38.9437623
            ],
            [
              -121.0785097,
              38.9437904
            ],
            [
              -121.0784835,
              38.943822
            ],
            [
              -121.0784628,
              38.9438466
            ],
            [
              -121.078442,
              38.9438635
            ],
            [
              -121.0784185,
              38.9438859
            ],
            [
              -121.0783905,
              38.9439147
            ],
            [
              -121.0783607,
              38.9439555
            ],
            [
              -121.078339,
              38.9439885
            ],
            [
              -121.0783201,
              38.9440081
            ],
            [
              -121.0782795,
              38.9440411
            ],
            [
              -121.0782406,
              38.9440692
            ],
            [
              -121.078191,
              38.9441043
            ],
            [
              -121.0781485,
              38.9441394
            ],
            [
              -121.0781232,
              38.9441626
            ],
            [
              -121.0781016,
              38.9441984
            ],
            [
              -121.0780736,
              38.944242
            ],
            [
              -121.0780618,
              38.9442897
            ],
            [
              -121.0780582,
              38.9443782
            ],
            [
              -121.0780564,
              38.9444323
            ],
            [
              -121.0780555,
              38.9444513
            ],
            [
              -121.0780546,
              38.944485
            ],
            [
              -121.0780646,
              38.9445264
            ],
            [
              -121.0780781,
              38.9445699
            ],
            [
              -121.0780844,
              38.9446051
            ],
            [
              -121.0780828,
              38.9446294
            ],
            [
              -121.0780694,
              38.9446599
            ],
            [
              -121.0780548,
              38.944693
            ],
            [
              -121.0780424,
              38.9447169
            ],
            [
              -121.078029,
              38.9447366
            ],
            [
              -121.0780026,
              38.9447634
            ],
            [
              -121.0779773,
              38.9447835
            ],
            [
              -121.0779649,
              38.944796
            ],
            [
              -121.0779515,
              38.9448023
            ],
            [
              -121.0779262,
              38.9448224
            ],
            [
              -121.0779165,
              38.9448425
            ],
            [
              -121.0779165,
              38.9448726
            ],
            [
              -121.0779132,
              38.9449095
            ],
            [
              -121.0779148,
              38.9449296
            ],
            [
              -121.0779208,
              38.9449547
            ],
            [
              -121.0779315,
              38.9449719
            ],
            [
              -121.077938,
              38.9449941
            ],
            [
              -121.0779369,
              38.9450179
            ],
            [
              -121.0779358,
              38.9450443
            ],
            [
              -121.0779186,
              38.945069
            ],
            [
              -121.0778987,
              38.9450908
            ],
            [
              -121.0778836,
              38.9451017
            ],
            [
              -121.0778623,
              38.9451079
            ]
          ]
        ]
      },
      "properties": {
        "course_id": "ridge_golf_course",
        "course_name": "Ridge Golf Course",
        "hole_number": 17,
        "feature_type": "water",
        "name": "hole_17_water",
        "feature-color": "#2255cc",
        "is_approximate": true,
        "source": "osm",
        "@id": "b816be29-8c7f-4ed4-b44c-f8c151a8fe89",
        "osm_id": 675724523,
        "hazard_group": "675724523"
      }
    },
    {
      "type": "Feature",
      "bbox": [
        -121.0783862,
        38.9426105,
        -121.07738,
        38.9428429
      ],
      "geometry": {
        "type": "Polygon",
        "coordinates": [
          [
            [
              -121.0783597,
              38.9426469
            ],
            [
              -121.0783841,
              38.9426769
            ],
            [
              -121.0783862,
              38.9427244
            ],
            [
              -121.0783679,
              38.9427908
            ],
            [
              -121.0783191,
              38.942835
            ],
            [
              -121.0782439,
              38.9428429
            ],
            [
              -121.078128,
              38.9428287
            ],
            [
              -121.0780833,
              38.9427829
            ],
            [
              -121.0780487,
              38.9427259
            ],
            [
              -121.0779938,
              38.9427038
            ],
            [
              -121.0779003,
              38.9427196
            ],
            [
              -121.0778373,
              38.9427623
            ],
            [
              -121.0777743,
              38.9428113
            ],
            [
              -121.0776747,
              38.9428382
            ],
            [
              -121.0775832,
              38.9428382
            ],
            [
              -121.0774918,
              38.9428192
            ],
            [
              -121.0774287,
              38.9427987
            ],
            [
              -121.0773901,
              38.9427655
            ],
            [
              -121.07738,
              38.9427228
            ],
            [
              -121.0774125,
              38.9426785
            ],
            [
              -121.0774897,
              38.9426421
            ],
            [
              -121.0776442,
              38.9426327
            ],
            [
              -121.0777316,
              38.9426248
            ],
            [
              -121.0778028,
              38.9426137
            ],
            [
              -121.0778861,
              38.9426248
            ],
            [
              -121.0779674,
              38.9426437
            ],
            [
              -121.0780447,
              38.942658
            ],
            [
              -121.078128,
              38.942639
            ],
            [
              -121.0781788,
              38.9426216
            ],
            [
              -121.0782439,
              38.9426105
            ],
            [
              -121.078313,
              38.9426216
            ],
            [
              -121.0783597,
              38.9426469
            ]
          ]
        ]
      },
      "properties": {
        "course_id": "ridge_golf_course",
        "course_name": "Ridge Golf Course",
        "hole_number": 17,
        "feature_type": "water",
        "name": "hole_17_water_2",
        "feature-color": "#2255cc",
        "is_approximate": true,
        "source": "osm",
        "@id": "aa0efaee-e5e0-48ee-92a9-418a2abcbfc3",
        "osm_id": 1120661317,
        "hazard_group": "1120661317"
      }
    },
    {
      "type": "Feature",
      "bbox": [
        -121.0782897,
        38.9466918,
        -121.0780617,
        38.9468834
      ],
      "geometry": {
        "type": "Polygon",
        "coordinates": [
          [
            [
              -121.0782756,
              38.946779
            ],
            [
              -121.078287,
              38.9467981
            ],
            [
              -121.0782897,
              38.9468199
            ],
            [
              -121.0782818,
              38.946837
            ],
            [
              -121.0782634,
              38.9468452
            ],
            [
              -121.0782414,
              38.9468493
            ],
            [
              -121.0782169,
              38.9468472
            ],
            [
              -121.0781976,
              38.9468363
            ],
            [
              -121.0781888,
              38.9468227
            ],
            [
              -121.0781853,
              38.9468084
            ],
            [
              -121.0781801,
              38.9467947
            ],
            [
              -121.0781766,
              38.9467852
            ],
            [
              -121.0781678,
              38.946779
            ],
            [
              -121.0781573,
              38.9467804
            ],
            [
              -121.0781529,
              38.9467886
            ],
            [
              -121.0781511,
              38.9467954
            ],
            [
              -121.0781617,
              38.946809
            ],
            [
              -121.0781669,
              38.9468172
            ],
            [
              -121.0781695,
              38.9468295
            ],
            [
              -121.0781748,
              38.9468424
            ],
            [
              -121.0781748,
              38.9468499
            ],
            [
              -121.0781301,
              38.9468772
            ],
            [
              -121.0781169,
              38.946882
            ],
            [
              -121.0780994,
              38.9468834
            ],
            [
              -121.0780819,
              38.9468772
            ],
            [
              -121.0780678,
              38.9468656
            ],
            [
              -121.0780617,
              38.9468479
            ],
            [
              -121.0780626,
              38.9468261
            ],
            [
              -121.0780661,
              38.9468159
            ],
            [
              -121.0780731,
              38.9468111
            ],
            [
              -121.0780898,
              38.9468029
            ],
            [
              -121.078095,
              38.9467968
            ],
            [
              -121.0780968,
              38.9467886
            ],
            [
              -121.0780924,
              38.9467777
            ],
            [
              -121.078081,
              38.9467722
            ],
            [
              -121.0780731,
              38.9467661
            ],
            [
              -121.0780775,
              38.9467497
            ],
            [
              -121.0780845,
              38.9467361
            ],
            [
              -121.0780924,
              38.9467299
            ],
            [
              -121.0781012,
              38.9467272
            ],
            [
              -121.0781047,
              38.946719
            ],
            [
              -121.0781143,
              38.9467054
            ],
            [
              -121.0781327,
              38.9466958
            ],
            [
              -121.0781494,
              38.9466918
            ],
            [
              -121.078166,
              38.9466918
            ],
            [
              -121.0781862,
              38.9466986
            ],
            [
              -121.0781976,
              38.9467061
            ],
            [
              -121.0782064,
              38.946717
            ],
            [
              -121.078209,
              38.9467306
            ],
            [
              -121.0782151,
              38.9467408
            ],
            [
              -121.0782265,
              38.9467483
            ],
            [
              -121.0782371,
              38.9467531
            ],
            [
              -121.0782493,
              38.9467558
            ],
            [
              -121.0782756,
              38.946779
            ]
          ]
        ]
      },
      "properties": {
        "course_id": "ridge_golf_course",
        "course_name": "Ridge Golf Course",
        "hole_number": 18,
        "feature_type": "bunker",
        "name": "hole_18_bunker",
        "feature-color": "#d4b483",
        "is_approximate": true,
        "source": "osm",
        "@id": "59e481a5-8737-42c8-9644-91d02a6eda68",
        "osm_id": 676443448
      }
    },
    {
      "type": "Feature",
      "bbox": [
        -121.0788541,
        38.9475297,
        -121.0786885,
        38.947701
      ],
      "geometry": {
        "type": "Polygon",
        "coordinates": [
          [
            [
              -121.0788353,
              38.9475908
            ],
            [
              -121.078847,
              38.9475971
            ],
            [
              -121.0788534,
              38.9476056
            ],
            [
              -121.0788541,
              38.9476147
            ],
            [
              -121.0788525,
              38.9476213
            ],
            [
              -121.0788454,
              38.947629
            ],
            [
              -121.0788348,
              38.9476328
            ],
            [
              -121.0788255,
              38.9476335
            ],
            [
              -121.0788178,
              38.9476385
            ],
            [
              -121.0788202,
              38.9476474
            ],
            [
              -121.0788273,
              38.9476545
            ],
            [
              -121.0788337,
              38.9476614
            ],
            [
              -121.0788374,
              38.9476691
            ],
            [
              -121.0788379,
              38.9476779
            ],
            [
              -121.0788329,
              38.947685
            ],
            [
              -121.0788248,
              38.9476921
            ],
            [
              -121.078814,
              38.9476968
            ],
            [
              -121.0788047,
              38.9477003
            ],
            [
              -121.0787911,
              38.947701
            ],
            [
              -121.0787772,
              38.9476975
            ],
            [
              -121.0787616,
              38.9476908
            ],
            [
              -121.0787546,
              38.9476838
            ],
            [
              -121.0787518,
              38.947676
            ],
            [
              -121.0787544,
              38.9476692
            ],
            [
              -121.0787548,
              38.9476612
            ],
            [
              -121.0787562,
              38.9476542
            ],
            [
              -121.0787509,
              38.9476505
            ],
            [
              -121.0787413,
              38.9476526
            ],
            [
              -121.0787344,
              38.9476557
            ],
            [
              -121.0787247,
              38.9476568
            ],
            [
              -121.0787155,
              38.9476504
            ],
            [
              -121.078705,
              38.9476435
            ],
            [
              -121.0786956,
              38.9476343
            ],
            [
              -121.0786895,
              38.9476206
            ],
            [
              -121.0786885,
              38.9476072
            ],
            [
              -121.078692,
              38.9475982
            ],
            [
              -121.0786988,
              38.9475877
            ],
            [
              -121.0787096,
              38.947576
            ],
            [
              -121.07872,
              38.9475648
            ],
            [
              -121.078724,
              38.947556
            ],
            [
              -121.0787249,
              38.947548
            ],
            [
              -121.0787267,
              38.9475413
            ],
            [
              -121.078733,
              38.9475376
            ],
            [
              -121.0787412,
              38.9475346
            ],
            [
              -121.0787508,
              38.9475311
            ],
            [
              -121.078762,
              38.9475297
            ],
            [
              -121.0787756,
              38.9475324
            ],
            [
              -121.0787899,
              38.9475383
            ],
            [
              -121.0788009,
              38.947545
            ],
            [
              -121.0788101,
              38.9475521
            ],
            [
              -121.0788136,
              38.947561
            ],
            [
              -121.0788125,
              38.9475696
            ],
            [
              -121.078812,
              38.9475775
            ],
            [
              -121.0788165,
              38.9475846
            ],
            [
              -121.0788243,
              38.9475884
            ],
            [
              -121.0788353,
              38.9475908
            ]
          ]
        ]
      },
      "properties": {
        "course_id": "ridge_golf_course",
        "course_name": "Ridge Golf Course",
        "hole_number": 18,
        "feature_type": "bunker",
        "name": "hole_18_bunker_2",
        "feature-color": "#d4b483",
        "is_approximate": true,
        "source": "osm",
        "@id": "b51bdc7e-7f31-4d84-b4c8-4241ebf1ae5c",
        "osm_id": 676443451
      }
    },
    {
      "type": "Feature",
      "bbox": [
        -121.0786807,
        38.9457291,
        -121.0781581,
        38.947753
      ],
      "geometry": {
        "type": "Polygon",
        "coordinates": [
          [
            [
              -121.0785049,
              38.947753
            ],
            [
              -121.0784934,
              38.9477376
            ],
            [
              -121.0784803,
              38.9477199
            ],
            [
              -121.0784464,
              38.9476866
            ],
            [
              -121.0784336,
              38.9476743
            ],
            [
              -121.0784224,
              38.9476626
            ],
            [
              -121.078408,
              38.9476465
            ],
            [
              -121.0783993,
              38.9476308
            ],
            [
              -121.0783895,
              38.9476104
            ],
            [
              -121.078378,
              38.9475838
            ],
            [
              -121.0783701,
              38.9475522
            ],
            [
              -121.0783661,
              38.9475125
            ],
            [
              -121.0783852,
              38.9474545
            ],
            [
              -121.0783837,
              38.9473848
            ],
            [
              -121.0783807,
              38.9473441
            ],
            [
              -121.0783687,
              38.9472895
            ],
            [
              -121.0783508,
              38.9472454
            ],
            [
              -121.0783036,
              38.9471863
            ],
            [
              -121.0782907,
              38.9471576
            ],
            [
              -121.0782765,
              38.947133
            ],
            [
              -121.0782566,
              38.9471099
            ],
            [
              -121.0782387,
              38.9470876
            ],
            [
              -121.0782185,
              38.9470657
            ],
            [
              -121.0782052,
              38.9470483
            ],
            [
              -121.0781938,
              38.9470286
            ],
            [
              -121.0781864,
              38.9470124
            ],
            [
              -121.0781819,
              38.9469969
            ],
            [
              -121.0781808,
              38.9469736
            ],
            [
              -121.0781865,
              38.9469565
            ],
            [
              -121.0781962,
              38.9469395
            ],
            [
              -121.0782111,
              38.946922
            ],
            [
              -121.0782309,
              38.9469098
            ],
            [
              -121.0782575,
              38.946895
            ],
            [
              -121.0782775,
              38.9468819
            ],
            [
              -121.0782955,
              38.9468673
            ],
            [
              -121.0783114,
              38.946852
            ],
            [
              -121.0783243,
              38.9468299
            ],
            [
              -121.0783264,
              38.9468067
            ],
            [
              -121.0783198,
              38.9467805
            ],
            [
              -121.0783075,
              38.9467539
            ],
            [
              -121.0782492,
              38.9466819
            ],
            [
              -121.0782074,
              38.9466261
            ],
            [
              -121.0781895,
              38.9465866
            ],
            [
              -121.078179,
              38.9465366
            ],
            [
              -121.0781775,
              38.9464472
            ],
            [
              -121.0781745,
              38.9463856
            ],
            [
              -121.0781671,
              38.9463542
            ],
            [
              -121.0781596,
              38.9463101
            ],
            [
              -121.0781581,
              38.9462496
            ],
            [
              -121.0781671,
              38.946202
            ],
            [
              -121.0782223,
              38.9460486
            ],
            [
              -121.0782417,
              38.9459987
            ],
            [
              -121.0782552,
              38.9459278
            ],
            [
              -121.0782671,
              38.9458674
            ],
            [
              -121.0782701,
              38.9458255
            ],
            [
              -121.0782806,
              38.9458081
            ],
            [
              -121.078309,
              38.945757
            ],
            [
              -121.0783314,
              38.9457372
            ],
            [
              -121.0783643,
              38.9457303
            ],
            [
              -121.0783986,
              38.9457291
            ],
            [
              -121.078436,
              38.9457407
            ],
            [
              -121.0784793,
              38.9457709
            ],
            [
              -121.0785032,
              38.9458151
            ],
            [
              -121.0785256,
              38.9458604
            ],
            [
              -121.0785286,
              38.9459011
            ],
            [
              -121.0785405,
              38.9459719
            ],
            [
              -121.0785435,
              38.9460254
            ],
            [
              -121.078551,
              38.9460521
            ],
            [
              -121.0785689,
              38.9460823
            ],
            [
              -121.0786137,
              38.9461648
            ],
            [
              -121.0786272,
              38.9461974
            ],
            [
              -121.0786332,
              38.9462345
            ],
            [
              -121.0786302,
              38.9462764
            ],
            [
              -121.0786257,
              38.9463182
            ],
            [
              -121.0786212,
              38.9463716
            ],
            [
              -121.0786302,
              38.9464506
            ],
            [
              -121.0786406,
              38.9465157
            ],
            [
              -121.0786466,
              38.9465564
            ],
            [
              -121.0786481,
              38.9466087
            ],
            [
              -121.0786481,
              38.9467318
            ],
            [
              -121.0786451,
              38.9468248
            ],
            [
              -121.0786511,
              38.9468945
            ],
            [
              -121.0786615,
              38.9469595
            ],
            [
              -121.0786615,
              38.9470095
            ],
            [
              -121.0786511,
              38.9470455
            ],
            [
              -121.0786302,
              38.9470862
            ],
            [
              -121.0786048,
              38.947128
            ],
            [
              -121.0785674,
              38.9472279
            ],
            [
              -121.0785674,
              38.9472779
            ],
            [
              -121.0785794,
              38.9473162
            ],
            [
              -121.0785843,
              38.9473466
            ],
            [
              -121.0785957,
              38.9473719
            ],
            [
              -121.0786083,
              38.9473945
            ],
            [
              -121.0786284,
              38.9474242
            ],
            [
              -121.0786421,
              38.9474496
            ],
            [
              -121.0786507,
              38.9474762
            ],
            [
              -121.0786576,
              38.9475081
            ],
            [
              -121.0786648,
              38.9475398
            ],
            [
              -121.0786685,
              38.9475619
            ],
            [
              -121.0786708,
              38.9475814
            ],
            [
              -121.078672,
              38.9476014
            ],
            [
              -121.0786807,
              38.9476293
            ],
            [
              -121.078668,
              38.9476132
            ],
            [
              -121.07865,
              38.9476021
            ],
            [
              -121.07863,
              38.9475952
            ],
            [
              -121.078611,
              38.9475987
            ],
            [
              -121.078593,
              38.9476036
            ],
            [
              -121.078573,
              38.9476104
            ],
            [
              -121.078549,
              38.9476245
            ],
            [
              -121.078531,
              38.9476374
            ],
            [
              -121.078516,
              38.9476508
            ],
            [
              -121.078505,
              38.9476683
            ],
            [
              -121.0785,
              38.9476827
            ],
            [
              -121.078497,
              38.9476992
            ],
            [
              -121.078497,
              38.9477145
            ],
            [
              -121.078499,
              38.9477318
            ],
            [
              -121.0785049,
              38.947753
            ]
          ]
        ]
      },
      "properties": {
        "course_id": "ridge_golf_course",
        "course_name": "Ridge Golf Course",
        "hole_number": 18,
        "feature_type": "fairway",
        "name": "hole_18_fairway",
        "feature-color": "#4a7c3f",
        "is_approximate": true,
        "source": "osm",
        "@id": "3ed99d93-e7e2-4717-8d49-1bc1c86e642c",
        "osm_id": 676443444
      }
    },
    {
      "type": "Feature",
      "bbox": [
        -121.0788093,
        38.9475952,
        -121.078497,
        38.9478597
      ],
      "geometry": {
        "type": "Polygon",
        "coordinates": [
          [
            [
              -121.078784,
              38.9478133
            ],
            [
              -121.0787634,
              38.9478275
            ],
            [
              -121.0787338,
              38.9478435
            ],
            [
              -121.0787126,
              38.9478519
            ],
            [
              -121.0786892,
              38.9478579
            ],
            [
              -121.078667,
              38.9478597
            ],
            [
              -121.0786489,
              38.9478591
            ],
            [
              -121.0786271,
              38.9478551
            ],
            [
              -121.0786069,
              38.9478487
            ],
            [
              -121.0785874,
              38.9478386
            ],
            [
              -121.07857,
              38.947826
            ],
            [
              -121.0785534,
              38.947809
            ],
            [
              -121.0785374,
              38.947793
            ],
            [
              -121.078526,
              38.947781
            ],
            [
              -121.0785162,
              38.9477691
            ],
            [
              -121.0785049,
              38.947753
            ],
            [
              -121.078499,
              38.9477318
            ],
            [
              -121.078497,
              38.9477145
            ],
            [
              -121.078497,
              38.9476992
            ],
            [
              -121.0785,
              38.9476827
            ],
            [
              -121.078505,
              38.9476683
            ],
            [
              -121.078516,
              38.9476508
            ],
            [
              -121.078531,
              38.9476374
            ],
            [
              -121.078549,
              38.9476245
            ],
            [
              -121.078573,
              38.9476104
            ],
            [
              -121.078593,
              38.9476036
            ],
            [
              -121.078611,
              38.9475987
            ],
            [
              -121.07863,
              38.9475952
            ],
            [
              -121.07865,
              38.9476021
            ],
            [
              -121.078668,
              38.9476132
            ],
            [
              -121.0786807,
              38.9476293
            ],
            [
              -121.078687,
              38.947643
            ],
            [
              -121.0787,
              38.9476587
            ],
            [
              -121.078721,
              38.9476757
            ],
            [
              -121.078737,
              38.947687
            ],
            [
              -121.078756,
              38.9476982
            ],
            [
              -121.0787739,
              38.9477091
            ],
            [
              -121.078786,
              38.9477208
            ],
            [
              -121.0787954,
              38.9477338
            ],
            [
              -121.0788049,
              38.9477485
            ],
            [
              -121.0788093,
              38.9477625
            ],
            [
              -121.0788072,
              38.9477757
            ],
            [
              -121.0788051,
              38.9477861
            ],
            [
              -121.0787979,
              38.9477999
            ],
            [
              -121.078784,
              38.9478133
            ]
          ]
        ]
      },
      "properties": {
        "course_id": "ridge_golf_course",
        "course_name": "Ridge Golf Course",
        "hole_number": 18,
        "feature_type": "green",
        "name": "hole_18_green",
        "feature-color": "#2d6e2d",
        "is_approximate": true,
        "source": "osm",
        "@id": "587dc939-e014-4852-86da-853daa0026b5",
        "osm_id": 676443454
      }
    },
    {
      "type": "Feature",
      "bbox": [
        -121.07866842577603,
        38.94785958439654,
        -121.07866842577603,
        38.94785958439654
      ],
      "geometry": {
        "type": "Point",
        "coordinates": [
          -121.07866843,
          38.94785958
        ]
      },
      "properties": {
        "course_id": "ridge_golf_course",
        "course_name": "Ridge Golf Course",
        "hole_number": 18,
        "feature_type": "green_back",
        "name": "hole_18_green_back",
        "feature-color": "#5aae5a",
        "is_approximate": true,
        "source": "derived",
        "@id": "002fdb2d-b97e-4d8e-901c-28fdac703098"
      }
    },
    {
      "type": "Feature",
      "bbox": [
        -121.07864378610142,
        38.94773569826401,
        -121.07864378610142,
        38.94773569826401
      ],
      "geometry": {
        "type": "Point",
        "coordinates": [
          -121.07864379,
          38.9477357
        ]
      },
      "properties": {
        "course_id": "ridge_golf_course",
        "course_name": "Ridge Golf Course",
        "hole_number": 18,
        "feature_type": "green_center",
        "name": "hole_18_green_center",
        "feature-color": "#5aae5a",
        "is_approximate": true,
        "source": "derived",
        "@id": "75530957-5097-44d4-8907-606580b9dc37"
      }
    },
    {
      "type": "Feature",
      "bbox": [
        -121.07861634281139,
        38.947597715797905,
        -121.07861634281139,
        38.947597715797905
      ],
      "geometry": {
        "type": "Point",
        "coordinates": [
          -121.07861634,
          38.94759772
        ]
      },
      "properties": {
        "course_id": "ridge_golf_course",
        "course_name": "Ridge Golf Course",
        "hole_number": 18,
        "feature_type": "green_front",
        "name": "hole_18_green_front",
        "feature-color": "#5aae5a",
        "is_approximate": true,
        "source": "derived",
        "@id": "5ed4b9b6-a641-4ffe-9e5f-e27630f53891"
      }
    },
    {
      "type": "Feature",
      "bbox": [
        -121.0789846,
        38.9442281,
        -121.0788959,
        38.9443207
      ],
      "geometry": {
        "type": "Polygon",
        "coordinates": [
          [
            [
              -121.078983,
              38.9442928
            ],
            [
              -121.078975,
              38.9443002
            ],
            [
              -121.0789654,
              38.9443108
            ],
            [
              -121.078951,
              38.9443183
            ],
            [
              -121.078939,
              38.9443207
            ],
            [
              -121.0789206,
              38.9443176
            ],
            [
              -121.0789086,
              38.9443089
            ],
            [
              -121.0788991,
              38.9442977
            ],
            [
              -121.0788959,
              38.9442841
            ],
            [
              -121.0788959,
              38.9442635
            ],
            [
              -121.0788999,
              38.944253
            ],
            [
              -121.0789094,
              38.944243
            ],
            [
              -121.0789206,
              38.9442331
            ],
            [
              -121.0789334,
              38.9442281
            ],
            [
              -121.0789446,
              38.9442281
            ],
            [
              -121.078959,
              38.9442355
            ],
            [
              -121.0789686,
              38.9442436
            ],
            [
              -121.0789782,
              38.9442542
            ],
            [
              -121.078983,
              38.9442679
            ],
            [
              -121.0789846,
              38.9442803
            ],
            [
              -121.078983,
              38.9442928
            ]
          ]
        ]
      },
      "properties": {
        "course_id": "ridge_golf_course",
        "course_name": "Ridge Golf Course",
        "hole_number": 18,
        "feature_type": "tee_box",
        "name": "hole_18_tee_box",
        "feature-color": "#8b7355",
        "is_approximate": true,
        "source": "osm",
        "@id": "c5d7df8d-fae2-48b6-9372-34fbe1911bb4",
        "osm_id": 675894779
      }
    },
    {
      "type": "Feature",
      "bbox": [
        -121.0788751,
        38.944503,
        -121.0787455,
        38.9446734
      ],
      "geometry": {
        "type": "Polygon",
        "coordinates": [
          [
            [
              -121.0788727,
              38.9445652
            ],
            [
              -121.0788551,
              38.9446336
            ],
            [
              -121.0788391,
              38.9446547
            ],
            [
              -121.0788255,
              38.9446665
            ],
            [
              -121.0788015,
              38.9446734
            ],
            [
              -121.0787815,
              38.9446709
            ],
            [
              -121.0787663,
              38.9446622
            ],
            [
              -121.0787535,
              38.9446497
            ],
            [
              -121.0787455,
              38.9446317
            ],
            [
              -121.0787495,
              38.9446112
            ],
            [
              -121.0787535,
              38.9445875
            ],
            [
              -121.0787575,
              38.9445707
            ],
            [
              -121.0787615,
              38.944554
            ],
            [
              -121.0787711,
              38.9445372
            ],
            [
              -121.0787855,
              38.9445216
            ],
            [
              -121.0787975,
              38.9445092
            ],
            [
              -121.0788111,
              38.9445042
            ],
            [
              -121.0788255,
              38.944503
            ],
            [
              -121.0788431,
              38.9445086
            ],
            [
              -121.0788567,
              38.9445173
            ],
            [
              -121.0788679,
              38.9445322
            ],
            [
              -121.0788751,
              38.9445434
            ],
            [
              -121.0788727,
              38.9445652
            ]
          ]
        ]
      },
      "properties": {
        "course_id": "ridge_golf_course",
        "course_name": "Ridge Golf Course",
        "hole_number": 18,
        "feature_type": "tee_box",
        "name": "hole_18_tee_box_2",
        "feature-color": "#8b7355",
        "is_approximate": true,
        "source": "osm",
        "@id": "6d6d9935-da15-4daa-9411-efd1eae475ef",
        "osm_id": 675894780
      }
    },
    {
      "type": "Feature",
      "bbox": [
        -121.0786528,
        38.9447418,
        -121.0785272,
        38.9448941
      ],
      "geometry": {
        "type": "Polygon",
        "coordinates": [
          [
            [
              -121.0786496,
              38.9448096
            ],
            [
              -121.0786456,
              38.9448357
            ],
            [
              -121.0786376,
              38.9448593
            ],
            [
              -121.0786296,
              38.9448811
            ],
            [
              -121.078616,
              38.9448904
            ],
            [
              -121.0785992,
              38.9448941
            ],
            [
              -121.0785792,
              38.9448941
            ],
            [
              -121.0785584,
              38.9448885
            ],
            [
              -121.0785392,
              38.9448755
            ],
            [
              -121.0785312,
              38.9448624
            ],
            [
              -121.0785272,
              38.9448469
            ],
            [
              -121.0785272,
              38.944827
            ],
            [
              -121.0785328,
              38.9448033
            ],
            [
              -121.07854,
              38.9447841
            ],
            [
              -121.0785488,
              38.9447679
            ],
            [
              -121.0785576,
              38.9447542
            ],
            [
              -121.0785688,
              38.9447467
            ],
            [
              -121.0785936,
              38.9447418
            ],
            [
              -121.0786152,
              38.9447443
            ],
            [
              -121.0786352,
              38.9447511
            ],
            [
              -121.0786496,
              38.9447629
            ],
            [
              -121.0786528,
              38.9447859
            ],
            [
              -121.0786496,
              38.9448096
            ]
          ]
        ]
      },
      "properties": {
        "course_id": "ridge_golf_course",
        "course_name": "Ridge Golf Course",
        "hole_number": 18,
        "feature_type": "tee_box",
        "name": "hole_18_tee_box_3",
        "feature-color": "#8b7355",
        "is_approximate": true,
        "source": "osm",
        "@id": "d7202b1c-7f51-4a32-96fb-ff4738f43afc",
        "osm_id": 675894781
      }
    },
    {
      "type": "Feature",
      "bbox": [
        -121.0784489,
        38.9450048,
        -121.0783425,
        38.9451535
      ],
      "geometry": {
        "type": "Polygon",
        "coordinates": [
          [
            [
              -121.0784449,
              38.9450676
            ],
            [
              -121.0784073,
              38.9451354
            ],
            [
              -121.0783977,
              38.9451479
            ],
            [
              -121.0783817,
              38.9451535
            ],
            [
              -121.0783689,
              38.9451516
            ],
            [
              -121.0783569,
              38.9451429
            ],
            [
              -121.0783449,
              38.9451317
            ],
            [
              -121.0783433,
              38.9451193
            ],
            [
              -121.0783425,
              38.9451043
            ],
            [
              -121.0783441,
              38.9450851
            ],
            [
              -121.0783449,
              38.9450676
            ],
            [
              -121.0783481,
              38.9450527
            ],
            [
              -121.0783537,
              38.9450365
            ],
            [
              -121.0783609,
              38.9450253
            ],
            [
              -121.0783721,
              38.9450123
            ],
            [
              -121.0783913,
              38.9450054
            ],
            [
              -121.0784145,
              38.9450048
            ],
            [
              -121.0784289,
              38.9450123
            ],
            [
              -121.0784409,
              38.9450229
            ],
            [
              -121.0784473,
              38.945039
            ],
            [
              -121.0784489,
              38.9450533
            ],
            [
              -121.0784449,
              38.9450676
            ]
          ]
        ]
      },
      "properties": {
        "course_id": "ridge_golf_course",
        "course_name": "Ridge Golf Course",
        "hole_number": 18,
        "feature_type": "tee_box",
        "name": "hole_18_tee_box_4",
        "feature-color": "#8b7355",
        "is_approximate": true,
        "source": "osm",
        "@id": "54a504f1-9417-42ab-a043-295db985b209",
        "osm_id": 675894782
      }
    },
    {
      "type": "Feature",
      "bbox": [
        -121.0783618,
        38.945379,
        -121.0782766,
        38.9454531
      ],
      "geometry": {
        "type": "Polygon",
        "coordinates": [
          [
            [
              -121.0783571,
              38.9454364
            ],
            [
              -121.0783457,
              38.9454453
            ],
            [
              -121.0783303,
              38.945452
            ],
            [
              -121.0783135,
              38.9454531
            ],
            [
              -121.0782994,
              38.9454453
            ],
            [
              -121.0782894,
              38.945438
            ],
            [
              -121.0782773,
              38.945427
            ],
            [
              -121.0782766,
              38.9454129
            ],
            [
              -121.07828,
              38.9453978
            ],
            [
              -121.078288,
              38.9453869
            ],
            [
              -121.0783035,
              38.9453806
            ],
            [
              -121.0783175,
              38.945379
            ],
            [
              -121.0783357,
              38.9453827
            ],
            [
              -121.0783444,
              38.9453879
            ],
            [
              -121.0783551,
              38.9453968
            ],
            [
              -121.0783611,
              38.9454124
            ],
            [
              -121.0783618,
              38.9454223
            ],
            [
              -121.0783571,
              38.9454364
            ]
          ]
        ]
      },
      "properties": {
        "course_id": "ridge_golf_course",
        "course_name": "Ridge Golf Course",
        "hole_number": 18,
        "feature_type": "tee_box",
        "name": "hole_18_tee_box_5",
        "feature-color": "#8b7355",
        "is_approximate": true,
        "source": "osm",
        "@id": "242c953d-7a29-46d9-a404-8c2d9c0eef6c",
        "osm_id": 675894783
      }
    },
    {
      "type": "Feature",
      "bbox": [
        -121.07893904273637,
        38.944275100925964,
        -121.07893904273637,
        38.944275100925964
      ],
      "geometry": {
        "type": "Point",
        "coordinates": [
          -121.07893904,
          38.9442751
        ]
      },
      "properties": {
        "course_id": "ridge_golf_course",
        "course_name": "Ridge Golf Course",
        "hole_number": 18,
        "feature_type": "tee_center",
        "name": "hole_18_tee_center",
        "feature-color": "#c8a055",
        "is_approximate": true,
        "source": "derived",
        "@id": "49fb2f29-73f7-4031-89bb-26e1c5b867e5"
      }
    },
    {
      "type": "Feature",
      "bbox": [
        -121.0791486,
        38.9445649,
        -121.0777753,
        38.9469672
      ],
      "geometry": {
        "type": "Polygon",
        "coordinates": [
          [
            [
              -121.0782213,
              38.9455814
            ],
            [
              -121.0782586,
              38.9455738
            ],
            [
              -121.0782881,
              38.9455678
            ],
            [
              -121.0783149,
              38.945561
            ],
            [
              -121.0783529,
              38.9455482
            ],
            [
              -121.0783837,
              38.945527
            ],
            [
              -121.078411,
              38.9455016
            ],
            [
              -121.0784343,
              38.9454715
            ],
            [
              -121.0784463,
              38.9454435
            ],
            [
              -121.0784554,
              38.9454108
            ],
            [
              -121.0784643,
              38.9453422
            ],
            [
              -121.0784853,
              38.9452551
            ],
            [
              -121.0785017,
              38.9451981
            ],
            [
              -121.078539,
              38.9451505
            ],
            [
              -121.078557,
              38.9451354
            ],
            [
              -121.0785585,
              38.9451156
            ],
            [
              -121.0785689,
              38.9450982
            ],
            [
              -121.0786033,
              38.9450657
            ],
            [
              -121.0786481,
              38.9450343
            ],
            [
              -121.0786825,
              38.9450076
            ],
            [
              -121.0787049,
              38.9449971
            ],
            [
              -121.0787258,
              38.9449832
            ],
            [
              -121.0787407,
              38.9449657
            ],
            [
              -121.0787542,
              38.9449425
            ],
            [
              -121.0787676,
              38.9449204
            ],
            [
              -121.0787665,
              38.944902
            ],
            [
              -121.0787711,
              38.9448822
            ],
            [
              -121.0787781,
              38.9448662
            ],
            [
              -121.078787,
              38.9448519
            ],
            [
              -121.078795,
              38.9448396
            ],
            [
              -121.0788101,
              38.94483
            ],
            [
              -121.0788289,
              38.94482
            ],
            [
              -121.0788469,
              38.9448135
            ],
            [
              -121.0788624,
              38.944807
            ],
            [
              -121.0788827,
              38.9447993
            ],
            [
              -121.0788991,
              38.9447908
            ],
            [
              -121.0789115,
              38.9447822
            ],
            [
              -121.0789185,
              38.9447702
            ],
            [
              -121.0789256,
              38.9447563
            ],
            [
              -121.0789357,
              38.944734
            ],
            [
              -121.0789411,
              38.9447221
            ],
            [
              -121.0789523,
              38.9447029
            ],
            [
              -121.0789625,
              38.9446785
            ],
            [
              -121.0789771,
              38.944654
            ],
            [
              -121.0789852,
              38.9446321
            ],
            [
              -121.0789995,
              38.9446075
            ],
            [
              -121.0790082,
              38.9445923
            ],
            [
              -121.0790205,
              38.9445786
            ],
            [
              -121.0790351,
              38.9445686
            ],
            [
              -121.0790515,
              38.9445649
            ],
            [
              -121.0790739,
              38.9445719
            ],
            [
              -121.0791082,
              38.9445893
            ],
            [
              -121.0791411,
              38.9446195
            ],
            [
              -121.0791473,
              38.9446403
            ],
            [
              -121.0791486,
              38.9446648
            ],
            [
              -121.079145,
              38.9447007
            ],
            [
              -121.0791363,
              38.9447235
            ],
            [
              -121.0791288,
              38.9447439
            ],
            [
              -121.0791172,
              38.9447556
            ],
            [
              -121.0790978,
              38.9447554
            ],
            [
              -121.0790784,
              38.9447566
            ],
            [
              -121.0790664,
              38.9447624
            ],
            [
              -121.0790527,
              38.9447721
            ],
            [
              -121.0790327,
              38.9447885
            ],
            [
              -121.0790037,
              38.9448205
            ],
            [
              -121.0789499,
              38.9448763
            ],
            [
              -121.0789125,
              38.9449111
            ],
            [
              -121.0788946,
              38.9449344
            ],
            [
              -121.0788782,
              38.9449506
            ],
            [
              -121.0788617,
              38.9449611
            ],
            [
              -121.0788458,
              38.9449755
            ],
            [
              -121.078835,
              38.9449964
            ],
            [
              -121.0788247,
              38.945025
            ],
            [
              -121.0788137,
              38.9450474
            ],
            [
              -121.0788112,
              38.9450625
            ],
            [
              -121.0788112,
              38.9450788
            ],
            [
              -121.0788095,
              38.9450914
            ],
            [
              -121.0788054,
              38.9451134
            ],
            [
              -121.0788049,
              38.9451403
            ],
            [
              -121.0788077,
              38.9451679
            ],
            [
              -121.0788168,
              38.945203
            ],
            [
              -121.0788342,
              38.945225
            ],
            [
              -121.0788493,
              38.9452341
            ],
            [
              -121.0788585,
              38.9452468
            ],
            [
              -121.0788645,
              38.945257
            ],
            [
              -121.0788646,
              38.9452675
            ],
            [
              -121.0788526,
              38.9452784
            ],
            [
              -121.0788369,
              38.945285
            ],
            [
              -121.0788172,
              38.9452886
            ],
            [
              -121.0788041,
              38.9452941
            ],
            [
              -121.0787983,
              38.9453093
            ],
            [
              -121.0787958,
              38.945329
            ],
            [
              -121.0787921,
              38.9453458
            ],
            [
              -121.0787843,
              38.9453629
            ],
            [
              -121.0787781,
              38.9453846
            ],
            [
              -121.0787653,
              38.9454063
            ],
            [
              -121.0787537,
              38.9454208
            ],
            [
              -121.0787445,
              38.9454327
            ],
            [
              -121.0787378,
              38.9454423
            ],
            [
              -121.078727,
              38.9454565
            ],
            [
              -121.0787184,
              38.9454712
            ],
            [
              -121.0787162,
              38.9454865
            ],
            [
              -121.0787107,
              38.9455007
            ],
            [
              -121.0787067,
              38.9455161
            ],
            [
              -121.0787071,
              38.9455325
            ],
            [
              -121.0787108,
              38.9455502
            ],
            [
              -121.0787071,
              38.9455622
            ],
            [
              -121.0787069,
              38.9455745
            ],
            [
              -121.0787123,
              38.9455905
            ],
            [
              -121.0787188,
              38.9456165
            ],
            [
              -121.0787333,
              38.9456513
            ],
            [
              -121.0787486,
              38.9456864
            ],
            [
              -121.0787671,
              38.9457164
            ],
            [
              -121.0787772,
              38.9457362
            ],
            [
              -121.0787861,
              38.9457526
            ],
            [
              -121.078799,
              38.945764
            ],
            [
              -121.078811,
              38.9457683
            ],
            [
              -121.0788289,
              38.9457651
            ],
            [
              -121.0788513,
              38.945757
            ],
            [
              -121.0788722,
              38.9457419
            ],
            [
              -121.0788841,
              38.9457245
            ],
            [
              -121.0788931,
              38.9457094
            ],
            [
              -121.0789051,
              38.9456919
            ],
            [
              -121.078922,
              38.9456724
            ],
            [
              -121.0789392,
              38.9456537
            ],
            [
              -121.0789663,
              38.9456443
            ],
            [
              -121.0790037,
              38.9456396
            ],
            [
              -121.0790194,
              38.9456443
            ],
            [
              -121.0790226,
              38.9456548
            ],
            [
              -121.0790137,
              38.9456619
            ],
            [
              -121.079006,
              38.9456724
            ],
            [
              -121.0790037,
              38.9456814
            ],
            [
              -121.0790031,
              38.9456916
            ],
            [
              -121.0790002,
              38.9457013
            ],
            [
              -121.0789885,
              38.9457121
            ],
            [
              -121.0789691,
              38.9457193
            ],
            [
              -121.0789506,
              38.9457284
            ],
            [
              -121.0789346,
              38.9457305
            ],
            [
              -121.0789204,
              38.9457271
            ],
            [
              -121.0789085,
              38.9457285
            ],
            [
              -121.0788961,
              38.9457361
            ],
            [
              -121.0788853,
              38.9457499
            ],
            [
              -121.0788778,
              38.9457591
            ],
            [
              -121.0788657,
              38.9457747
            ],
            [
              -121.0788612,
              38.9457913
            ],
            [
              -121.0788576,
              38.9458135
            ],
            [
              -121.0788549,
              38.9458345
            ],
            [
              -121.0788547,
              38.9458586
            ],
            [
              -121.0788587,
              38.9458895
            ],
            [
              -121.0788595,
              38.9459098
            ],
            [
              -121.0788595,
              38.9459378
            ],
            [
              -121.0788542,
              38.9459618
            ],
            [
              -121.078852,
              38.9459853
            ],
            [
              -121.0788504,
              38.9460062
            ],
            [
              -121.078849,
              38.9460187
            ],
            [
              -121.0788433,
              38.9460313
            ],
            [
              -121.0788357,
              38.9460387
            ],
            [
              -121.078834,
              38.9460515
            ],
            [
              -121.0788363,
              38.9460636
            ],
            [
              -121.0788416,
              38.9460802
            ],
            [
              -121.0788428,
              38.9460931
            ],
            [
              -121.0788477,
              38.9461145
            ],
            [
              -121.0788526,
              38.9461396
            ],
            [
              -121.0788563,
              38.9461575
            ],
            [
              -121.0788616,
              38.9461728
            ],
            [
              -121.0788675,
              38.9461911
            ],
            [
              -121.0788782,
              38.9462195
            ],
            [
              -121.0788808,
              38.9462365
            ],
            [
              -121.0788816,
              38.9462561
            ],
            [
              -121.07888,
              38.9462769
            ],
            [
              -121.0788795,
              38.9462945
            ],
            [
              -121.0788768,
              38.9463064
            ],
            [
              -121.0788746,
              38.9463224
            ],
            [
              -121.0788741,
              38.946339
            ],
            [
              -121.0788746,
              38.9463632
            ],
            [
              -121.0788788,
              38.9463828
            ],
            [
              -121.0788839,
              38.9464094
            ],
            [
              -121.0788905,
              38.9464328
            ],
            [
              -121.0788939,
              38.9464537
            ],
            [
              -121.0788967,
              38.9464826
            ],
            [
              -121.0788987,
              38.9465039
            ],
            [
              -121.078898,
              38.9465179
            ],
            [
              -121.0789023,
              38.9465394
            ],
            [
              -121.0789034,
              38.9465575
            ],
            [
              -121.0789054,
              38.9465818
            ],
            [
              -121.0789055,
              38.9466012
            ],
            [
              -121.0789061,
              38.9466227
            ],
            [
              -121.0789057,
              38.9466347
            ],
            [
              -121.0789096,
              38.9466573
            ],
            [
              -121.0789118,
              38.9466762
            ],
            [
              -121.0789134,
              38.9466937
            ],
            [
              -121.0789106,
              38.9467104
            ],
            [
              -121.078907,
              38.9467247
            ],
            [
              -121.0789015,
              38.9467356
            ],
            [
              -121.0789007,
              38.9467517
            ],
            [
              -121.0789039,
              38.9467696
            ],
            [
              -121.0789087,
              38.946789
            ],
            [
              -121.0789143,
              38.9468029
            ],
            [
              -121.0789197,
              38.9468185
            ],
            [
              -121.0789155,
              38.9468329
            ],
            [
              -121.0789036,
              38.9468468
            ],
            [
              -121.0788942,
              38.9468572
            ],
            [
              -121.0788889,
              38.9468742
            ],
            [
              -121.0788871,
              38.9468884
            ],
            [
              -121.0788893,
              38.9469051
            ],
            [
              -121.0788854,
              38.9469321
            ],
            [
              -121.0788713,
              38.9469523
            ],
            [
              -121.0788502,
              38.9469576
            ],
            [
              -121.0788331,
              38.9469567
            ],
            [
              -121.0788188,
              38.9469626
            ],
            [
              -121.0788046,
              38.9469672
            ],
            [
              -121.0787859,
              38.9469655
            ],
            [
              -121.078771,
              38.9469596
            ],
            [
              -121.0787576,
              38.9469462
            ],
            [
              -121.0787534,
              38.9469234
            ],
            [
              -121.0787467,
              38.9469056
            ],
            [
              -121.0787367,
              38.9468854
            ],
            [
              -121.0787256,
              38.9468635
            ],
            [
              -121.0787128,
              38.9468466
            ],
            [
              -121.0787072,
              38.9468328
            ],
            [
              -121.0787049,
              38.9468178
            ],
            [
              -121.0787173,
              38.9467947
            ],
            [
              -121.0787264,
              38.9467729
            ],
            [
              -121.0787307,
              38.9467517
            ],
            [
              -121.0787342,
              38.9467385
            ],
            [
              -121.0787425,
              38.9467142
            ],
            [
              -121.078746,
              38.946692
            ],
            [
              -121.0787491,
              38.9466733
            ],
            [
              -121.0787553,
              38.946653
            ],
            [
              -121.078761,
              38.9466309
            ],
            [
              -121.078762,
              38.9466066
            ],
            [
              -121.078754,
              38.9465798
            ],
            [
              -121.0787413,
              38.9465587
            ],
            [
              -121.0787347,
              38.9465434
            ],
            [
              -121.0787297,
              38.9465252
            ],
            [
              -121.0787296,
              38.94651
            ],
            [
              -121.0787255,
              38.9464926
            ],
            [
              -121.0787211,
              38.9464751
            ],
            [
              -121.078715,
              38.9464582
            ],
            [
              -121.078705,
              38.9464486
            ],
            [
              -121.0786967,
              38.9464383
            ],
            [
              -121.0786961,
              38.946424
            ],
            [
              -121.0787006,
              38.9464099
            ],
            [
              -121.0787019,
              38.9463984
            ],
            [
              -121.0787019,
              38.9463705
            ],
            [
              -121.0786974,
              38.946353
            ],
            [
              -121.0787034,
              38.946331
            ],
            [
              -121.0787093,
              38.9463054
            ],
            [
              -121.0787243,
              38.9462915
            ],
            [
              -121.0787318,
              38.9462729
            ],
            [
              -121.0787347,
              38.9462427
            ],
            [
              -121.0787273,
              38.9461822
            ],
            [
              -121.0787183,
              38.946152
            ],
            [
              -121.0786974,
              38.9461288
            ],
            [
              -121.0786795,
              38.9460963
            ],
            [
              -121.0786571,
              38.9460695
            ],
            [
              -121.0786436,
              38.9460405
            ],
            [
              -121.0786347,
              38.9460068
            ],
            [
              -121.0786332,
              38.9459847
            ],
            [
              -121.0786496,
              38.9459615
            ],
            [
              -121.0786765,
              38.9459348
            ],
            [
              -121.0786825,
              38.9459173
            ],
            [
              -121.0786765,
              38.9459069
            ],
            [
              -121.0786607,
              38.9458995
            ],
            [
              -121.0786494,
              38.9458818
            ],
            [
              -121.0786582,
              38.9458655
            ],
            [
              -121.0786635,
              38.945852
            ],
            [
              -121.0786652,
              38.9458402
            ],
            [
              -121.0786737,
              38.9458292
            ],
            [
              -121.0786848,
              38.9458238
            ],
            [
              -121.0786823,
              38.9458148
            ],
            [
              -121.0786682,
              38.9458072
            ],
            [
              -121.0786492,
              38.945799
            ],
            [
              -121.0786318,
              38.9457942
            ],
            [
              -121.0786107,
              38.9457985
            ],
            [
              -121.0785946,
              38.9457982
            ],
            [
              -121.0785809,
              38.9457907
            ],
            [
              -121.078566,
              38.9457802
            ],
            [
              -121.078557,
              38.9457651
            ],
            [
              -121.0785464,
              38.9457465
            ],
            [
              -121.0785383,
              38.9457303
            ],
            [
              -121.0785291,
              38.9457157
            ],
            [
              -121.0785092,
              38.9456966
            ],
            [
              -121.0784829,
              38.9456752
            ],
            [
              -121.0784574,
              38.9456585
            ],
            [
              -121.0784253,
              38.945639
            ],
            [
              -121.0783963,
              38.9456209
            ],
            [
              -121.078375,
              38.9456103
            ],
            [
              -121.0783536,
              38.9456017
            ],
            [
              -121.0783344,
              38.9455943
            ],
            [
              -121.078311,
              38.945591
            ],
            [
              -121.0782896,
              38.9455908
            ],
            [
              -121.0782601,
              38.9455937
            ],
            [
              -121.0782411,
              38.9455992
            ],
            [
              -121.0782216,
              38.9456043
            ],
            [
              -121.0781337,
              38.9456129
            ],
            [
              -121.0780357,
              38.9455929
            ],
            [
              -121.0779449,
              38.9455627
            ],
            [
              -121.0778555,
              38.9455017
            ],
            [
              -121.077821,
              38.9454234
            ],
            [
              -121.0777927,
              38.9453127
            ],
            [
              -121.0777796,
              38.9452296
            ],
            [
              -121.0777753,
              38.9451048
            ],
            [
              -121.0778512,
              38.9451079
            ],
            [
              -121.0778437,
              38.9452354
            ],
            [
              -121.0778663,
              38.9453168
            ],
            [
              -121.077882,
              38.9454062
            ],
            [
              -121.0779137,
              38.9454637
            ],
            [
              -121.0779784,
              38.9455015
            ],
            [
              -121.0781298,
              38.9455548
            ],
            [
              -121.0782213,
              38.9455814
            ]
          ]
        ]
      },
      "properties": {
        "course_id": "ridge_golf_course",
        "course_name": "Ridge Golf Course",
        "hole_number": 18,
        "feature_type": "water",
        "name": "hole_18_water",
        "feature-color": "#2255cc",
        "is_approximate": true,
        "source": "osm",
        "@id": "289550fe-4450-49eb-bd6e-9e2ba9d94c3d",
        "osm_id": 676443436,
        "hazard_group": "676443436"
      }
    }
  ]
}
