{"type":"FeatureCollection","features":[{"type":"Feature","bbox":[-117.2456145,32.9039571,-117.2454717,32.9040743],"geometry":{"type":"Polygon","coordinates":[[[-117.2456145,32.9040238],[-117.245561,32.9039571],[-117.2454717,32.9040076],[-117.2455252,32.9040743],[-117.2456145,32.9040238]]]},"properties":{"course_id":"torrey_pines_south_san_diego","course_name":"Torrey Pines Golf Course South","hole_number":1,"feature_type":"tee_box","name":"hole_1_tee_box","feature-color":"#8b7355","is_approximate":true,"source":"osm","@id":"9c22366b-929f-4894-9a83-543313e5f08c","osm_id":35678766}},{"type":"Feature","bbox":[-117.2464313,32.9035609,-117.2462962,32.9036635],"geometry":{"type":"Polygon","coordinates":[[[-117.2464313,32.9035988],[-117.2463966,32.9035609],[-117.2462962,32.9036255],[-117.2463309,32.9036635],[-117.2464313,32.9035988]]]},"properties":{"course_id":"torrey_pines_south_san_diego","course_name":"Torrey Pines Golf Course South","hole_number":1,"feature_type":"tee_box","name":"hole_1_tee_box_2","feature-color":"#8b7355","is_approximate":true,"source":"osm","@id":"b73cc2e0-5464-49e0-a61b-ade82ef1d2ef","osm_id":35678767}},{"type":"Feature","bbox":[-117.2480453,32.9024147,-117.2477445,32.9025835],"geometry":{"type":"Polygon","coordinates":[[[-117.2478143,32.9025818],[-117.2478331,32.9025761],[-117.2478511,32.9025665],[-117.247868,32.9025556],[-117.2478874,32.9025448],[-117.247906,32.9025341],[-117.2479233,32.9025279],[-117.2479424,32.9025252],[-117.247973,32.9025221],[-117.2480018,32.9025172],[-117.2480235,32.9025053],[-117.2480344,32.902491],[-117.2480414,32.9024767],[-117.2480453,32.9024605],[-117.248041,32.9024424],[-117.2480264,32.9024325],[-117.2480069,32.9024212],[-117.247981,32.9024147],[-117.24796,32.9024206],[-117.247933,32.9024249],[-117.247913,32.9024322],[-117.2478938,32.9024407],[-117.2478893,32.9024565],[-117.2478921,32.9024745],[-117.2478866,32.902487],[-117.2478747,32.9024988],[-117.2478537,32.9025036],[-117.247836,32.9024996],[-117.2478267,32.9024858],[-117.2478115,32.9024785],[-117.2477907,32.9024832],[-117.2477675,32.902492],[-117.2477535,32.9025086],[-117.2477456,32.9025264],[-117.2477445,32.9025416],[-117.2477493,32.9025577],[-117.2477592,32.9025686],[-117.2477733,32.9025774],[-117.24779,32.9025835],[-117.2478143,32.9025818]]]},"properties":{"course_id":"torrey_pines_south_san_diego","course_name":"Torrey Pines Golf Course South","hole_number":1,"feature_type":"bunker","name":"hole_1_bunker","feature-color":"#d4b483","is_approximate":true,"source":"osm","@id":"d89ba6aa-71fc-4bf0-b36f-a0955e2fe3c4","osm_id":35678772}},{"type":"Feature","bbox":[-117.2493792,32.9023419,-117.2491472,32.9024866],"geometry":{"type":"Polygon","coordinates":[[[-117.2492194,32.9023919],[-117.2492152,32.9023779],[-117.2492199,32.9023617],[-117.249214,32.9023491],[-117.2491996,32.9023435],[-117.2491816,32.9023419],[-117.2491642,32.9023486],[-117.2491501,32.9023624],[-117.2491472,32.9023791],[-117.2491481,32.902397],[-117.24916,32.9024192],[-117.2491694,32.9024384],[-117.2491815,32.9024549],[-117.2491959,32.9024703],[-117.2492122,32.9024784],[-117.2492249,32.9024845],[-117.2492427,32.9024866],[-117.2492601,32.9024844],[-117.2492721,32.902475],[-117.2492763,32.902462],[-117.2492744,32.9024479],[-117.2492778,32.9024341],[-117.2492919,32.9024279],[-117.2493099,32.90243],[-117.2493208,32.9024392],[-117.2493316,32.9024495],[-117.2493469,32.9024502],[-117.2493589,32.9024447],[-117.2493695,32.9024344],[-117.2493742,32.9024246],[-117.249379,32.9024129],[-117.2493792,32.9024002],[-117.2493741,32.9023858],[-117.2493613,32.902379],[-117.2493385,32.9023761],[-117.2493221,32.9023794],[-117.2493044,32.9023805],[-117.2492855,32.9023739],[-117.2492704,32.9023723],[-117.249258,32.9023803],[-117.2492514,32.9023932],[-117.2492348,32.9023977],[-117.2492194,32.9023919]]]},"properties":{"course_id":"torrey_pines_south_san_diego","course_name":"Torrey Pines Golf Course South","hole_number":1,"feature_type":"bunker","name":"hole_1_bunker_2","feature-color":"#d4b483","is_approximate":true,"source":"osm","@id":"db93b6f8-4f6b-403e-ba5e-717b97edc2f2","osm_id":35678773}},{"type":"Feature","bbox":[-117.2495293,32.9020887,-117.2491231,32.9022326],"geometry":{"type":"Polygon","coordinates":[[[-117.2493337,32.9020958],[-117.2493163,32.9020887],[-117.2492926,32.9020891],[-117.2492696,32.9020967],[-117.2492537,32.9021052],[-117.2492402,32.9021192],[-117.2492353,32.9021388],[-117.2492319,32.9021537],[-117.2492137,32.9021615],[-117.2491978,32.9021566],[-117.2491957,32.902144],[-117.2491927,32.9021258],[-117.2491759,32.902118],[-117.2491517,32.9021207],[-117.2491337,32.9021324],[-117.2491257,32.902147],[-117.2491231,32.9021644],[-117.2491257,32.9021811],[-117.2491282,32.9021977],[-117.2491395,32.9022115],[-117.2491523,32.9022235],[-117.2491723,32.9022326],[-117.2491904,32.9022301],[-117.2492047,32.9022236],[-117.2492212,32.9022123],[-117.2492361,32.9022065],[-117.2492582,32.9022028],[-117.2492811,32.9022054],[-117.2492993,32.9021999],[-117.2493121,32.9021897],[-117.2493266,32.9021839],[-117.2493418,32.902181],[-117.2493637,32.90218],[-117.2493958,32.9021818],[-117.249424,32.9021824],[-117.2494489,32.9021902],[-117.2494639,32.9021992],[-117.2494774,32.9022076],[-117.2494946,32.9022104],[-117.2495086,32.9022097],[-117.2495209,32.9022013],[-117.2495293,32.9021868],[-117.2495261,32.9021679],[-117.2495125,32.9021535],[-117.2494969,32.9021423],[-117.2494769,32.9021366],[-117.2494557,32.902134],[-117.2494361,32.9021272],[-117.2494196,32.9021191],[-117.2493969,32.9021182],[-117.249376,32.902122],[-117.2493588,32.9021301],[-117.2493435,32.9021396],[-117.2493275,32.9021352],[-117.2493264,32.9021216],[-117.2493348,32.9021084],[-117.2493337,32.9020958]]]},"properties":{"course_id":"torrey_pines_south_san_diego","course_name":"Torrey Pines Golf Course South","hole_number":1,"feature_type":"bunker","name":"hole_1_bunker_3","feature-color":"#d4b483","is_approximate":true,"source":"osm","@id":"9c572fed-adb6-4af7-98ba-1b4fb21e74a3","osm_id":35678774}},{"type":"Feature","bbox":[-117.2483143,32.9026534,-117.2481827,32.9027445],"geometry":{"type":"Polygon","coordinates":[[[-117.2483143,32.9026938],[-117.2483098,32.9026798],[-117.2483007,32.9026676],[-117.2482896,32.9026565],[-117.2482709,32.9026534],[-117.2482563,32.9026563],[-117.24824,32.9026614],[-117.2482238,32.9026671],[-117.2482109,32.9026759],[-117.2481967,32.9026857],[-117.2481878,32.9026961],[-117.2481827,32.9027097],[-117.2481836,32.9027232],[-117.2481906,32.902736],[-117.2482047,32.9027442],[-117.2482216,32.9027445],[-117.248238,32.9027413],[-117.2482476,32.9027376],[-117.2482563,32.9027329],[-117.2482635,32.9027283],[-117.2482767,32.9027278],[-117.2482939,32.9027266],[-117.2483072,32.9027182],[-117.2483132,32.9027055],[-117.2483143,32.9026938]]]},"properties":{"course_id":"torrey_pines_south_san_diego","course_name":"Torrey Pines Golf Course South","hole_number":1,"feature_type":"bunker","name":"hole_1_bunker_4","feature-color":"#d4b483","is_approximate":true,"source":"osm","@id":"dd52c26b-1706-44d0-a309-ec8c71461f8f","osm_id":35678799}},{"type":"Feature","bbox":[-117.2479961,32.9027877,-117.2478458,32.902915],"geometry":{"type":"Polygon","coordinates":[[[-117.24798,32.9028008],[-117.2479627,32.9027892],[-117.2479431,32.9027877],[-117.2479251,32.9027934],[-117.247897,32.9028055],[-117.2478779,32.9028172],[-117.2478621,32.9028293],[-117.2478494,32.9028482],[-117.2478458,32.9028696],[-117.2478482,32.9028875],[-117.2478564,32.9029004],[-117.247869,32.9029098],[-117.2478848,32.9029145],[-117.2479044,32.902915],[-117.2479213,32.9029121],[-117.2479351,32.9029016],[-117.2479363,32.9028864],[-117.2479288,32.9028783],[-117.2479146,32.9028736],[-117.2479037,32.902865],[-117.2479023,32.902851],[-117.2479157,32.9028412],[-117.2479327,32.9028399],[-117.2479466,32.9028478],[-117.2479582,32.9028581],[-117.2479715,32.9028611],[-117.2479838,32.9028563],[-117.2479945,32.9028489],[-117.2479961,32.9028307],[-117.2479927,32.902815],[-117.24798,32.9028008]]]},"properties":{"course_id":"torrey_pines_south_san_diego","course_name":"Torrey Pines Golf Course South","hole_number":1,"feature_type":"bunker","name":"hole_1_bunker_5","feature-color":"#d4b483","is_approximate":true,"source":"osm","@id":"b0f97b8c-75ae-43bb-a4f5-3fb479b42120","osm_id":35678800}},{"type":"Feature","bbox":[-117.2501248,32.9021211,-117.2500033,32.9024582],"geometry":{"type":"Polygon","coordinates":[[[-117.2501248,32.9024514],[-117.2500424,32.9024582],[-117.2500033,32.902128],[-117.2500857,32.9021211],[-117.2501248,32.9024514]]]},"properties":{"course_id":"torrey_pines_south_san_diego","course_name":"Torrey Pines Golf Course South","hole_number":2,"feature_type":"tee_box","name":"hole_2_tee_box","feature-color":"#8b7355","is_approximate":true,"source":"osm","@id":"9e87206d-6823-4645-b389-954965cf7c99","osm_id":35765772}},{"type":"Feature","bbox":[-117.2499406,32.9018355,-117.2498835,32.9019302],"geometry":{"type":"Polygon","coordinates":[[[-117.2499309,32.9018355],[-117.2499406,32.9019266],[-117.2498932,32.9019302],[-117.2498835,32.901839],[-117.2499309,32.9018355]]]},"properties":{"course_id":"torrey_pines_south_san_diego","course_name":"Torrey Pines Golf Course South","hole_number":2,"feature_type":"tee_box","name":"hole_2_tee_box_2","feature-color":"#8b7355","is_approximate":true,"source":"osm","@id":"fe8935cb-d5f1-4506-bf2c-8ab5d1b91afa","osm_id":35765774}},{"type":"Feature","bbox":[-117.250143,32.8994379,-117.2498807,32.899691],"geometry":{"type":"Polygon","coordinates":[[[-117.2499623,32.899661],[-117.2499704,32.8996774],[-117.2499858,32.8996872],[-117.2499983,32.899691],[-117.2500126,32.8996891],[-117.2500302,32.8996851],[-117.250043,32.8996756],[-117.250058,32.8996614],[-117.2500687,32.8996461],[-117.2500797,32.8996306],[-117.2500886,32.8996175],[-117.2500987,32.8996018],[-117.2501059,32.8995877],[-117.2501144,32.8995715],[-117.250126,32.8995534],[-117.2501376,32.8995295],[-117.250143,32.8995079],[-117.2501386,32.8994935],[-117.2501328,32.8994762],[-117.2501212,32.8994627],[-117.2501052,32.8994512],[-117.2500846,32.8994434],[-117.2500535,32.8994409],[-117.2500271,32.8994388],[-117.2499917,32.8994379],[-117.2499566,32.8994392],[-117.2499286,32.899443],[-117.2499092,32.8994512],[-117.2498934,32.8994622],[-117.2498848,32.8994765],[-117.2498807,32.8994995],[-117.249884,32.8995168],[-117.2498965,32.8995327],[-117.2499109,32.8995443],[-117.249923,32.8995534],[-117.2499298,32.8995631],[-117.2499402,32.8995783],[-117.2499456,32.8996004],[-117.2499467,32.8996221],[-117.249953,32.8996428],[-117.2499623,32.899661]]]},"properties":{"course_id":"torrey_pines_south_san_diego","course_name":"Torrey Pines Golf Course South","hole_number":2,"feature_type":"green","name":"hole_2_green","feature-color":"#2d6e2d","is_approximate":true,"source":"osm","@id":"5226f206-6904-4e4f-a8fd-4bf38ec80bb8","osm_id":35765778}},{"type":"Feature","bbox":[-117.2500254,32.8991477,-117.249922,32.8992683],"geometry":{"type":"Polygon","coordinates":[[[-117.2500254,32.899166],[-117.2499691,32.8992683],[-117.249922,32.8992501],[-117.2499783,32.8991477],[-117.2500254,32.899166]]]},"properties":{"course_id":"torrey_pines_south_san_diego","course_name":"Torrey Pines Golf Course South","hole_number":3,"feature_type":"tee_box","name":"hole_3_tee_box","feature-color":"#8b7355","is_approximate":true,"source":"osm","@id":"dfde6f75-1ea5-419d-81e3-a357e1c3f133","osm_id":35799676}},{"type":"Feature","bbox":[-117.2508461,32.8975997,-117.2505497,32.8978405],"geometry":{"type":"Polygon","coordinates":[[[-117.2508414,32.8978059],[-117.2508346,32.897819],[-117.2508088,32.8978321],[-117.2507942,32.897839],[-117.2507764,32.8978405],[-117.2507602,32.8978343],[-117.2507476,32.8978243],[-117.2507276,32.8978099],[-117.250703,32.8977953],[-117.2506732,32.8977819],[-117.2506446,32.8977744],[-117.2506167,32.8977666],[-117.2505934,32.8977568],[-117.2505748,32.8977409],[-117.2505613,32.8977258],[-117.2505514,32.8977136],[-117.2505497,32.8976946],[-117.2505573,32.8976783],[-117.2505759,32.8976644],[-117.2505992,32.8976533],[-117.2506248,32.89764],[-117.2506492,32.8976232],[-117.2506746,32.8976072],[-117.2506996,32.8975997],[-117.2507292,32.8976035],[-117.2507511,32.8976177],[-117.2507646,32.8976372],[-117.2507741,32.8976556],[-117.2507826,32.8976826],[-117.250795,32.8977012],[-117.2508174,32.897719],[-117.2508359,32.8977393],[-117.2508432,32.8977549],[-117.2508461,32.8977724],[-117.2508461,32.8977858],[-117.2508414,32.8978059]]]},"properties":{"course_id":"torrey_pines_south_san_diego","course_name":"Torrey Pines Golf Course South","hole_number":3,"feature_type":"green","name":"hole_3_green","feature-color":"#2d6e2d","is_approximate":true,"source":"osm","@id":"84ca2a7f-ddc5-4b19-9fbe-1a24501f9b58","osm_id":35799679}},{"type":"Feature","bbox":[-117.2501832,32.8988646,-117.2500841,32.8989742],"geometry":{"type":"Polygon","coordinates":[[[-117.2501832,32.8988837],[-117.2501301,32.8988646],[-117.2500841,32.8989552],[-117.2501373,32.8989742],[-117.2501832,32.8988837]]]},"properties":{"course_id":"torrey_pines_south_san_diego","course_name":"Torrey Pines Golf Course South","hole_number":3,"feature_type":"tee_box","name":"hole_3_tee_box_2","feature-color":"#8b7355","is_approximate":true,"source":"osm","@id":"6734f033-563b-4fad-b546-deb72d095eab","osm_id":35799706}},{"type":"Feature","bbox":[-117.2502256,32.8987837,-117.2501438,32.8988546],"geometry":{"type":"Polygon","coordinates":[[[-117.2502256,32.898805],[-117.2501713,32.8987837],[-117.2501438,32.8988333],[-117.2501981,32.8988546],[-117.2502256,32.898805]]]},"properties":{"course_id":"torrey_pines_south_san_diego","course_name":"Torrey Pines Golf Course South","hole_number":3,"feature_type":"tee_box","name":"hole_3_tee_box_3","feature-color":"#8b7355","is_approximate":true,"source":"osm","@id":"493dff86-37c0-4b76-abec-d9e9bf9f965f","osm_id":35799708}},{"type":"Feature","bbox":[-117.2514603,32.898233,-117.2513713,32.8983413],"geometry":{"type":"Polygon","coordinates":[[[-117.2513713,32.8982383],[-117.2513812,32.8983413],[-117.2514603,32.8983359],[-117.2514505,32.898233],[-117.2513713,32.8982383]]]},"properties":{"course_id":"torrey_pines_south_san_diego","course_name":"Torrey Pines Golf Course South","hole_number":4,"feature_type":"tee_box","name":"hole_4_tee_box","feature-color":"#8b7355","is_approximate":true,"source":"osm","@id":"1e8130b2-3ebd-49b1-b840-833551583ddd","osm_id":35799756}},{"type":"Feature","bbox":[-117.2515876,32.900533,-117.2513921,32.9007905],"geometry":{"type":"Polygon","coordinates":[[[-117.2515775,32.9006589],[-117.2515678,32.9006431],[-117.2515537,32.9006371],[-117.2515417,32.9006329],[-117.2515338,32.9006233],[-117.2515319,32.9006117],[-117.2515365,32.9005981],[-117.2515436,32.90058],[-117.2515392,32.9005617],[-117.2515276,32.9005479],[-117.2515106,32.9005389],[-117.2514907,32.900533],[-117.2514686,32.9005335],[-117.25145,32.9005399],[-117.2514351,32.9005475],[-117.2514205,32.9005596],[-117.2514091,32.9005682],[-117.2513983,32.9005797],[-117.2513921,32.9005967],[-117.2513929,32.9006141],[-117.2514009,32.9006274],[-117.2514167,32.9006367],[-117.2514335,32.9006364],[-117.2514527,32.900631],[-117.2514686,32.9006322],[-117.2514763,32.9006433],[-117.251477,32.9006601],[-117.2514742,32.9006749],[-117.251469,32.9006855],[-117.2514576,32.9006944],[-117.2514495,32.9007058],[-117.251445,32.9007182],[-117.2514469,32.9007355],[-117.2514557,32.9007473],[-117.2514656,32.9007592],[-117.2514719,32.9007703],[-117.25148,32.9007826],[-117.2514931,32.9007889],[-117.251515,32.9007905],[-117.2515353,32.9007871],[-117.2515542,32.9007788],[-117.2515689,32.9007666],[-117.2515827,32.9007543],[-117.2515876,32.9007401],[-117.2515806,32.900722],[-117.2515688,32.9007066],[-117.2515658,32.9006916],[-117.2515753,32.9006729],[-117.2515775,32.9006589]]]},"properties":{"course_id":"torrey_pines_south_san_diego","course_name":"Torrey Pines Golf Course South","hole_number":4,"feature_type":"bunker","name":"hole_4_bunker","feature-color":"#d4b483","is_approximate":true,"source":"osm","@id":"1434c432-aad9-4cf5-bad9-c0d76187b91b","osm_id":35799759}},{"type":"Feature","bbox":[-117.2516619,32.9008007,-117.2514979,32.9009452],"geometry":{"type":"Polygon","coordinates":[[[-117.2515533,32.9008095],[-117.2515361,32.9008169],[-117.2515203,32.900827],[-117.2515087,32.9008399],[-117.2515005,32.9008526],[-117.2514979,32.9008703],[-117.2515004,32.9008864],[-117.2515074,32.9008969],[-117.2515166,32.9009047],[-117.2515295,32.9009098],[-117.2515438,32.9009081],[-117.2515507,32.9009009],[-117.2515523,32.9008882],[-117.2515579,32.9008775],[-117.2515706,32.9008741],[-117.2515813,32.9008778],[-117.2515834,32.9008884],[-117.2515772,32.9008965],[-117.2515724,32.9009091],[-117.2515712,32.9009252],[-117.2515786,32.900935],[-117.2515945,32.9009416],[-117.2516135,32.9009452],[-117.2516325,32.9009437],[-117.2516484,32.9009353],[-117.2516567,32.900919],[-117.251661,32.9009055],[-117.2516619,32.900889],[-117.2516565,32.9008757],[-117.2516477,32.9008636],[-117.2516358,32.900859],[-117.2516231,32.9008516],[-117.2516179,32.9008393],[-117.2516168,32.900823],[-117.2516154,32.9008102],[-117.2516051,32.900801],[-117.2515866,32.9008007],[-117.2515533,32.9008095]]]},"properties":{"course_id":"torrey_pines_south_san_diego","course_name":"Torrey Pines Golf Course South","hole_number":4,"feature_type":"bunker","name":"hole_4_bunker_2","feature-color":"#d4b483","is_approximate":true,"source":"osm","@id":"7b8503f1-e6c7-4e4e-91f5-5f5025bb220e","osm_id":35799760}},{"type":"Feature","bbox":[-117.2519861,32.901992,-117.2519226,32.9021169],"geometry":{"type":"Polygon","coordinates":[[[-117.251931,32.9020052],[-117.2519245,32.9020178],[-117.2519226,32.9020314],[-117.2519311,32.9020449],[-117.2519367,32.9020534],[-117.2519405,32.9020676],[-117.2519372,32.9020783],[-117.2519286,32.9020852],[-117.2519263,32.9020962],[-117.2519316,32.9021076],[-117.2519414,32.9021137],[-117.2519577,32.9021169],[-117.2519702,32.9021147],[-117.2519779,32.902107],[-117.2519837,32.9020971],[-117.2519858,32.9020855],[-117.2519861,32.902072],[-117.2519859,32.9020601],[-117.2519845,32.902044],[-117.2519815,32.9020311],[-117.2519778,32.9020156],[-117.251973,32.9020012],[-117.251963,32.9019953],[-117.2519498,32.901992],[-117.2519389,32.9019947],[-117.251931,32.9020052]]]},"properties":{"course_id":"torrey_pines_south_san_diego","course_name":"Torrey Pines Golf Course South","hole_number":4,"feature_type":"bunker","name":"hole_4_bunker_3","feature-color":"#d4b483","is_approximate":true,"source":"osm","@id":"1fd6648b-3d74-4578-9328-7bc1f64b35ae","osm_id":35799761}},{"type":"Feature","bbox":[-117.2520813,32.9021305,-117.2518269,32.9023914],"geometry":{"type":"Polygon","coordinates":[[[-117.2519865,32.9021401],[-117.2519556,32.902138],[-117.2519336,32.9021341],[-117.2518971,32.9021305],[-117.2518819,32.9021307],[-117.2518653,32.902136],[-117.2518535,32.9021434],[-117.2518411,32.9021567],[-117.2518303,32.9021769],[-117.2518269,32.9022038],[-117.2518313,32.9022166],[-117.2518454,32.9022386],[-117.2518589,32.9022506],[-117.2518756,32.902261],[-117.2518913,32.9022746],[-117.2519022,32.9022922],[-117.2519063,32.902309],[-117.2519096,32.9023339],[-117.2519099,32.9023521],[-117.2519149,32.9023728],[-117.2519312,32.9023848],[-117.2519465,32.9023904],[-117.2519667,32.9023914],[-117.2519839,32.9023848],[-117.2519968,32.9023754],[-117.2520086,32.9023657],[-117.2520167,32.902348],[-117.2520249,32.9023298],[-117.2520353,32.9023073],[-117.2520511,32.9022854],[-117.2520706,32.9022533],[-117.2520799,32.9022276],[-117.2520813,32.9022023],[-117.2520768,32.9021817],[-117.2520647,32.9021645],[-117.2520462,32.9021533],[-117.252016,32.9021439],[-117.2519865,32.9021401]]]},"properties":{"course_id":"torrey_pines_south_san_diego","course_name":"Torrey Pines Golf Course South","hole_number":4,"feature_type":"green","name":"hole_4_green","feature-color":"#2d6e2d","is_approximate":true,"source":"osm","@id":"e7490981-4d71-4c60-999d-8a4d2407791d","osm_id":35799762}},{"type":"Feature","bbox":[-117.2515383,32.9025562,-117.2514284,32.9026453],"geometry":{"type":"Polygon","coordinates":[[[-117.2515383,32.9026285],[-117.2515194,32.9025562],[-117.2514284,32.902573],[-117.2514473,32.9026453],[-117.2515383,32.9026285]]]},"properties":{"course_id":"torrey_pines_south_san_diego","course_name":"Torrey Pines Golf Course South","hole_number":5,"feature_type":"tee_box","name":"hole_5_tee_box","feature-color":"#8b7355","is_approximate":true,"source":"osm","@id":"d8f94ae9-1935-418e-84e5-5ece525b6a51","osm_id":35799836}},{"type":"Feature","bbox":[-117.2512812,32.9020144,-117.2510743,32.9022828],"geometry":{"type":"Polygon","coordinates":[[[-117.2512812,32.9022614],[-117.2512342,32.9020144],[-117.2510743,32.9020359],[-117.2511214,32.9022828],[-117.2512812,32.9022614]]]},"properties":{"course_id":"torrey_pines_south_san_diego","course_name":"Torrey Pines Golf Course South","hole_number":5,"feature_type":"tee_box","name":"hole_5_tee_box_2","feature-color":"#8b7355","is_approximate":true,"source":"osm","@id":"6b49a634-1560-47c7-946f-9e71c3264581","osm_id":35799837}},{"type":"Feature","bbox":[-117.2509309,32.8988077,-117.2507068,32.8990763],"geometry":{"type":"Polygon","coordinates":[[[-117.2507308,32.8990614],[-117.2507451,32.8990681],[-117.2507601,32.8990746],[-117.250778,32.8990763],[-117.250797,32.8990757],[-117.250818,32.8990736],[-117.2508317,32.8990673],[-117.2508457,32.8990615],[-117.2508581,32.8990501],[-117.2508655,32.8990409],[-117.2508718,32.8990275],[-117.250873,32.899007],[-117.2508765,32.8989889],[-117.2508813,32.8989693],[-117.2508874,32.8989547],[-117.2508955,32.8989396],[-117.2509055,32.8989228],[-117.2509119,32.8989094],[-117.2509178,32.898894],[-117.2509251,32.8988717],[-117.2509309,32.8988493],[-117.2509309,32.8988291],[-117.2509239,32.8988166],[-117.2509102,32.8988095],[-117.2508904,32.8988077],[-117.2508693,32.8988085],[-117.2508481,32.8988158],[-117.2508309,32.8988266],[-117.2508146,32.8988401],[-117.2507989,32.8988583],[-117.2507849,32.898871],[-117.2507664,32.8988833],[-117.2507459,32.8988986],[-117.250732,32.8989148],[-117.2507226,32.8989306],[-117.2507145,32.8989533],[-117.2507095,32.8989768],[-117.2507068,32.8989969],[-117.2507099,32.8990156],[-117.2507155,32.8990362],[-117.2507204,32.8990492],[-117.2507308,32.8990614]]]},"properties":{"course_id":"torrey_pines_south_san_diego","course_name":"Torrey Pines Golf Course South","hole_number":5,"feature_type":"green","name":"hole_5_green","feature-color":"#2d6e2d","is_approximate":true,"source":"osm","@id":"55bda096-6ea6-4657-8a12-b494a215c2cd","osm_id":35799839}},{"type":"Feature","bbox":[-117.2506617,32.900063,-117.250521,32.9004293],"geometry":{"type":"Polygon","coordinates":[[[-117.2505863,32.9004293],[-117.2506151,32.9004239],[-117.2506321,32.9004123],[-117.2506453,32.9003981],[-117.2506544,32.9003783],[-117.2506596,32.9003612],[-117.2506617,32.9003408],[-117.2506592,32.9003152],[-117.2506554,32.9002945],[-117.2506488,32.9002707],[-117.2506403,32.9002475],[-117.2506302,32.9002302],[-117.2506214,32.9002126],[-117.2506196,32.9001906],[-117.2506205,32.9001697],[-117.2506226,32.9001488],[-117.2506246,32.9001282],[-117.2506236,32.9001136],[-117.250618,32.900095],[-117.2506073,32.9000801],[-117.2505912,32.9000684],[-117.2505718,32.900063],[-117.250553,32.9000689],[-117.2505382,32.9000796],[-117.2505309,32.9000977],[-117.2505317,32.9001197],[-117.2505378,32.9001304],[-117.2505479,32.9001398],[-117.2505633,32.9001466],[-117.2505718,32.90016],[-117.2505724,32.9001774],[-117.2505572,32.9001961],[-117.2505414,32.9002086],[-117.2505308,32.9002247],[-117.2505282,32.9002439],[-117.2505322,32.900262],[-117.2505479,32.9002761],[-117.2505515,32.9002914],[-117.2505515,32.900307],[-117.2505633,32.9003193],[-117.2505772,32.900326],[-117.2505904,32.9003336],[-117.2505956,32.9003492],[-117.2505908,32.900367],[-117.2505767,32.900372],[-117.250561,32.900366],[-117.250549,32.9003614],[-117.2505337,32.9003686],[-117.2505241,32.9003819],[-117.250521,32.9003947],[-117.2505274,32.9004087],[-117.2505421,32.9004187],[-117.2505629,32.9004253],[-117.2505863,32.9004293]]]},"properties":{"course_id":"torrey_pines_south_san_diego","course_name":"Torrey Pines Golf Course South","hole_number":5,"feature_type":"bunker","name":"hole_5_bunker","feature-color":"#d4b483","is_approximate":true,"source":"osm","@id":"70a6efc2-bb99-4ae6-8afb-4546589aed7a","osm_id":35799840}},{"type":"Feature","bbox":[-117.2511086,32.900083,-117.2508961,32.9003687],"geometry":{"type":"Polygon","coordinates":[[[-117.2510398,32.900306],[-117.2510447,32.9002921],[-117.2510502,32.9002776],[-117.251061,32.9002679],[-117.2510783,32.9002673],[-117.2510966,32.9002731],[-117.2511038,32.9002858],[-117.2511086,32.9003005],[-117.2511065,32.9003206],[-117.2510994,32.9003361],[-117.2510877,32.9003482],[-117.2510752,32.900357],[-117.2510537,32.9003654],[-117.2510261,32.9003687],[-117.2510004,32.9003679],[-117.2509798,32.9003627],[-117.2509608,32.9003503],[-117.2509498,32.9003342],[-117.250952,32.9003148],[-117.2509533,32.9003006],[-117.2509557,32.900285],[-117.2509506,32.9002658],[-117.2509408,32.900256],[-117.2509299,32.9002465],[-117.2509202,32.9002353],[-117.2509146,32.9002202],[-117.2509134,32.900203],[-117.2509168,32.9001867],[-117.2509165,32.9001739],[-117.2509093,32.9001617],[-117.2509012,32.9001454],[-117.2508962,32.9001299],[-117.2508961,32.9001133],[-117.2509033,32.9001033],[-117.2509142,32.9000927],[-117.2509281,32.9000879],[-117.2509454,32.900083],[-117.2509651,32.9000835],[-117.2509854,32.9000887],[-117.2510007,32.9000994],[-117.2510077,32.900113],[-117.2510067,32.9001264],[-117.250999,32.9001364],[-117.2509867,32.9001461],[-117.250972,32.9001549],[-117.2509654,32.9001692],[-117.2509696,32.9001874],[-117.2509796,32.9001997],[-117.2509937,32.9002003],[-117.251002,32.900192],[-117.2510149,32.9001871],[-117.25103,32.9001905],[-117.2510416,32.9001996],[-117.251047,32.9002148],[-117.2510464,32.9002335],[-117.2510412,32.9002472],[-117.2510343,32.9002571],[-117.2510249,32.900267],[-117.251012,32.9002799],[-117.2509997,32.9002876],[-117.2509956,32.9003027],[-117.2510018,32.9003146],[-117.2510162,32.9003192],[-117.2510303,32.9003155],[-117.2510398,32.900306]]]},"properties":{"course_id":"torrey_pines_south_san_diego","course_name":"Torrey Pines Golf Course South","hole_number":5,"feature_type":"bunker","name":"hole_5_bunker_2","feature-color":"#d4b483","is_approximate":true,"source":"osm","@id":"fc6b7a11-2db6-4b5c-9f63-2c2527b5136f","osm_id":35799841}},{"type":"Feature","bbox":[-117.2505826,32.898553,-117.2504963,32.8986016],"geometry":{"type":"Polygon","coordinates":[[[-117.2505826,32.8985666],[-117.250505,32.898553],[-117.2504963,32.8985881],[-117.2505739,32.8986016],[-117.2505826,32.8985666]]]},"properties":{"course_id":"torrey_pines_south_san_diego","course_name":"Torrey Pines Golf Course South","hole_number":3,"feature_type":"tee_box","name":"hole_3_tee_box_4","feature-color":"#8b7355","is_approximate":true,"source":"osm","@id":"a65cef9e-330e-49bb-a9d2-c332da900529","osm_id":35799913}},{"type":"Feature","bbox":[-117.2499871,32.8986399,-117.2498544,32.8987519],"geometry":{"type":"Polygon","coordinates":[[[-117.2499871,32.8986849],[-117.2499319,32.8987519],[-117.2498544,32.8987069],[-117.2499096,32.8986399],[-117.2499871,32.8986849]]]},"properties":{"course_id":"torrey_pines_south_san_diego","course_name":"Torrey Pines Golf Course South","hole_number":6,"feature_type":"tee_box","name":"hole_6_tee_box","feature-color":"#8b7355","is_approximate":true,"source":"osm","@id":"62b8c7dc-da06-4f4d-abc0-387fcd3c9bfc","osm_id":35799915}},{"type":"Feature","bbox":[-117.2499074,32.8987353,-117.2497701,32.8988429],"geometry":{"type":"Polygon","coordinates":[[[-117.2499074,32.8987902],[-117.2498636,32.8988429],[-117.2497701,32.898788],[-117.2498139,32.8987353],[-117.2499074,32.8987902]]]},"properties":{"course_id":"torrey_pines_south_san_diego","course_name":"Torrey Pines Golf Course South","hole_number":6,"feature_type":"tee_box","name":"hole_6_tee_box_2","feature-color":"#8b7355","is_approximate":true,"source":"osm","@id":"e3d5a7ff-9038-4f5b-9b76-5dde2b884a8e","osm_id":35799916}},{"type":"Feature","bbox":[-117.2498483,32.8988635,-117.2497502,32.8989547],"geometry":{"type":"Polygon","coordinates":[[[-117.2498483,32.898887],[-117.2498116,32.8989547],[-117.2497502,32.8989313],[-117.2497868,32.8988635],[-117.2498483,32.898887]]]},"properties":{"course_id":"torrey_pines_south_san_diego","course_name":"Torrey Pines Golf Course South","hole_number":6,"feature_type":"tee_box","name":"hole_6_tee_box_3","feature-color":"#8b7355","is_approximate":true,"source":"osm","@id":"377cb718-161a-42b9-ad48-625518bcbe36","osm_id":35799917}},{"type":"Feature","bbox":[-117.249795,32.8991268,-117.2495717,32.8994487],"geometry":{"type":"Polygon","coordinates":[[[-117.249795,32.8991542],[-117.2497155,32.8991268],[-117.2495717,32.8994213],[-117.2496513,32.8994487],[-117.249795,32.8991542]]]},"properties":{"course_id":"torrey_pines_south_san_diego","course_name":"Torrey Pines Golf Course South","hole_number":6,"feature_type":"tee_box","name":"hole_6_tee_box_4","feature-color":"#8b7355","is_approximate":true,"source":"osm","@id":"3be4c0b0-a31f-40a3-a049-8ae4c23ebf53","osm_id":35799918}},{"type":"Feature","bbox":[-117.2495753,32.8997587,-117.2494821,32.8998735],"geometry":{"type":"Polygon","coordinates":[[[-117.2495285,32.8997587],[-117.2495753,32.8997741],[-117.2495289,32.8998735],[-117.2494821,32.8998581],[-117.2495285,32.8997587]]]},"properties":{"course_id":"torrey_pines_south_san_diego","course_name":"Torrey Pines Golf Course South","hole_number":6,"feature_type":"tee_box","name":"hole_6_tee_box_5","feature-color":"#8b7355","is_approximate":true,"source":"osm","@id":"213ba6ec-91ed-48d1-8ffa-e63d135b35fc","osm_id":35799919}},{"type":"Feature","bbox":[-117.246756,32.9023488,-117.2464524,32.9025749],"geometry":{"type":"Polygon","coordinates":[[[-117.2466825,32.9023488],[-117.2466563,32.9023495],[-117.2466337,32.9023567],[-117.2466042,32.9023663],[-117.2465763,32.902375],[-117.2465495,32.9023846],[-117.2465267,32.9023945],[-117.2465066,32.9024074],[-117.2464917,32.9024223],[-117.246478,32.902441],[-117.246465,32.9024598],[-117.2464587,32.9024759],[-117.2464535,32.9024922],[-117.2464524,32.9025094],[-117.2464542,32.9025212],[-117.2464573,32.9025372],[-117.2464669,32.9025498],[-117.2464815,32.9025621],[-117.2464949,32.9025696],[-117.2465138,32.9025742],[-117.2465317,32.9025749],[-117.2465499,32.9025697],[-117.2465667,32.9025608],[-117.246586,32.9025529],[-117.246609,32.9025468],[-117.246632,32.9025422],[-117.2466566,32.9025338],[-117.2466741,32.9025232],[-117.2466896,32.9025072],[-117.2467066,32.9024873],[-117.2467243,32.9024656],[-117.246737,32.90245],[-117.2467471,32.9024336],[-117.2467542,32.9024221],[-117.246756,32.9024093],[-117.246755,32.9023935],[-117.2467461,32.902378],[-117.2467312,32.9023658],[-117.2467086,32.9023533],[-117.2466825,32.9023488]]]},"properties":{"course_id":"torrey_pines_south_san_diego","course_name":"Torrey Pines Golf Course South","hole_number":6,"feature_type":"green","name":"hole_6_green","feature-color":"#2d6e2d","is_approximate":true,"source":"osm","@id":"96803e5a-a6be-42bc-beac-e5c59cbca17d","osm_id":35799921}},{"type":"Feature","bbox":[-117.2489807,32.901122,-117.2487862,32.9012679],"geometry":{"type":"Polygon","coordinates":[[[-117.2488628,32.9011508],[-117.2488558,32.9011589],[-117.2488439,32.9011647],[-117.248836,32.9011711],[-117.2488292,32.9011798],[-117.2488212,32.9011891],[-117.24881,32.9011966],[-117.2487966,32.9012012],[-117.2487878,32.9012115],[-117.2487862,32.9012226],[-117.2487869,32.9012354],[-117.2487907,32.9012475],[-117.2487976,32.9012583],[-117.2488095,32.9012657],[-117.2488263,32.9012679],[-117.2488409,32.9012656],[-117.2488551,32.9012599],[-117.2488676,32.9012517],[-117.2488721,32.9012394],[-117.2488699,32.9012302],[-117.2488665,32.9012199],[-117.2488654,32.9012083],[-117.2488763,32.9012008],[-117.2488841,32.9011924],[-117.2488909,32.9011851],[-117.2489038,32.9011801],[-117.2489157,32.9011837],[-117.2489192,32.9011944],[-117.2489205,32.9012063],[-117.2489295,32.9012145],[-117.2489454,32.9012172],[-117.2489613,32.9012172],[-117.2489727,32.9012106],[-117.2489769,32.9012],[-117.2489807,32.9011887],[-117.2489797,32.9011756],[-117.2489748,32.9011634],[-117.248969,32.9011506],[-117.2489605,32.9011418],[-117.2489519,32.9011348],[-117.2489398,32.9011276],[-117.2489229,32.901122],[-117.2489069,32.9011227],[-117.2488918,32.901127],[-117.2488778,32.9011318],[-117.2488678,32.9011404],[-117.2488628,32.9011508]]]},"properties":{"course_id":"torrey_pines_south_san_diego","course_name":"Torrey Pines Golf Course South","hole_number":6,"feature_type":"bunker","name":"hole_6_bunker","feature-color":"#d4b483","is_approximate":true,"source":"osm","@id":"d55cfa36-4b1d-442a-b3e6-2a566e915190","osm_id":35799922}},{"type":"Feature","bbox":[-117.248772,32.9012765,-117.2486748,32.9013748],"geometry":{"type":"Polygon","coordinates":[[[-117.2487478,32.9012765],[-117.2487335,32.9012774],[-117.2487235,32.9012848],[-117.2487176,32.9012961],[-117.2487128,32.9013054],[-117.2487049,32.9013107],[-117.2486944,32.9013163],[-117.2486804,32.9013224],[-117.2486748,32.9013304],[-117.2486749,32.9013414],[-117.2486782,32.901352],[-117.2486848,32.9013608],[-117.2486953,32.9013672],[-117.2487086,32.9013721],[-117.2487227,32.9013748],[-117.2487377,32.9013715],[-117.2487484,32.9013655],[-117.2487565,32.9013555],[-117.2487629,32.9013401],[-117.248764,32.9013265],[-117.2487694,32.9013137],[-117.248772,32.9013009],[-117.2487697,32.9012904],[-117.2487596,32.9012804],[-117.2487478,32.9012765]]]},"properties":{"course_id":"torrey_pines_south_san_diego","course_name":"Torrey Pines Golf Course South","hole_number":6,"feature_type":"bunker","name":"hole_6_bunker_2","feature-color":"#d4b483","is_approximate":true,"source":"osm","@id":"d0d41000-984a-47b0-867f-088525e0bef5","osm_id":35799923}},{"type":"Feature","bbox":[-117.2486629,32.9013652,-117.2485118,32.9014944],"geometry":{"type":"Polygon","coordinates":[[[-117.2485955,32.9013653],[-117.2485854,32.9013706],[-117.2485769,32.9013794],[-117.2485723,32.9013895],[-117.2485706,32.9013987],[-117.2485661,32.9014099],[-117.2485589,32.9014172],[-117.2485492,32.901424],[-117.2485396,32.901431],[-117.2485291,32.9014374],[-117.2485222,32.9014447],[-117.2485161,32.9014535],[-117.2485118,32.9014649],[-117.2485147,32.9014774],[-117.2485192,32.9014849],[-117.2485281,32.9014913],[-117.248541,32.9014944],[-117.248556,32.9014926],[-117.2485684,32.9014863],[-117.2485739,32.9014769],[-117.248576,32.9014654],[-117.248575,32.9014546],[-117.2485749,32.9014437],[-117.2485799,32.9014377],[-117.2485884,32.9014341],[-117.2485995,32.9014359],[-117.2486067,32.9014416],[-117.2486119,32.9014484],[-117.2486177,32.9014548],[-117.2486291,32.9014562],[-117.2486412,32.9014517],[-117.2486507,32.9014438],[-117.2486584,32.9014349],[-117.2486629,32.9014238],[-117.2486604,32.9014114],[-117.2486563,32.9014012],[-117.2486488,32.9013918],[-117.2486409,32.9013836],[-117.248632,32.9013744],[-117.2486218,32.9013684],[-117.248609,32.9013652],[-117.2485955,32.9013653]]]},"properties":{"course_id":"torrey_pines_south_san_diego","course_name":"Torrey Pines Golf Course South","hole_number":6,"feature_type":"bunker","name":"hole_6_bunker_3","feature-color":"#d4b483","is_approximate":true,"source":"osm","@id":"5c990da4-c271-4cbc-a816-f98b52329942","osm_id":35799924}},{"type":"Feature","bbox":[-117.2484384,32.9015403,-117.2482633,32.9016671],"geometry":{"type":"Polygon","coordinates":[[[-117.2484132,32.9015415],[-117.2483944,32.9015403],[-117.2483753,32.9015447],[-117.2483579,32.9015509],[-117.2483426,32.90156],[-117.2483262,32.9015696],[-117.248312,32.90158],[-117.2482943,32.901594],[-117.2482808,32.9016052],[-117.2482693,32.9016196],[-117.2482633,32.9016349],[-117.2482666,32.9016493],[-117.2482794,32.9016615],[-117.2482952,32.9016671],[-117.2483124,32.9016669],[-117.2483251,32.9016619],[-117.2483355,32.9016472],[-117.2483425,32.9016325],[-117.2483488,32.9016236],[-117.2483587,32.9016139],[-117.2483732,32.9016076],[-117.2483914,32.9016097],[-117.2484072,32.9016115],[-117.2484208,32.9016052],[-117.2484292,32.9015963],[-117.2484364,32.9015821],[-117.2484384,32.9015711],[-117.2484333,32.9015574],[-117.2484255,32.9015498],[-117.2484132,32.9015415]]]},"properties":{"course_id":"torrey_pines_south_san_diego","course_name":"Torrey Pines Golf Course South","hole_number":6,"feature_type":"bunker","name":"hole_6_bunker_4","feature-color":"#d4b483","is_approximate":true,"source":"osm","@id":"af59ee8b-3c1a-4c15-9fc7-26305eff51f8","osm_id":35799925}},{"type":"Feature","bbox":[-117.2467012,32.9022515,-117.2464377,32.9024],"geometry":{"type":"Polygon","coordinates":[[[-117.2466938,32.9023089],[-117.2467005,32.9022981],[-117.2467012,32.9022861],[-117.2466965,32.9022766],[-117.2466877,32.902267],[-117.2466732,32.9022574],[-117.2466567,32.9022515],[-117.2466408,32.9022525],[-117.2466263,32.9022612],[-117.2466144,32.9022721],[-117.2466041,32.9022807],[-117.2465907,32.9022839],[-117.2465754,32.9022834],[-117.2465596,32.9022871],[-117.2465482,32.9022954],[-117.2465347,32.902301],[-117.2465176,32.9023027],[-117.2464989,32.9023036],[-117.2464848,32.90231],[-117.2464721,32.9023166],[-117.2464619,32.9023237],[-117.2464542,32.9023331],[-117.2464434,32.9023459],[-117.246438,32.9023595],[-117.2464377,32.9023711],[-117.2464426,32.9023829],[-117.2464497,32.9023924],[-117.2464599,32.9023977],[-117.2464746,32.9024],[-117.2464873,32.9023959],[-117.2464928,32.9023863],[-117.2465024,32.9023774],[-117.2465113,32.9023695],[-117.2465166,32.9023595],[-117.2465229,32.9023485],[-117.2465346,32.9023426],[-117.2465499,32.9023405],[-117.246567,32.9023383],[-117.2465864,32.9023393],[-117.2466,32.9023362],[-117.2466075,32.9023273],[-117.2466194,32.9023207],[-117.2466328,32.902318],[-117.2466462,32.9023233],[-117.2466654,32.9023253],[-117.2466814,32.9023192],[-117.2466938,32.9023089]]]},"properties":{"course_id":"torrey_pines_south_san_diego","course_name":"Torrey Pines Golf Course South","hole_number":6,"feature_type":"bunker","name":"hole_6_bunker_5","feature-color":"#d4b483","is_approximate":true,"source":"osm","@id":"3ee1f027-eec8-4402-849a-42c4f80b604b","osm_id":35800009}},{"type":"Feature","bbox":[-117.2468891,32.9024161,-117.2467334,32.902534],"geometry":{"type":"Polygon","coordinates":[[[-117.2467837,32.9024266],[-117.2467752,32.9024336],[-117.2467705,32.9024429],[-117.2467719,32.9024526],[-117.246783,32.9024583],[-117.2467973,32.9024601],[-117.2468022,32.9024668],[-117.2468015,32.9024744],[-117.2467953,32.9024778],[-117.2467856,32.9024769],[-117.2467741,32.9024735],[-117.246763,32.9024743],[-117.2467522,32.9024766],[-117.2467416,32.9024816],[-117.2467334,32.9024896],[-117.2467336,32.9025007],[-117.2467376,32.9025083],[-117.2467462,32.9025138],[-117.2467563,32.9025173],[-117.2467638,32.9025229],[-117.2467709,32.9025287],[-117.2467798,32.9025333],[-117.2467904,32.902534],[-117.2467997,32.9025311],[-117.2468053,32.902524],[-117.2468066,32.9025163],[-117.2468076,32.9025077],[-117.246815,32.9025014],[-117.2468243,32.9024999],[-117.2468343,32.9025039],[-117.2468459,32.9025048],[-117.2468569,32.9025014],[-117.2468689,32.9024961],[-117.2468777,32.9024856],[-117.2468849,32.9024739],[-117.2468891,32.9024638],[-117.2468891,32.9024533],[-117.2468838,32.9024425],[-117.246875,32.9024369],[-117.2468609,32.9024344],[-117.2468495,32.9024306],[-117.2468381,32.902426],[-117.2468306,32.9024195],[-117.2468171,32.9024161],[-117.2468053,32.9024169],[-117.2467927,32.9024198],[-117.2467837,32.9024266]]]},"properties":{"course_id":"torrey_pines_south_san_diego","course_name":"Torrey Pines Golf Course South","hole_number":6,"feature_type":"bunker","name":"hole_6_bunker_6","feature-color":"#d4b483","is_approximate":true,"source":"osm","@id":"d0636275-5c94-4847-9932-2d232e7b517d","osm_id":35800010}},{"type":"Feature","bbox":[-117.2461444,32.9024656,-117.246019,32.9027197],"geometry":{"type":"Polygon","coordinates":[[[-117.2461172,32.9027197],[-117.2461444,32.9024732],[-117.2460462,32.9024656],[-117.246019,32.9027121],[-117.2461172,32.9027197]]]},"properties":{"course_id":"torrey_pines_south_san_diego","course_name":"Torrey Pines Golf Course South","hole_number":7,"feature_type":"tee_box","name":"hole_7_tee_box","feature-color":"#8b7355","is_approximate":true,"source":"osm","@id":"bc95379a-02ef-434a-9189-0b1f963c35c3","osm_id":35837779}},{"type":"Feature","bbox":[-117.2463142,32.9003237,-117.2461404,32.9005957],"geometry":{"type":"Polygon","coordinates":[[[-117.2462142,32.9005865],[-117.2462201,32.9005744],[-117.2462295,32.9005615],[-117.2462359,32.9005486],[-117.2462389,32.9005334],[-117.2462407,32.9005175],[-117.2462488,32.9005077],[-117.2462591,32.9004942],[-117.2462658,32.9004784],[-117.2462702,32.9004597],[-117.2462708,32.9004442],[-117.2462731,32.9004296],[-117.2462792,32.9004144],[-117.2462885,32.9004021],[-117.2462999,32.9003924],[-117.2463084,32.9003797],[-117.2463129,32.9003639],[-117.2463142,32.9003495],[-117.2463078,32.9003347],[-117.2462967,32.9003278],[-117.2462839,32.9003237],[-117.2462621,32.9003251],[-117.2462443,32.9003318],[-117.2462315,32.9003408],[-117.2462245,32.9003575],[-117.2462314,32.9003727],[-117.2462426,32.9003909],[-117.2462417,32.9004106],[-117.2462301,32.900418],[-117.2462155,32.9004156],[-117.2462013,32.9004095],[-117.2461858,32.9004102],[-117.2461735,32.9004194],[-117.2461703,32.9004346],[-117.2461753,32.9004513],[-117.2461849,32.9004635],[-117.246193,32.9004741],[-117.2461925,32.9004877],[-117.2461839,32.9004938],[-117.2461716,32.9004937],[-117.2461606,32.9004882],[-117.2461488,32.9004909],[-117.246143,32.9005001],[-117.2461426,32.9005124],[-117.2461472,32.9005256],[-117.2461494,32.9005403],[-117.2461452,32.900553],[-117.2461404,32.9005662],[-117.2461477,32.9005781],[-117.2461609,32.9005897],[-117.2461812,32.9005957],[-117.2462004,32.9005926],[-117.2462142,32.9005865]]]},"properties":{"course_id":"torrey_pines_south_san_diego","course_name":"Torrey Pines Golf Course South","hole_number":7,"feature_type":"bunker","name":"hole_7_bunker","feature-color":"#d4b483","is_approximate":true,"source":"osm","@id":"c3f1285b-a039-450f-affb-9feee31dac40","osm_id":35837781}},{"type":"Feature","bbox":[-117.2475836,32.8993353,-117.2472337,32.8995247],"geometry":{"type":"Polygon","coordinates":[[[-117.247316,32.8994383],[-117.2473095,32.8994206],[-117.2472933,32.8994148],[-117.2472722,32.899417],[-117.2472544,32.8994254],[-117.2472394,32.8994365],[-117.2472337,32.8994534],[-117.24724,32.8994722],[-117.2472515,32.8994872],[-117.2472645,32.8994994],[-117.2472821,32.8995153],[-117.2472996,32.8995222],[-117.2473226,32.8995247],[-117.2473483,32.899523],[-117.2473662,32.8995198],[-117.2473852,32.8995115],[-117.2473996,32.8994985],[-117.247409,32.8994836],[-117.2474197,32.8994707],[-117.2474303,32.8994658],[-117.247438,32.8994588],[-117.2474458,32.8994485],[-117.2474555,32.8994327],[-117.2474657,32.8994304],[-117.2474796,32.8994321],[-117.247499,32.8994337],[-117.2475279,32.8994285],[-117.2475518,32.8994195],[-117.2475727,32.8994036],[-117.2475817,32.8993851],[-117.2475836,32.8993722],[-117.2475829,32.8993599],[-117.2475751,32.8993463],[-117.2475647,32.8993378],[-117.2475427,32.8993353],[-117.2475232,32.8993403],[-117.2475092,32.899349],[-117.2475062,32.8993635],[-117.247507,32.8993781],[-117.2474993,32.8993867],[-117.247489,32.8993905],[-117.247477,32.8993867],[-117.2474682,32.8993764],[-117.2474565,32.8993698],[-117.2474376,32.8993697],[-117.2474163,32.8993758],[-117.2473972,32.8993826],[-117.2473757,32.89939],[-117.2473644,32.8994012],[-117.2473628,32.8994168],[-117.2473705,32.8994312],[-117.2473718,32.8994462],[-117.2473632,32.8994552],[-117.2473521,32.8994574],[-117.2473352,32.8994552],[-117.2473251,32.8994497],[-117.247316,32.8994383]]]},"properties":{"course_id":"torrey_pines_south_san_diego","course_name":"Torrey Pines Golf Course South","hole_number":7,"feature_type":"bunker","name":"hole_7_bunker_2","feature-color":"#d4b483","is_approximate":true,"source":"osm","@id":"74a18cfe-5878-4155-be23-8bad7fe9a8a7","osm_id":35837782}},{"type":"Feature","bbox":[-117.247581,32.8991946,-117.2472081,32.8993847],"geometry":{"type":"Polygon","coordinates":[[[-117.2472112,32.8993082],[-117.2472081,32.8993299],[-117.2472131,32.8993423],[-117.2472207,32.8993545],[-117.247234,32.8993659],[-117.2472533,32.8993772],[-117.2472812,32.8993845],[-117.2473069,32.8993847],[-117.247327,32.89938],[-117.2473575,32.8993702],[-117.2473828,32.8993597],[-117.2474107,32.8993499],[-117.2474384,32.8993408],[-117.2474584,32.8993352],[-117.2474872,32.8993281],[-117.2475163,32.8993197],[-117.2475423,32.8993109],[-117.247559,32.8993012],[-117.2475699,32.8992904],[-117.2475768,32.8992803],[-117.247581,32.8992669],[-117.2475802,32.8992493],[-117.2475728,32.8992301],[-117.247562,32.8992197],[-117.2475444,32.8992116],[-117.2475162,32.8992061],[-117.2474842,32.8992036],[-117.24746,32.8991998],[-117.2474292,32.8991966],[-117.2473998,32.8991946],[-117.247359,32.8991957],[-117.2473317,32.899202],[-117.2473072,32.8992121],[-117.247287,32.8992287],[-117.2472641,32.8992469],[-117.2472384,32.8992652],[-117.2472182,32.8992858],[-117.2472112,32.8993082]]]},"properties":{"course_id":"torrey_pines_south_san_diego","course_name":"Torrey Pines Golf Course South","hole_number":7,"feature_type":"green","name":"hole_7_green","feature-color":"#2d6e2d","is_approximate":true,"source":"osm","@id":"60d5a24b-ae37-4cf8-810b-def381f44207","osm_id":35837783}},{"type":"Feature","bbox":[-117.2470173,32.8990181,-117.2466833,32.8992036],"geometry":{"type":"Polygon","coordinates":[[[-117.2470173,32.8991182],[-117.2469758,32.8990181],[-117.2466833,32.8991036],[-117.2467248,32.8992036],[-117.2470173,32.8991182]]]},"properties":{"course_id":"torrey_pines_south_san_diego","course_name":"Torrey Pines Golf Course South","hole_number":8,"feature_type":"tee_box","name":"hole_8_tee_box","feature-color":"#8b7355","is_approximate":true,"source":"osm","@id":"578a83d0-4d7e-4665-a9e4-7dce10d884b3","osm_id":35974260}},{"type":"Feature","bbox":[-117.2456179,32.8993996,-117.2453557,32.8996589],"geometry":{"type":"Polygon","coordinates":[[[-117.2454152,32.8995754],[-117.2454215,32.8995916],[-117.2454308,32.8996112],[-117.2454415,32.8996243],[-117.245453,32.8996348],[-117.2454607,32.8996378],[-117.245481,32.8996469],[-117.2455127,32.8996556],[-117.2455357,32.8996589],[-117.2455541,32.8996584],[-117.2455741,32.8996531],[-117.2455878,32.8996471],[-117.2455984,32.8996389],[-117.2456099,32.8996234],[-117.245616,32.8996041],[-117.2456179,32.8995922],[-117.2456167,32.8995805],[-117.2456116,32.8995683],[-117.2455991,32.8995542],[-117.2455873,32.8995405],[-117.2455789,32.8995284],[-117.2455729,32.8995181],[-117.2455693,32.8995062],[-117.2455668,32.8994902],[-117.245564,32.8994714],[-117.2455625,32.8994576],[-117.2455581,32.899442],[-117.2455475,32.8994285],[-117.2455287,32.899416],[-117.2455163,32.8994084],[-117.245502,32.8994027],[-117.245488,32.8993996],[-117.2454614,32.8994055],[-117.2454381,32.8994143],[-117.2454121,32.8994257],[-117.2453932,32.8994345],[-117.2453797,32.8994425],[-117.2453689,32.8994519],[-117.2453598,32.8994642],[-117.2453561,32.8994748],[-117.2453557,32.8994871],[-117.2453602,32.8994984],[-117.2453727,32.8995158],[-117.2453871,32.8995315],[-117.2454023,32.8995515],[-117.2454152,32.8995754]]]},"properties":{"course_id":"torrey_pines_south_san_diego","course_name":"Torrey Pines Golf Course South","hole_number":8,"feature_type":"green","name":"hole_8_green","feature-color":"#2d6e2d","is_approximate":true,"source":"osm","@id":"6a673116-310a-4abf-b522-c382bcc11b68","osm_id":35974267}},{"type":"Feature","bbox":[-117.2453992,32.8995325,-117.2452718,32.8996426],"geometry":{"type":"Polygon","coordinates":[[[-117.2453327,32.8995347],[-117.2453162,32.899542],[-117.2453032,32.8995515],[-117.2452871,32.8995617],[-117.2452769,32.8995721],[-117.2452718,32.8995857],[-117.245274,32.8996035],[-117.2452857,32.8996259],[-117.2452944,32.8996375],[-117.2453044,32.8996416],[-117.2453164,32.8996426],[-117.2453314,32.8996406],[-117.2453485,32.899638],[-117.2453665,32.8996383],[-117.2453825,32.8996383],[-117.2453924,32.8996324],[-117.2453984,32.8996236],[-117.2453992,32.8996109],[-117.2453971,32.8995956],[-117.2453906,32.899578],[-117.2453801,32.8995612],[-117.2453716,32.899551],[-117.245361,32.8995404],[-117.2453468,32.8995325],[-117.2453327,32.8995347]]]},"properties":{"course_id":"torrey_pines_south_san_diego","course_name":"Torrey Pines Golf Course South","hole_number":8,"feature_type":"bunker","name":"hole_8_bunker","feature-color":"#d4b483","is_approximate":true,"source":"osm","@id":"3a5a1f33-ac7c-435f-993a-d502252292b1","osm_id":35974269}},{"type":"Feature","bbox":[-117.2458137,32.8994007,-117.2455974,32.8995766],"geometry":{"type":"Polygon","coordinates":[[[-117.2456007,32.8994895],[-117.2455974,32.8995037],[-117.2456,32.8995188],[-117.2456089,32.8995325],[-117.2456245,32.8995444],[-117.2456433,32.8995544],[-117.2456638,32.8995572],[-117.2456843,32.899553],[-117.2457008,32.8995432],[-117.2457086,32.8995275],[-117.2457206,32.8995202],[-117.2457376,32.8995202],[-117.245751,32.8995285],[-117.2457517,32.899541],[-117.2457449,32.8995537],[-117.2457489,32.8995635],[-117.2457571,32.8995707],[-117.245766,32.8995755],[-117.2457773,32.8995766],[-117.2457897,32.8995747],[-117.2458019,32.8995684],[-117.2458094,32.8995566],[-117.2458137,32.8995424],[-117.2458101,32.8995304],[-117.2458013,32.8995167],[-117.2457853,32.8995053],[-117.2457726,32.8994907],[-117.2457693,32.8994708],[-117.2457745,32.8994518],[-117.245779,32.8994362],[-117.245777,32.8994205],[-117.2457675,32.899412],[-117.2457507,32.8994033],[-117.245731,32.8994007],[-117.2457103,32.8994063],[-117.2456954,32.8994138],[-117.2456866,32.8994254],[-117.2456875,32.8994409],[-117.2457024,32.8994485],[-117.2457132,32.8994585],[-117.2457135,32.8994714],[-117.2457029,32.8994804],[-117.2456899,32.8994847],[-117.2456735,32.8994792],[-117.2456574,32.8994699],[-117.2456397,32.8994686],[-117.2456214,32.8994703],[-117.2456106,32.8994782],[-117.2456007,32.8994895]]]},"properties":{"course_id":"torrey_pines_south_san_diego","course_name":"Torrey Pines Golf Course South","hole_number":8,"feature_type":"bunker","name":"hole_8_bunker_2","feature-color":"#d4b483","is_approximate":true,"source":"osm","@id":"45f04d79-5ba5-4db3-9626-3195c65690e5","osm_id":35974273}},{"type":"Feature","bbox":[-117.2444158,32.8990776,-117.2442892,32.899376],"geometry":{"type":"Polygon","coordinates":[[[-117.2444158,32.8993698],[-117.2443907,32.8990776],[-117.2442892,32.8990837],[-117.2443142,32.899376],[-117.2444158,32.8993698]]]},"properties":{"course_id":"torrey_pines_south_san_diego","course_name":"Torrey Pines Golf Course South","hole_number":9,"feature_type":"tee_box","name":"hole_9_tee_box","feature-color":"#8b7355","is_approximate":true,"source":"osm","@id":"3d86ef0d-ca06-4fd4-88df-40e9d01df1ae","osm_id":35974373}},{"type":"Feature","bbox":[-117.244208,32.8986586,-117.244162,32.8987315],"geometry":{"type":"Polygon","coordinates":[[[-117.244208,32.8987297],[-117.2442036,32.8986586],[-117.244162,32.8986604],[-117.2441664,32.8987315],[-117.244208,32.8987297]]]},"properties":{"course_id":"torrey_pines_south_san_diego","course_name":"Torrey Pines Golf Course South","hole_number":9,"feature_type":"tee_box","name":"hole_9_tee_box_2","feature-color":"#8b7355","is_approximate":true,"source":"osm","@id":"dc7af587-c9d9-48fc-beb3-c06bc297b62f","osm_id":35974374}},{"type":"Feature","bbox":[-117.244048,32.8948038,-117.243819,32.8950665],"geometry":{"type":"Polygon","coordinates":[[[-117.243935,32.8950536],[-117.2439496,32.8950631],[-117.2439688,32.8950665],[-117.2439839,32.8950659],[-117.2440025,32.8950603],[-117.244017,32.8950516],[-117.244024,32.8950328],[-117.2440283,32.8950169],[-117.2440312,32.8950012],[-117.2440365,32.8949798],[-117.2440407,32.8949678],[-117.2440436,32.8949533],[-117.2440465,32.8949403],[-117.244048,32.894926],[-117.2440434,32.8949086],[-117.2440318,32.8948927],[-117.2440106,32.8948802],[-117.2439835,32.8948656],[-117.2439599,32.8948505],[-117.2439431,32.8948352],[-117.2439277,32.8948153],[-117.2439054,32.8948047],[-117.2438777,32.8948038],[-117.2438595,32.8948094],[-117.2438459,32.8948163],[-117.2438326,32.8948315],[-117.243823,32.8948475],[-117.243819,32.894868],[-117.243825,32.8948922],[-117.2438371,32.8949068],[-117.2438542,32.8949252],[-117.2438629,32.8949379],[-117.2438697,32.8949557],[-117.2438755,32.8949783],[-117.2438872,32.8949951],[-117.2438982,32.895008],[-117.2439125,32.895026],[-117.2439241,32.8950386],[-117.243935,32.8950536]]]},"properties":{"course_id":"torrey_pines_south_san_diego","course_name":"Torrey Pines Golf Course South","hole_number":9,"feature_type":"green","name":"hole_9_green","feature-color":"#2d6e2d","is_approximate":true,"source":"osm","@id":"e98e15eb-8998-421b-9468-f65e3212d23a","osm_id":35974377}},{"type":"Feature","bbox":[-117.2443951,32.897083,-117.2442839,32.8972762],"geometry":{"type":"Polygon","coordinates":[[[-117.244379,32.8972458],[-117.2443737,32.897255],[-117.2443664,32.8972638],[-117.2443573,32.8972709],[-117.2443446,32.8972748],[-117.2443321,32.8972755],[-117.2443199,32.8972762],[-117.2443107,32.8972741],[-117.2443015,32.8972687],[-117.2442943,32.897261],[-117.2442894,32.8972516],[-117.244289,32.897241],[-117.2442921,32.8972334],[-117.244299,32.897228],[-117.2443064,32.897223],[-117.2443121,32.8972174],[-117.2443135,32.8972113],[-117.2443121,32.8972041],[-117.2443096,32.897197],[-117.244304,32.8971895],[-117.2442984,32.8971822],[-117.2442917,32.8971735],[-117.2442866,32.8971631],[-117.2442839,32.8971535],[-117.2442845,32.8971423],[-117.2442867,32.8971303],[-117.2442921,32.8971204],[-117.2442997,32.8971095],[-117.2443071,32.8970986],[-117.2443217,32.8970899],[-117.2443378,32.897083],[-117.2443585,32.8970833],[-117.2443765,32.8970894],[-117.2443892,32.8971001],[-117.2443951,32.8971141],[-117.2443924,32.8971268],[-117.2443863,32.8971356],[-117.2443784,32.8971402],[-117.244368,32.8971459],[-117.2443635,32.8971532],[-117.2443666,32.897161],[-117.2443742,32.897165],[-117.2443821,32.8971681],[-117.2443883,32.8971732],[-117.2443897,32.8971816],[-117.2443861,32.8971895],[-117.2443801,32.8971951],[-117.2443731,32.8972005],[-117.2443666,32.8972063],[-117.2443622,32.8972099],[-117.2443589,32.8972152],[-117.244362,32.897222],[-117.244369,32.8972241],[-117.2443784,32.8972254],[-117.2443835,32.8972303],[-117.2443826,32.8972374],[-117.244379,32.8972458]]]},"properties":{"course_id":"torrey_pines_south_san_diego","course_name":"Torrey Pines Golf Course South","hole_number":9,"feature_type":"bunker","name":"hole_9_bunker","feature-color":"#d4b483","is_approximate":true,"source":"osm","@id":"7f5df2f7-7908-44f3-a72d-d572c4b0bd8c","osm_id":35974415}},{"type":"Feature","bbox":[-117.2439767,32.8971432,-117.2438987,32.8972494],"geometry":{"type":"Polygon","coordinates":[[[-117.2439061,32.8971538],[-117.243902,32.8971615],[-117.2438997,32.8971722],[-117.2438987,32.8971843],[-117.243899,32.8971979],[-117.2438992,32.8972124],[-117.2438998,32.8972241],[-117.2439032,32.8972338],[-117.2439096,32.8972411],[-117.2439175,32.8972457],[-117.2439263,32.8972494],[-117.2439389,32.8972489],[-117.2439526,32.8972487],[-117.2439626,32.8972445],[-117.2439717,32.8972389],[-117.2439745,32.8972295],[-117.2439755,32.897221],[-117.2439764,32.8972111],[-117.2439767,32.8972009],[-117.2439765,32.8971912],[-117.2439758,32.897181],[-117.2439752,32.8971704],[-117.2439701,32.8971614],[-117.2439623,32.8971542],[-117.2439524,32.8971484],[-117.2439403,32.8971433],[-117.2439258,32.8971432],[-117.2439144,32.8971472],[-117.2439061,32.8971538]]]},"properties":{"course_id":"torrey_pines_south_san_diego","course_name":"Torrey Pines Golf Course South","hole_number":9,"feature_type":"bunker","name":"hole_9_bunker_2","feature-color":"#d4b483","is_approximate":true,"source":"osm","@id":"9db6ac89-0c1e-4aa7-85a2-fa0103b27f23","osm_id":35974416}},{"type":"Feature","bbox":[-117.2440025,32.8973289,-117.2439001,32.8974831],"geometry":{"type":"Polygon","coordinates":[[[-117.2439711,32.8973381],[-117.2439539,32.8973309],[-117.2439383,32.8973289],[-117.2439221,32.897331],[-117.2439131,32.8973387],[-117.243909,32.8973471],[-117.2439088,32.8973609],[-117.2439085,32.8973737],[-117.2439016,32.8973846],[-117.2439001,32.8973975],[-117.2439056,32.8974121],[-117.243913,32.8974237],[-117.2439261,32.8974331],[-117.2439328,32.8974446],[-117.2439374,32.8974554],[-117.243937,32.8974678],[-117.2439443,32.8974773],[-117.2439568,32.8974827],[-117.2439748,32.8974831],[-117.2439905,32.8974781],[-117.2440009,32.8974702],[-117.2440025,32.8974558],[-117.2439982,32.8974402],[-117.2439951,32.8974303],[-117.2439929,32.8974148],[-117.2439959,32.8974042],[-117.2439974,32.8973888],[-117.2439945,32.8973754],[-117.2439922,32.8973658],[-117.2439871,32.897354],[-117.2439806,32.8973459],[-117.2439711,32.8973381]]]},"properties":{"course_id":"torrey_pines_south_san_diego","course_name":"Torrey Pines Golf Course South","hole_number":9,"feature_type":"bunker","name":"hole_9_bunker_3","feature-color":"#d4b483","is_approximate":true,"source":"osm","@id":"4fa5b0cb-a041-4978-aaf7-f7a99a7278ce","osm_id":35974417}},{"type":"Feature","bbox":[-117.2466567,32.9025648,-117.246564,32.9026335],"geometry":{"type":"Polygon","coordinates":[[[-117.246611,32.9026287],[-117.2466159,32.9026213],[-117.2466216,32.9026139],[-117.246633,32.9026085],[-117.2466406,32.9026064],[-117.2466487,32.902603],[-117.2466542,32.9025988],[-117.2466566,32.9025914],[-117.2466567,32.9025824],[-117.2466539,32.9025734],[-117.2466474,32.902568],[-117.246637,32.9025651],[-117.246626,32.9025648],[-117.2466168,32.9025657],[-117.2466015,32.9025691],[-117.2465862,32.9025762],[-117.2465753,32.902584],[-117.2465671,32.9025947],[-117.246564,32.9026068],[-117.2465678,32.9026176],[-117.2465739,32.9026243],[-117.2465823,32.9026305],[-117.2465903,32.9026335],[-117.2466003,32.9026329],[-117.246611,32.9026287]]]},"properties":{"course_id":"torrey_pines_south_san_diego","course_name":"Torrey Pines Golf Course South","hole_number":6,"feature_type":"bunker","name":"hole_6_bunker_7","feature-color":"#d4b483","is_approximate":true,"source":"osm","@id":"4048b094-0317-4782-8bc8-fe2df41ce9d2","osm_id":395703206}},{"type":"Feature","bbox":[-117.243456,32.8946245,-117.2433034,32.8949184],"geometry":{"type":"Polygon","coordinates":[[[-117.2434283,32.8949184],[-117.243456,32.894633],[-117.2433311,32.8946245],[-117.2433034,32.8949098],[-117.2434283,32.8949184]]]},"properties":{"course_id":"torrey_pines_south_san_diego","course_name":"Torrey Pines Golf Course South","hole_number":10,"feature_type":"tee_box","name":"hole_10_tee_box","feature-color":"#8b7355","is_approximate":true,"source":"osm","@id":"b02d3a02-11bb-4afc-a4c0-766b54f6c281","osm_id":395703578}},{"type":"Feature","bbox":[-117.2435422,32.8951787,-117.2434741,32.8952616],"geometry":{"type":"Polygon","coordinates":[[[-117.24353,32.8952616],[-117.2435422,32.895185],[-117.2434863,32.8951787],[-117.2434741,32.8952553],[-117.24353,32.8952616]]]},"properties":{"course_id":"torrey_pines_south_san_diego","course_name":"Torrey Pines Golf Course South","hole_number":10,"feature_type":"tee_box","name":"hole_10_tee_box_2","feature-color":"#8b7355","is_approximate":true,"source":"osm","@id":"685aba9b-1e31-47e4-b6b1-bb7b0d0f8fe9","osm_id":395703579}},{"type":"Feature","bbox":[-117.2437591,32.8927707,-117.2436665,32.8929223],"geometry":{"type":"Polygon","coordinates":[[[-117.2436772,32.8928564],[-117.2436701,32.8928714],[-117.2436665,32.8928908],[-117.2436744,32.8929076],[-117.2436874,32.8929182],[-117.2437151,32.8929223],[-117.2437328,32.8929199],[-117.2437405,32.892911],[-117.2437454,32.8928987],[-117.2437451,32.8928864],[-117.2437423,32.8928717],[-117.2437452,32.8928594],[-117.2437526,32.8928472],[-117.2437566,32.8928323],[-117.2437591,32.8928136],[-117.2437566,32.8927951],[-117.2437478,32.8927844],[-117.2437315,32.8927739],[-117.2437115,32.8927707],[-117.2436942,32.8927785],[-117.2436798,32.8927884],[-117.2436728,32.8928088],[-117.2436779,32.8928236],[-117.243683,32.8928419],[-117.2436772,32.8928564]]]},"properties":{"course_id":"torrey_pines_south_san_diego","course_name":"Torrey Pines Golf Course South","hole_number":10,"feature_type":"bunker","name":"hole_10_bunker","feature-color":"#d4b483","is_approximate":true,"source":"osm","@id":"d20be770-31da-4e1b-9108-4605ba4b4fe4","osm_id":395703580}},{"type":"Feature","bbox":[-117.2435855,32.8916792,-117.2433431,32.8919317],"geometry":{"type":"Polygon","coordinates":[[[-117.243476,32.8919273],[-117.2434923,32.8919181],[-117.243503,32.8919096],[-117.2435127,32.8919018],[-117.2435267,32.891891],[-117.2435373,32.8918774],[-117.2435441,32.8918602],[-117.2435484,32.8918406],[-117.2435531,32.8918267],[-117.243562,32.8918145],[-117.2435737,32.8917942],[-117.2435825,32.8917748],[-117.2435855,32.8917534],[-117.2435833,32.8917346],[-117.2435771,32.891717],[-117.243568,32.891704],[-117.2435557,32.891695],[-117.2435421,32.8916875],[-117.2435259,32.8916826],[-117.2435076,32.8916801],[-117.2434904,32.8916792],[-117.2434629,32.8916804],[-117.2434349,32.8916838],[-117.2434116,32.8916885],[-117.2433843,32.8916948],[-117.2433652,32.8917022],[-117.2433515,32.8917129],[-117.243344,32.8917258],[-117.2433431,32.8917408],[-117.2433486,32.891755],[-117.2433564,32.8917734],[-117.2433641,32.8917913],[-117.243369,32.8918059],[-117.2433705,32.8918183],[-117.2433715,32.8918323],[-117.2433711,32.8918473],[-117.2433707,32.8918622],[-117.2433735,32.891879],[-117.2433778,32.8918979],[-117.2433855,32.8919101],[-117.2433997,32.8919194],[-117.2434103,32.8919239],[-117.2434236,32.8919284],[-117.2434409,32.8919313],[-117.2434582,32.8919317],[-117.243476,32.8919273]]]},"properties":{"course_id":"torrey_pines_south_san_diego","course_name":"Torrey Pines Golf Course South","hole_number":10,"feature_type":"green","name":"hole_10_green","feature-color":"#2d6e2d","is_approximate":true,"source":"osm","@id":"aa5e5ef0-dc01-4b39-90f9-4ff0c43a2821","osm_id":395703582}},{"type":"Feature","bbox":[-117.2435329,32.8911523,-117.243263,32.8913329],"geometry":{"type":"Polygon","coordinates":[[[-117.2433106,32.8913329],[-117.2435329,32.8912689],[-117.2434854,32.8911523],[-117.243263,32.8912163],[-117.2433106,32.8913329]]]},"properties":{"course_id":"torrey_pines_south_san_diego","course_name":"Torrey Pines Golf Course South","hole_number":11,"feature_type":"tee_box","name":"hole_11_tee_box","feature-color":"#8b7355","is_approximate":true,"source":"osm","@id":"c23b4df9-e9fe-4202-ba2b-f16ed2630689","osm_id":395703583}},{"type":"Feature","bbox":[-117.243798,32.8910581,-117.243621,32.8912262],"geometry":{"type":"Polygon","coordinates":[[[-117.243681,32.8912262],[-117.243798,32.8911881],[-117.243738,32.8910581],[-117.243621,32.8910962],[-117.243681,32.8912262]]]},"properties":{"course_id":"torrey_pines_south_san_diego","course_name":"Torrey Pines Golf Course South","hole_number":11,"feature_type":"tee_box","name":"hole_11_tee_box_2","feature-color":"#8b7355","is_approximate":true,"source":"osm","@id":"21c07bcc-5389-4f7c-8457-2944f64eb9f4","osm_id":395703584}},{"type":"Feature","bbox":[-117.2453593,32.8905816,-117.2450257,32.8907713],"geometry":{"type":"Polygon","coordinates":[[[-117.2452718,32.8907658],[-117.2452929,32.8907705],[-117.2453153,32.8907713],[-117.2453303,32.8907677],[-117.2453428,32.8907609],[-117.245353,32.8907506],[-117.245358,32.8907383],[-117.2453593,32.8907246],[-117.245355,32.8907086],[-117.2453428,32.8906835],[-117.2453352,32.8906655],[-117.2453309,32.8906489],[-117.2453246,32.8906303],[-117.2453188,32.8906144],[-117.2453127,32.8906037],[-117.2453044,32.8905952],[-117.2452925,32.8905871],[-117.2452747,32.8905828],[-117.2452592,32.8905816],[-117.2452435,32.8905845],[-117.2452308,32.8905912],[-117.245215,32.8905978],[-117.2451929,32.8906022],[-117.2451736,32.890604],[-117.2451525,32.8906053],[-117.2451344,32.8906064],[-117.2451169,32.8906088],[-117.245102,32.8906153],[-117.2450874,32.8906253],[-117.2450706,32.8906376],[-117.2450555,32.8906511],[-117.2450458,32.8906606],[-117.245036,32.89067],[-117.2450257,32.8906906],[-117.2450269,32.8907046],[-117.2450294,32.8907157],[-117.2450411,32.8907288],[-117.245049,32.8907365],[-117.2450603,32.8907416],[-117.2450738,32.8907451],[-117.2450911,32.8907432],[-117.2451151,32.8907405],[-117.2451371,32.8907359],[-117.2451577,32.8907333],[-117.2451849,32.8907348],[-117.245203,32.8907373],[-117.2452281,32.8907471],[-117.2452497,32.8907562],[-117.2452718,32.8907658]]]},"properties":{"course_id":"torrey_pines_south_san_diego","course_name":"Torrey Pines Golf Course South","hole_number":11,"feature_type":"green","name":"hole_11_green","feature-color":"#2d6e2d","is_approximate":true,"source":"osm","@id":"ac8c19e7-7ff3-4896-ad6c-144fbf514cd5","osm_id":395703585}},{"type":"Feature","bbox":[-117.2452604,32.890286,-117.2451391,32.8903735],"geometry":{"type":"Polygon","coordinates":[[[-117.245236,32.8903735],[-117.2452604,32.8903141],[-117.2451635,32.890286],[-117.2451391,32.8903454],[-117.245236,32.8903735]]]},"properties":{"course_id":"torrey_pines_south_san_diego","course_name":"Torrey Pines Golf Course South","hole_number":12,"feature_type":"tee_box","name":"hole_12_tee_box","feature-color":"#8b7355","is_approximate":true,"source":"osm","@id":"e5c6c116-8e60-4197-a50f-49c5b583c256","osm_id":395703590}},{"type":"Feature","bbox":[-117.245854,32.8902945,-117.2455641,32.890484],"geometry":{"type":"Polygon","coordinates":[[[-117.2458026,32.890484],[-117.245854,32.8903708],[-117.2456155,32.8902945],[-117.2455641,32.8904077],[-117.2458026,32.890484]]]},"properties":{"course_id":"torrey_pines_south_san_diego","course_name":"Torrey Pines Golf Course South","hole_number":12,"feature_type":"tee_box","name":"hole_12_tee_box_2","feature-color":"#8b7355","is_approximate":true,"source":"osm","@id":"ee158a51-e38b-4631-b90d-a010506e2472","osm_id":395703591}},{"type":"Feature","bbox":[-117.2498564,32.8918362,-117.249527,32.8920532],"geometry":{"type":"Polygon","coordinates":[[[-117.2497767,32.8920532],[-117.2497929,32.8920485],[-117.2498091,32.892042],[-117.2498279,32.8920282],[-117.2498416,32.8920099],[-117.2498494,32.8919892],[-117.249853,32.8919637],[-117.249856,32.8919402],[-117.2498564,32.8919073],[-117.2498508,32.8918838],[-117.2498402,32.891864],[-117.2498219,32.8918474],[-117.2498006,32.8918388],[-117.2497822,32.8918362],[-117.2497635,32.8918383],[-117.2497417,32.8918444],[-117.2497203,32.8918504],[-117.2497017,32.8918558],[-117.2496848,32.8918583],[-117.249667,32.8918576],[-117.2496439,32.8918575],[-117.2496198,32.8918601],[-117.2495942,32.8918662],[-117.249562,32.8918752],[-117.249549,32.8918839],[-117.249539,32.8918946],[-117.249532,32.8919061],[-117.249527,32.8919229],[-117.249529,32.8919374],[-117.2495329,32.8919579],[-117.2495489,32.8919749],[-117.2495666,32.8919908],[-117.2495789,32.8920033],[-117.249595,32.892016],[-117.2496091,32.8920251],[-117.2496213,32.892035],[-117.2496357,32.8920394],[-117.2496512,32.8920409],[-117.2496636,32.8920421],[-117.249679,32.8920407],[-117.2496943,32.8920422],[-117.2497125,32.8920456],[-117.2497259,32.8920476],[-117.2497375,32.8920495],[-117.2497603,32.8920532],[-117.2497767,32.8920532]]]},"properties":{"course_id":"torrey_pines_south_san_diego","course_name":"Torrey Pines Golf Course South","hole_number":12,"feature_type":"green","name":"hole_12_green","feature-color":"#2d6e2d","is_approximate":true,"source":"osm","@id":"075b0bda-a1ac-453e-9845-2858de7c989b","osm_id":395703596}},{"type":"Feature","bbox":[-117.2499238,32.8923616,-117.2496506,32.8925024],"geometry":{"type":"Polygon","coordinates":[[[-117.2498993,32.8925024],[-117.2499238,32.8924063],[-117.2496751,32.8923616],[-117.2496506,32.8924577],[-117.2498993,32.8925024]]]},"properties":{"course_id":"torrey_pines_south_san_diego","course_name":"Torrey Pines Golf Course South","hole_number":12,"feature_type":"tee_box","name":"hole_12_tee_box_3","feature-color":"#8b7355","is_approximate":true,"source":"osm","@id":"a3b78eae-782f-4985-8d5c-41bb869414bb","osm_id":395704254}},{"type":"Feature","bbox":[-117.2500764,32.8924423,-117.24996,32.892523],"geometry":{"type":"Polygon","coordinates":[[[-117.2500582,32.892523],[-117.2500764,32.8924635],[-117.2499782,32.8924423],[-117.24996,32.8925019],[-117.2500582,32.892523]]]},"properties":{"course_id":"torrey_pines_south_san_diego","course_name":"Torrey Pines Golf Course South","hole_number":null,"feature_type":"tee_box","name":"unassigned_tee_box","feature-color":"#8b7355","is_approximate":true,"source":"osm","@id":"ffca7742-c1d6-446f-b9cd-425017ae61cf","osm_id":395704255,"needs_hole_assignment":true}},{"type":"Feature","bbox":[-117.2450106,32.8913447,-117.2447704,32.8916302],"geometry":{"type":"Polygon","coordinates":[[[-117.2447889,32.8913916],[-117.244776,32.8914465],[-117.2447725,32.8914721],[-117.2447704,32.891497],[-117.2447725,32.8915207],[-117.2447761,32.8915413],[-117.2447796,32.891561],[-117.2447874,32.8915823],[-117.2447987,32.8915986],[-117.2448081,32.8916115],[-117.2448252,32.8916236],[-117.2448404,32.8916269],[-117.2448568,32.8916302],[-117.2448833,32.8916276],[-117.244908,32.8916204],[-117.2449256,32.8916108],[-117.244938,32.8915949],[-117.2449504,32.8915802],[-117.2449672,32.8915662],[-117.2449889,32.891551],[-117.2450024,32.8915345],[-117.2450106,32.8915158],[-117.2450068,32.8914975],[-117.2449907,32.8914765],[-117.2449765,32.8914556],[-117.244965,32.8914318],[-117.2449548,32.891405],[-117.2449382,32.8913808],[-117.2449228,32.8913617],[-117.2449074,32.8913524],[-117.2448834,32.8913456],[-117.2448564,32.8913447],[-117.244828,32.8913533],[-117.244804,32.8913695],[-117.2447889,32.8913916]]]},"properties":{"course_id":"torrey_pines_south_san_diego","course_name":"Torrey Pines Golf Course South","hole_number":13,"feature_type":"green","name":"hole_13_green","feature-color":"#2d6e2d","is_approximate":true,"source":"osm","@id":"c08ad0fa-cabb-45e3-af60-a683d6f5c0e1","osm_id":395704260}},{"type":"Feature","bbox":[-117.2441594,32.8915241,-117.2439431,32.8918303],"geometry":{"type":"Polygon","coordinates":[[[-117.2440663,32.8918303],[-117.2441594,32.8918011],[-117.2440362,32.8915241],[-117.2439431,32.8915533],[-117.2440663,32.8918303]]]},"properties":{"course_id":"torrey_pines_south_san_diego","course_name":"Torrey Pines Golf Course South","hole_number":14,"feature_type":"tee_box","name":"hole_14_tee_box","feature-color":"#8b7355","is_approximate":true,"source":"osm","@id":"2ab46e73-0331-4f60-850f-d612e23f7b3c","osm_id":395704267}},{"type":"Feature","bbox":[-117.2459275,32.8944652,-117.245697,32.8947666],"geometry":{"type":"Polygon","coordinates":[[[-117.2457346,32.8944657],[-117.2457173,32.8944719],[-117.245705,32.8944831],[-117.245701,32.8944977],[-117.245697,32.8945157],[-117.245705,32.8945324],[-117.2457166,32.8945453],[-117.2457288,32.8945549],[-117.2457397,32.8945689],[-117.2457465,32.894586],[-117.2457465,32.8946126],[-117.2457371,32.8946394],[-117.2457251,32.8946585],[-117.245717,32.8946753],[-117.245712,32.8946973],[-117.2457144,32.8947209],[-117.2457237,32.8947346],[-117.245741,32.8947541],[-117.2457676,32.894765],[-117.2457903,32.8947666],[-117.245813,32.8947614],[-117.2458342,32.8947488],[-117.2458504,32.8947306],[-117.2458592,32.8947134],[-117.2458646,32.894696],[-117.2458659,32.894677],[-117.2458686,32.8946512],[-117.2458754,32.8946306],[-117.2458841,32.8946095],[-117.2458952,32.8945945],[-117.2459098,32.894576],[-117.2459174,32.8945614],[-117.2459241,32.8945456],[-117.2459275,32.8945241],[-117.2459236,32.8945049],[-117.2459077,32.8944923],[-117.2458879,32.8944818],[-117.2458645,32.8944753],[-117.2458404,32.8944759],[-117.2458136,32.8944771],[-117.2457884,32.8944727],[-117.2457619,32.8944652],[-117.2457346,32.8944657]]]},"properties":{"course_id":"torrey_pines_south_san_diego","course_name":"Torrey Pines Golf Course South","hole_number":14,"feature_type":"green","name":"hole_14_green","feature-color":"#2d6e2d","is_approximate":true,"source":"osm","@id":"1313db6a-7b0d-42d9-9819-d2ca80348611","osm_id":395704268}},{"type":"Feature","bbox":[-117.2445183,32.8943158,-117.2443472,32.8945896],"geometry":{"type":"Polygon","coordinates":[[[-117.2444017,32.8945896],[-117.2445183,32.8945721],[-117.2444638,32.8943158],[-117.2443472,32.8943333],[-117.2444017,32.8945896]]]},"properties":{"course_id":"torrey_pines_south_san_diego","course_name":"Torrey Pines Golf Course South","hole_number":15,"feature_type":"tee_box","name":"hole_15_tee_box","feature-color":"#8b7355","is_approximate":true,"source":"osm","@id":"bdb75352-76eb-46e2-b221-41ccd204266b","osm_id":395704720}},{"type":"Feature","bbox":[-117.2452838,32.8970973,-117.2450713,32.8973641],"geometry":{"type":"Polygon","coordinates":[[[-117.2452838,32.8972091],[-117.2452822,32.8971882],[-117.2452774,32.8971676],[-117.2452707,32.8971433],[-117.2452623,32.8971238],[-117.2452494,32.8971112],[-117.2452302,32.8971016],[-117.2452038,32.8970973],[-117.2451765,32.8970991],[-117.2451562,32.8971056],[-117.2451412,32.8971189],[-117.2451265,32.8971389],[-117.2451157,32.8971576],[-117.2451071,32.8971762],[-117.2451035,32.8972019],[-117.2451036,32.8972243],[-117.2451044,32.8972518],[-117.2450994,32.8972729],[-117.2450876,32.8972924],[-117.2450742,32.8973112],[-117.2450713,32.8973352],[-117.2450822,32.8973518],[-117.2451044,32.8973611],[-117.2451276,32.8973641],[-117.2451508,32.897361],[-117.2451697,32.8973562],[-117.24519,32.8973497],[-117.2452064,32.8973414],[-117.2452231,32.8973268],[-117.2452378,32.8973146],[-117.2452525,32.8972992],[-117.2452683,32.8972798],[-117.2452786,32.8972554],[-117.2452837,32.8972298],[-117.2452838,32.8972091]]]},"properties":{"course_id":"torrey_pines_south_san_diego","course_name":"Torrey Pines Golf Course South","hole_number":15,"feature_type":"green","name":"hole_15_green","feature-color":"#2d6e2d","is_approximate":true,"source":"osm","@id":"005f2621-6c63-4eb6-95a4-3755c1f2c7c3","osm_id":395704721}},{"type":"Feature","bbox":[-117.2458457,32.8969451,-117.245732,32.8970374],"geometry":{"type":"Polygon","coordinates":[[[-117.2457732,32.8970374],[-117.2458457,32.8969866],[-117.2458046,32.8969451],[-117.245732,32.8969958],[-117.2457732,32.8970374]]]},"properties":{"course_id":"torrey_pines_south_san_diego","course_name":"Torrey Pines Golf Course South","hole_number":16,"feature_type":"tee_box","name":"hole_16_tee_box","feature-color":"#8b7355","is_approximate":true,"source":"osm","@id":"b9494983-1198-4d0f-9ea8-3ddc65fb695d","osm_id":395704724}},{"type":"Feature","bbox":[-117.2462297,32.8966935,-117.2458578,32.8969871],"geometry":{"type":"Polygon","coordinates":[[[-117.2459595,32.8969871],[-117.2462297,32.8967935],[-117.246128,32.8966935],[-117.2458578,32.8968872],[-117.2459595,32.8969871]]]},"properties":{"course_id":"torrey_pines_south_san_diego","course_name":"Torrey Pines Golf Course South","hole_number":16,"feature_type":"tee_box","name":"hole_16_tee_box_2","feature-color":"#8b7355","is_approximate":true,"source":"osm","@id":"0b81ce21-16f6-47ba-8312-cdb08cc9cfd9","osm_id":395704725}},{"type":"Feature","bbox":[-117.2475378,32.8956175,-117.2473062,32.8958897],"geometry":{"type":"Polygon","coordinates":[[[-117.2473602,32.8958884],[-117.2473795,32.8958897],[-117.2473936,32.8958874],[-117.2474084,32.8958829],[-117.2474222,32.8958718],[-117.2474349,32.8958618],[-117.2474547,32.89585],[-117.2474716,32.8958436],[-117.2474874,32.8958374],[-117.2475028,32.8958341],[-117.2475144,32.8958268],[-117.2475257,32.8958156],[-117.2475337,32.8957974],[-117.2475368,32.8957803],[-117.2475378,32.8957646],[-117.2475347,32.8957465],[-117.2475286,32.8957301],[-117.2475191,32.895712],[-117.2475079,32.8956976],[-117.2474929,32.8956836],[-117.2474805,32.8956661],[-117.247469,32.895648],[-117.247458,32.8956326],[-117.2474443,32.8956223],[-117.2474277,32.8956179],[-117.2474145,32.8956175],[-117.2473967,32.8956225],[-117.2473838,32.8956328],[-117.2473761,32.8956476],[-117.2473748,32.8956664],[-117.2473744,32.8956882],[-117.2473702,32.8957073],[-117.2473629,32.8957221],[-117.2473508,32.8957391],[-117.2473377,32.8957569],[-117.2473212,32.8957738],[-117.2473114,32.8957957],[-117.2473062,32.8958154],[-117.2473071,32.8958298],[-117.2473085,32.8958457],[-117.2473137,32.8958564],[-117.247323,32.8958681],[-117.247334,32.8958775],[-117.2473459,32.8958851],[-117.2473602,32.8958884]]]},"properties":{"course_id":"torrey_pines_south_san_diego","course_name":"Torrey Pines Golf Course South","hole_number":16,"feature_type":"green","name":"hole_16_green","feature-color":"#2d6e2d","is_approximate":true,"source":"osm","@id":"040e9399-b82b-48ce-9638-57351d5cff96","osm_id":395704726}},{"type":"Feature","bbox":[-117.2475797,32.8963222,-117.2474487,32.8964372],"geometry":{"type":"Polygon","coordinates":[[[-117.2474955,32.8964372],[-117.2475797,32.8963567],[-117.2475329,32.8963222],[-117.2474487,32.8964027],[-117.2474955,32.8964372]]]},"properties":{"course_id":"torrey_pines_south_san_diego","course_name":"Torrey Pines Golf Course South","hole_number":17,"feature_type":"tee_box","name":"hole_17_tee_box","feature-color":"#8b7355","is_approximate":true,"source":"osm","@id":"9d553de9-1d08-4213-b039-dd7e16dae456","osm_id":395704730}},{"type":"Feature","bbox":[-117.2478453,32.8960977,-117.2477407,32.8961878],"geometry":{"type":"Polygon","coordinates":[[[-117.2477908,32.8961878],[-117.2478453,32.8961419],[-117.2477962,32.8960977],[-117.2477407,32.8961488],[-117.2477908,32.8961878]]]},"properties":{"course_id":"torrey_pines_south_san_diego","course_name":"Torrey Pines Golf Course South","hole_number":17,"feature_type":"tee_box","name":"hole_17_tee_box_2","feature-color":"#8b7355","is_approximate":true,"source":"osm","@id":"959f598a-ef45-4846-b005-1b38c1870fa4","osm_id":395704731}},{"type":"Feature","bbox":[-117.2453153,32.8988854,-117.2450393,32.899106],"geometry":{"type":"Polygon","coordinates":[[[-117.2452655,32.8989541],[-117.2452555,32.8989302],[-117.2452431,32.898909],[-117.2452266,32.8988978],[-117.2452096,32.8988922],[-117.2451866,32.8988887],[-117.2451528,32.8988854],[-117.2451221,32.8988908],[-117.2450935,32.8988995],[-117.2450711,32.898914],[-117.2450497,32.8989367],[-117.2450401,32.8989625],[-117.2450393,32.8989916],[-117.245046,32.8990199],[-117.2450575,32.8990433],[-117.2450741,32.8990626],[-117.2451016,32.8990851],[-117.2451327,32.899099],[-117.2451698,32.899106],[-117.2452064,32.8991015],[-117.245241,32.8990936],[-117.2452818,32.8990794],[-117.2453085,32.8990638],[-117.2453153,32.8990446],[-117.2453105,32.8990215],[-117.245297,32.8989976],[-117.245282,32.8989752],[-117.2452655,32.8989541]]]},"properties":{"course_id":"torrey_pines_south_san_diego","course_name":"Torrey Pines Golf Course South","hole_number":17,"feature_type":"green","name":"hole_17_green","feature-color":"#2d6e2d","is_approximate":true,"source":"osm","@id":"f9402218-bdd9-4aa5-b0a9-35f393dcb85a","osm_id":395704733}},{"type":"Feature","bbox":[-117.2447768,32.8987853,-117.2446832,32.8989534],"geometry":{"type":"Polygon","coordinates":[[[-117.2447171,32.8989534],[-117.2447768,32.8989445],[-117.2447429,32.8987853],[-117.2446832,32.8987942],[-117.2447171,32.8989534]]]},"properties":{"course_id":"torrey_pines_south_san_diego","course_name":"Torrey Pines Golf Course South","hole_number":18,"feature_type":"tee_box","name":"hole_18_tee_box","feature-color":"#8b7355","is_approximate":true,"source":"osm","@id":"9703b21e-fb6d-44a9-b336-848958923776","osm_id":395705225}},{"type":"Feature","bbox":[-117.2448098,32.8989986,-117.2447045,32.8991756],"geometry":{"type":"Polygon","coordinates":[[[-117.24474,32.8991756],[-117.2448098,32.8991651],[-117.2447743,32.8989986],[-117.2447045,32.8990091],[-117.24474,32.8991756]]]},"properties":{"course_id":"torrey_pines_south_san_diego","course_name":"Torrey Pines Golf Course South","hole_number":18,"feature_type":"tee_box","name":"hole_18_tee_box_2","feature-color":"#8b7355","is_approximate":true,"source":"osm","@id":"44bd1ad8-fbf0-41ba-b031-c87f80f201b8","osm_id":395705226}},{"type":"Feature","bbox":[-117.2457269,32.9032177,-117.2454266,32.9034287],"geometry":{"type":"Polygon","coordinates":[[[-117.2455063,32.9032251],[-117.2454832,32.9032285],[-117.2454621,32.9032358],[-117.2454513,32.9032436],[-117.2454399,32.903254],[-117.2454326,32.9032681],[-117.2454292,32.9032831],[-117.2454266,32.9032972],[-117.2454291,32.9033175],[-117.2454324,32.9033413],[-117.245432,32.9033617],[-117.2454323,32.9033792],[-117.2454361,32.903393],[-117.2454425,32.9034046],[-117.2454535,32.9034145],[-117.2454713,32.9034234],[-117.2454984,32.9034278],[-117.2455202,32.9034287],[-117.2455371,32.9034266],[-117.245551,32.9034202],[-117.2455698,32.903414],[-117.2455941,32.9034126],[-117.2456158,32.9034155],[-117.24564,32.9034201],[-117.2456661,32.903419],[-117.2456869,32.9034135],[-117.245703,32.903405],[-117.2457174,32.9033936],[-117.2457249,32.9033798],[-117.2457269,32.9033629],[-117.2457218,32.9033454],[-117.2457155,32.9033274],[-117.245709,32.9033069],[-117.2457063,32.9032837],[-117.2457058,32.903263],[-117.2456958,32.903242],[-117.2456799,32.9032264],[-117.2456671,32.9032212],[-117.2456513,32.9032177],[-117.2456318,32.9032177],[-117.2456091,32.90322],[-117.245581,32.9032231],[-117.2455568,32.9032248],[-117.2455347,32.9032249],[-117.2455063,32.9032251]]]},"properties":{"course_id":"torrey_pines_south_san_diego","course_name":"Torrey Pines Golf Course South","hole_number":18,"feature_type":"green","name":"hole_18_green","feature-color":"#2d6e2d","is_approximate":true,"source":"osm","@id":"a9b06a2e-0e0f-4680-bd53-47ff8c7acd2b","osm_id":395705232}},{"type":"Feature","bbox":[-117.2514806,32.898427,-117.2513953,32.8985393],"geometry":{"type":"Polygon","coordinates":[[[-117.2514054,32.8985393],[-117.2514806,32.8985343],[-117.2514705,32.898427],[-117.2513953,32.898432],[-117.2514054,32.8985393]]]},"properties":{"course_id":"torrey_pines_south_san_diego","course_name":"Torrey Pines Golf Course South","hole_number":4,"feature_type":"tee_box","name":"hole_4_tee_box_2","feature-color":"#8b7355","is_approximate":true,"source":"osm","@id":"ecd1a887-226e-44e1-a103-69a875d1da41","osm_id":395706972}},{"type":"Feature","bbox":[-117.2461645,32.9027798,-117.2460883,32.9028542],"geometry":{"type":"Polygon","coordinates":[[[-117.2460883,32.9028491],[-117.2461573,32.9028542],[-117.2461645,32.9027849],[-117.2460955,32.9027798],[-117.2460883,32.9028491]]]},"properties":{"course_id":"torrey_pines_south_san_diego","course_name":"Torrey Pines Golf Course South","hole_number":7,"feature_type":"tee_box","name":"hole_7_tee_box_2","feature-color":"#8b7355","is_approximate":true,"source":"osm","@id":"5c3db9c7-9ecf-481b-b22c-f33ea313da1d","osm_id":395707536}},{"type":"Feature","bbox":[-117.2471635,32.8989866,-117.2470278,32.8991016],"geometry":{"type":"Polygon","coordinates":[[[-117.247062,32.8991016],[-117.2471635,32.8990734],[-117.2471293,32.8989866],[-117.2470278,32.8990147],[-117.247062,32.8991016]]]},"properties":{"course_id":"torrey_pines_south_san_diego","course_name":"Torrey Pines Golf Course South","hole_number":8,"feature_type":"tee_box","name":"hole_8_tee_box_2","feature-color":"#8b7355","is_approximate":true,"source":"osm","@id":"0743e7fd-4715-4584-ac4e-9bbd2561da8f","osm_id":395707537}},{"type":"Feature","bbox":[-117.2504187,32.9026685,-117.2503203,32.9027299],"geometry":{"type":"Polygon","coordinates":[[[-117.2504187,32.9027155],[-117.2503313,32.9027299],[-117.2503203,32.9026829],[-117.2504077,32.9026685],[-117.2504187,32.9027155]]]},"properties":{"course_id":"torrey_pines_south_san_diego","course_name":"Torrey Pines Golf Course South","hole_number":2,"feature_type":"tee_box","name":"hole_2_tee_box_3","feature-color":"#8b7355","is_approximate":true,"source":"osm","@id":"1b71ada5-fe87-4b7c-9e2a-531828d9e818","osm_id":848969039}},{"type":"Feature","bbox":[-117.2459253,32.9037682,-117.2456113,32.9039891],"geometry":{"type":"Polygon","coordinates":[[[-117.2459253,32.9038347],[-117.2456679,32.9039891],[-117.2456113,32.9039225],[-117.2458688,32.9037682],[-117.2459253,32.9038347]]]},"properties":{"course_id":"torrey_pines_south_san_diego","course_name":"Torrey Pines Golf Course South","hole_number":1,"feature_type":"tee_box","name":"hole_1_tee_box_3","feature-color":"#8b7355","is_approximate":true,"source":"osm","@id":"8a3d2c29-63c4-46a7-8010-82f68c4a4743","osm_id":848969040}},{"type":"Feature","bbox":[-117.2501617,32.9024962,-117.2501002,32.9025587],"geometry":{"type":"Polygon","coordinates":[[[-117.2501617,32.9025538],[-117.2501076,32.9025587],[-117.2501002,32.9025011],[-117.2501544,32.9024962],[-117.2501617,32.9025538]]]},"properties":{"course_id":"torrey_pines_south_san_diego","course_name":"Torrey Pines Golf Course South","hole_number":2,"feature_type":"tee_box","name":"hole_2_tee_box_4","feature-color":"#8b7355","is_approximate":true,"source":"osm","@id":"1bc3a3d4-5f1e-442f-b682-32c55b51efcf","osm_id":848969041}},{"type":"Feature","bbox":[-117.2498784,32.8985751,-117.2497586,32.8986865],"geometry":{"type":"Polygon","coordinates":[[[-117.2498026,32.8986865],[-117.2497586,32.8986582],[-117.2498345,32.8985751],[-117.2498784,32.8986033],[-117.2498026,32.8986865]]]},"properties":{"course_id":"torrey_pines_south_san_diego","course_name":"Torrey Pines Golf Course South","hole_number":6,"feature_type":"tee_box","name":"hole_6_tee_box_6","feature-color":"#8b7355","is_approximate":true,"source":"osm","@id":"c62532ff-f104-4485-95b9-230ee9f01984","osm_id":848978482}},{"type":"Feature","bbox":[-117.2514165,32.8987477,-117.251329,32.8989064],"geometry":{"type":"Polygon","coordinates":[[[-117.2514165,32.8988994],[-117.2513528,32.8989064],[-117.251329,32.8987547],[-117.2513927,32.8987477],[-117.2514165,32.8988994]]]},"properties":{"course_id":"torrey_pines_south_san_diego","course_name":"Torrey Pines Golf Course South","hole_number":4,"feature_type":"tee_box","name":"hole_4_tee_box_3","feature-color":"#8b7355","is_approximate":true,"source":"osm","@id":"f275d5af-5c53-4fb3-8525-0a4cf554920e","osm_id":848992678}},{"type":"Feature","bbox":[-117.2514187,32.8990866,-117.2513394,32.8991769],"geometry":{"type":"Polygon","coordinates":[[[-117.2514187,32.899172],[-117.2513477,32.8991769],[-117.2513394,32.8990915],[-117.2514104,32.8990866],[-117.2514187,32.899172]]]},"properties":{"course_id":"torrey_pines_south_san_diego","course_name":"Torrey Pines Golf Course South","hole_number":4,"feature_type":"tee_box","name":"hole_4_tee_box_4","feature-color":"#8b7355","is_approximate":true,"source":"osm","@id":"8031e380-df82-40f6-9424-b174af91861a","osm_id":848992679}},{"type":"Feature","bbox":[-117.2511986,32.9014706,-117.2511107,32.9016119],"geometry":{"type":"Polygon","coordinates":[[[-117.2511986,32.9016032],[-117.2511378,32.9016119],[-117.2511107,32.9014794],[-117.2511715,32.9014706],[-117.2511986,32.9016032]]]},"properties":{"course_id":"torrey_pines_south_san_diego","course_name":"Torrey Pines Golf Course South","hole_number":5,"feature_type":"tee_box","name":"hole_5_tee_box_3","feature-color":"#8b7355","is_approximate":true,"source":"osm","@id":"af981e07-3731-4f8e-9ed3-246afb0f2b51","osm_id":849001761}},{"type":"Feature","bbox":[-117.2494315,32.8999446,-117.24934,32.9000474],"geometry":{"type":"Polygon","coordinates":[[[-117.249387,32.9000474],[-117.24934,32.9000302],[-117.2493845,32.8999446],[-117.2494315,32.8999619],[-117.249387,32.9000474]]]},"properties":{"course_id":"torrey_pines_south_san_diego","course_name":"Torrey Pines Golf Course South","hole_number":6,"feature_type":"tee_box","name":"hole_6_tee_box_7","feature-color":"#8b7355","is_approximate":true,"source":"osm","@id":"fe42952c-333b-4039-a561-949aa2b41d23","osm_id":849012384}},{"type":"Feature","bbox":[-117.2460412,32.9020784,-117.2459567,32.9022282],"geometry":{"type":"Polygon","coordinates":[[[-117.2460065,32.9022282],[-117.2459567,32.9022196],[-117.2459914,32.9020784],[-117.2460412,32.902087],[-117.2460065,32.9022282]]]},"properties":{"course_id":"torrey_pines_south_san_diego","course_name":"Torrey Pines Golf Course South","hole_number":7,"feature_type":"tee_box","name":"hole_7_tee_box_3","feature-color":"#8b7355","is_approximate":true,"source":"osm","@id":"e9da6540-f9f9-410a-9170-7c09f173812d","osm_id":849041968}},{"type":"Feature","bbox":[-117.2462866,32.8990689,-117.2461506,32.8991549],"geometry":{"type":"Polygon","coordinates":[[[-117.2462866,32.8991098],[-117.2462635,32.8990689],[-117.2461506,32.899114],[-117.2461737,32.8991549],[-117.2462866,32.8991098]]]},"properties":{"course_id":"torrey_pines_south_san_diego","course_name":"Torrey Pines Golf Course South","hole_number":8,"feature_type":"tee_box","name":"hole_8_tee_box_3","feature-color":"#8b7355","is_approximate":true,"source":"osm","@id":"f415b9d0-3f54-4c8c-817c-41e2bcd05b37","osm_id":849183564}},{"type":"Feature","bbox":[-117.2444265,32.8998751,-117.2443478,32.9000085],"geometry":{"type":"Polygon","coordinates":[[[-117.2444265,32.9000052],[-117.2443566,32.9000085],[-117.2443478,32.8998784],[-117.2444178,32.8998751],[-117.2444265,32.9000052]]]},"properties":{"course_id":"torrey_pines_south_san_diego","course_name":"Torrey Pines Golf Course South","hole_number":9,"feature_type":"tee_box","name":"hole_9_tee_box_3","feature-color":"#8b7355","is_approximate":true,"source":"osm","@id":"9c01c9f4-f678-4f01-aff0-234ba397aa32","osm_id":849188773}},{"type":"Feature","bbox":[-117.2444347,32.8996802,-117.2443293,32.8998479],"geometry":{"type":"Polygon","coordinates":[[[-117.2444347,32.8998429],[-117.2443418,32.8998479],[-117.2443293,32.8996852],[-117.2444222,32.8996802],[-117.2444347,32.8998429]]]},"properties":{"course_id":"torrey_pines_south_san_diego","course_name":"Torrey Pines Golf Course South","hole_number":9,"feature_type":"tee_box","name":"hole_9_tee_box_4","feature-color":"#8b7355","is_approximate":true,"source":"osm","@id":"3e712d61-5df2-476b-8cf9-9fb6b9ac8042","osm_id":849188774}},{"type":"Feature","bbox":[-117.2442053,32.898866,-117.244161,32.8989304],"geometry":{"type":"Polygon","coordinates":[[[-117.2442038,32.898866],[-117.244161,32.8988667],[-117.2441626,32.8989304],[-117.2442053,32.8989296],[-117.2442038,32.898866]]]},"properties":{"course_id":"torrey_pines_south_san_diego","course_name":"Torrey Pines Golf Course South","hole_number":9,"feature_type":"tee_box","name":"hole_9_tee_box_5","feature-color":"#8b7355","is_approximate":true,"source":"osm","@id":"1e39b614-be65-4d7b-ae6b-b65edd6058da","osm_id":849188775}},{"type":"Feature","bbox":[-117.2434466,32.895073,-117.2433778,32.8951385],"geometry":{"type":"Polygon","coordinates":[[[-117.243438,32.8951385],[-117.2433778,32.8951323],[-117.2433864,32.895073],[-117.2434466,32.8950792],[-117.243438,32.8951385]]]},"properties":{"course_id":"torrey_pines_south_san_diego","course_name":"Torrey Pines Golf Course South","hole_number":10,"feature_type":"tee_box","name":"hole_10_tee_box_3","feature-color":"#8b7355","is_approximate":true,"source":"osm","@id":"63f51956-6ee4-4eb3-95f0-f62076710afa","osm_id":849209451}},{"type":"Feature","bbox":[-117.2434327,32.8942786,-117.2433683,32.8943795],"geometry":{"type":"Polygon","coordinates":[[[-117.2434185,32.8943795],[-117.2433683,32.8943742],[-117.2433825,32.8942786],[-117.2434327,32.8942838],[-117.2434185,32.8943795]]]},"properties":{"course_id":"torrey_pines_south_san_diego","course_name":"Torrey Pines Golf Course South","hole_number":10,"feature_type":"tee_box","name":"hole_10_tee_box_4","feature-color":"#8b7355","is_approximate":true,"source":"osm","@id":"3b9fc6ad-b269-415d-ba05-283acd7e99bd","osm_id":849209452}},{"type":"Feature","bbox":[-117.2435763,32.8941695,-117.2435188,32.8942894],"geometry":{"type":"Polygon","coordinates":[[[-117.2435655,32.8942894],[-117.2435188,32.8942864],[-117.2435295,32.8941695],[-117.2435763,32.8941726],[-117.2435655,32.8942894]]]},"properties":{"course_id":"torrey_pines_south_san_diego","course_name":"Torrey Pines Golf Course South","hole_number":10,"feature_type":"tee_box","name":"hole_10_tee_box_5","feature-color":"#8b7355","is_approximate":true,"source":"osm","@id":"21ba2019-5b3d-4279-b6a9-89a9da80db36","osm_id":849209453}},{"type":"Feature","bbox":[-117.2432358,32.8912476,-117.24309,32.8913892],"geometry":{"type":"Polygon","coordinates":[[[-117.2432358,32.8913618],[-117.2431925,32.8912476],[-117.24309,32.891275],[-117.2431332,32.8913892],[-117.2432358,32.8913618]]]},"properties":{"course_id":"torrey_pines_south_san_diego","course_name":"Torrey Pines Golf Course South","hole_number":11,"feature_type":"tee_box","name":"hole_11_tee_box_3","feature-color":"#8b7355","is_approximate":true,"source":"osm","@id":"01087f52-ed7a-48a4-b8e1-4d2c6fbd1b3c","osm_id":849231266}},{"type":"Feature","bbox":[-117.2442532,32.8909137,-117.2441806,32.8909808],"geometry":{"type":"Polygon","coordinates":[[[-117.2442532,32.8909668],[-117.2442008,32.8909808],[-117.2441806,32.8909277],[-117.244233,32.8909137],[-117.2442532,32.8909668]]]},"properties":{"course_id":"torrey_pines_south_san_diego","course_name":"Torrey Pines Golf Course South","hole_number":11,"feature_type":"tee_box","name":"hole_11_tee_box_4","feature-color":"#8b7355","is_approximate":true,"source":"osm","@id":"5b27b135-a534-471a-aad7-76653a404713","osm_id":849231267}},{"type":"Feature","bbox":[-117.2455062,32.8903243,-117.2454122,32.8904],"geometry":{"type":"Polygon","coordinates":[[[-117.2454841,32.8904],[-117.2455062,32.8903444],[-117.2454343,32.8903243],[-117.2454122,32.8903799],[-117.2454841,32.8904]]]},"properties":{"course_id":"torrey_pines_south_san_diego","course_name":"Torrey Pines Golf Course South","hole_number":12,"feature_type":"tee_box","name":"hole_12_tee_box_4","feature-color":"#8b7355","is_approximate":true,"source":"osm","@id":"77567562-cf60-4b53-9387-217ba805ceb8","osm_id":849270001}},{"type":"Feature","bbox":[-117.246157,32.8903838,-117.2460735,32.8904448],"geometry":{"type":"Polygon","coordinates":[[[-117.2461383,32.8904448],[-117.246157,32.8904055],[-117.2460922,32.8903838],[-117.2460735,32.8904231],[-117.2461383,32.8904448]]]},"properties":{"course_id":"torrey_pines_south_san_diego","course_name":"Torrey Pines Golf Course South","hole_number":12,"feature_type":"tee_box","name":"hole_12_tee_box_5","feature-color":"#8b7355","is_approximate":true,"source":"osm","@id":"fb3f5606-fb9c-4222-a685-cf66a8deeec4","osm_id":849270002}},{"type":"Feature","bbox":[-117.2504694,32.8933827,-117.2503242,32.8934826],"geometry":{"type":"Polygon","coordinates":[[[-117.25044,32.8934826],[-117.2504694,32.8934428],[-117.2503535,32.8933827],[-117.2503242,32.8934225],[-117.25044,32.8934826]]]},"properties":{"course_id":"torrey_pines_south_san_diego","course_name":"Torrey Pines Golf Course South","hole_number":13,"feature_type":"tee_box","name":"hole_13_tee_box","feature-color":"#8b7355","is_approximate":true,"source":"osm","@id":"a02d4735-63fd-4d25-8e14-78668bc88a60","osm_id":849279752}},{"type":"Feature","bbox":[-117.2503392,32.8932694,-117.2502396,32.8933475],"geometry":{"type":"Polygon","coordinates":[[[-117.2503392,32.8933062],[-117.2503073,32.8933475],[-117.2502396,32.8933107],[-117.2502715,32.8932694],[-117.2503392,32.8933062]]]},"properties":{"course_id":"torrey_pines_south_san_diego","course_name":"Torrey Pines Golf Course South","hole_number":13,"feature_type":"tee_box","name":"hole_13_tee_box_2","feature-color":"#8b7355","is_approximate":true,"source":"osm","@id":"1ca05e3f-aa6d-4019-a0ef-0bbce591f117","osm_id":849279753}},{"type":"Feature","bbox":[-117.2499173,32.8928412,-117.2497762,32.8929379],"geometry":{"type":"Polygon","coordinates":[[[-117.2499173,32.8928766],[-117.2498903,32.8929379],[-117.2497762,32.8929025],[-117.2498032,32.8928412],[-117.2499173,32.8928766]]]},"properties":{"course_id":"torrey_pines_south_san_diego","course_name":"Torrey Pines Golf Course South","hole_number":13,"feature_type":"tee_box","name":"hole_13_tee_box_3","feature-color":"#8b7355","is_approximate":true,"source":"osm","@id":"2ba0e2e1-6aea-4cc3-85ba-989622340cde","osm_id":849279754}},{"type":"Feature","bbox":[-117.2495699,32.8923223,-117.2494846,32.8924177],"geometry":{"type":"Polygon","coordinates":[[[-117.2495515,32.8924177],[-117.2494846,32.8924075],[-117.2495029,32.8923223],[-117.2495699,32.8923325],[-117.2495515,32.8924177]]]},"properties":{"course_id":"torrey_pines_south_san_diego","course_name":"Torrey Pines Golf Course South","hole_number":12,"feature_type":"tee_box","name":"hole_12_tee_box_6","feature-color":"#8b7355","is_approximate":true,"source":"osm","@id":"9772bd20-7a55-4740-ae3b-fc28f9d8c1a6","osm_id":849279755}},{"type":"Feature","bbox":[-117.2488352,32.8921174,-117.2487586,32.8921795],"geometry":{"type":"Polygon","coordinates":[[[-117.2488224,32.8921795],[-117.2487586,32.8921681],[-117.2487714,32.8921174],[-117.2488352,32.8921288],[-117.2488224,32.8921795]]]},"properties":{"course_id":"torrey_pines_south_san_diego","course_name":"Torrey Pines Golf Course South","hole_number":13,"feature_type":"tee_box","name":"hole_13_tee_box_4","feature-color":"#8b7355","is_approximate":true,"source":"osm","@id":"195faddd-a663-4035-9711-1fe695e55684","osm_id":849279756}},{"type":"Feature","bbox":[-117.2441675,32.891339,-117.2440726,32.8914478],"geometry":{"type":"Polygon","coordinates":[[[-117.2441675,32.8914319],[-117.2441071,32.8914478],[-117.2440726,32.8913549],[-117.244133,32.891339],[-117.2441675,32.8914319]]]},"properties":{"course_id":"torrey_pines_south_san_diego","course_name":"Torrey Pines Golf Course South","hole_number":14,"feature_type":"tee_box","name":"hole_14_tee_box_2","feature-color":"#8b7355","is_approximate":true,"source":"osm","@id":"fcf0677f-b516-4733-9440-fb731274a79a","osm_id":849297234}},{"type":"Feature","bbox":[-117.2441795,32.8920208,-117.2441065,32.8921012],"geometry":{"type":"Polygon","coordinates":[[[-117.2441795,32.8920885],[-117.2441323,32.8921012],[-117.2441065,32.8920335],[-117.2441538,32.8920208],[-117.2441795,32.8920885]]]},"properties":{"course_id":"torrey_pines_south_san_diego","course_name":"Torrey Pines Golf Course South","hole_number":14,"feature_type":"tee_box","name":"hole_14_tee_box_3","feature-color":"#8b7355","is_approximate":true,"source":"osm","@id":"4a5aad96-efbe-4175-b86f-900180a6a507","osm_id":849297235}},{"type":"Feature","bbox":[-117.2444002,32.8926263,-117.244304,32.8927479],"geometry":{"type":"Polygon","coordinates":[[[-117.2443614,32.8927479],[-117.2444002,32.8927333],[-117.2443428,32.8926263],[-117.244304,32.8926409],[-117.2443614,32.8927479]]]},"properties":{"course_id":"torrey_pines_south_san_diego","course_name":"Torrey Pines Golf Course South","hole_number":14,"feature_type":"tee_box","name":"hole_14_tee_box_4","feature-color":"#8b7355","is_approximate":true,"source":"osm","@id":"74cdd40d-2720-44a7-a4f4-a1ff146ab92c","osm_id":849297236}},{"type":"Feature","bbox":[-117.2443156,32.8933319,-117.2442183,32.893417],"geometry":{"type":"Polygon","coordinates":[[[-117.2443156,32.8934056],[-117.2443011,32.8933319],[-117.2442183,32.8933434],[-117.2442328,32.893417],[-117.2443156,32.8934056]]]},"properties":{"course_id":"torrey_pines_south_san_diego","course_name":"Torrey Pines Golf Course South","hole_number":15,"feature_type":"tee_box","name":"hole_15_tee_box_2","feature-color":"#8b7355","is_approximate":true,"source":"osm","@id":"a5d15821-6026-416d-94e4-79b1d5f4947c","osm_id":849301671}},{"type":"Feature","bbox":[-117.2443229,32.8934526,-117.2442374,32.8935425],"geometry":{"type":"Polygon","coordinates":[[[-117.2443229,32.893534],[-117.244251,32.8935425],[-117.2442374,32.8934611],[-117.2443093,32.8934526],[-117.2443229,32.893534]]]},"properties":{"course_id":"torrey_pines_south_san_diego","course_name":"Torrey Pines Golf Course South","hole_number":15,"feature_type":"tee_box","name":"hole_15_tee_box_3","feature-color":"#8b7355","is_approximate":true,"source":"osm","@id":"5f922521-15a0-4ff5-b605-65bc481fbe5c","osm_id":849301672}},{"type":"Feature","bbox":[-117.2445913,32.8939751,-117.2445247,32.8941281],"geometry":{"type":"Polygon","coordinates":[[[-117.2445913,32.894125],[-117.2445368,32.8941281],[-117.2445247,32.8939782],[-117.2445793,32.8939751],[-117.2445913,32.894125]]]},"properties":{"course_id":"torrey_pines_south_san_diego","course_name":"Torrey Pines Golf Course South","hole_number":15,"feature_type":"tee_box","name":"hole_15_tee_box_4","feature-color":"#8b7355","is_approximate":true,"source":"osm","@id":"0df7f45d-50ff-4031-b5f3-17adeccead14","osm_id":849301673}},{"type":"Feature","bbox":[-117.2456527,32.895834,-117.2454087,32.896129],"geometry":{"type":"Polygon","coordinates":[[[-117.2456527,32.8960924],[-117.2455039,32.896129],[-117.2454087,32.8958593],[-117.2455602,32.895834],[-117.2456527,32.8960924]]]},"properties":{"course_id":"torrey_pines_south_san_diego","course_name":"Torrey Pines Golf Course South","hole_number":null,"feature_type":"tee_box","name":"unassigned_tee_box_2","feature-color":"#8b7355","is_approximate":true,"source":"osm","@id":"5d374618-ad3a-406b-bc84-77441579167e","osm_id":849301675,"needs_hole_assignment":true}},{"type":"Feature","bbox":[-117.2457064,32.896174,-117.2455052,32.8962861],"geometry":{"type":"Polygon","coordinates":[[[-117.2457064,32.8962512],[-117.2456849,32.896174],[-117.2455052,32.8962151],[-117.2455314,32.8962861],[-117.2457064,32.8962512]]]},"properties":{"course_id":"torrey_pines_south_san_diego","course_name":"Torrey Pines Golf Course South","hole_number":null,"feature_type":"tee_box","name":"unassigned_tee_box_3","feature-color":"#8b7355","is_approximate":true,"source":"osm","@id":"b8a55869-674c-49e1-b1e5-9c1c035e4c96","osm_id":849301676,"needs_hole_assignment":true}},{"type":"Feature","bbox":[-117.2464819,32.8965526,-117.2463326,32.8966717],"geometry":{"type":"Polygon","coordinates":[[[-117.2464819,32.8965864],[-117.2464457,32.8965526],[-117.2463326,32.8966378],[-117.2463688,32.8966717],[-117.2464819,32.8965864]]]},"properties":{"course_id":"torrey_pines_south_san_diego","course_name":"Torrey Pines Golf Course South","hole_number":16,"feature_type":"tee_box","name":"hole_16_tee_box_3","feature-color":"#8b7355","is_approximate":true,"source":"osm","@id":"583e7a3d-412d-4ba5-9baf-9e1a38584529","osm_id":849301677}},{"type":"Feature","bbox":[-117.2453683,32.896271,-117.2453002,32.8963236],"geometry":{"type":"Polygon","coordinates":[[[-117.245319,32.8963236],[-117.2453683,32.8963149],[-117.2453525,32.896271],[-117.2453002,32.8962797],[-117.245319,32.8963236]]]},"properties":{"course_id":"torrey_pines_south_san_diego","course_name":"Torrey Pines Golf Course South","hole_number":15,"feature_type":"tee_box","name":"hole_15_tee_box_5","feature-color":"#8b7355","is_approximate":true,"source":"osm","@id":"eeea48a0-bc1d-437e-a1f5-3c72608e45cc","osm_id":849303966}},{"type":"Feature","bbox":[-117.2477473,32.89618,-117.2476179,32.8962927],"geometry":{"type":"Polygon","coordinates":[[[-117.2476632,32.8962927],[-117.2476179,32.8962584],[-117.247702,32.89618],[-117.2477473,32.8962143],[-117.2476632,32.8962927]]]},"properties":{"course_id":"torrey_pines_south_san_diego","course_name":"Torrey Pines Golf Course South","hole_number":17,"feature_type":"tee_box","name":"hole_17_tee_box_3","feature-color":"#8b7355","is_approximate":true,"source":"osm","@id":"9e8c9d49-c9e5-4e7b-a3ef-8bfbe86d0da4","osm_id":849307354}},{"type":"Feature","bbox":[-117.2473521,32.89645,-117.247256,32.8965349],"geometry":{"type":"Polygon","coordinates":[[[-117.2473521,32.8964789],[-117.2473082,32.89645],[-117.247256,32.8965061],[-117.2472998,32.8965349],[-117.2473521,32.8964789]]]},"properties":{"course_id":"torrey_pines_south_san_diego","course_name":"Torrey Pines Golf Course South","hole_number":17,"feature_type":"tee_box","name":"hole_17_tee_box_4","feature-color":"#8b7355","is_approximate":true,"source":"osm","@id":"69687c9e-abfd-46e8-8e59-db899061e864","osm_id":849307355}},{"type":"Feature","bbox":[-117.2471264,32.8966566,-117.247018,32.8967514],"geometry":{"type":"Polygon","coordinates":[[[-117.2471264,32.8966896],[-117.2470788,32.8966566],[-117.247018,32.8967184],[-117.2470656,32.8967514],[-117.2471264,32.8966896]]]},"properties":{"course_id":"torrey_pines_south_san_diego","course_name":"Torrey Pines Golf Course South","hole_number":17,"feature_type":"tee_box","name":"hole_17_tee_box_5","feature-color":"#8b7355","is_approximate":true,"source":"osm","@id":"bb1cad85-bc8e-408c-b60a-630c43ffedd2","osm_id":849307356}},{"type":"Feature","bbox":[-117.2447308,32.8986674,-117.2446611,32.8987393],"geometry":{"type":"Polygon","coordinates":[[[-117.2447308,32.8987307],[-117.2446748,32.8987393],[-117.2446611,32.898676],[-117.2447171,32.8986674],[-117.2447308,32.8987307]]]},"properties":{"course_id":"torrey_pines_south_san_diego","course_name":"Torrey Pines Golf Course South","hole_number":18,"feature_type":"tee_box","name":"hole_18_tee_box_3","feature-color":"#8b7355","is_approximate":true,"source":"osm","@id":"43c7d847-ba3a-4e3a-871c-debc17f3d3d2","osm_id":849330552}},{"type":"Feature","bbox":[-117.2449201,32.8992563,-117.244732,32.8995822],"geometry":{"type":"Polygon","coordinates":[[[-117.2449201,32.8995634],[-117.2448001,32.8995822],[-117.244732,32.899275],[-117.2448518,32.8992563],[-117.2449201,32.8995634]]]},"properties":{"course_id":"torrey_pines_south_san_diego","course_name":"Torrey Pines Golf Course South","hole_number":18,"feature_type":"tee_box","name":"hole_18_tee_box_4","feature-color":"#8b7355","is_approximate":true,"source":"osm","@id":"8d547056-204c-4c91-a9be-f6cb7eb3983c","osm_id":849330553}},{"type":"Feature","bbox":[-117.2451394,32.8998839,-117.2450669,32.9000177],"geometry":{"type":"Polygon","coordinates":[[[-117.2451394,32.9000111],[-117.2450921,32.9000177],[-117.2450669,32.8998905],[-117.2451143,32.8998839],[-117.2451394,32.9000111]]]},"properties":{"course_id":"torrey_pines_south_san_diego","course_name":"Torrey Pines Golf Course South","hole_number":18,"feature_type":"tee_box","name":"hole_18_tee_box_5","feature-color":"#8b7355","is_approximate":true,"source":"osm","@id":"5a91524d-db1d-49aa-832d-c19c9be12452","osm_id":849330554}},{"type":"Feature","bbox":[-117.2495271,32.902207,-117.2491848,32.9023785],"geometry":{"type":"Polygon","coordinates":[[[-117.2495091,32.9022533],[-117.2495178,32.9022667],[-117.2495241,32.9022842],[-117.2495271,32.9023069],[-117.2495214,32.9023286],[-117.2495113,32.9023458],[-117.2494918,32.9023626],[-117.2494742,32.9023737],[-117.249449,32.9023784],[-117.249424,32.9023785],[-117.2493957,32.902369],[-117.2493737,32.9023584],[-117.2493474,32.902348],[-117.2493197,32.9023417],[-117.2492925,32.9023409],[-117.2492639,32.9023378],[-117.2492367,32.9023337],[-117.2492129,32.9023214],[-117.2491931,32.9023056],[-117.2491848,32.902288],[-117.2491895,32.902268],[-117.2492102,32.9022476],[-117.249235,32.9022372],[-117.2492678,32.9022265],[-117.2492959,32.9022201],[-117.2493249,32.9022148],[-117.2493506,32.9022092],[-117.2493773,32.9022073],[-117.2494025,32.902207],[-117.2494306,32.902214],[-117.249458,32.9022219],[-117.249483,32.9022335],[-117.2495001,32.9022444],[-117.2495091,32.9022533]]]},"properties":{"course_id":"torrey_pines_south_san_diego","course_name":"Torrey Pines Golf Course South","hole_number":1,"feature_type":"green","name":"hole_1_green","feature-color":"#2d6e2d","is_approximate":true,"source":"osm","@id":"eb11b76f-9e8e-49b8-aca5-38236e316918","osm_id":849484713}},{"type":"Feature","bbox":[-117.2483297,32.8909545,-117.2480494,32.8911013],"geometry":{"type":"Polygon","coordinates":[[[-117.2482403,32.8910889],[-117.2482216,32.8910829],[-117.248203,32.8910769],[-117.2481846,32.8910683],[-117.2481685,32.8910607],[-117.2481527,32.8910484],[-117.248134,32.8910385],[-117.2481196,32.8910371],[-117.2481001,32.8910346],[-117.2480813,32.8910291],[-117.2480665,32.8910221],[-117.2480545,32.8910117],[-117.2480494,32.890999],[-117.2480507,32.8909853],[-117.2480567,32.8909706],[-117.2480688,32.8909628],[-117.2480849,32.8909629],[-117.2481042,32.8909611],[-117.2481226,32.8909545],[-117.2481392,32.8909577],[-117.2481435,32.8909673],[-117.2481459,32.8909784],[-117.2481567,32.8909848],[-117.2481688,32.8909832],[-117.2481813,32.8909787],[-117.2481956,32.8909791],[-117.248207,32.8909844],[-117.2482122,32.890993],[-117.2482109,32.8910025],[-117.2482139,32.8910138],[-117.2482295,32.8910183],[-117.2482488,32.8910167],[-117.2482605,32.8910146],[-117.248275,32.8910192],[-117.2482883,32.8910304],[-117.248303,32.8910407],[-117.2483201,32.8910496],[-117.2483297,32.8910653],[-117.2483279,32.891084],[-117.2483185,32.891096],[-117.2483031,32.8911013],[-117.2482891,32.8910992],[-117.2482733,32.8910935],[-117.2482559,32.8910927],[-117.2482403,32.8910889]]]},"properties":{"course_id":"torrey_pines_south_san_diego","course_name":"Torrey Pines Golf Course South","hole_number":12,"feature_type":"bunker","name":"hole_12_bunker","feature-color":"#d4b483","is_approximate":true,"source":"osm","@id":"0e0a46b9-5cdf-4d59-b92e-7d9c4eb9af48","osm_id":857959027}},{"type":"Feature","bbox":[-117.2477826,32.8911746,-117.2476791,32.8912615],"geometry":{"type":"Polygon","coordinates":[[[-117.2476968,32.891221],[-117.2476872,32.8912116],[-117.2476815,32.8912026],[-117.2476791,32.8911905],[-117.2476861,32.8911804],[-117.2476973,32.8911753],[-117.2477119,32.8911746],[-117.2477231,32.8911814],[-117.2477323,32.8911895],[-117.2477429,32.8911921],[-117.247757,32.8911918],[-117.24777,32.8911941],[-117.2477796,32.8912016],[-117.2477826,32.8912118],[-117.2477756,32.8912204],[-117.2477644,32.8912239],[-117.2477558,32.8912351],[-117.2477531,32.8912477],[-117.2477459,32.8912554],[-117.2477332,32.8912608],[-117.2477212,32.8912615],[-117.2477068,32.8912591],[-117.2476988,32.8912503],[-117.2476949,32.8912403],[-117.2476974,32.8912318],[-117.2476968,32.891221]]]},"properties":{"course_id":"torrey_pines_south_san_diego","course_name":"Torrey Pines Golf Course South","hole_number":12,"feature_type":"bunker","name":"hole_12_bunker_2","feature-color":"#d4b483","is_approximate":true,"source":"osm","@id":"bfdaf00a-82b1-4885-ab09-2800afac67a8","osm_id":857959028}},{"type":"Feature","bbox":[-117.2479638,32.8912185,-117.2477773,32.891343],"geometry":{"type":"Polygon","coordinates":[[[-117.2479513,32.8913369],[-117.2479387,32.891343],[-117.2479223,32.8913418],[-117.2479102,32.8913354],[-117.2479068,32.8913278],[-117.2478951,32.8913109],[-117.2478825,32.8913048],[-117.24787,32.8913031],[-117.2478579,32.8913063],[-117.2478525,32.8913151],[-117.2478487,32.891321],[-117.2478419,32.8913276],[-117.2478324,32.8913287],[-117.2478199,32.8913269],[-117.2478111,32.8913235],[-117.2478006,32.8913159],[-117.2477925,32.8913084],[-117.2477859,32.891301],[-117.2477804,32.8912871],[-117.2477777,32.8912768],[-117.2477773,32.8912659],[-117.2477845,32.8912541],[-117.2477948,32.8912497],[-117.2478066,32.8912475],[-117.2478149,32.8912436],[-117.2478215,32.8912348],[-117.2478288,32.891227],[-117.2478378,32.8912208],[-117.2478506,32.8912185],[-117.2478622,32.8912217],[-117.2478699,32.8912261],[-117.2478763,32.8912343],[-117.2478834,32.8912384],[-117.2478939,32.8912419],[-117.2479099,32.8912409],[-117.2479204,32.8912405],[-117.2479285,32.8912433],[-117.2479346,32.8912472],[-117.2479427,32.8912568],[-117.2479464,32.8912646],[-117.2479468,32.8912759],[-117.2479512,32.8912867],[-117.2479616,32.8912984],[-117.2479638,32.8913136],[-117.2479598,32.8913261],[-117.2479513,32.8913369]]]},"properties":{"course_id":"torrey_pines_south_san_diego","course_name":"Torrey Pines Golf Course South","hole_number":12,"feature_type":"bunker","name":"hole_12_bunker_3","feature-color":"#d4b483","is_approximate":true,"source":"osm","@id":"20faa5ed-e989-4888-a514-1c5c0fec8d1a","osm_id":857959029}},{"type":"Feature","bbox":[-117.2472669,32.8956777,-117.2470767,32.8958651],"geometry":{"type":"Polygon","coordinates":[[[-117.2471783,32.8958633],[-117.2471575,32.8958651],[-117.2471404,32.895862],[-117.2471234,32.8958598],[-117.2471092,32.895847],[-117.2470985,32.8958329],[-117.2470877,32.8958232],[-117.247081,32.8958048],[-117.2470767,32.8957895],[-117.2470825,32.8957781],[-117.2470941,32.8957633],[-117.2471047,32.8957415],[-117.2471099,32.8957221],[-117.2471159,32.8957038],[-117.2471292,32.895687],[-117.2471503,32.8956787],[-117.2471736,32.8956777],[-117.2471935,32.8956809],[-117.2472019,32.8956906],[-117.2472027,32.8957018],[-117.2471928,32.8957131],[-117.2471772,32.8957188],[-117.2471657,32.8957273],[-117.247159,32.8957407],[-117.2471439,32.8957514],[-117.2471402,32.895765],[-117.2471453,32.8957766],[-117.2471442,32.8957892],[-117.2471362,32.8957982],[-117.2471295,32.8958094],[-117.2471362,32.8958205],[-117.2471505,32.8958202],[-117.2471676,32.895817],[-117.2471829,32.8958096],[-117.2471826,32.8957969],[-117.2471798,32.8957808],[-117.2471846,32.8957678],[-117.2471984,32.8957624],[-117.247215,32.8957647],[-117.247222,32.8957753],[-117.2472303,32.8957909],[-117.2472454,32.895795],[-117.2472612,32.895797],[-117.2472651,32.895807],[-117.2472669,32.8958202],[-117.2472586,32.8958317],[-117.247244,32.8958368],[-117.2472282,32.895833],[-117.2472138,32.8958317],[-117.2472023,32.8958372],[-117.2472007,32.895849],[-117.2471936,32.895859],[-117.2471783,32.8958633]]]},"properties":{"course_id":"torrey_pines_south_san_diego","course_name":"Torrey Pines Golf Course South","hole_number":16,"feature_type":"bunker","name":"hole_16_bunker","feature-color":"#d4b483","is_approximate":true,"source":"osm","@id":"50dad938-accf-4e4f-aa51-4a96843a710a","osm_id":857960857}},{"type":"Feature","bbox":[-117.2456328,32.9010461,-117.245444,32.9012237],"geometry":{"type":"Polygon","coordinates":[[[-117.2455909,32.9011085],[-117.245611,32.9011152],[-117.2456239,32.9011268],[-117.2456328,32.9011405],[-117.2456308,32.9011573],[-117.245621,32.9011685],[-117.2456062,32.9011738],[-117.2455915,32.9011705],[-117.2455826,32.9011606],[-117.2455728,32.9011504],[-117.2455609,32.9011446],[-117.2455443,32.9011424],[-117.2455324,32.9011517],[-117.2455345,32.9011682],[-117.2455443,32.9011802],[-117.245559,32.9011877],[-117.2455679,32.9011963],[-117.2455673,32.9012091],[-117.2455595,32.901216],[-117.245541,32.9012228],[-117.2455206,32.9012237],[-117.2454959,32.901221],[-117.2454756,32.9012111],[-117.2454681,32.9011995],[-117.2454596,32.9011863],[-117.2454541,32.9011738],[-117.2454513,32.9011601],[-117.2454542,32.901143],[-117.2454658,32.9011321],[-117.2454682,32.9011141],[-117.2454591,32.9010986],[-117.2454471,32.9010866],[-117.245444,32.901074],[-117.2454517,32.9010608],[-117.2454714,32.9010516],[-117.2454936,32.9010461],[-117.2455142,32.9010491],[-117.2455213,32.9010588],[-117.2455183,32.9010759],[-117.2455288,32.9010941],[-117.24555,32.9011062],[-117.2455694,32.9011093],[-117.2455909,32.9011085]]]},"properties":{"course_id":"torrey_pines_south_san_diego","course_name":"Torrey Pines Golf Course South","hole_number":18,"feature_type":"bunker","name":"hole_18_bunker","feature-color":"#d4b483","is_approximate":true,"source":"osm","@id":"fe6bc3f2-2cd3-4cb6-8b02-3d0563320083","osm_id":857960864}},{"type":"Feature","bbox":[-117.2499331,32.8995561,-117.2498067,32.8997751],"geometry":{"type":"Polygon","coordinates":[[[-117.2498515,32.8997693],[-117.2498624,32.8997713],[-117.2498796,32.8997751],[-117.2498958,32.8997738],[-117.2499075,32.8997692],[-117.2499185,32.8997623],[-117.2499243,32.8997537],[-117.249926,32.8997432],[-117.2499209,32.8997356],[-117.249912,32.8997322],[-117.2499011,32.8997302],[-117.249894,32.8997204],[-117.2498968,32.8997079],[-117.2499042,32.8997026],[-117.2499166,32.8997],[-117.2499278,32.8996965],[-117.2499331,32.8996849],[-117.2499316,32.8996707],[-117.2499233,32.8996623],[-117.2499113,32.8996598],[-117.2498993,32.8996627],[-117.2498869,32.899666],[-117.2498757,32.8996646],[-117.2498659,32.8996545],[-117.2498633,32.8996419],[-117.2498693,32.8996295],[-117.2498838,32.8996206],[-117.2498977,32.8996109],[-117.2499039,32.8995985],[-117.249907,32.899583],[-117.2498992,32.8995692],[-117.2498848,32.8995593],[-117.2498683,32.8995561],[-117.2498509,32.8995599],[-117.249832,32.8995705],[-117.2498211,32.8995807],[-117.2498133,32.8995936],[-117.2498092,32.899608],[-117.2498067,32.8996225],[-117.2498079,32.8996382],[-117.249815,32.899652],[-117.2498264,32.8996612],[-117.2498398,32.8996721],[-117.2498473,32.8996828],[-117.249849,32.8996927],[-117.2498467,32.8997043],[-117.2498366,32.8997113],[-117.2498232,32.8997173],[-117.2498178,32.8997261],[-117.2498164,32.8997371],[-117.2498215,32.8997497],[-117.2498291,32.8997586],[-117.24984,32.8997647],[-117.2498515,32.8997693]]]},"properties":{"course_id":"torrey_pines_south_san_diego","course_name":"Torrey Pines Golf Course South","hole_number":2,"feature_type":"bunker","name":"hole_2_bunker","feature-color":"#d4b483","is_approximate":true,"source":"osm","@id":"39d7e981-bc7f-44ac-9d8d-a51d2f8381ac","osm_id":903058686}},{"type":"Feature","bbox":[-117.2502244,32.8995701,-117.2500821,32.8997689],"geometry":{"type":"Polygon","coordinates":[[[-117.2501396,32.8997688],[-117.2501515,32.8997646],[-117.250162,32.8997568],[-117.2501705,32.8997481],[-117.250174,32.8997338],[-117.2501744,32.899718],[-117.2501829,32.8996987],[-117.2502032,32.8996714],[-117.250217,32.899646],[-117.2502244,32.8996257],[-117.2502238,32.8996068],[-117.2502158,32.8995912],[-117.2502022,32.899578],[-117.2501863,32.8995701],[-117.250166,32.8995706],[-117.2501506,32.8995782],[-117.2501405,32.8995907],[-117.2501386,32.8996057],[-117.250146,32.8996186],[-117.2501597,32.8996286],[-117.2501698,32.8996411],[-117.2501693,32.899659],[-117.2501607,32.8996725],[-117.2501479,32.8996812],[-117.2501345,32.8996822],[-117.2501255,32.8996754],[-117.2501211,32.8996651],[-117.2501113,32.89966],[-117.2500987,32.8996634],[-117.250089,32.8996709],[-117.2500821,32.8996858],[-117.2500836,32.8996979],[-117.2500918,32.8997087],[-117.2500972,32.8997213],[-117.2500957,32.899734],[-117.2500952,32.8997482],[-117.2501004,32.8997581],[-117.2501116,32.899766],[-117.2501258,32.8997689],[-117.2501396,32.8997688]]]},"properties":{"course_id":"torrey_pines_south_san_diego","course_name":"Torrey Pines Golf Course South","hole_number":2,"feature_type":"bunker","name":"hole_2_bunker_2","feature-color":"#d4b483","is_approximate":true,"source":"osm","@id":"5a30132c-0b74-417c-ae1b-b46c2b27f83e","osm_id":903058687}},{"type":"Feature","bbox":[-117.2501721,32.900428,-117.2500026,32.9005832],"geometry":{"type":"Polygon","coordinates":[[[-117.2501009,32.9005832],[-117.2501218,32.9005775],[-117.2501367,32.9005712],[-117.2501515,32.9005624],[-117.2501637,32.9005491],[-117.2501709,32.9005362],[-117.2501721,32.9005228],[-117.2501642,32.9005115],[-117.2501471,32.9005046],[-117.2501309,32.9005102],[-117.2501228,32.900524],[-117.2501087,32.9005335],[-117.2500925,32.900535],[-117.2500743,32.9005267],[-117.2500675,32.9005083],[-117.2500765,32.9004907],[-117.2500933,32.9004832],[-117.2501116,32.9004822],[-117.2501269,32.9004733],[-117.2501316,32.9004576],[-117.2501299,32.9004433],[-117.2501194,32.9004327],[-117.2501047,32.900428],[-117.250085,32.9004312],[-117.2500634,32.9004384],[-117.2500463,32.9004487],[-117.2500298,32.9004579],[-117.2500193,32.9004692],[-117.2500085,32.9004824],[-117.2500026,32.9005042],[-117.2500085,32.9005227],[-117.2500164,32.9005398],[-117.2500287,32.9005536],[-117.2500447,32.900567],[-117.2500613,32.9005761],[-117.2500788,32.9005832],[-117.2501009,32.9005832]]]},"properties":{"course_id":"torrey_pines_south_san_diego","course_name":"Torrey Pines Golf Course South","hole_number":2,"feature_type":"bunker","name":"hole_2_bunker_3","feature-color":"#d4b483","is_approximate":true,"source":"osm","@id":"2b717185-2f27-445e-919e-26601b4ca103","osm_id":903058688}},{"type":"Feature","bbox":[-117.2497372,32.9001391,-117.2495788,32.9005493],"geometry":{"type":"Polygon","coordinates":[[[-117.2496217,32.9005493],[-117.2496396,32.9005456],[-117.2496582,32.9005377],[-117.2496729,32.9005256],[-117.2496833,32.9005125],[-117.2496934,32.900493],[-117.2496984,32.9004777],[-117.2497019,32.9004651],[-117.2497072,32.9004474],[-117.249717,32.9004289],[-117.2497271,32.9004131],[-117.2497346,32.9003859],[-117.2497352,32.9003628],[-117.2497291,32.9003478],[-117.2497251,32.9003304],[-117.2497242,32.9003133],[-117.2497236,32.900298],[-117.2497255,32.9002804],[-117.2497259,32.9002598],[-117.2497283,32.9002422],[-117.2497312,32.9002256],[-117.2497315,32.9002066],[-117.2497346,32.9001916],[-117.2497372,32.9001781],[-117.2497351,32.9001631],[-117.2497285,32.9001518],[-117.2497166,32.9001431],[-117.2496998,32.9001391],[-117.2496866,32.9001403],[-117.2496726,32.9001456],[-117.249666,32.9001564],[-117.2496643,32.9001693],[-117.249659,32.9001811],[-117.2496511,32.9001919],[-117.2496472,32.9002046],[-117.24965,32.9002143],[-117.2496576,32.9002214],[-117.2496688,32.9002238],[-117.2496792,32.9002328],[-117.2496839,32.900243],[-117.2496834,32.9002533],[-117.2496789,32.9002628],[-117.2496697,32.9002698],[-117.249659,32.90027],[-117.249649,32.9002669],[-117.2496396,32.9002702],[-117.2496358,32.9002815],[-117.2496324,32.9002947],[-117.2496311,32.9003121],[-117.2496358,32.9003262],[-117.2496428,32.9003342],[-117.2496542,32.9003399],[-117.2496668,32.9003454],[-117.2496805,32.9003533],[-117.2496871,32.9003661],[-117.249688,32.9003817],[-117.2496806,32.9003936],[-117.249668,32.900398],[-117.2496531,32.9003991],[-117.2496402,32.9003933],[-117.2496266,32.90039],[-117.2496133,32.900394],[-117.2496,32.9004047],[-117.2495976,32.9004215],[-117.2496017,32.9004346],[-117.249612,32.9004455],[-117.2496251,32.9004532],[-117.2496383,32.9004614],[-117.2496447,32.9004723],[-117.2496418,32.9004839],[-117.2496323,32.9004885],[-117.2496184,32.9004868],[-117.2496039,32.9004848],[-117.2495908,32.9004862],[-117.2495817,32.9004963],[-117.2495788,32.900509],[-117.2495791,32.9005226],[-117.2495834,32.9005329],[-117.2495926,32.9005437],[-117.2496042,32.9005489],[-117.2496217,32.9005493]]]},"properties":{"course_id":"torrey_pines_south_san_diego","course_name":"Torrey Pines Golf Course South","hole_number":2,"feature_type":"bunker","name":"hole_2_bunker_4","feature-color":"#d4b483","is_approximate":true,"source":"osm","@id":"c484e826-4a20-4bf8-8100-0d0a4b466628","osm_id":903058689}},{"type":"Feature","bbox":[-117.2507124,32.8977649,-117.2505209,32.8978994],"geometry":{"type":"Polygon","coordinates":[[[-117.2505355,32.8978506],[-117.2505472,32.8978567],[-117.2505645,32.8978613],[-117.2505828,32.8978614],[-117.2505968,32.8978619],[-117.2506108,32.8978652],[-117.250625,32.897871],[-117.2506322,32.8978797],[-117.2506412,32.8978937],[-117.250655,32.8978984],[-117.2506704,32.8978994],[-117.2506876,32.8978959],[-117.2506999,32.8978868],[-117.2507077,32.897874],[-117.2507124,32.8978596],[-117.2507082,32.8978431],[-117.2506998,32.8978319],[-117.2506881,32.8978243],[-117.2506734,32.8978189],[-117.2506559,32.8978215],[-117.2506382,32.8978234],[-117.2506207,32.8978193],[-117.2506106,32.8978128],[-117.2505994,32.8978086],[-117.2505839,32.897806],[-117.2505727,32.8977964],[-117.2505684,32.8977843],[-117.250562,32.8977714],[-117.2505484,32.8977649],[-117.2505314,32.8977685],[-117.2505209,32.8977797],[-117.2505209,32.8977949],[-117.2505242,32.8978098],[-117.250527,32.8978242],[-117.2505277,32.8978391],[-117.2505355,32.8978506]]]},"properties":{"course_id":"torrey_pines_south_san_diego","course_name":"Torrey Pines Golf Course South","hole_number":3,"feature_type":"bunker","name":"hole_3_bunker","feature-color":"#d4b483","is_approximate":true,"source":"osm","@id":"2de514b9-cb53-4765-8584-da3beead4e1c","osm_id":903058692}},{"type":"Feature","bbox":[-117.2510278,32.8988602,-117.2508416,32.8991347],"geometry":{"type":"Polygon","coordinates":[[[-117.2508777,32.8991347],[-117.2508927,32.8991302],[-117.250902,32.8991188],[-117.2509096,32.8991063],[-117.2509228,32.8990964],[-117.2509372,32.8990891],[-117.2509526,32.8990861],[-117.2509672,32.899081],[-117.2509797,32.8990729],[-117.2509886,32.8990608],[-117.2509951,32.8990494],[-117.2509961,32.8990377],[-117.2509879,32.8990272],[-117.2509791,32.8990204],[-117.250974,32.89901],[-117.2509764,32.8989985],[-117.2509865,32.8989838],[-117.2509993,32.8989721],[-117.2510116,32.8989618],[-117.2510194,32.8989508],[-117.2510246,32.8989398],[-117.2510278,32.8989266],[-117.2510278,32.8989099],[-117.2510243,32.8988953],[-117.2510178,32.898882],[-117.2510066,32.898869],[-117.2509959,32.8988624],[-117.2509777,32.8988602],[-117.2509621,32.8988677],[-117.2509526,32.8988772],[-117.2509462,32.898887],[-117.2509454,32.8988999],[-117.2509508,32.8989126],[-117.2509618,32.8989203],[-117.2509708,32.8989277],[-117.2509718,32.8989385],[-117.2509627,32.8989485],[-117.250948,32.8989509],[-117.2509358,32.8989499],[-117.2509245,32.8989535],[-117.2509149,32.8989614],[-117.2509083,32.8989714],[-117.2509056,32.8989845],[-117.2509101,32.898993],[-117.2509202,32.8989973],[-117.2509283,32.8990007],[-117.2509313,32.8990065],[-117.2509292,32.8990143],[-117.2509234,32.8990196],[-117.2509159,32.8990242],[-117.25091,32.8990282],[-117.250905,32.899035],[-117.2509016,32.8990441],[-117.2509042,32.8990516],[-117.2509077,32.8990597],[-117.2509053,32.8990684],[-117.2509006,32.899073],[-117.2508934,32.8990741],[-117.2508822,32.899072],[-117.2508713,32.8990734],[-117.2508616,32.8990786],[-117.2508539,32.8990834],[-117.2508476,32.899089],[-117.2508432,32.8990973],[-117.2508416,32.8991092],[-117.250845,32.8991207],[-117.2508516,32.8991274],[-117.250862,32.8991323],[-117.2508777,32.8991347]]]},"properties":{"course_id":"torrey_pines_south_san_diego","course_name":"Torrey Pines Golf Course South","hole_number":5,"feature_type":"bunker","name":"hole_5_bunker_3","feature-color":"#d4b483","is_approximate":true,"source":"osm","@id":"7b5a6942-0b3f-4e69-ab77-f2854bb93937","osm_id":903058694}},{"type":"Feature","bbox":[-117.2507136,32.8990146,-117.250598,32.8991656],"geometry":{"type":"Polygon","coordinates":[[[-117.2506647,32.8991636],[-117.2506778,32.8991551],[-117.2506894,32.8991453],[-117.2506973,32.8991367],[-117.2507045,32.8991264],[-117.2507104,32.8991167],[-117.2507136,32.8991047],[-117.2507115,32.8990927],[-117.2507002,32.8990876],[-117.250692,32.899094],[-117.2506824,32.8990956],[-117.2506717,32.8990915],[-117.2506717,32.8990782],[-117.2506792,32.899072],[-117.2506862,32.8990599],[-117.2506875,32.8990456],[-117.2506814,32.8990306],[-117.2506707,32.8990204],[-117.2506528,32.8990146],[-117.2506332,32.8990149],[-117.2506178,32.8990226],[-117.2506064,32.8990336],[-117.2505986,32.8990462],[-117.250598,32.8990611],[-117.2506071,32.8990735],[-117.2506196,32.8990813],[-117.2506298,32.8990834],[-117.2506388,32.8990938],[-117.2506424,32.8991057],[-117.2506361,32.8991159],[-117.2506262,32.8991229],[-117.25062,32.899134],[-117.2506194,32.8991438],[-117.2506259,32.8991536],[-117.2506383,32.8991626],[-117.2506521,32.8991656],[-117.2506647,32.8991636]]]},"properties":{"course_id":"torrey_pines_south_san_diego","course_name":"Torrey Pines Golf Course South","hole_number":5,"feature_type":"bunker","name":"hole_5_bunker_4","feature-color":"#d4b483","is_approximate":true,"source":"osm","@id":"4fabaa1e-7ff9-4e6e-842d-edd4311c0715","osm_id":903058695}},{"type":"Feature","bbox":[-117.2443002,32.8957737,-117.2441929,32.8959328],"geometry":{"type":"Polygon","coordinates":[[[-117.2442817,32.8958949],[-117.2442838,32.8958871],[-117.2442795,32.8958807],[-117.2442709,32.8958777],[-117.2442572,32.8958785],[-117.2442489,32.8958738],[-117.2442494,32.8958632],[-117.2442536,32.8958573],[-117.2442599,32.8958531],[-117.244269,32.8958478],[-117.2442809,32.8958409],[-117.2442912,32.8958336],[-117.244298,32.8958247],[-117.2443002,32.8958138],[-117.2442984,32.895802],[-117.2442911,32.8957908],[-117.2442809,32.895781],[-117.2442649,32.8957749],[-117.2442497,32.8957737],[-117.2442367,32.895775],[-117.2442216,32.895779],[-117.2442091,32.8957873],[-117.2441985,32.8957996],[-117.2441933,32.8958139],[-117.2441963,32.8958295],[-117.2442016,32.8958412],[-117.2442036,32.8958565],[-117.2442046,32.8958683],[-117.2442047,32.8958776],[-117.2442008,32.8958885],[-117.2441966,32.8958976],[-117.2441929,32.895908],[-117.2441944,32.8959189],[-117.2442018,32.8959256],[-117.2442083,32.8959295],[-117.2442179,32.8959323],[-117.244228,32.8959328],[-117.2442393,32.895928],[-117.2442468,32.8959227],[-117.2442605,32.8959144],[-117.2442698,32.8959074],[-117.2442765,32.8959019],[-117.2442817,32.8958949]]]},"properties":{"course_id":"torrey_pines_south_san_diego","course_name":"Torrey Pines Golf Course South","hole_number":9,"feature_type":"bunker","name":"hole_9_bunker_4","feature-color":"#d4b483","is_approximate":true,"source":"osm","@id":"28cd24ae-6df3-4992-a662-35a4a517b333","osm_id":903066159}},{"type":"Feature","bbox":[-117.2441931,32.8953867,-117.2440173,32.8954793],"geometry":{"type":"Polygon","coordinates":[[[-117.2440833,32.8954678],[-117.2440956,32.8954738],[-117.2441089,32.895478],[-117.244124,32.8954793],[-117.2441388,32.8954788],[-117.2441507,32.8954767],[-117.2441641,32.8954722],[-117.2441735,32.8954668],[-117.2441835,32.8954584],[-117.2441899,32.8954488],[-117.2441931,32.8954358],[-117.2441915,32.8954222],[-117.2441811,32.8954093],[-117.2441683,32.8954012],[-117.2441534,32.8953976],[-117.2441347,32.8954007],[-117.244125,32.8954074],[-117.2441205,32.8954183],[-117.244113,32.8954299],[-117.2441029,32.8954328],[-117.2440905,32.8954317],[-117.2440816,32.8954282],[-117.2440749,32.8954199],[-117.2440746,32.8954111],[-117.2440764,32.8954008],[-117.2440729,32.8953916],[-117.2440619,32.8953867],[-117.2440472,32.8953878],[-117.2440373,32.8953916],[-117.2440295,32.8953978],[-117.2440233,32.8954065],[-117.2440187,32.895417],[-117.2440173,32.8954296],[-117.2440213,32.8954409],[-117.2440291,32.8954497],[-117.2440372,32.8954568],[-117.2440464,32.8954609],[-117.2440601,32.8954646],[-117.2440707,32.8954653],[-117.2440833,32.8954678]]]},"properties":{"course_id":"torrey_pines_south_san_diego","course_name":"Torrey Pines Golf Course South","hole_number":9,"feature_type":"bunker","name":"hole_9_bunker_5","feature-color":"#d4b483","is_approximate":true,"source":"osm","@id":"77d99525-0564-435c-9dde-a69de1b3c368","osm_id":903066160}},{"type":"Feature","bbox":[-117.2441789,32.8949031,-117.244059,32.8950816],"geometry":{"type":"Polygon","coordinates":[[[-117.244117,32.8950816],[-117.244135,32.8950797],[-117.2441584,32.8950711],[-117.2441738,32.8950564],[-117.2441789,32.8950394],[-117.2441733,32.8950235],[-117.2441617,32.8950113],[-117.2441555,32.895001],[-117.2441594,32.894991],[-117.2441685,32.8949791],[-117.2441739,32.8949658],[-117.244168,32.8949551],[-117.2441611,32.8949403],[-117.2441624,32.8949263],[-117.2441507,32.8949129],[-117.244137,32.894905],[-117.2441162,32.8949031],[-117.2441023,32.8949062],[-117.2440925,32.8949111],[-117.2440841,32.8949225],[-117.2440816,32.894936],[-117.244087,32.8949491],[-117.2440993,32.8949653],[-117.2441053,32.8949766],[-117.2441067,32.8949883],[-117.2441043,32.8949986],[-117.2440957,32.8950042],[-117.2440826,32.8950048],[-117.244069,32.8950058],[-117.2440609,32.8950136],[-117.244059,32.8950254],[-117.2440658,32.8950351],[-117.2440725,32.8950419],[-117.2440721,32.8950547],[-117.2440792,32.8950683],[-117.2440993,32.8950762],[-117.244117,32.8950816]]]},"properties":{"course_id":"torrey_pines_south_san_diego","course_name":"Torrey Pines Golf Course South","hole_number":9,"feature_type":"bunker","name":"hole_9_bunker_6","feature-color":"#d4b483","is_approximate":true,"source":"osm","@id":"18874bf0-9059-45f6-9922-ef0fa3f5700b","osm_id":903066161}},{"type":"Feature","bbox":[-117.2439108,32.8949376,-117.2437465,32.895125],"geometry":{"type":"Polygon","coordinates":[[[-117.2438687,32.895125],[-117.2438823,32.8951245],[-117.2438929,32.8951205],[-117.2439048,32.8951156],[-117.2439108,32.8951031],[-117.2439088,32.895094],[-117.2439022,32.8950811],[-117.2439018,32.8950716],[-117.2439038,32.8950601],[-117.2439014,32.8950485],[-117.2438927,32.8950373],[-117.2438815,32.8950305],[-117.2438658,32.8950272],[-117.2438532,32.8950286],[-117.2438406,32.895031],[-117.2438247,32.8950283],[-117.2438193,32.8950189],[-117.2438252,32.8950072],[-117.2438306,32.8949928],[-117.2438327,32.8949774],[-117.2438359,32.8949621],[-117.2438287,32.8949472],[-117.2438123,32.894938],[-117.2437929,32.8949376],[-117.2437781,32.8949425],[-117.2437639,32.8949501],[-117.243757,32.894963],[-117.2437547,32.8949793],[-117.2437608,32.8949932],[-117.2437722,32.8950003],[-117.2437822,32.8950128],[-117.2437775,32.8950215],[-117.2437677,32.8950256],[-117.2437539,32.895033],[-117.2437465,32.8950418],[-117.2437487,32.895057],[-117.2437545,32.8950678],[-117.2437708,32.8950738],[-117.2437896,32.8950739],[-117.2438042,32.895078],[-117.2438213,32.8950779],[-117.2438312,32.8950715],[-117.2438457,32.8950717],[-117.243855,32.8950793],[-117.2438539,32.8950899],[-117.2438502,32.8951005],[-117.243849,32.8951134],[-117.2438534,32.8951226],[-117.2438687,32.895125]]]},"properties":{"course_id":"torrey_pines_south_san_diego","course_name":"Torrey Pines Golf Course South","hole_number":9,"feature_type":"bunker","name":"hole_9_bunker_7","feature-color":"#d4b483","is_approximate":true,"source":"osm","@id":"1d2a85ae-0b5d-42e0-8c07-a7b2606d5a08","osm_id":903066162}},{"type":"Feature","bbox":[-117.2439273,32.8951031,-117.2437442,32.8952513],"geometry":{"type":"Polygon","coordinates":[[[-117.2438108,32.8952502],[-117.2438239,32.8952513],[-117.2438364,32.895244],[-117.2438503,32.8952329],[-117.2438618,32.8952253],[-117.2438785,32.8952232],[-117.2438941,32.8952216],[-117.2439037,32.8952153],[-117.2439123,32.8952093],[-117.2439211,32.8951977],[-117.2439262,32.8951858],[-117.2439273,32.895174],[-117.2439251,32.8951627],[-117.243918,32.8951547],[-117.2439068,32.8951497],[-117.2438899,32.8951486],[-117.2438745,32.8951514],[-117.2438616,32.8951542],[-117.2438482,32.8951514],[-117.2438384,32.8951405],[-117.2438311,32.8951309],[-117.2438223,32.8951197],[-117.243807,32.8951101],[-117.2437913,32.8951048],[-117.2437702,32.8951031],[-117.2437552,32.8951091],[-117.2437455,32.8951185],[-117.2437442,32.895132],[-117.2437482,32.8951469],[-117.2437633,32.895152],[-117.2437798,32.8951516],[-117.2437939,32.8951602],[-117.2438049,32.8951686],[-117.2438156,32.895173],[-117.2438313,32.8951732],[-117.2438459,32.8951771],[-117.2438536,32.8951885],[-117.2438508,32.8951998],[-117.2438427,32.8952033],[-117.2438323,32.8952016],[-117.2438209,32.8951954],[-117.2438075,32.895189],[-117.2437896,32.8951877],[-117.2437756,32.8951933],[-117.2437691,32.8952046],[-117.2437702,32.8952176],[-117.2437777,32.8952304],[-117.2437897,32.8952414],[-117.2438009,32.8952462],[-117.2438108,32.8952502]]]},"properties":{"course_id":"torrey_pines_south_san_diego","course_name":"Torrey Pines Golf Course South","hole_number":9,"feature_type":"bunker","name":"hole_9_bunker_8","feature-color":"#d4b483","is_approximate":true,"source":"osm","@id":"afa79e9c-01a3-41d9-a952-42cc02fae7bd","osm_id":903066163}},{"type":"Feature","bbox":[-117.243709,32.8917963,-117.2435134,32.8920082],"geometry":{"type":"Polygon","coordinates":[[[-117.2435746,32.8920082],[-117.2435914,32.8920076],[-117.2436027,32.892],[-117.2436095,32.8919888],[-117.2436212,32.8919749],[-117.243643,32.8919716],[-117.2436624,32.8919679],[-117.2436759,32.8919595],[-117.2436866,32.8919469],[-117.2436967,32.8919344],[-117.2437055,32.8919201],[-117.243709,32.891906],[-117.2437085,32.8918931],[-117.2437008,32.8918801],[-117.2436878,32.8918726],[-117.2436713,32.8918734],[-117.2436547,32.8918742],[-117.243643,32.891867],[-117.2436438,32.8918553],[-117.2436579,32.8918478],[-117.2436749,32.8918405],[-117.2436804,32.8918281],[-117.2436771,32.8918137],[-117.2436648,32.8918066],[-117.2436454,32.8917998],[-117.2436273,32.8917963],[-117.2436076,32.8917992],[-117.2435963,32.89181],[-117.2435933,32.8918267],[-117.243585,32.8918366],[-117.2435824,32.8918515],[-117.2435867,32.8918659],[-117.243592,32.891878],[-117.2436011,32.8918897],[-117.243615,32.8918968],[-117.2436225,32.8919051],[-117.2436232,32.8919177],[-117.2436162,32.8919262],[-117.2436185,32.8919354],[-117.2436146,32.8919455],[-117.2436019,32.8919515],[-117.2435865,32.8919474],[-117.2435777,32.8919408],[-117.2435722,32.891928],[-117.2435631,32.8919203],[-117.2435473,32.8919197],[-117.2435342,32.8919237],[-117.243523,32.8919331],[-117.2435156,32.8919436],[-117.2435134,32.8919585],[-117.2435192,32.8919699],[-117.2435357,32.8919789],[-117.2435488,32.8919886],[-117.2435607,32.8919977],[-117.2435746,32.8920082]]]},"properties":{"course_id":"torrey_pines_south_san_diego","course_name":"Torrey Pines Golf Course South","hole_number":10,"feature_type":"bunker","name":"hole_10_bunker_2","feature-color":"#d4b483","is_approximate":true,"source":"osm","@id":"65014f75-0f04-4bea-9f73-2081910637e5","osm_id":903076812}},{"type":"Feature","bbox":[-117.2433946,32.8917787,-117.243262,32.892006],"geometry":{"type":"Polygon","coordinates":[[[-117.2433205,32.8920034],[-117.2433381,32.8920051],[-117.243356,32.892006],[-117.2433713,32.8920033],[-117.2433848,32.89199],[-117.243393,32.8919762],[-117.2433946,32.8919625],[-117.2433916,32.8919476],[-117.2433853,32.8919354],[-117.2433744,32.8919217],[-117.2433666,32.8919139],[-117.243357,32.8919045],[-117.2433494,32.8918932],[-117.2433468,32.8918824],[-117.2433481,32.8918707],[-117.2433461,32.8918598],[-117.2433405,32.8918477],[-117.2433454,32.8918307],[-117.2433496,32.8918188],[-117.2433485,32.8918057],[-117.2433421,32.8917951],[-117.2433317,32.8917848],[-117.243316,32.8917793],[-117.2433007,32.8917787],[-117.243287,32.891785],[-117.2432767,32.8917954],[-117.2432697,32.8918055],[-117.243268,32.8918196],[-117.2432729,32.8918311],[-117.2432843,32.8918385],[-117.2432974,32.8918425],[-117.2433047,32.8918504],[-117.2433059,32.8918594],[-117.2433008,32.8918672],[-117.2432914,32.89187],[-117.2432784,32.8918727],[-117.2432701,32.8918797],[-117.2432637,32.8918867],[-117.243262,32.8918975],[-117.2432638,32.8919091],[-117.2432678,32.8919185],[-117.2432785,32.8919272],[-117.2432908,32.8919307],[-117.2433052,32.8919289],[-117.2433177,32.891929],[-117.2433247,32.8919376],[-117.2433238,32.8919461],[-117.2433132,32.8919506],[-117.2433036,32.8919513],[-117.2432916,32.8919568],[-117.2432823,32.8919646],[-117.2432799,32.891975],[-117.2432834,32.8919858],[-117.2432927,32.891995],[-117.2433049,32.8920011],[-117.2433205,32.8920034]]]},"properties":{"course_id":"torrey_pines_south_san_diego","course_name":"Torrey Pines Golf Course South","hole_number":10,"feature_type":"bunker","name":"hole_10_bunker_3","feature-color":"#d4b483","is_approximate":true,"source":"osm","@id":"ee38f577-6e34-4c4e-943c-cdf9d08691b3","osm_id":903076813}},{"type":"Feature","bbox":[-117.2452439,32.8907529,-117.2450409,32.8908477],"geometry":{"type":"Polygon","coordinates":[[[-117.2450666,32.8908428],[-117.2450846,32.8908477],[-117.2451018,32.8908464],[-117.2451162,32.8908402],[-117.2451204,32.8908344],[-117.2451188,32.8908253],[-117.245118,32.8908143],[-117.2451263,32.8908061],[-117.2451425,32.8908032],[-117.2451578,32.8908049],[-117.245172,32.8908106],[-117.2451867,32.8908194],[-117.2452022,32.8908208],[-117.2452184,32.8908178],[-117.2452319,32.8908109],[-117.2452419,32.8907996],[-117.2452439,32.8907866],[-117.2452387,32.8907759],[-117.2452252,32.8907697],[-117.2452122,32.8907648],[-117.245201,32.8907571],[-117.2451865,32.8907529],[-117.2451732,32.8907551],[-117.2451605,32.8907592],[-117.2451478,32.8907594],[-117.2451357,32.8907633],[-117.245125,32.8907702],[-117.2451113,32.8907732],[-117.2450974,32.8907708],[-117.2450846,32.8907664],[-117.245066,32.8907688],[-117.2450532,32.8907765],[-117.2450462,32.8907858],[-117.2450409,32.8908009],[-117.2450421,32.8908119],[-117.245046,32.8908226],[-117.2450562,32.8908333],[-117.2450666,32.8908428]]]},"properties":{"course_id":"torrey_pines_south_san_diego","course_name":"Torrey Pines Golf Course South","hole_number":11,"feature_type":"bunker","name":"hole_11_bunker","feature-color":"#d4b483","is_approximate":true,"source":"osm","@id":"6119b32e-891b-4b2d-8810-6fc72d422d30","osm_id":903076814}},{"type":"Feature","bbox":[-117.2450531,32.890584,-117.2449091,32.8906723],"geometry":{"type":"Polygon","coordinates":[[[-117.2449946,32.890669],[-117.2450041,32.890663],[-117.2450109,32.8906521],[-117.2450177,32.8906384],[-117.245028,32.8906328],[-117.2450393,32.8906275],[-117.2450476,32.890621],[-117.2450513,32.8906123],[-117.2450531,32.8906005],[-117.2450446,32.890589],[-117.245032,32.890584],[-117.2450177,32.8905867],[-117.2450092,32.8905918],[-117.2450037,32.8906029],[-117.2449993,32.8906158],[-117.2449879,32.8906198],[-117.2449753,32.8906175],[-117.244966,32.8906094],[-117.2449549,32.8905998],[-117.2449415,32.8905956],[-117.244929,32.890597],[-117.244913,32.890605],[-117.2449091,32.8906152],[-117.2449126,32.8906281],[-117.2449254,32.8906329],[-117.2449391,32.8906377],[-117.24495,32.890645],[-117.2449551,32.8906581],[-117.2449603,32.8906665],[-117.2449711,32.8906723],[-117.244983,32.8906718],[-117.2449946,32.890669]]]},"properties":{"course_id":"torrey_pines_south_san_diego","course_name":"Torrey Pines Golf Course South","hole_number":11,"feature_type":"bunker","name":"hole_11_bunker_2","feature-color":"#d4b483","is_approximate":true,"source":"osm","@id":"9db0b210-d4f2-43cb-8818-23b07a435cda","osm_id":903076815}},{"type":"Feature","bbox":[-117.2452206,32.890531,-117.2451034,32.890582],"geometry":{"type":"Polygon","coordinates":[[[-117.2451337,32.8905815],[-117.2451466,32.890582],[-117.2451598,32.8905809],[-117.2451728,32.8905786],[-117.2451892,32.8905784],[-117.245204,32.8905743],[-117.2452153,32.8905675],[-117.2452206,32.8905573],[-117.2452193,32.8905446],[-117.2452131,32.8905379],[-117.2451968,32.8905369],[-117.245175,32.8905392],[-117.2451559,32.8905355],[-117.2451438,32.8905314],[-117.2451284,32.890531],[-117.2451159,32.8905359],[-117.2451056,32.8905448],[-117.2451034,32.8905562],[-117.2451056,32.8905651],[-117.2451145,32.8905747],[-117.2451237,32.8905807],[-117.2451337,32.8905815]]]},"properties":{"course_id":"torrey_pines_south_san_diego","course_name":"Torrey Pines Golf Course South","hole_number":11,"feature_type":"bunker","name":"hole_11_bunker_3","feature-color":"#d4b483","is_approximate":true,"source":"osm","@id":"6bf5c08f-8e40-46b3-b193-3b3c4a4bd2a9","osm_id":903076816}},{"type":"Feature","bbox":[-117.2497312,32.8917026,-117.2495177,32.8918376],"geometry":{"type":"Polygon","coordinates":[[[-117.2495846,32.8918365],[-117.2496013,32.89183],[-117.2496158,32.8918197],[-117.2496295,32.8918134],[-117.2496478,32.8918169],[-117.249662,32.8918275],[-117.2496845,32.8918324],[-117.249701,32.8918321],[-117.2497151,32.8918259],[-117.2497274,32.8918139],[-117.2497312,32.8917947],[-117.2497252,32.891779],[-117.2497131,32.8917658],[-117.2496949,32.8917538],[-117.2496708,32.8917511],[-117.2496514,32.8917568],[-117.2496383,32.8917679],[-117.2496235,32.8917703],[-117.2496137,32.8917621],[-117.2496147,32.8917487],[-117.2496203,32.8917339],[-117.2496153,32.8917206],[-117.2496003,32.8917079],[-117.2495803,32.8917026],[-117.2495627,32.8917074],[-117.2495501,32.891717],[-117.2495481,32.8917305],[-117.2495582,32.8917422],[-117.2495653,32.8917564],[-117.2495614,32.8917681],[-117.2495495,32.8917723],[-117.2495289,32.8917749],[-117.2495199,32.8917879],[-117.2495177,32.8918056],[-117.2495258,32.8918195],[-117.2495406,32.8918309],[-117.2495631,32.8918376],[-117.2495846,32.8918365]]]},"properties":{"course_id":"torrey_pines_south_san_diego","course_name":"Torrey Pines Golf Course South","hole_number":12,"feature_type":"bunker","name":"hole_12_bunker_4","feature-color":"#d4b483","is_approximate":true,"source":"osm","@id":"7d4617e3-c664-46ff-a701-044635d13a46","osm_id":903076818}},{"type":"Feature","bbox":[-117.2497344,32.8919976,-117.2494678,32.8921338],"geometry":{"type":"Polygon","coordinates":[[[-117.2495902,32.8921313],[-117.2496075,32.8921338],[-117.2496228,32.8921309],[-117.2496311,32.8921231],[-117.249635,32.8921124],[-117.2496446,32.8921052],[-117.2496608,32.8921047],[-117.249673,32.8921116],[-117.249684,32.8921202],[-117.2497026,32.8921247],[-117.2497189,32.8921213],[-117.2497299,32.8921138],[-117.2497344,32.8920998],[-117.2497312,32.8920858],[-117.249723,32.892073],[-117.2497078,32.8920635],[-117.2496925,32.892059],[-117.2496746,32.8920579],[-117.2496616,32.8920619],[-117.2496502,32.892068],[-117.2496397,32.8920707],[-117.2496261,32.8920675],[-117.2496203,32.8920577],[-117.249615,32.8920483],[-117.2496028,32.8920449],[-117.2495886,32.8920445],[-117.249578,32.8920361],[-117.2495754,32.8920276],[-117.2495692,32.8920155],[-117.2495584,32.8920048],[-117.2495421,32.8920004],[-117.2495254,32.8919976],[-117.2495087,32.8920013],[-117.2494904,32.8920096],[-117.2494798,32.8920193],[-117.2494722,32.8920337],[-117.2494678,32.8920517],[-117.2494726,32.8920677],[-117.2494838,32.8920799],[-117.2495002,32.8920856],[-117.2495181,32.8920847],[-117.2495403,32.8920797],[-117.2495565,32.8920837],[-117.2495662,32.8920932],[-117.2495693,32.8921062],[-117.2495735,32.8921182],[-117.2495804,32.8921249],[-117.2495902,32.8921313]]]},"properties":{"course_id":"torrey_pines_south_san_diego","course_name":"Torrey Pines Golf Course South","hole_number":12,"feature_type":"bunker","name":"hole_12_bunker_5","feature-color":"#d4b483","is_approximate":true,"source":"osm","@id":"e2f6cdb8-5bd9-42d0-b205-a9fe932cb09b","osm_id":903076819}},{"type":"Feature","bbox":[-117.247688,32.8917991,-117.2475146,32.8919538],"geometry":{"type":"Polygon","coordinates":[[[-117.2476774,32.89195],[-117.2476865,32.891939],[-117.247688,32.8919245],[-117.2476859,32.8919107],[-117.2476851,32.8918993],[-117.2476849,32.8918894],[-117.2476825,32.8918761],[-117.2476737,32.8918636],[-117.2476617,32.8918524],[-117.2476423,32.8918453],[-117.2476235,32.8918402],[-117.2476071,32.8918352],[-117.2475939,32.8918284],[-117.2475819,32.8918173],[-117.247573,32.8918069],[-117.2475623,32.8918],[-117.2475471,32.8917991],[-117.2475335,32.891802],[-117.2475213,32.8918103],[-117.2475146,32.8918223],[-117.2475182,32.8918361],[-117.2475262,32.8918456],[-117.2475403,32.8918508],[-117.2475548,32.8918542],[-117.2475666,32.8918639],[-117.2475731,32.8918775],[-117.2475836,32.891887],[-117.2475927,32.8918904],[-117.2476032,32.8918953],[-117.2476098,32.891903],[-117.247617,32.891915],[-117.2476243,32.8919309],[-117.2476326,32.8919442],[-117.2476471,32.8919525],[-117.2476608,32.8919538],[-117.2476774,32.89195]]]},"properties":{"course_id":"torrey_pines_south_san_diego","course_name":"Torrey Pines Golf Course South","hole_number":13,"feature_type":"bunker","name":"hole_13_bunker","feature-color":"#d4b483","is_approximate":true,"source":"osm","@id":"9182198d-b275-4a8a-90ed-2a912042b854","osm_id":903076820}},{"type":"Feature","bbox":[-117.2475946,32.891909,-117.2474989,32.8919713],"geometry":{"type":"Polygon","coordinates":[[[-117.247546,32.8919707],[-117.2475608,32.8919713],[-117.247575,32.8919685],[-117.2475872,32.8919635],[-117.247594,32.8919558],[-117.2475946,32.891946],[-117.2475913,32.891938],[-117.2475794,32.8919329],[-117.2475677,32.8919305],[-117.2475583,32.8919249],[-117.2475511,32.891917],[-117.2475369,32.8919101],[-117.2475215,32.891909],[-117.2475084,32.891911],[-117.247501,32.8919187],[-117.2474989,32.8919301],[-117.2475005,32.8919416],[-117.2475086,32.8919517],[-117.2475213,32.891961],[-117.2475326,32.8919654],[-117.247546,32.8919707]]]},"properties":{"course_id":"torrey_pines_south_san_diego","course_name":"Torrey Pines Golf Course South","hole_number":13,"feature_type":"bunker","name":"hole_13_bunker_2","feature-color":"#d4b483","is_approximate":true,"source":"osm","@id":"79c88bf8-6e60-486a-abff-6d319aa50b19","osm_id":903076821}},{"type":"Feature","bbox":[-117.2474702,32.8918093,-117.2472829,32.8919301],"geometry":{"type":"Polygon","coordinates":[[[-117.2473806,32.8919274],[-117.2473967,32.8919301],[-117.2474171,32.8919289],[-117.2474349,32.891924],[-117.2474431,32.8919195],[-117.2474535,32.8919102],[-117.2474595,32.8918993],[-117.2474661,32.8918866],[-117.2474702,32.8918715],[-117.247465,32.8918592],[-117.2474558,32.8918516],[-117.2474364,32.8918488],[-117.2474209,32.8918517],[-117.247405,32.8918576],[-117.2473938,32.8918571],[-117.2473803,32.8918537],[-117.2473726,32.8918468],[-117.247363,32.8918338],[-117.2473546,32.8918218],[-117.2473425,32.8918138],[-117.2473251,32.8918093],[-117.24731,32.8918104],[-117.2472973,32.8918161],[-117.2472875,32.8918272],[-117.2472829,32.8918419],[-117.2472845,32.8918588],[-117.2472889,32.89187],[-117.2472994,32.8918838],[-117.2473106,32.8918951],[-117.247323,32.891905],[-117.2473378,32.8919119],[-117.2473546,32.8919198],[-117.2473693,32.8919241],[-117.2473806,32.8919274]]]},"properties":{"course_id":"torrey_pines_south_san_diego","course_name":"Torrey Pines Golf Course South","hole_number":13,"feature_type":"bunker","name":"hole_13_bunker_3","feature-color":"#d4b483","is_approximate":true,"source":"osm","@id":"d04e82e4-8788-41dd-b242-331372df96a6","osm_id":903076822}},{"type":"Feature","bbox":[-117.2472564,32.89176,-117.2470537,32.891854],"geometry":{"type":"Polygon","coordinates":[[[-117.2471226,32.8918354],[-117.247141,32.8918407],[-117.2471593,32.891849],[-117.2471779,32.8918533],[-117.2471996,32.891854],[-117.2472234,32.891851],[-117.2472391,32.8918391],[-117.24725,32.8918222],[-117.247256,32.8918043],[-117.2472564,32.8917872],[-117.2472489,32.8917739],[-117.2472348,32.8917642],[-117.2472153,32.89176],[-117.2471939,32.8917631],[-117.2471808,32.8917723],[-117.2471762,32.8917886],[-117.2471655,32.8917968],[-117.2471519,32.8917974],[-117.2471383,32.8917934],[-117.2471271,32.891782],[-117.2471207,32.8917722],[-117.2471052,32.8917606],[-117.24709,32.8917601],[-117.2470761,32.8917652],[-117.2470609,32.8917772],[-117.2470537,32.8917899],[-117.2470544,32.8918024],[-117.2470598,32.8918144],[-117.2470719,32.8918265],[-117.2470873,32.8918317],[-117.2471037,32.8918316],[-117.2471226,32.8918354]]]},"properties":{"course_id":"torrey_pines_south_san_diego","course_name":"Torrey Pines Golf Course South","hole_number":13,"feature_type":"bunker","name":"hole_13_bunker_4","feature-color":"#d4b483","is_approximate":true,"source":"osm","@id":"5fcecfbb-6a92-4bb6-840f-0b46886d1e60","osm_id":903076823}},{"type":"Feature","bbox":[-117.24534,32.8913618,-117.2452491,32.8915103],"geometry":{"type":"Polygon","coordinates":[[[-117.2452863,32.8915103],[-117.2452991,32.8915044],[-117.245309,32.8914963],[-117.2453155,32.8914849],[-117.2453226,32.8914723],[-117.2453304,32.8914628],[-117.2453358,32.8914532],[-117.24534,32.8914426],[-117.2453384,32.8914305],[-117.2453332,32.8914198],[-117.2453268,32.891411],[-117.2453216,32.8914008],[-117.2453188,32.8913871],[-117.2453121,32.8913738],[-117.2453018,32.8913649],[-117.2452881,32.8913618],[-117.2452709,32.8913636],[-117.2452586,32.8913712],[-117.2452509,32.8913813],[-117.2452521,32.8913989],[-117.2452618,32.8914129],[-117.2452685,32.8914229],[-117.2452729,32.8914378],[-117.2452707,32.8914491],[-117.2452639,32.8914599],[-117.2452562,32.8914706],[-117.2452491,32.8914803],[-117.2452503,32.8914928],[-117.2452561,32.8915027],[-117.2452689,32.8915089],[-117.2452863,32.8915103]]]},"properties":{"course_id":"torrey_pines_south_san_diego","course_name":"Torrey Pines Golf Course South","hole_number":13,"feature_type":"bunker","name":"hole_13_bunker_5","feature-color":"#d4b483","is_approximate":true,"source":"osm","@id":"e6969bf0-b9e2-4ba4-bfec-2a875ee4fd07","osm_id":903076824}},{"type":"Feature","bbox":[-117.2452275,32.8913272,-117.2450986,32.8914728],"geometry":{"type":"Polygon","coordinates":[[[-117.2451802,32.8914728],[-117.2451939,32.891472],[-117.2452061,32.8914685],[-117.2452149,32.891461],[-117.2452218,32.8914523],[-117.2452263,32.8914419],[-117.2452275,32.8914305],[-117.2452241,32.891419],[-117.2452143,32.8914086],[-117.2452081,32.8913983],[-117.2452054,32.8913886],[-117.2452028,32.8913779],[-117.2451951,32.8913669],[-117.2451859,32.8913611],[-117.2451768,32.8913533],[-117.2451713,32.891342],[-117.2451618,32.8913332],[-117.2451486,32.8913272],[-117.2451326,32.8913291],[-117.2451198,32.8913346],[-117.2451116,32.8913421],[-117.2451041,32.8913499],[-117.2450986,32.8913619],[-117.2450998,32.8913734],[-117.2451084,32.8913818],[-117.2451203,32.8913882],[-117.2451306,32.8913928],[-117.2451427,32.8914015],[-117.2451508,32.891409],[-117.2451577,32.8914189],[-117.2451607,32.8914292],[-117.2451608,32.8914421],[-117.2451597,32.8914521],[-117.245161,32.8914633],[-117.2451687,32.8914701],[-117.2451802,32.8914728]]]},"properties":{"course_id":"torrey_pines_south_san_diego","course_name":"Torrey Pines Golf Course South","hole_number":13,"feature_type":"bunker","name":"hole_13_bunker_6","feature-color":"#d4b483","is_approximate":true,"source":"osm","@id":"6b7212fc-4785-498f-a978-18847805e0ab","osm_id":903076825}},{"type":"Feature","bbox":[-117.2451078,32.8913484,-117.244973,32.8914614],"geometry":{"type":"Polygon","coordinates":[[[-117.2450297,32.8914614],[-117.2450429,32.8914588],[-117.2450568,32.8914533],[-117.245073,32.8914547],[-117.2450876,32.8914591],[-117.2451013,32.8914556],[-117.2451075,32.8914468],[-117.2451078,32.8914335],[-117.2450986,32.8914212],[-117.2450853,32.8914132],[-117.2450718,32.8914045],[-117.2450604,32.8913986],[-117.2450501,32.8913908],[-117.2450401,32.8913824],[-117.2450379,32.8913664],[-117.2450308,32.8913553],[-117.2450213,32.89135],[-117.2450058,32.8913484],[-117.2449915,32.8913512],[-117.2449792,32.8913575],[-117.244973,32.8913699],[-117.244974,32.8913793],[-117.2449786,32.8913895],[-117.2449895,32.8913986],[-117.2450074,32.8914057],[-117.2450116,32.8914177],[-117.2450062,32.8914293],[-117.2450056,32.8914437],[-117.24501,32.8914526],[-117.2450193,32.891459],[-117.2450297,32.8914614]]]},"properties":{"course_id":"torrey_pines_south_san_diego","course_name":"Torrey Pines Golf Course South","hole_number":13,"feature_type":"bunker","name":"hole_13_bunker_7","feature-color":"#d4b483","is_approximate":true,"source":"osm","@id":"2fa44a11-9ad0-4273-b6d6-cc3853de874a","osm_id":903076826}},{"type":"Feature","bbox":[-117.2451904,32.8915949,-117.2450866,32.8916808],"geometry":{"type":"Polygon","coordinates":[[[-117.2451183,32.8916808],[-117.2451298,32.891678],[-117.2451388,32.8916703],[-117.245149,32.8916655],[-117.2451626,32.8916578],[-117.2451765,32.891651],[-117.2451855,32.8916437],[-117.2451904,32.8916285],[-117.24519,32.8916183],[-117.2451866,32.8916078],[-117.2451785,32.8915997],[-117.2451626,32.8915949],[-117.2451504,32.8915985],[-117.2451425,32.891606],[-117.2451382,32.8916164],[-117.2451314,32.8916239],[-117.2451191,32.8916302],[-117.2451065,32.8916355],[-117.2450978,32.8916436],[-117.2450879,32.8916542],[-117.2450866,32.8916675],[-117.2450959,32.8916784],[-117.2451077,32.8916805],[-117.2451183,32.8916808]]]},"properties":{"course_id":"torrey_pines_south_san_diego","course_name":"Torrey Pines Golf Course South","hole_number":13,"feature_type":"bunker","name":"hole_13_bunker_8","feature-color":"#d4b483","is_approximate":true,"source":"osm","@id":"6ef47411-60d8-4c99-8eb7-d4bcc3da07c8","osm_id":903076827}},{"type":"Feature","bbox":[-117.2450965,32.8915578,-117.244957,32.8916589],"geometry":{"type":"Polygon","coordinates":[[[-117.2449912,32.8916567],[-117.2450096,32.8916589],[-117.2450267,32.8916547],[-117.245034,32.8916464],[-117.2450404,32.891633],[-117.245045,32.8916204],[-117.2450583,32.8916108],[-117.2450715,32.8916057],[-117.2450828,32.8915998],[-117.2450922,32.8915932],[-117.2450965,32.8915827],[-117.2450922,32.8915726],[-117.2450779,32.8915666],[-117.2450631,32.8915621],[-117.2450456,32.8915578],[-117.2450306,32.8915588],[-117.2450174,32.8915657],[-117.2450047,32.8915755],[-117.2449962,32.8915882],[-117.2449855,32.8915959],[-117.2449739,32.8916021],[-117.2449643,32.8916112],[-117.2449575,32.8916251],[-117.244957,32.8916358],[-117.2449665,32.8916478],[-117.244977,32.8916535],[-117.2449912,32.8916567]]]},"properties":{"course_id":"torrey_pines_south_san_diego","course_name":"Torrey Pines Golf Course South","hole_number":13,"feature_type":"bunker","name":"hole_13_bunker_9","feature-color":"#d4b483","is_approximate":true,"source":"osm","@id":"cd463dc2-5326-4916-b1d3-705939a529e1","osm_id":903076828}},{"type":"Feature","bbox":[-117.2447454,32.8914237,-117.2446393,32.8915284],"geometry":{"type":"Polygon","coordinates":[[[-117.2446784,32.8915143],[-117.2446856,32.8915226],[-117.2446993,32.8915274],[-117.2447104,32.8915284],[-117.2447241,32.8915244],[-117.2447328,32.8915176],[-117.2447363,32.8915088],[-117.244736,32.891498],[-117.2447368,32.8914821],[-117.2447389,32.891469],[-117.2447429,32.8914556],[-117.2447454,32.8914431],[-117.2447421,32.8914313],[-117.2447324,32.8914237],[-117.2447176,32.8914246],[-117.2447079,32.8914296],[-117.2446978,32.8914335],[-117.2446855,32.8914343],[-117.2446728,32.8914336],[-117.2446642,32.8914381],[-117.2446556,32.8914447],[-117.2446477,32.8914537],[-117.2446419,32.8914628],[-117.2446393,32.8914763],[-117.2446414,32.8914854],[-117.2446451,32.8914956],[-117.2446548,32.8915021],[-117.2446649,32.8915078],[-117.2446784,32.8915143]]]},"properties":{"course_id":"torrey_pines_south_san_diego","course_name":"Torrey Pines Golf Course South","hole_number":13,"feature_type":"bunker","name":"hole_13_bunker_10","feature-color":"#d4b483","is_approximate":true,"source":"osm","@id":"7192a05c-e300-4b56-9b0b-1ddf691d9142","osm_id":903076830}},{"type":"Feature","bbox":[-117.2451787,32.8934367,-117.2450496,32.8935568],"geometry":{"type":"Polygon","coordinates":[[[-117.2451341,32.8935566],[-117.2451488,32.8935568],[-117.2451631,32.8935507],[-117.2451742,32.8935415],[-117.2451787,32.8935268],[-117.2451752,32.8935128],[-117.2451667,32.8934974],[-117.245158,32.8934866],[-117.2451456,32.8934819],[-117.2451296,32.8934834],[-117.2451167,32.8934854],[-117.2451057,32.8934822],[-117.2451002,32.8934737],[-117.2451061,32.8934642],[-117.245116,32.8934579],[-117.2451174,32.89345],[-117.2451137,32.8934432],[-117.245098,32.8934367],[-117.2450856,32.8934388],[-117.2450698,32.8934455],[-117.245058,32.8934559],[-117.2450514,32.8934704],[-117.2450496,32.8934842],[-117.2450525,32.893502],[-117.2450625,32.893516],[-117.245079,32.8935258],[-117.2450942,32.8935346],[-117.2451065,32.8935477],[-117.2451186,32.8935536],[-117.2451341,32.8935566]]]},"properties":{"course_id":"torrey_pines_south_san_diego","course_name":"Torrey Pines Golf Course South","hole_number":14,"feature_type":"bunker","name":"hole_14_bunker","feature-color":"#d4b483","is_approximate":true,"source":"osm","@id":"b9fc409d-f9c9-41f1-8e56-8568050ce88e","osm_id":903076831}},{"type":"Feature","bbox":[-117.245202,32.8935637,-117.2450433,32.8936921],"geometry":{"type":"Polygon","coordinates":[[[-117.2451264,32.8936882],[-117.2451459,32.8936921],[-117.2451682,32.8936904],[-117.2451836,32.8936841],[-117.2451942,32.8936751],[-117.2452018,32.8936624],[-117.245202,32.8936486],[-117.2451937,32.8936376],[-117.2451887,32.8936266],[-117.2451848,32.8936146],[-117.2451761,32.8936045],[-117.2451657,32.8935975],[-117.2451489,32.8935927],[-117.2451308,32.8935902],[-117.2451182,32.8935882],[-117.2451088,32.893577],[-117.2450942,32.8935662],[-117.2450783,32.8935637],[-117.2450613,32.8935671],[-117.2450481,32.8935763],[-117.2450433,32.8935923],[-117.2450493,32.8936065],[-117.245065,32.8936111],[-117.2450794,32.8936204],[-117.2450886,32.8936302],[-117.2450924,32.8936432],[-117.2450945,32.8936585],[-117.2451026,32.8936702],[-117.2451137,32.8936801],[-117.2451264,32.8936882]]]},"properties":{"course_id":"torrey_pines_south_san_diego","course_name":"Torrey Pines Golf Course South","hole_number":14,"feature_type":"bunker","name":"hole_14_bunker_2","feature-color":"#d4b483","is_approximate":true,"source":"osm","@id":"87c42594-d0d4-440e-b178-f111cd7ea87a","osm_id":903076832}},{"type":"Feature","bbox":[-117.2457117,32.8945454,-117.245574,32.8947382],"geometry":{"type":"Polygon","coordinates":[[[-117.2455995,32.8947321],[-117.2456162,32.8947379],[-117.2456389,32.8947382],[-117.2456567,32.8947313],[-117.2456669,32.8947209],[-117.2456733,32.8947079],[-117.2456703,32.8946963],[-117.2456638,32.8946864],[-117.2456519,32.8946798],[-117.2456383,32.8946714],[-117.2456319,32.8946564],[-117.2456354,32.8946408],[-117.2456487,32.8946311],[-117.2456619,32.8946344],[-117.2456697,32.8946443],[-117.2456818,32.8946478],[-117.245694,32.8946426],[-117.2457057,32.8946335],[-117.2457117,32.8946188],[-117.2457074,32.8946008],[-117.2456986,32.8945873],[-117.2456832,32.8945692],[-117.2456717,32.8945551],[-117.2456542,32.8945454],[-117.2456359,32.8945459],[-117.245623,32.8945593],[-117.2456138,32.8945707],[-117.2456012,32.8945811],[-117.2455926,32.8945941],[-117.2455927,32.8946088],[-117.2455917,32.8946239],[-117.245584,32.894634],[-117.2455758,32.8946494],[-117.2455746,32.8946669],[-117.245574,32.8946822],[-117.245574,32.8947004],[-117.2455767,32.8947155],[-117.2455866,32.8947248],[-117.2455995,32.8947321]]]},"properties":{"course_id":"torrey_pines_south_san_diego","course_name":"Torrey Pines Golf Course South","hole_number":14,"feature_type":"bunker","name":"hole_14_bunker_3","feature-color":"#d4b483","is_approximate":true,"source":"osm","@id":"d60962b3-fa02-4e38-a071-249746ef30c6","osm_id":903076833}},{"type":"Feature","bbox":[-117.2458774,32.8942953,-117.2456501,32.8944575],"geometry":{"type":"Polygon","coordinates":[[[-117.2458088,32.8944545],[-117.2458276,32.8944575],[-117.2458446,32.8944569],[-117.2458592,32.8944532],[-117.2458705,32.8944452],[-117.2458767,32.8944349],[-117.2458774,32.8944205],[-117.2458735,32.8944052],[-117.2458631,32.8943935],[-117.2458519,32.894386],[-117.2458397,32.8943802],[-117.2458204,32.8943752],[-117.245797,32.8943744],[-117.2457755,32.894377],[-117.2457628,32.8943771],[-117.245754,32.8943725],[-117.2457518,32.8943632],[-117.2457622,32.8943521],[-117.24577,32.8943467],[-117.2457704,32.8943347],[-117.2457637,32.894324],[-117.2457527,32.894317],[-117.2457412,32.8943092],[-117.2457278,32.8943036],[-117.2457108,32.8943001],[-117.2456944,32.8942966],[-117.245681,32.8942953],[-117.2456701,32.8942985],[-117.2456612,32.8943086],[-117.2456539,32.8943191],[-117.2456501,32.8943331],[-117.2456523,32.8943483],[-117.2456573,32.8943598],[-117.2456679,32.8943695],[-117.2456821,32.8943709],[-117.2456948,32.8943701],[-117.2457009,32.8943748],[-117.2456993,32.8943842],[-117.2456979,32.8943968],[-117.2457026,32.894411],[-117.2457175,32.8944218],[-117.2457315,32.8944285],[-117.2457436,32.8944293],[-117.245756,32.8944234],[-117.2457679,32.894423],[-117.2457814,32.8944268],[-117.2457855,32.8944382],[-117.2457943,32.8944492],[-117.2458088,32.8944545]]]},"properties":{"course_id":"torrey_pines_south_san_diego","course_name":"Torrey Pines Golf Course South","hole_number":14,"feature_type":"bunker","name":"hole_14_bunker_4","feature-color":"#d4b483","is_approximate":true,"source":"osm","@id":"7d29f4f9-8c7e-4094-b485-e1acb7c96e6f","osm_id":903076834}},{"type":"Feature","bbox":[-117.2453992,32.8971657,-117.2453051,32.8972931],"geometry":{"type":"Polygon","coordinates":[[[-117.2453469,32.8972931],[-117.2453597,32.8972905],[-117.2453705,32.8972855],[-117.2453835,32.8972787],[-117.2453897,32.8972693],[-117.245392,32.8972615],[-117.2453953,32.8972513],[-117.2453964,32.8972417],[-117.2453986,32.8972297],[-117.2453992,32.8972179],[-117.2453977,32.8972039],[-117.2453954,32.8971928],[-117.2453863,32.897181],[-117.2453715,32.8971724],[-117.2453563,32.8971672],[-117.2453378,32.8971657],[-117.2453224,32.8971707],[-117.2453107,32.8971788],[-117.2453081,32.8971933],[-117.2453163,32.8972068],[-117.2453181,32.8972224],[-117.2453214,32.8972327],[-117.2453207,32.8972476],[-117.2453125,32.8972555],[-117.2453051,32.8972659],[-117.2453082,32.8972788],[-117.245317,32.8972873],[-117.2453306,32.8972918],[-117.2453469,32.8972931]]]},"properties":{"course_id":"torrey_pines_south_san_diego","course_name":"Torrey Pines Golf Course South","hole_number":15,"feature_type":"bunker","name":"hole_15_bunker","feature-color":"#d4b483","is_approximate":true,"source":"osm","@id":"d6ad94e8-e6b2-4c02-be9b-58641d847675","osm_id":903083358}},{"type":"Feature","bbox":[-117.2450938,32.8970922,-117.244967,32.8972888],"geometry":{"type":"Polygon","coordinates":[[[-117.2450081,32.8972851],[-117.2450264,32.8972888],[-117.2450408,32.8972869],[-117.2450548,32.8972802],[-117.2450639,32.8972657],[-117.2450685,32.8972511],[-117.2450648,32.8972357],[-117.2450482,32.8972209],[-117.245039,32.8972116],[-117.2450368,32.8971987],[-117.2450425,32.8971815],[-117.2450543,32.8971759],[-117.2450682,32.8971695],[-117.24508,32.8971623],[-117.2450911,32.897145],[-117.2450938,32.8971297],[-117.2450868,32.8971138],[-117.2450753,32.8971036],[-117.2450598,32.8970958],[-117.2450433,32.8970922],[-117.2450261,32.8970952],[-117.2450164,32.8971009],[-117.2450104,32.8971119],[-117.2450125,32.8971268],[-117.2450123,32.8971413],[-117.245001,32.8971475],[-117.2449868,32.8971495],[-117.2449727,32.8971582],[-117.244967,32.8971715],[-117.2449687,32.8971876],[-117.244975,32.8971996],[-117.2449881,32.8972131],[-117.2449902,32.8972269],[-117.2449868,32.8972401],[-117.2449817,32.8972535],[-117.2449858,32.8972676],[-117.2449959,32.897279],[-117.2450081,32.8972851]]]},"properties":{"course_id":"torrey_pines_south_san_diego","course_name":"Torrey Pines Golf Course South","hole_number":15,"feature_type":"bunker","name":"hole_15_bunker_2","feature-color":"#d4b483","is_approximate":true,"source":"osm","@id":"edf5616d-71f7-46a1-9b7a-5a9f47ea9a55","osm_id":903083359}},{"type":"Feature","bbox":[-117.2473422,32.8956228,-117.247239,32.8957507],"geometry":{"type":"Polygon","coordinates":[[[-117.2472811,32.8957507],[-117.2472942,32.8957475],[-117.2473062,32.8957419],[-117.2473181,32.8957291],[-117.2473219,32.8957182],[-117.2473148,32.8957065],[-117.2473017,32.8957007],[-117.2472943,32.8956905],[-117.247298,32.8956807],[-117.2473101,32.8956751],[-117.2473253,32.8956731],[-117.2473371,32.8956687],[-117.2473422,32.8956585],[-117.2473418,32.8956463],[-117.2473371,32.8956385],[-117.2473276,32.8956306],[-117.2473147,32.8956255],[-117.2472947,32.8956228],[-117.247279,32.8956248],[-117.2472685,32.8956312],[-117.2472614,32.8956406],[-117.2472625,32.8956542],[-117.247264,32.8956679],[-117.2472597,32.8956755],[-117.2472533,32.8956799],[-117.2472538,32.8956892],[-117.2472598,32.8956963],[-117.2472593,32.8957056],[-117.247253,32.8957104],[-117.2472445,32.8957122],[-117.247239,32.8957213],[-117.2472422,32.8957321],[-117.2472492,32.895741],[-117.2472651,32.895748],[-117.2472811,32.8957507]]]},"properties":{"course_id":"torrey_pines_south_san_diego","course_name":"Torrey Pines Golf Course South","hole_number":16,"feature_type":"bunker","name":"hole_16_bunker_2","feature-color":"#d4b483","is_approximate":true,"source":"osm","@id":"a0640e7e-a18b-48f3-831a-f269aefd57de","osm_id":903083360}},{"type":"Feature","bbox":[-117.2476256,32.8958043,-117.247388,32.8959817],"geometry":{"type":"Polygon","coordinates":[[[-117.247427,32.8959769],[-117.2474426,32.8959817],[-117.2474597,32.8959817],[-117.2474763,32.8959774],[-117.2474864,32.8959692],[-117.2474888,32.8959583],[-117.2474834,32.8959475],[-117.2474811,32.8959373],[-117.2474933,32.8959289],[-117.2475045,32.8959235],[-117.2475105,32.8959168],[-117.2475201,32.8959118],[-117.2475341,32.89591],[-117.2475472,32.8959152],[-117.2475585,32.8959196],[-117.2475748,32.8959155],[-117.2475875,32.895909],[-117.2475944,32.8958991],[-117.2475936,32.8958872],[-117.2475871,32.8958808],[-117.2475841,32.8958708],[-117.247592,32.8958661],[-117.247607,32.8958646],[-117.247622,32.8958554],[-117.2476256,32.8958347],[-117.2476166,32.8958162],[-117.2475945,32.8958043],[-117.2475791,32.8958061],[-117.2475645,32.8958112],[-117.247553,32.8958214],[-117.2475514,32.8958412],[-117.2475464,32.895857],[-117.2475389,32.8958664],[-117.2475247,32.8958709],[-117.2475063,32.8958706],[-117.2474884,32.8958679],[-117.2474759,32.8958746],[-117.2474659,32.8958848],[-117.2474598,32.895897],[-117.2474551,32.8959102],[-117.2474428,32.8959171],[-117.2474294,32.8959162],[-117.2474148,32.8959147],[-117.2474006,32.8959166],[-117.2473897,32.8959268],[-117.247388,32.8959408],[-117.247394,32.8959538],[-117.2474009,32.8959652],[-117.2474137,32.8959728],[-117.247427,32.8959769]]]},"properties":{"course_id":"torrey_pines_south_san_diego","course_name":"Torrey Pines Golf Course South","hole_number":16,"feature_type":"bunker","name":"hole_16_bunker_3","feature-color":"#d4b483","is_approximate":true,"source":"osm","@id":"b59c88b1-7640-4100-9dbc-2e541116e2c7","osm_id":903083361}},{"type":"Feature","bbox":[-117.246118,32.8977148,-117.2457874,32.8979119],"geometry":{"type":"Polygon","coordinates":[[[-117.2459669,32.8979066],[-117.245982,32.8978947],[-117.2459976,32.8978788],[-117.2460116,32.8978623],[-117.2460287,32.8978518],[-117.246044,32.8978431],[-117.2460592,32.8978274],[-117.2460719,32.8978051],[-117.2460861,32.8977877],[-117.2461082,32.8977744],[-117.246118,32.8977607],[-117.2461177,32.8977422],[-117.2461033,32.8977262],[-117.2460809,32.8977148],[-117.2460593,32.8977159],[-117.2460407,32.8977244],[-117.2460238,32.897733],[-117.246012,32.897748],[-117.2460087,32.8977593],[-117.2460117,32.8977751],[-117.2460133,32.8977945],[-117.246006,32.8978116],[-117.245993,32.8978273],[-117.2459699,32.8978317],[-117.2459474,32.8978316],[-117.2459251,32.8978323],[-117.2458942,32.8978363],[-117.245871,32.8978345],[-117.2458462,32.8978286],[-117.2458231,32.897829],[-117.2458036,32.8978371],[-117.2457915,32.8978501],[-117.2457877,32.8978613],[-117.2457874,32.8978751],[-117.2457928,32.8978862],[-117.2458093,32.8978943],[-117.2458261,32.8978885],[-117.2458434,32.8978869],[-117.2458631,32.8978878],[-117.2458849,32.8978881],[-117.2459051,32.8978936],[-117.2459203,32.8979037],[-117.2459319,32.89791],[-117.2459504,32.8979119],[-117.2459669,32.8979066]]]},"properties":{"course_id":"torrey_pines_south_san_diego","course_name":"Torrey Pines Golf Course South","hole_number":17,"feature_type":"bunker","name":"hole_17_bunker","feature-color":"#d4b483","is_approximate":true,"source":"osm","@id":"3f96a540-05da-48b6-a834-f1483af40a71","osm_id":903083362}},{"type":"Feature","bbox":[-117.2454119,32.8988749,-117.2452805,32.8990035],"geometry":{"type":"Polygon","coordinates":[[[-117.245351,32.8990035],[-117.2453609,32.8990016],[-117.2453714,32.8989974],[-117.2453862,32.8989927],[-117.2453963,32.8989886],[-117.2454041,32.8989808],[-117.2454085,32.8989726],[-117.2454109,32.8989626],[-117.2454119,32.8989537],[-117.2454106,32.8989453],[-117.2454042,32.8989385],[-117.2453967,32.8989327],[-117.2453916,32.8989276],[-117.2453876,32.8989191],[-117.2453852,32.8989106],[-117.2453819,32.8989008],[-117.2453759,32.898891],[-117.2453689,32.8988837],[-117.2453574,32.8988778],[-117.2453441,32.8988749],[-117.2453309,32.898877],[-117.2453184,32.8988807],[-117.2453058,32.8988867],[-117.2452963,32.8988929],[-117.2452891,32.898898],[-117.2452819,32.898908],[-117.2452805,32.8989177],[-117.2452826,32.8989296],[-117.2452883,32.8989372],[-117.2452989,32.8989401],[-117.2453121,32.8989385],[-117.2453232,32.8989393],[-117.2453321,32.8989446],[-117.2453351,32.8989543],[-117.2453319,32.898963],[-117.245325,32.898969],[-117.2453224,32.898977],[-117.2453244,32.8989869],[-117.2453307,32.8989956],[-117.2453399,32.8990012],[-117.245351,32.8990035]]]},"properties":{"course_id":"torrey_pines_south_san_diego","course_name":"Torrey Pines Golf Course South","hole_number":17,"feature_type":"bunker","name":"hole_17_bunker_2","feature-color":"#d4b483","is_approximate":true,"source":"osm","@id":"31a3c8ad-87b6-4519-aeba-656f49ea01e6","osm_id":903083363}},{"type":"Feature","bbox":[-117.2452631,32.898712,-117.2451526,32.8988576],"geometry":{"type":"Polygon","coordinates":[[[-117.2452038,32.8988576],[-117.2452159,32.8988534],[-117.2452248,32.8988476],[-117.2452329,32.8988381],[-117.2452415,32.8988311],[-117.2452502,32.8988208],[-117.2452541,32.8988101],[-117.2452566,32.8988017],[-117.2452565,32.8987918],[-117.2452574,32.8987815],[-117.2452609,32.8987723],[-117.2452631,32.8987623],[-117.2452605,32.8987535],[-117.2452549,32.8987448],[-117.2452508,32.8987346],[-117.245248,32.8987244],[-117.2452381,32.8987152],[-117.2452259,32.898712],[-117.2452111,32.8987132],[-117.2451968,32.8987188],[-117.2451843,32.8987259],[-117.2451775,32.8987333],[-117.2451738,32.8987447],[-117.2451765,32.8987573],[-117.2451861,32.8987651],[-117.2452017,32.8987688],[-117.2452113,32.8987763],[-117.2452098,32.8987851],[-117.2452033,32.8987929],[-117.2451916,32.8987954],[-117.2451793,32.8987946],[-117.2451666,32.898795],[-117.2451571,32.898802],[-117.2451526,32.8988129],[-117.2451539,32.8988253],[-117.2451564,32.8988378],[-117.2451652,32.8988475],[-117.2451765,32.8988532],[-117.245191,32.8988562],[-117.2452038,32.8988576]]]},"properties":{"course_id":"torrey_pines_south_san_diego","course_name":"Torrey Pines Golf Course South","hole_number":17,"feature_type":"bunker","name":"hole_17_bunker_3","feature-color":"#d4b483","is_approximate":true,"source":"osm","@id":"6cd6b232-b532-4539-99e6-d83897b07df6","osm_id":903083364}},{"type":"Feature","bbox":[-117.2455594,32.9008729,-117.2454207,32.9009993],"geometry":{"type":"Polygon","coordinates":[[[-117.245546,32.9009838],[-117.2455522,32.9009762],[-117.2455575,32.9009678],[-117.2455594,32.900958],[-117.2455578,32.9009481],[-117.2455525,32.9009383],[-117.2455423,32.9009319],[-117.2455309,32.9009314],[-117.2455206,32.9009359],[-117.2455093,32.9009438],[-117.245496,32.9009438],[-117.2454871,32.9009388],[-117.2454822,32.9009314],[-117.2454773,32.9009206],[-117.2454836,32.9009117],[-117.2454952,32.9009075],[-117.2455024,32.9009],[-117.2455015,32.9008898],[-117.2454939,32.9008809],[-117.2454818,32.900875],[-117.2454668,32.9008729],[-117.2454506,32.900874],[-117.245437,32.9008784],[-117.2454279,32.9008854],[-117.2454227,32.9008977],[-117.2454213,32.9009071],[-117.2454207,32.9009181],[-117.2454224,32.9009292],[-117.2454239,32.9009396],[-117.2454273,32.9009521],[-117.2454322,32.900964],[-117.2454425,32.9009769],[-117.2454546,32.9009872],[-117.2454671,32.9009931],[-117.2454828,32.9009988],[-117.2454996,32.9009993],[-117.2455129,32.9009988],[-117.2455254,32.9009955],[-117.2455367,32.9009895],[-117.245546,32.9009838]]]},"properties":{"course_id":"torrey_pines_south_san_diego","course_name":"Torrey Pines Golf Course South","hole_number":18,"feature_type":"bunker","name":"hole_18_bunker_2","feature-color":"#d4b483","is_approximate":true,"source":"osm","@id":"f1951ddf-b3e2-4a8c-b0e8-ff4a355c020c","osm_id":903083365}},{"type":"Feature","bbox":[-117.2452125,32.901236,-117.2450581,32.9015593],"geometry":{"type":"Polygon","coordinates":[[[-117.2451508,32.9015593],[-117.2451707,32.9015561],[-117.245188,32.9015458],[-117.2451956,32.9015318],[-117.2451978,32.9015076],[-117.2451965,32.9014888],[-117.2451917,32.9014617],[-117.2452003,32.9014423],[-117.2452074,32.9014248],[-117.2452125,32.9014056],[-117.245212,32.9013867],[-117.2452079,32.9013645],[-117.2452016,32.9013422],[-117.2451968,32.901322],[-117.2451917,32.9013013],[-117.2451847,32.9012764],[-117.2451729,32.9012569],[-117.2451519,32.9012408],[-117.2451279,32.901236],[-117.2450979,32.9012397],[-117.2450798,32.9012506],[-117.2450662,32.901266],[-117.2450581,32.9012851],[-117.2450585,32.9013018],[-117.2450681,32.9013132],[-117.2450829,32.9013179],[-117.2450952,32.9013152],[-117.245102,32.901303],[-117.2451158,32.9012922],[-117.2451348,32.9012986],[-117.2451397,32.9013152],[-117.2451297,32.9013285],[-117.2451157,32.9013356],[-117.2451025,32.9013523],[-117.2450943,32.9013668],[-117.2450915,32.9013873],[-117.2450941,32.9014077],[-117.2451077,32.9014217],[-117.2451212,32.9014304],[-117.2451357,32.9014316],[-117.2451505,32.9014293],[-117.2451619,32.9014409],[-117.245161,32.9014603],[-117.2451485,32.9014712],[-117.2451291,32.9014708],[-117.2451139,32.9014739],[-117.2451088,32.9014906],[-117.2451121,32.9015083],[-117.2451213,32.9015217],[-117.2451248,32.9015392],[-117.2451263,32.901549],[-117.2451335,32.9015567],[-117.2451508,32.9015593]]]},"properties":{"course_id":"torrey_pines_south_san_diego","course_name":"Torrey Pines Golf Course South","hole_number":18,"feature_type":"bunker","name":"hole_18_bunker_3","feature-color":"#d4b483","is_approximate":true,"source":"osm","@id":"9d2789d0-7587-4dd0-85e4-726b3cba3195","osm_id":903083366}},{"type":"Feature","bbox":[-117.2456513,32.9014326,-117.2454892,32.9015744],"geometry":{"type":"Polygon","coordinates":[[[-117.245525,32.9015744],[-117.2455411,32.9015714],[-117.2455497,32.9015634],[-117.2455573,32.9015526],[-117.2455608,32.9015389],[-117.2455547,32.9015255],[-117.2455572,32.9015139],[-117.2455689,32.9015125],[-117.2455812,32.9015177],[-117.2455862,32.9015301],[-117.2455853,32.9015425],[-117.2455931,32.9015525],[-117.2456067,32.9015571],[-117.2456225,32.9015563],[-117.2456338,32.9015526],[-117.245644,32.9015448],[-117.2456507,32.9015346],[-117.2456513,32.9015201],[-117.2456471,32.9015081],[-117.2456371,32.9014986],[-117.245624,32.9014906],[-117.2456112,32.9014836],[-117.2456009,32.9014762],[-117.2455898,32.9014682],[-117.2455826,32.901461],[-117.2455762,32.9014548],[-117.2455709,32.901445],[-117.2455637,32.9014374],[-117.2455446,32.9014326],[-117.2455306,32.901435],[-117.2455172,32.9014401],[-117.2455079,32.9014474],[-117.2455026,32.9014599],[-117.2455055,32.9014695],[-117.2455149,32.9014751],[-117.2455256,32.9014861],[-117.2455247,32.9014986],[-117.2455182,32.901507],[-117.2455048,32.9015133],[-117.2454952,32.9015229],[-117.2454892,32.9015339],[-117.2454917,32.9015484],[-117.2454999,32.9015611],[-117.2455097,32.9015701],[-117.245525,32.9015744]]]},"properties":{"course_id":"torrey_pines_south_san_diego","course_name":"Torrey Pines Golf Course South","hole_number":18,"feature_type":"bunker","name":"hole_18_bunker_4","feature-color":"#d4b483","is_approximate":true,"source":"osm","@id":"ed176cf3-c143-4ad6-b813-20b704bad6a9","osm_id":903083367}},{"type":"Feature","bbox":[-117.2457301,32.9028839,-117.2454848,32.9031871],"geometry":{"type":"Polygon","coordinates":[[[-117.2455659,32.903186],[-117.2455939,32.9031871],[-117.2456244,32.903184],[-117.2456504,32.9031783],[-117.2456738,32.9031684],[-117.2456914,32.9031591],[-117.2457103,32.9031466],[-117.2457264,32.9031233],[-117.2457301,32.9030988],[-117.2457276,32.9030664],[-117.2457213,32.9030362],[-117.2457126,32.9030114],[-117.2457012,32.9029905],[-117.2456908,32.9029671],[-117.245676,32.9029441],[-117.2456623,32.9029309],[-117.2456408,32.9029085],[-117.2456201,32.902894],[-117.2455951,32.9028853],[-117.2455696,32.902884],[-117.2455449,32.9028839],[-117.2455235,32.9028873],[-117.2455073,32.9029049],[-117.2455032,32.9029225],[-117.2455023,32.9029519],[-117.2455038,32.9029924],[-117.2455005,32.9030224],[-117.2454994,32.9030443],[-117.2454972,32.9030676],[-117.245493,32.9030844],[-117.2454854,32.9031039],[-117.2454848,32.9031249],[-117.2454884,32.903145],[-117.2455016,32.9031642],[-117.245519,32.9031755],[-117.2455381,32.9031815],[-117.2455659,32.903186]]]},"properties":{"course_id":"torrey_pines_south_san_diego","course_name":"Torrey Pines Golf Course South","hole_number":18,"feature_type":"water","name":"hole_18_water","feature-color":"#2255cc","is_approximate":true,"source":"osm","@id":"8775c235-376e-410a-9554-bd8869d52de6","osm_id":903083368}},{"type":"Feature","bbox":[-117.2458411,32.9031729,-117.24567,32.9034996],"geometry":{"type":"Polygon","coordinates":[[[-117.2456933,32.903498],[-117.2457086,32.9034996],[-117.2457213,32.9034967],[-117.2457329,32.9034892],[-117.2457395,32.9034797],[-117.2457465,32.9034696],[-117.245757,32.9034599],[-117.2457703,32.903453],[-117.2457828,32.9034469],[-117.2457953,32.9034415],[-117.2458034,32.9034342],[-117.2458067,32.9034265],[-117.2458069,32.9034155],[-117.2458101,32.9034078],[-117.2458152,32.9033993],[-117.2458231,32.9033924],[-117.2458314,32.9033871],[-117.2458384,32.9033792],[-117.2458411,32.9033691],[-117.2458402,32.9033538],[-117.2458335,32.9033412],[-117.2458255,32.9033289],[-117.2458166,32.9033211],[-117.2458044,32.9033134],[-117.2457965,32.9033041],[-117.2457948,32.9032948],[-117.2458021,32.9032844],[-117.2458138,32.9032811],[-117.2458258,32.9032758],[-117.2458352,32.9032645],[-117.2458379,32.9032515],[-117.2458344,32.903237],[-117.2458233,32.9032222],[-117.2458152,32.9032098],[-117.2458056,32.9031992],[-117.2458,32.9031922],[-117.2457877,32.9031833],[-117.245776,32.9031764],[-117.2457635,32.9031729],[-117.2457481,32.9031732],[-117.245733,32.9031773],[-117.245721,32.9031834],[-117.2457082,32.9031929],[-117.2457003,32.903202],[-117.2456998,32.9032137],[-117.2457037,32.9032232],[-117.2457134,32.9032312],[-117.2457255,32.9032327],[-117.2457361,32.9032341],[-117.2457471,32.9032351],[-117.2457585,32.9032387],[-117.2457672,32.903253],[-117.2457708,32.9032642],[-117.245766,32.9032736],[-117.245755,32.9032785],[-117.2457471,32.9032871],[-117.2457424,32.9032991],[-117.2457418,32.9033142],[-117.2457458,32.9033275],[-117.2457542,32.9033381],[-117.2457647,32.9033439],[-117.2457766,32.9033492],[-117.2457838,32.9033582],[-117.2457838,32.9033706],[-117.2457764,32.9033777],[-117.2457676,32.9033839],[-117.2457601,32.9033895],[-117.2457593,32.9034028],[-117.2457527,32.9034105],[-117.2457426,32.9034172],[-117.2457258,32.9034193],[-117.2457133,32.9034227],[-117.2457031,32.9034259],[-117.2456925,32.9034339],[-117.2456823,32.903442],[-117.2456743,32.9034534],[-117.24567,32.9034676],[-117.2456734,32.9034815],[-117.2456819,32.9034919],[-117.2456933,32.903498]]]},"properties":{"course_id":"torrey_pines_south_san_diego","course_name":"Torrey Pines Golf Course South","hole_number":18,"feature_type":"bunker","name":"hole_18_bunker_5","feature-color":"#d4b483","is_approximate":true,"source":"osm","@id":"3867a474-53c4-4e2c-925b-cf687996d220","osm_id":903083369}},{"type":"Feature","bbox":[-117.2454811,32.9032582,-117.2453085,32.9035085],"geometry":{"type":"Polygon","coordinates":[[[-117.2454351,32.9035085],[-117.2454529,32.9035059],[-117.245465,32.9034983],[-117.2454759,32.9034888],[-117.2454811,32.9034761],[-117.2454804,32.9034648],[-117.2454763,32.9034536],[-117.2454676,32.9034462],[-117.245456,32.9034438],[-117.2454473,32.903438],[-117.2454409,32.9034293],[-117.245434,32.9034205],[-117.2454231,32.9034152],[-117.2454129,32.9034078],[-117.2454067,32.9033979],[-117.245404,32.9033845],[-117.245407,32.903373],[-117.2454106,32.9033619],[-117.2454093,32.9033485],[-117.2454037,32.9033383],[-117.2453967,32.9033279],[-117.2453929,32.9033144],[-117.245396,32.903306],[-117.2454002,32.9032929],[-117.2453993,32.9032821],[-117.2453907,32.9032745],[-117.2453805,32.9032669],[-117.2453673,32.9032594],[-117.245348,32.9032582],[-117.245332,32.9032608],[-117.2453217,32.903266],[-117.2453149,32.9032782],[-117.2453102,32.9032915],[-117.2453085,32.9033027],[-117.2453112,32.9033164],[-117.2453188,32.9033246],[-117.245331,32.9033301],[-117.2453434,32.9033351],[-117.2453501,32.9033454],[-117.2453507,32.903359],[-117.2453477,32.9033731],[-117.2453437,32.903385],[-117.2453349,32.9033948],[-117.2453312,32.9034059],[-117.2453346,32.9034158],[-117.2453426,32.9034273],[-117.2453465,32.903438],[-117.2453504,32.9034489],[-117.2453574,32.9034572],[-117.2453688,32.9034604],[-117.245385,32.9034573],[-117.2453976,32.9034567],[-117.2454072,32.9034639],[-117.2454072,32.9034749],[-117.2454062,32.9034867],[-117.2454113,32.9034993],[-117.2454209,32.9035053],[-117.2454351,32.9035085]]]},"properties":{"course_id":"torrey_pines_south_san_diego","course_name":"Torrey Pines Golf Course South","hole_number":18,"feature_type":"bunker","name":"hole_18_bunker_6","feature-color":"#d4b483","is_approximate":true,"source":"osm","@id":"76f3f14c-2a32-4f32-89f4-d44b0381aae8","osm_id":903083370}},{"type":"Feature","bbox":[-117.2478675,32.8922191,-117.2476717,32.8923238],"geometry":{"type":"Polygon","coordinates":[[[-117.2477924,32.8923182],[-117.2477669,32.8923238],[-117.2477401,32.8923238],[-117.2477173,32.8923193],[-117.2476951,32.8923126],[-117.2476797,32.8923024],[-117.2476717,32.8922883],[-117.2476717,32.8922737],[-117.2476777,32.8922602],[-117.2476898,32.892254],[-117.2477059,32.8922534],[-117.2477219,32.8922579],[-117.2477367,32.8922669],[-117.2477541,32.8922681],[-117.2477716,32.8922641],[-117.2477816,32.8922472],[-117.2477917,32.892232],[-117.2478051,32.892223],[-117.2478185,32.8922191],[-117.2478333,32.8922225],[-117.247848,32.8922253],[-117.2478614,32.8922354],[-117.2478675,32.8922489],[-117.2478661,32.8922636],[-117.2478567,32.8922776],[-117.24784,32.8922917],[-117.2478232,32.892303],[-117.2478058,32.8923126],[-117.2477924,32.8923182]]]},"properties":{"course_id":"torrey_pines_south_san_diego","course_name":"Torrey Pines Golf Course South","hole_number":13,"feature_type":"bunker","name":"hole_13_bunker_11","feature-color":"#d4b483","is_approximate":true,"source":"osm","@id":"5bad2ccd-a449-4946-abdb-6bc833ce00e6","osm_id":1428122904}},{"type":"Feature","bbox":[-117.248076,32.8922855,-117.2479258,32.8923762],"geometry":{"type":"Polygon","coordinates":[[[-117.248074,32.8923283],[-117.2480713,32.8923368],[-117.2480659,32.8923441],[-117.2480626,32.8923593],[-117.2480572,32.8923694],[-117.2480431,32.8923762],[-117.2480284,32.8923762],[-117.248015,32.8923706],[-117.2480056,32.8923627],[-117.2479989,32.8923537],[-117.2479882,32.8923469],[-117.2479727,32.8923463],[-117.247958,32.892348],[-117.2479432,32.8923463],[-117.2479325,32.8923401],[-117.2479258,32.8923289],[-117.2479271,32.8923171],[-117.2479332,32.8923069],[-117.2479439,32.8923002],[-117.2479566,32.8922979],[-117.2479727,32.8922979],[-117.2479861,32.8923007],[-117.2479989,32.8922974],[-117.2480089,32.8922883],[-117.2480183,32.8922855],[-117.2480324,32.8922855],[-117.2480485,32.8922889],[-117.2480592,32.892294],[-117.2480673,32.8923013],[-117.2480726,32.8923075],[-117.248076,32.8923199],[-117.248074,32.8923283]]]},"properties":{"course_id":"torrey_pines_south_san_diego","course_name":"Torrey Pines Golf Course South","hole_number":13,"feature_type":"bunker","name":"hole_13_bunker_12","feature-color":"#d4b483","is_approximate":true,"source":"osm","@id":"9f381a8d-3a92-422d-95e5-aca9e1e3509e","osm_id":1428122905}},{"type":"Feature","bbox":[-117.2465391,32.8905233,-117.2464324,32.8905936],"geometry":{"type":"Polygon","coordinates":[[[-117.2465192,32.8905936],[-117.2465391,32.8905539],[-117.2464522,32.8905233],[-117.2464324,32.890563],[-117.2465192,32.8905936]]]},"properties":{"course_id":"torrey_pines_south_san_diego","course_name":"Torrey Pines Golf Course South","hole_number":12,"feature_type":"tee_box","name":"hole_12_tee_box_7","feature-color":"#8b7355","is_approximate":true,"source":"osm","@id":"cb9b88a3-803f-4310-9bdf-0b9eb6d59738","osm_id":1428139219}},{"type":"Feature","bbox":[-117.2514207,32.899359,-117.2513509,32.8994388],"geometry":{"type":"Polygon","coordinates":[[[-117.2514207,32.8994333],[-117.2513606,32.8994388],[-117.2513509,32.8993645],[-117.2514111,32.899359],[-117.2514207,32.8994333]]]},"properties":{"course_id":"torrey_pines_south_san_diego","course_name":"Torrey Pines Golf Course South","hole_number":4,"feature_type":"tee_box","name":"hole_4_tee_box_5","feature-color":"#8b7355","is_approximate":true,"source":"osm","@id":"1ed68243-4c9e-47aa-b4f5-266f3b6231e6","osm_id":1428165965}},{"type":"Feature","bbox":[-117.2464451,32.9001343,-117.2463473,32.9002601],"geometry":{"type":"Polygon","coordinates":[[[-117.2464163,32.9002342],[-117.2464078,32.9002446],[-117.2463993,32.9002523],[-117.2463912,32.9002565],[-117.2463804,32.9002594],[-117.24637,32.9002601],[-117.2463627,32.9002581],[-117.2463558,32.9002546],[-117.2463496,32.9002481],[-117.2463473,32.9002387],[-117.2463492,32.900231],[-117.2463535,32.9002242],[-117.2463646,32.9002203],[-117.2463743,32.9002164],[-117.2463804,32.9002122],[-117.2463831,32.9002051],[-117.2463816,32.9001944],[-117.2463739,32.9001867],[-117.2463673,32.9001802],[-117.2463635,32.9001705],[-117.246365,32.9001589],[-117.24637,32.9001498],[-117.246375,32.9001446],[-117.246382,32.9001398],[-117.246392,32.9001353],[-117.2464043,32.9001343],[-117.2464159,32.9001353],[-117.246427,32.9001391],[-117.2464347,32.900143],[-117.2464413,32.9001514],[-117.2464451,32.9001624],[-117.2464444,32.9001747],[-117.2464394,32.9001873],[-117.2464355,32.900199],[-117.2464297,32.9002106],[-117.2464228,32.9002232],[-117.2464163,32.9002342]]]},"properties":{"course_id":"torrey_pines_south_san_diego","course_name":"Torrey Pines Golf Course South","hole_number":7,"feature_type":"bunker","name":"hole_7_bunker_3","feature-color":"#d4b483","is_approximate":true,"source":"osm","@id":"f7280b4a-74cc-42cf-8c7a-948ba3b474a8","osm_id":1428179928}},{"type":"Feature","bbox":[-117.2443534,32.8984259,-117.2442846,32.8985025],"geometry":{"type":"Polygon","coordinates":[[[-117.2443534,32.8984987],[-117.2442909,32.8985025],[-117.2442846,32.8984297],[-117.2443471,32.8984259],[-117.2443534,32.8984987]]]},"properties":{"course_id":"torrey_pines_south_san_diego","course_name":"Torrey Pines Golf Course South","hole_number":9,"feature_type":"tee_box","name":"hole_9_tee_box_6","feature-color":"#8b7355","is_approximate":true,"source":"osm","@id":"0ea0436e-fc1b-4d60-bd13-96c6049ba568","osm_id":1428179929}},{"type":"Feature","bbox":[-117.2443965,32.8973797,-117.2443041,32.8975091],"geometry":{"type":"Polygon","coordinates":[[[-117.2443837,32.8974533],[-117.2443934,32.8974638],[-117.2443965,32.8974774],[-117.2443919,32.8974948],[-117.2443804,32.8975032],[-117.2443657,32.8975078],[-117.2443503,32.8975091],[-117.2443372,32.8975065],[-117.2443249,32.8975026],[-117.2443141,32.8974955],[-117.2443072,32.8974858],[-117.2443041,32.8974728],[-117.2443095,32.8974618],[-117.2443133,32.8974528],[-117.2443118,32.8974411],[-117.2443079,32.8974302],[-117.2443072,32.8974179],[-117.2443118,32.8974049],[-117.244318,32.8973926],[-117.2443295,32.8973855],[-117.2443411,32.897381],[-117.2443526,32.8973797],[-117.244368,32.8973816],[-117.2443804,32.8973875],[-117.2443873,32.8973991],[-117.2443865,32.8974127],[-117.2443827,32.8974237],[-117.244378,32.8974334],[-117.2443765,32.8974463],[-117.2443837,32.8974533]]]},"properties":{"course_id":"torrey_pines_south_san_diego","course_name":"Torrey Pines Golf Course South","hole_number":9,"feature_type":"bunker","name":"hole_9_bunker_9","feature-color":"#d4b483","is_approximate":true,"source":"osm","@id":"f2aa194d-bce3-4282-bc7c-9d9d54be3953","osm_id":1428179930}},{"type":"Feature","bbox":[-117.2434905,32.8930534,-117.2433827,32.8932574],"geometry":{"type":"Polygon","coordinates":[[[-117.2434874,32.8930927],[-117.2434803,32.8931064],[-117.2434762,32.8931234],[-117.2434783,32.8931405],[-117.2434773,32.8931559],[-117.2434732,32.8931704],[-117.2434671,32.8931866],[-117.2434661,32.8932037],[-117.2434661,32.8932207],[-117.243462,32.8932361],[-117.2434498,32.8932489],[-117.2434376,32.8932574],[-117.2434193,32.8932574],[-117.2434041,32.8932523],[-117.2433939,32.8932386],[-117.243396,32.8932241],[-117.2434061,32.8932147],[-117.2434153,32.8932019],[-117.2434122,32.8931891],[-117.243397,32.8931823],[-117.2433868,32.8931721],[-117.2433827,32.893155],[-117.2433929,32.8931439],[-117.2434071,32.8931388],[-117.2434183,32.8931354],[-117.2434295,32.8931234],[-117.2434264,32.8931055],[-117.2434193,32.893097],[-117.2434163,32.8930816],[-117.2434224,32.8930671],[-117.2434346,32.8930577],[-117.2434478,32.8930534],[-117.243462,32.8930534],[-117.2434793,32.8930586],[-117.2434905,32.8930705],[-117.2434874,32.8930927]]]},"properties":{"course_id":"torrey_pines_south_san_diego","course_name":"Torrey Pines Golf Course South","hole_number":10,"feature_type":"bunker","name":"hole_10_bunker_4","feature-color":"#d4b483","is_approximate":true,"source":"osm","@id":"e65340ed-7085-4446-aa1a-2d2ef4b660a0","osm_id":1428199533}},{"type":"Feature","bbox":[-117.2442443,32.8930349,-117.2441435,32.8931255],"geometry":{"type":"Polygon","coordinates":[[[-117.2442443,32.893113],[-117.24416,32.8931255],[-117.2441435,32.8930474],[-117.2442279,32.8930349],[-117.2442443,32.893113]]]},"properties":{"course_id":"torrey_pines_south_san_diego","course_name":"Torrey Pines Golf Course South","hole_number":15,"feature_type":"tee_box","name":"hole_15_tee_box_6","feature-color":"#8b7355","is_approximate":true,"source":"osm","@id":"8dc45b6c-0298-4735-b079-2d0e55dac031","osm_id":1428206718}},{"type":"Feature","bbox":[-117.2459186,32.8979237,-117.2456635,32.8980696],"geometry":{"type":"Polygon","coordinates":[[[-117.2458912,32.8979808],[-117.2459034,32.8979714],[-117.2459125,32.8979629],[-117.2459186,32.8979476],[-117.2459146,32.8979356],[-117.2459075,32.8979288],[-117.2458932,32.8979254],[-117.2458739,32.8979262],[-117.2458587,32.8979305],[-117.2458424,32.8979356],[-117.2458272,32.8979348],[-117.2458129,32.8979279],[-117.2457997,32.8979237],[-117.2457865,32.8979237],[-117.2457753,32.8979296],[-117.2457652,32.897939],[-117.2457631,32.8979518],[-117.2457652,32.8979663],[-117.2457692,32.8979791],[-117.2457642,32.897986],[-117.245753,32.8979902],[-117.2457418,32.8979945],[-117.2457337,32.8980039],[-117.2457184,32.8980056],[-117.2457022,32.8980022],[-117.2456818,32.8980039],[-117.2456727,32.8980124],[-117.2456635,32.8980261],[-117.2456666,32.8980448],[-117.2456737,32.8980559],[-117.2456889,32.8980662],[-117.2457042,32.8980696],[-117.2457276,32.8980696],[-117.2457448,32.8980687],[-117.2457611,32.898067],[-117.2457764,32.8980593],[-117.2457875,32.8980491],[-117.2458028,32.898038],[-117.245816,32.8980278],[-117.2458302,32.8980192],[-117.2458414,32.8980116],[-117.2458526,32.8979996],[-117.2458668,32.8979911],[-117.245878,32.8979868],[-117.2458912,32.8979808]]]},"properties":{"course_id":"torrey_pines_south_san_diego","course_name":"Torrey Pines Golf Course South","hole_number":17,"feature_type":"bunker","name":"hole_17_bunker_4","feature-color":"#d4b483","is_approximate":true,"source":"osm","@id":"e149963e-b4fa-4eb0-90e5-efe7f71609f5","osm_id":1428220166}},{"type":"Feature","bbox":[-117.245664,32.9009885,-117.2455669,32.9010875],"geometry":{"type":"Polygon","coordinates":[[[-117.2456509,32.9010778],[-117.2456401,32.9010842],[-117.2456285,32.9010875],[-117.2456154,32.9010855],[-117.2456077,32.9010797],[-117.2456016,32.9010687],[-117.2455908,32.9010616],[-117.2455785,32.9010551],[-117.2455715,32.9010461],[-117.2455669,32.9010319],[-117.2455669,32.9010176],[-117.2455738,32.9010066],[-117.24558,32.9009982],[-117.2455893,32.9009931],[-117.2456023,32.9009898],[-117.2456178,32.9009885],[-117.2456332,32.9009918],[-117.2456416,32.9009982],[-117.2456424,32.9010079],[-117.2456362,32.901015],[-117.2456308,32.9010215],[-117.2456293,32.9010299],[-117.2456362,32.901037],[-117.2456524,32.9010428],[-117.2456609,32.9010474],[-117.245664,32.9010577],[-117.2456593,32.9010707],[-117.2456509,32.9010778]]]},"properties":{"course_id":"torrey_pines_south_san_diego","course_name":"Torrey Pines Golf Course South","hole_number":18,"feature_type":"bunker","name":"hole_18_bunker_7","feature-color":"#d4b483","is_approximate":true,"source":"osm","@id":"6c0f1135-2f66-4c53-a2cc-77fc2b0dd4cb","osm_id":1428224977}},{"type":"Feature","bbox":[-117.2455431,32.904015699999995,-117.2455431,32.904015699999995],"geometry":{"type":"Point","coordinates":[-117.2455431,32.904015699999995]},"properties":{"course_id":"torrey_pines_south_san_diego","course_name":"Torrey Pines Golf Course South","hole_number":1,"feature_type":"tee_center","name":"hole_1_tee_center","feature-color":"#c8a055","is_approximate":true,"source":"derived","@id":"346f7c21-310b-4253-a7f3-440e9d0e3249"}},{"type":"Feature","bbox":[-117.24936968124425,32.9022886305754,-117.24936968124425,32.9022886305754],"geometry":{"type":"Point","coordinates":[-117.24936968124425,32.9022886305754]},"properties":{"course_id":"torrey_pines_south_san_diego","course_name":"Torrey Pines Golf Course South","hole_number":1,"feature_type":"green_center","name":"hole_1_green_center","feature-color":"#5aae5a","is_approximate":true,"source":"derived","@id":"a1d2846a-634b-412a-8905-2cfd2eaddbf4"}},{"type":"Feature","bbox":[-117.24926033721337,32.902337262962305,-117.24926033721337,32.902337262962305],"geometry":{"type":"Point","coordinates":[-117.24926033721337,32.902337262962305]},"properties":{"course_id":"torrey_pines_south_san_diego","course_name":"Torrey Pines Golf Course South","hole_number":1,"feature_type":"green_front","name":"hole_1_green_front","feature-color":"#5aae5a","is_approximate":true,"source":"derived","@id":"d7956bee-a669-46d9-ba86-860d6b1b30a4"}},{"type":"Feature","bbox":[-117.24948737110167,32.90223628625778,-117.24948737110167,32.90223628625778],"geometry":{"type":"Point","coordinates":[-117.24948737110167,32.90223628625778]},"properties":{"course_id":"torrey_pines_south_san_diego","course_name":"Torrey Pines Golf Course South","hole_number":1,"feature_type":"green_back","name":"hole_1_green_back","feature-color":"#5aae5a","is_approximate":true,"source":"derived","@id":"8bd29283-2941-40c1-bc7a-2a09a56c4318"}},{"type":"Feature","bbox":[-117.2503695,32.9026992,-117.2503695,32.9026992],"geometry":{"type":"Point","coordinates":[-117.2503695,32.9026992]},"properties":{"course_id":"torrey_pines_south_san_diego","course_name":"Torrey Pines Golf Course South","hole_number":2,"feature_type":"tee_center","name":"hole_2_tee_center","feature-color":"#c8a055","is_approximate":true,"source":"derived","@id":"16021f0e-9ff0-4c8d-b9fb-9db1f814e4be"}},{"type":"Feature","bbox":[-117.25001462162533,32.89954308737521,-117.25001462162533,32.89954308737521],"geometry":{"type":"Point","coordinates":[-117.25001462162533,32.89954308737521]},"properties":{"course_id":"torrey_pines_south_san_diego","course_name":"Torrey Pines Golf Course South","hole_number":2,"feature_type":"green_center","name":"hole_2_green_center","feature-color":"#5aae5a","is_approximate":true,"source":"derived","@id":"00f8e1dd-c5c1-4c26-b43e-7f5c42020d61"}},{"type":"Feature","bbox":[-117.25001999651487,32.8996874189739,-117.25001999651487,32.8996874189739],"geometry":{"type":"Point","coordinates":[-117.25001999651487,32.8996874189739]},"properties":{"course_id":"torrey_pines_south_san_diego","course_name":"Torrey Pines Golf Course South","hole_number":2,"feature_type":"green_front","name":"hole_2_green_front","feature-color":"#5aae5a","is_approximate":true,"source":"derived","@id":"c88254d4-f2b6-4d0a-8179-ac256a7452b3"}},{"type":"Feature","bbox":[-117.2500107224715,32.899438383622154,-117.2500107224715,32.899438383622154],"geometry":{"type":"Point","coordinates":[-117.2500107224715,32.899438383622154]},"properties":{"course_id":"torrey_pines_south_san_diego","course_name":"Torrey Pines Golf Course South","hole_number":2,"feature_type":"green_back","name":"hole_2_green_back","feature-color":"#5aae5a","is_approximate":true,"source":"derived","@id":"d43875c3-44e3-4c28-ae5a-26669da277a5"}},{"type":"Feature","bbox":[-117.24997370135553,32.899208015564156,-117.24997370135553,32.899208015564156],"geometry":{"type":"Point","coordinates":[-117.24997370135553,32.899208015564156]},"properties":{"course_id":"torrey_pines_south_san_diego","course_name":"Torrey Pines Golf Course South","hole_number":3,"feature_type":"tee_center","name":"hole_3_tee_center","feature-color":"#c8a055","is_approximate":true,"source":"derived","@id":"030ed8b8-e215-4da7-b60a-0cdba222e9ba"}},{"type":"Feature","bbox":[-117.25070714950435,32.89771929074731,-117.25070714950435,32.89771929074731],"geometry":{"type":"Point","coordinates":[-117.25070714950435,32.89771929074731]},"properties":{"course_id":"torrey_pines_south_san_diego","course_name":"Torrey Pines Golf Course South","hole_number":3,"feature_type":"green_center","name":"hole_3_green_center","feature-color":"#5aae5a","is_approximate":true,"source":"derived","@id":"8ca2e249-83dd-4e27-bdca-c33856535d35"}},{"type":"Feature","bbox":[-117.2506791007153,32.897784553341786,-117.2506791007153,32.897784553341786],"geometry":{"type":"Point","coordinates":[-117.2506791007153,32.897784553341786]},"properties":{"course_id":"torrey_pines_south_san_diego","course_name":"Torrey Pines Golf Course South","hole_number":3,"feature_type":"green_front","name":"hole_3_green_front","feature-color":"#5aae5a","is_approximate":true,"source":"derived","@id":"d071744c-39e2-4463-bad1-9e69b7b6fb85"}},{"type":"Feature","bbox":[-117.25075087440321,32.89761755372263,-117.25075087440321,32.89761755372263],"geometry":{"type":"Point","coordinates":[-117.25075087440321,32.89761755372263]},"properties":{"course_id":"torrey_pines_south_san_diego","course_name":"Torrey Pines Golf Course South","hole_number":3,"feature_type":"green_back","name":"hole_3_green_back","feature-color":"#5aae5a","is_approximate":true,"source":"derived","@id":"6ba2ad3a-8b47-44de-85d1-b049b932f6aa"}},{"type":"Feature","bbox":[-117.25141581727225,32.89828711572028,-117.25141581727225,32.89828711572028],"geometry":{"type":"Point","coordinates":[-117.25141581727225,32.89828711572028]},"properties":{"course_id":"torrey_pines_south_san_diego","course_name":"Torrey Pines Golf Course South","hole_number":4,"feature_type":"tee_center","name":"hole_4_tee_center","feature-color":"#c8a055","is_approximate":true,"source":"derived","@id":"9fb9a04b-b879-4e09-be91-4128803c2f83"}},{"type":"Feature","bbox":[-117.25195880608359,32.90224080566121,-117.25195880608359,32.90224080566121],"geometry":{"type":"Point","coordinates":[-117.25195880608359,32.90224080566121]},"properties":{"course_id":"torrey_pines_south_san_diego","course_name":"Torrey Pines Golf Course South","hole_number":4,"feature_type":"green_center","name":"hole_4_green_center","feature-color":"#5aae5a","is_approximate":true,"source":"derived","@id":"ea9b2387-b321-4034-902e-0d8d4dfe8dde"}},{"type":"Feature","bbox":[-117.2519415233635,32.90213550459625,-117.2519415233635,32.90213550459625],"geometry":{"type":"Point","coordinates":[-117.2519415233635,32.90213550459625]},"properties":{"course_id":"torrey_pines_south_san_diego","course_name":"Torrey Pines Golf Course South","hole_number":4,"feature_type":"green_front","name":"hole_4_green_front","feature-color":"#5aae5a","is_approximate":true,"source":"derived","@id":"8cd65ee3-e82b-40bd-845e-d2fed0420468"}},{"type":"Feature","bbox":[-117.25198252594109,32.90238532725517,-117.25198252594109,32.90238532725517],"geometry":{"type":"Point","coordinates":[-117.25198252594109,32.90238532725517]},"properties":{"course_id":"torrey_pines_south_san_diego","course_name":"Torrey Pines Golf Course South","hole_number":4,"feature_type":"green_back","name":"hole_4_green_back","feature-color":"#5aae5a","is_approximate":true,"source":"derived","@id":"b5e3edf9-80c7-4e3c-a10f-9ec43df9940d"}},{"type":"Feature","bbox":[-117.25148335,32.90260075,-117.25148335,32.90260075],"geometry":{"type":"Point","coordinates":[-117.25148335,32.90260075]},"properties":{"course_id":"torrey_pines_south_san_diego","course_name":"Torrey Pines Golf Course South","hole_number":5,"feature_type":"tee_center","name":"hole_5_tee_center","feature-color":"#c8a055","is_approximate":true,"source":"derived","@id":"12391d4e-43e2-4042-b03f-a92669827b76"}},{"type":"Feature","bbox":[-117.25081716889845,32.8989461984421,-117.25081716889845,32.8989461984421],"geometry":{"type":"Point","coordinates":[-117.25081716889845,32.8989461984421]},"properties":{"course_id":"torrey_pines_south_san_diego","course_name":"Torrey Pines Golf Course South","hole_number":5,"feature_type":"green_center","name":"hole_5_green_center","feature-color":"#5aae5a","is_approximate":true,"source":"derived","@id":"e2be5473-923b-46a5-b7d2-f07ac8569252"}},{"type":"Feature","bbox":[-117.25083448191612,32.8990661474919,-117.25083448191612,32.8990661474919],"geometry":{"type":"Point","coordinates":[-117.25083448191612,32.8990661474919]},"properties":{"course_id":"torrey_pines_south_san_diego","course_name":"Torrey Pines Golf Course South","hole_number":5,"feature_type":"green_front","name":"hole_5_green_front","feature-color":"#5aae5a","is_approximate":true,"source":"derived","@id":"185e375a-12a9-47c1-8fae-9aef0fbe3a3d"}},{"type":"Feature","bbox":[-117.25080368185193,32.89885275670668,-117.25080368185193,32.89885275670668],"geometry":{"type":"Point","coordinates":[-117.25080368185193,32.89885275670668]},"properties":{"course_id":"torrey_pines_south_san_diego","course_name":"Torrey Pines Golf Course South","hole_number":5,"feature_type":"green_back","name":"hole_5_green_back","feature-color":"#5aae5a","is_approximate":true,"source":"derived","@id":"9ef7d8bf-59b5-4cd7-96fb-3447b9a3bcca"}},{"type":"Feature","bbox":[-117.24981850865572,32.89863079464219,-117.24981850865572,32.89863079464219],"geometry":{"type":"Point","coordinates":[-117.24981850865572,32.89863079464219]},"properties":{"course_id":"torrey_pines_south_san_diego","course_name":"Torrey Pines Golf Course South","hole_number":6,"feature_type":"tee_center","name":"hole_6_tee_center","feature-color":"#c8a055","is_approximate":true,"source":"derived","@id":"790e03e4-5a6c-440e-9de3-a7cde579732c"}},{"type":"Feature","bbox":[-117.24659993315298,32.90245905452455,-117.24659993315298,32.90245905452455],"geometry":{"type":"Point","coordinates":[-117.24659993315298,32.90245905452455]},"properties":{"course_id":"torrey_pines_south_san_diego","course_name":"Torrey Pines Golf Course South","hole_number":6,"feature_type":"green_center","name":"hole_6_green_center","feature-color":"#5aae5a","is_approximate":true,"source":"derived","@id":"5d8ab5ec-8230-4bd3-b359-0314f9dfb351"}},{"type":"Feature","bbox":[-117.24670092185985,32.902351976182736,-117.24670092185985,32.902351976182736],"geometry":{"type":"Point","coordinates":[-117.24670092185985,32.902351976182736]},"properties":{"course_id":"torrey_pines_south_san_diego","course_name":"Torrey Pines Golf Course South","hole_number":6,"feature_type":"green_front","name":"hole_6_green_front","feature-color":"#5aae5a","is_approximate":true,"source":"derived","@id":"391cda97-391a-4dd8-b1ff-55cb40d4cb39"}},{"type":"Feature","bbox":[-117.24649552990087,32.90256975330921,-117.24649552990087,32.90256975330921],"geometry":{"type":"Point","coordinates":[-117.24649552990087,32.90256975330921]},"properties":{"course_id":"torrey_pines_south_san_diego","course_name":"Torrey Pines Golf Course South","hole_number":6,"feature_type":"green_back","name":"hole_6_green_back","feature-color":"#5aae5a","is_approximate":true,"source":"derived","@id":"15d558a1-c69b-42bf-9bfb-94b35d8b80c5"}},{"type":"Feature","bbox":[-117.2461264,32.902817,-117.2461264,32.902817],"geometry":{"type":"Point","coordinates":[-117.2461264,32.902817]},"properties":{"course_id":"torrey_pines_south_san_diego","course_name":"Torrey Pines Golf Course South","hole_number":7,"feature_type":"tee_center","name":"hole_7_tee_center","feature-color":"#c8a055","is_approximate":true,"source":"derived","@id":"6851d63e-91a4-4c96-9538-24027bcc6539"}},{"type":"Feature","bbox":[-117.24738673313404,32.89928314730945,-117.24738673313404,32.89928314730945],"geometry":{"type":"Point","coordinates":[-117.24738673313404,32.89928314730945]},"properties":{"course_id":"torrey_pines_south_san_diego","course_name":"Torrey Pines Golf Course South","hole_number":7,"feature_type":"green_center","name":"hole_7_green_center","feature-color":"#5aae5a","is_approximate":true,"source":"derived","@id":"0769f1dd-bff5-4c63-a17a-8642102d5990"}},{"type":"Feature","bbox":[-117.2473503729412,32.89937249000578,-117.2473503729412,32.89937249000578],"geometry":{"type":"Point","coordinates":[-117.2473503729412,32.89937249000578]},"properties":{"course_id":"torrey_pines_south_san_diego","course_name":"Torrey Pines Golf Course South","hole_number":7,"feature_type":"green_front","name":"hole_7_green_front","feature-color":"#5aae5a","is_approximate":true,"source":"derived","@id":"2f1bdd17-24d7-4e78-9fe2-a396237281e9"}},{"type":"Feature","bbox":[-117.2474221508344,32.89919612046493,-117.2474221508344,32.89919612046493],"geometry":{"type":"Point","coordinates":[-117.2474221508344,32.89919612046493]},"properties":{"course_id":"torrey_pines_south_san_diego","course_name":"Torrey Pines Golf Course South","hole_number":7,"feature_type":"green_back","name":"hole_7_green_back","feature-color":"#5aae5a","is_approximate":true,"source":"derived","@id":"9297d92d-0d46-4401-ac4e-7997fb9fcda3"}},{"type":"Feature","bbox":[-117.2470956422167,32.8990440799665,-117.2470956422167,32.8990440799665],"geometry":{"type":"Point","coordinates":[-117.2470956422167,32.8990440799665]},"properties":{"course_id":"torrey_pines_south_san_diego","course_name":"Torrey Pines Golf Course South","hole_number":8,"feature_type":"tee_center","name":"hole_8_tee_center","feature-color":"#c8a055","is_approximate":true,"source":"derived","@id":"35894121-2d22-4480-af6a-66a5776b32cf"}},{"type":"Feature","bbox":[-117.24549114728977,32.89953070563616,-117.24549114728977,32.89953070563616],"geometry":{"type":"Point","coordinates":[-117.24549114728977,32.89953070563616]},"properties":{"course_id":"torrey_pines_south_san_diego","course_name":"Torrey Pines Golf Course South","hole_number":8,"feature_type":"green_center","name":"hole_8_green_center","feature-color":"#5aae5a","is_approximate":true,"source":"derived","@id":"66031be5-8413-451e-8e32-8aa1bd3d0cc1"}},{"type":"Feature","bbox":[-117.24556877411129,32.89950283431223,-117.24556877411129,32.89950283431223],"geometry":{"type":"Point","coordinates":[-117.24556877411129,32.89950283431223]},"properties":{"course_id":"torrey_pines_south_san_diego","course_name":"Torrey Pines Golf Course South","hole_number":8,"feature_type":"green_front","name":"hole_8_green_front","feature-color":"#5aae5a","is_approximate":true,"source":"derived","@id":"245ec209-5d25-42e7-8b1a-6baebba69285"}},{"type":"Feature","bbox":[-117.24540732116252,32.89956080277398,-117.24540732116252,32.89956080277398],"geometry":{"type":"Point","coordinates":[-117.24540732116252,32.89956080277398]},"properties":{"course_id":"torrey_pines_south_san_diego","course_name":"Torrey Pines Golf Course South","hole_number":8,"feature_type":"green_back","name":"hole_8_green_back","feature-color":"#5aae5a","is_approximate":true,"source":"derived","@id":"b8b54482-63b8-485f-b7ec-a15e382cdb47"}},{"type":"Feature","bbox":[-117.24438717375018,32.8999417845598,-117.24438717375018,32.8999417845598],"geometry":{"type":"Point","coordinates":[-117.24438717375018,32.8999417845598]},"properties":{"course_id":"torrey_pines_south_san_diego","course_name":"Torrey Pines Golf Course South","hole_number":9,"feature_type":"tee_center","name":"hole_9_tee_center","feature-color":"#c8a055","is_approximate":true,"source":"derived","@id":"a8a09240-aaa4-45cc-ac96-626da26bce1b"}},{"type":"Feature","bbox":[-117.24393854566965,32.89493112860193,-117.24393854566965,32.89493112860193],"geometry":{"type":"Point","coordinates":[-117.24393854566965,32.89493112860193]},"properties":{"course_id":"torrey_pines_south_san_diego","course_name":"Torrey Pines Golf Course South","hole_number":9,"feature_type":"green_center","name":"hole_9_green_center","feature-color":"#5aae5a","is_approximate":true,"source":"derived","@id":"2c6153db-43f1-4247-98e7-beb386d203be"}},{"type":"Feature","bbox":[-117.24394986210324,32.89506314641412,-117.24394986210324,32.89506314641412],"geometry":{"type":"Point","coordinates":[-117.24394986210324,32.89506314641412]},"properties":{"course_id":"torrey_pines_south_san_diego","course_name":"Torrey Pines Golf Course South","hole_number":9,"feature_type":"green_front","name":"hole_9_green_front","feature-color":"#5aae5a","is_approximate":true,"source":"derived","@id":"b3fba2eb-d53a-4fd0-af86-e43fdb7d0a7a"}},{"type":"Feature","bbox":[-117.2439287311792,32.8948166324978,-117.2439287311792,32.8948166324978],"geometry":{"type":"Point","coordinates":[-117.2439287311792,32.8948166324978]},"properties":{"course_id":"torrey_pines_south_san_diego","course_name":"Torrey Pines Golf Course South","hole_number":9,"feature_type":"green_back","name":"hole_9_green_back","feature-color":"#5aae5a","is_approximate":true,"source":"derived","@id":"b9f46026-232a-4583-a48a-fce2e9831039"}},{"type":"Feature","bbox":[-117.24350815,32.89522015,-117.24350815,32.89522015],"geometry":{"type":"Point","coordinates":[-117.24350815,32.89522015]},"properties":{"course_id":"torrey_pines_south_san_diego","course_name":"Torrey Pines Golf Course South","hole_number":10,"feature_type":"tee_center","name":"hole_10_tee_center","feature-color":"#c8a055","is_approximate":true,"source":"derived","@id":"fb339fc1-760d-4e42-9913-286b416e7669"}},{"type":"Feature","bbox":[-117.24346271789193,32.8917941449032,-117.24346271789193,32.8917941449032],"geometry":{"type":"Point","coordinates":[-117.24346271789193,32.8917941449032]},"properties":{"course_id":"torrey_pines_south_san_diego","course_name":"Torrey Pines Golf Course South","hole_number":10,"feature_type":"green_center","name":"hole_10_green_center","feature-color":"#5aae5a","is_approximate":true,"source":"derived","@id":"d2cdaeb6-3897-42e1-897f-8b2ff26bb9af"}},{"type":"Feature","bbox":[-117.24346210858809,32.89193073383216,-117.24346210858809,32.89193073383216],"geometry":{"type":"Point","coordinates":[-117.24346210858809,32.89193073383216]},"properties":{"course_id":"torrey_pines_south_san_diego","course_name":"Torrey Pines Golf Course South","hole_number":10,"feature_type":"green_front","name":"hole_10_green_front","feature-color":"#5aae5a","is_approximate":true,"source":"derived","@id":"29292569-8e87-4d84-a139-bc0e38a283dd"}},{"type":"Feature","bbox":[-117.24346322535514,32.89168038580269,-117.24346322535514,32.89168038580269],"geometry":{"type":"Point","coordinates":[-117.24346322535514,32.89168038580269]},"properties":{"course_id":"torrey_pines_south_san_diego","course_name":"Torrey Pines Golf Course South","hole_number":10,"feature_type":"green_back","name":"hole_10_green_back","feature-color":"#5aae5a","is_approximate":true,"source":"derived","@id":"a2dc6a91-079c-4482-872f-6e7da8b4fa8c"}},{"type":"Feature","bbox":[-117.24316288000728,32.891318407942144,-117.24316288000728,32.891318407942144],"geometry":{"type":"Point","coordinates":[-117.24316288000728,32.891318407942144]},"properties":{"course_id":"torrey_pines_south_san_diego","course_name":"Torrey Pines Golf Course South","hole_number":11,"feature_type":"tee_center","name":"hole_11_tee_center","feature-color":"#c8a055","is_approximate":true,"source":"derived","@id":"8f5e5a21-d48d-419b-87b3-9f91d95ee66a"}},{"type":"Feature","bbox":[-117.24520451520561,32.89067899267063,-117.24520451520561,32.89067899267063],"geometry":{"type":"Point","coordinates":[-117.24520451520561,32.89067899267063]},"properties":{"course_id":"torrey_pines_south_san_diego","course_name":"Torrey Pines Golf Course South","hole_number":11,"feature_type":"green_center","name":"hole_11_green_center","feature-color":"#5aae5a","is_approximate":true,"source":"derived","@id":"c6378e96-92db-448e-83f6-407dddf01949"}},{"type":"Feature","bbox":[-117.24504119811289,32.89072889562902,-117.24504119811289,32.89072889562902],"geometry":{"type":"Point","coordinates":[-117.24504119811289,32.89072889562902]},"properties":{"course_id":"torrey_pines_south_san_diego","course_name":"Torrey Pines Golf Course South","hole_number":11,"feature_type":"green_front","name":"hole_11_green_front","feature-color":"#5aae5a","is_approximate":true,"source":"derived","@id":"15833c81-2fd9-4c5c-b1b7-d43d2ce54582"}},{"type":"Feature","bbox":[-117.24532828322263,32.89064117427636,-117.24532828322263,32.89064117427636],"geometry":{"type":"Point","coordinates":[-117.24532828322263,32.89064117427636]},"properties":{"course_id":"torrey_pines_south_san_diego","course_name":"Torrey Pines Golf Course South","hole_number":11,"feature_type":"green_back","name":"hole_11_green_back","feature-color":"#5aae5a","is_approximate":true,"source":"derived","@id":"e10003da-5fc0-4a8f-bce2-4538fc3f40b0"}},{"type":"Feature","bbox":[-117.24519975000001,32.89032975,-117.24519975000001,32.89032975],"geometry":{"type":"Point","coordinates":[-117.24519975000001,32.89032975]},"properties":{"course_id":"torrey_pines_south_san_diego","course_name":"Torrey Pines Golf Course South","hole_number":12,"feature_type":"tee_center","name":"hole_12_tee_center","feature-color":"#c8a055","is_approximate":true,"source":"derived","@id":"f39d9074-f0b7-452b-a328-038c31e40c47"}},{"type":"Feature","bbox":[-117.24970535059464,32.89194429100259,-117.24970535059464,32.89194429100259],"geometry":{"type":"Point","coordinates":[-117.24970535059464,32.89194429100259]},"properties":{"course_id":"torrey_pines_south_san_diego","course_name":"Torrey Pines Golf Course South","hole_number":12,"feature_type":"green_center","name":"hole_12_green_center","feature-color":"#5aae5a","is_approximate":true,"source":"derived","@id":"917cc201-c23e-4367-8b3b-720083b97b00"}},{"type":"Feature","bbox":[-117.24954428820887,32.89188894161652,-117.24954428820887,32.89188894161652],"geometry":{"type":"Point","coordinates":[-117.24954428820887,32.89188894161652]},"properties":{"course_id":"torrey_pines_south_san_diego","course_name":"Torrey Pines Golf Course South","hole_number":12,"feature_type":"green_front","name":"hole_12_green_front","feature-color":"#5aae5a","is_approximate":true,"source":"derived","@id":"fe804111-c7da-40a0-9f74-55d66c4a0469"}},{"type":"Feature","bbox":[-117.24984786743967,32.89199326717935,-117.24984786743967,32.89199326717935],"geometry":{"type":"Point","coordinates":[-117.24984786743967,32.89199326717935]},"properties":{"course_id":"torrey_pines_south_san_diego","course_name":"Torrey Pines Golf Course South","hole_number":12,"feature_type":"green_back","name":"hole_12_green_back","feature-color":"#5aae5a","is_approximate":true,"source":"derived","@id":"b0639eff-d191-40e1-a5f4-e366f742101b"}},{"type":"Feature","bbox":[-117.25039678562878,32.893432652651036,-117.25039678562878,32.893432652651036],"geometry":{"type":"Point","coordinates":[-117.25039678562878,32.893432652651036]},"properties":{"course_id":"torrey_pines_south_san_diego","course_name":"Torrey Pines Golf Course South","hole_number":13,"feature_type":"tee_center","name":"hole_13_tee_center","feature-color":"#c8a055","is_approximate":true,"source":"derived","@id":"0a24e501-d3ed-4505-995c-1881345a0a8d"}},{"type":"Feature","bbox":[-117.24487724044218,32.891489635524984,-117.24487724044218,32.891489635524984],"geometry":{"type":"Point","coordinates":[-117.24487724044218,32.891489635524984]},"properties":{"course_id":"torrey_pines_south_san_diego","course_name":"Torrey Pines Golf Course South","hole_number":13,"feature_type":"green_center","name":"hole_13_green_center","feature-color":"#5aae5a","is_approximate":true,"source":"derived","@id":"5987180b-1c14-4a32-949b-0a48632c6c5a"}},{"type":"Feature","bbox":[-117.24500555069729,32.89152731487326,-117.24500555069729,32.89152731487326],"geometry":{"type":"Point","coordinates":[-117.24500555069729,32.89152731487326]},"properties":{"course_id":"torrey_pines_south_san_diego","course_name":"Torrey Pines Golf Course South","hole_number":13,"feature_type":"green_front","name":"hole_13_green_front","feature-color":"#5aae5a","is_approximate":true,"source":"derived","@id":"32b06175-dfa2-42f4-a4bc-429ca5acfb19"}},{"type":"Feature","bbox":[-117.24477423796714,32.891459388011825,-117.24477423796714,32.891459388011825],"geometry":{"type":"Point","coordinates":[-117.24477423796714,32.891459388011825]},"properties":{"course_id":"torrey_pines_south_san_diego","course_name":"Torrey Pines Golf Course South","hole_number":13,"feature_type":"green_back","name":"hole_13_green_back","feature-color":"#5aae5a","is_approximate":true,"source":"derived","@id":"443ef78c-e2e7-4419-896e-72ff4555434d"}},{"type":"Feature","bbox":[-117.24412004999999,32.8913934,-117.24412004999999,32.8913934],"geometry":{"type":"Point","coordinates":[-117.24412004999999,32.8913934]},"properties":{"course_id":"torrey_pines_south_san_diego","course_name":"Torrey Pines Golf Course South","hole_number":14,"feature_type":"tee_center","name":"hole_14_tee_center","feature-color":"#c8a055","is_approximate":true,"source":"derived","@id":"0d93ce36-0316-47fe-ab6b-3a855419523d"}},{"type":"Feature","bbox":[-117.24580531531282,32.894601037275166,-117.24580531531282,32.894601037275166],"geometry":{"type":"Point","coordinates":[-117.24580531531282,32.894601037275166]},"properties":{"course_id":"torrey_pines_south_san_diego","course_name":"Torrey Pines Golf Course South","hole_number":14,"feature_type":"green_center","name":"hole_14_green_center","feature-color":"#5aae5a","is_approximate":true,"source":"derived","@id":"702ca5af-05e5-41d3-a0ad-eec2b2a84919"}},{"type":"Feature","bbox":[-117.24572388761524,32.89446953912055,-117.24572388761524,32.89446953912055],"geometry":{"type":"Point","coordinates":[-117.24572388761524,32.89446953912055]},"properties":{"course_id":"torrey_pines_south_san_diego","course_name":"Torrey Pines Golf Course South","hole_number":14,"feature_type":"green_front","name":"hole_14_green_front","feature-color":"#5aae5a","is_approximate":true,"source":"derived","@id":"c85dabd4-9641-4ffc-a58c-526113187264"}},{"type":"Feature","bbox":[-117.24586443946502,32.89469651727937,-117.24586443946502,32.89469651727937],"geometry":{"type":"Point","coordinates":[-117.24586443946502,32.89469651727937]},"properties":{"course_id":"torrey_pines_south_san_diego","course_name":"Torrey Pines Golf Course South","hole_number":14,"feature_type":"green_back","name":"hole_14_green_back","feature-color":"#5aae5a","is_approximate":true,"source":"derived","@id":"d5acc3d7-0f06-40a7-9923-20026efc6c87"}},{"type":"Feature","bbox":[-117.24419392213063,32.893080192709355,-117.24419392213063,32.893080192709355],"geometry":{"type":"Point","coordinates":[-117.24419392213063,32.893080192709355]},"properties":{"course_id":"torrey_pines_south_san_diego","course_name":"Torrey Pines Golf Course South","hole_number":15,"feature_type":"tee_center","name":"hole_15_tee_center","feature-color":"#c8a055","is_approximate":true,"source":"derived","@id":"236c3f4e-7098-4598-b74a-aacc98b44f94"}},{"type":"Feature","bbox":[-117.24518260664549,32.897232025867964,-117.24518260664549,32.897232025867964],"geometry":{"type":"Point","coordinates":[-117.24518260664549,32.897232025867964]},"properties":{"course_id":"torrey_pines_south_san_diego","course_name":"Torrey Pines Golf Course South","hole_number":15,"feature_type":"green_center","name":"hole_15_green_center","feature-color":"#5aae5a","is_approximate":true,"source":"derived","@id":"3f2dac81-b3f0-4594-884a-35bd7893c5e3"}},{"type":"Feature","bbox":[-117.24515542635974,32.89710628596103,-117.24515542635974,32.89710628596103],"geometry":{"type":"Point","coordinates":[-117.24515542635974,32.89710628596103]},"properties":{"course_id":"torrey_pines_south_san_diego","course_name":"Torrey Pines Golf Course South","hole_number":15,"feature_type":"green_front","name":"hole_15_green_front","feature-color":"#5aae5a","is_approximate":true,"source":"derived","@id":"ef3e1fd0-9328-4076-89fa-45e2d48d9378"}},{"type":"Feature","bbox":[-117.24520626412477,32.89734146876612,-117.24520626412477,32.89734146876612],"geometry":{"type":"Point","coordinates":[-117.24520626412477,32.89734146876612]},"properties":{"course_id":"torrey_pines_south_san_diego","course_name":"Torrey Pines Golf Course South","hole_number":15,"feature_type":"green_back","name":"hole_15_green_back","feature-color":"#5aae5a","is_approximate":true,"source":"derived","@id":"ce554fb3-8a2c-44b3-878e-986192cce102"}},{"type":"Feature","bbox":[-117.2457888603645,32.89699123519185,-117.2457888603645,32.89699123519185],"geometry":{"type":"Point","coordinates":[-117.2457888603645,32.89699123519185]},"properties":{"course_id":"torrey_pines_south_san_diego","course_name":"Torrey Pines Golf Course South","hole_number":16,"feature_type":"tee_center","name":"hole_16_tee_center","feature-color":"#c8a055","is_approximate":true,"source":"derived","@id":"f6ec5f97-6bb4-4f36-a9a7-b322143287af"}},{"type":"Feature","bbox":[-117.24742200390654,32.895764275204336,-117.24742200390654,32.895764275204336],"geometry":{"type":"Point","coordinates":[-117.24742200390654,32.895764275204336]},"properties":{"course_id":"torrey_pines_south_san_diego","course_name":"Torrey Pines Golf Course South","hole_number":16,"feature_type":"green_center","name":"hole_16_green_center","feature-color":"#5aae5a","is_approximate":true,"source":"derived","@id":"e6e9bda0-7377-4e6f-b606-f21195e4b79e"}},{"type":"Feature","bbox":[-117.24731110648514,32.89585106334443,-117.24731110648514,32.89585106334443],"geometry":{"type":"Point","coordinates":[-117.24731110648514,32.89585106334443]},"properties":{"course_id":"torrey_pines_south_san_diego","course_name":"Torrey Pines Golf Course South","hole_number":16,"feature_type":"green_front","name":"hole_16_green_front","feature-color":"#5aae5a","is_approximate":true,"source":"derived","@id":"af8003e3-c432-417b-9ae6-1376c3d161a1"}},{"type":"Feature","bbox":[-117.24750758125914,32.89569730250853,-117.24750758125914,32.89569730250853],"geometry":{"type":"Point","coordinates":[-117.24750758125914,32.89569730250853]},"properties":{"course_id":"torrey_pines_south_san_diego","course_name":"Torrey Pines Golf Course South","hole_number":16,"feature_type":"green_back","name":"hole_16_green_back","feature-color":"#5aae5a","is_approximate":true,"source":"derived","@id":"3bca20c8-a91f-4647-a369-b4461df0d658"}},{"type":"Feature","bbox":[-117.24779321815357,32.89614362426457,-117.24779321815357,32.89614362426457],"geometry":{"type":"Point","coordinates":[-117.24779321815357,32.89614362426457]},"properties":{"course_id":"torrey_pines_south_san_diego","course_name":"Torrey Pines Golf Course South","hole_number":17,"feature_type":"tee_center","name":"hole_17_tee_center","feature-color":"#c8a055","is_approximate":true,"source":"derived","@id":"49ed15a4-fae7-4b3c-b709-117a1a7abe9b"}},{"type":"Feature","bbox":[-117.24517112130695,32.89899797894475,-117.24517112130695,32.89899797894475],"geometry":{"type":"Point","coordinates":[-117.24517112130695,32.89899797894475]},"properties":{"course_id":"torrey_pines_south_san_diego","course_name":"Torrey Pines Golf Course South","hole_number":17,"feature_type":"green_center","name":"hole_17_green_center","feature-color":"#5aae5a","is_approximate":true,"source":"derived","@id":"54fd7d99-d36c-4b3b-94c0-4910e933bc4d"}},{"type":"Feature","bbox":[-117.24524573050233,32.89891349731045,-117.24524573050233,32.89891349731045],"geometry":{"type":"Point","coordinates":[-117.24524573050233,32.89891349731045]},"properties":{"course_id":"torrey_pines_south_san_diego","course_name":"Torrey Pines Golf Course South","hole_number":17,"feature_type":"green_front","name":"hole_17_green_front","feature-color":"#5aae5a","is_approximate":true,"source":"derived","@id":"44b81758-4159-4827-87a8-8a2ab800ee91"}},{"type":"Feature","bbox":[-117.24509729313893,32.89908157620457,-117.24509729313893,32.89908157620457],"geometry":{"type":"Point","coordinates":[-117.24509729313893,32.89908157620457]},"properties":{"course_id":"torrey_pines_south_san_diego","course_name":"Torrey Pines Golf Course South","hole_number":17,"feature_type":"green_back","name":"hole_17_green_back","feature-color":"#5aae5a","is_approximate":true,"source":"derived","@id":"2bdb585b-634b-471c-aac6-dfd38a436e2e"}},{"type":"Feature","bbox":[-117.24469595000001,32.89870335,-117.24469595000001,32.89870335],"geometry":{"type":"Point","coordinates":[-117.24469595000001,32.89870335]},"properties":{"course_id":"torrey_pines_south_san_diego","course_name":"Torrey Pines Golf Course South","hole_number":18,"feature_type":"tee_center","name":"hole_18_tee_center","feature-color":"#c8a055","is_approximate":true,"source":"derived","@id":"689daa89-0a21-4d50-bc42-e820f7e3d3e7"}},{"type":"Feature","bbox":[-117.24557317000355,32.90332352864878,-117.24557317000355,32.90332352864878],"geometry":{"type":"Point","coordinates":[-117.24557317000355,32.90332352864878]},"properties":{"course_id":"torrey_pines_south_san_diego","course_name":"Torrey Pines Golf Course South","hole_number":18,"feature_type":"green_center","name":"hole_18_green_center","feature-color":"#5aae5a","is_approximate":true,"source":"derived","@id":"c6f45da6-1e4a-448e-ab37-29df3dfce17a"}},{"type":"Feature","bbox":[-117.24555517111534,32.90322480737051,-117.24555517111534,32.90322480737051],"geometry":{"type":"Point","coordinates":[-117.24555517111534,32.90322480737051]},"properties":{"course_id":"torrey_pines_south_san_diego","course_name":"Torrey Pines Golf Course South","hole_number":18,"feature_type":"green_front","name":"hole_18_green_front","feature-color":"#5aae5a","is_approximate":true,"source":"derived","@id":"7659e8eb-3ce3-46c3-b2b3-a7eff54fa243"}},{"type":"Feature","bbox":[-117.24558945827158,32.903412867424684,-117.24558945827158,32.903412867424684],"geometry":{"type":"Point","coordinates":[-117.24558945827158,32.903412867424684]},"properties":{"course_id":"torrey_pines_south_san_diego","course_name":"Torrey Pines Golf Course South","hole_number":18,"feature_type":"green_back","name":"hole_18_green_back","feature-color":"#5aae5a","is_approximate":true,"source":"derived","@id":"2cad4fce-54b8-4504-bff7-db90351b2567"}}]}