{"type":"FeatureCollection","features":[{"type":"Feature","bbox":[-121.2628188,38.8942222,-121.2624228,38.894457],"geometry":{"type":"Polygon","coordinates":[[[-121.2628188,38.8943099],[-121.2627878,38.8942796],[-121.2627478,38.8942712],[-121.2627028,38.8942754],[-121.2626658,38.8942775],[-121.2626278,38.894265],[-121.2625888,38.8942504],[-121.2625508,38.8942347],[-121.2625088,38.8942222],[-121.2624708,38.8942305],[-121.2624468,38.8942452],[-121.2624348,38.8942587],[-121.2624238,38.8942733],[-121.2624228,38.8943078],[-121.2624388,38.8943464],[-121.2624648,38.8943798],[-121.2625098,38.8944163],[-121.2625588,38.8944362],[-121.2626188,38.8944518],[-121.2626578,38.894457],[-121.2626928,38.8944529],[-121.2627148,38.894433],[-121.2627208,38.8944101],[-121.2627408,38.8943871],[-121.2627718,38.8943767],[-121.2628038,38.8943537],[-121.2628188,38.8943349],[-121.2628188,38.8943099]]]},"properties":{"course_id":"turkey_creek_lincoln","course_name":"Turkey Creek Golf Club","hole_number":3,"feature_type":"green","name":"hole_3_green","feature-color":"#2d6e2d","is_approximate":true,"source":"osm","@id":"a5aa248e-479e-451b-a054-fb46fc50f45f","osm_id":672910974}},{"type":"Feature","bbox":[-121.262943,38.8946379,-121.262876,38.8947325],"geometry":{"type":"Polygon","coordinates":[[[-121.2629037,38.8947325],[-121.2628888,38.8947239],[-121.262877,38.8946949],[-121.262876,38.8946646],[-121.2628824,38.8946459],[-121.2628987,38.8946379],[-121.2629219,38.8946381],[-121.2629359,38.8946469],[-121.262943,38.8946594],[-121.262939,38.8946803],[-121.262938,38.8947053],[-121.262928,38.8947241],[-121.262919,38.8947314],[-121.2629037,38.8947325]]]},"properties":{"course_id":"turkey_creek_lincoln","course_name":"Turkey Creek Golf Club","hole_number":3,"feature_type":"bunker","name":"hole_3_bunker","feature-color":"#d4b483","is_approximate":true,"source":"osm","@id":"dfeee9bb-a448-4cc8-96dd-9b841f964973","osm_id":672910975}},{"type":"Feature","bbox":[-121.2632139,38.8949715,-121.2631332,38.8950578],"geometry":{"type":"Polygon","coordinates":[[[-121.2631991,38.8949715],[-121.2631789,38.8949715],[-121.2631648,38.8949814],[-121.2631534,38.8949949],[-121.2631484,38.8950078],[-121.2631363,38.8950206],[-121.2631332,38.8950353],[-121.2631392,38.8950496],[-121.2631528,38.8950578],[-121.2631693,38.8950563],[-121.2631852,38.89505],[-121.2631909,38.8950383],[-121.2631934,38.8950241],[-121.2632014,38.8950095],[-121.2632091,38.8950004],[-121.2632139,38.8949857],[-121.263211,38.8949767],[-121.2631991,38.8949715]]]},"properties":{"course_id":"turkey_creek_lincoln","course_name":"Turkey Creek Golf Club","hole_number":3,"feature_type":"bunker","name":"hole_3_bunker_2","feature-color":"#d4b483","is_approximate":true,"source":"osm","@id":"21730f9b-4b01-4076-ae69-0373b3112b88","osm_id":672910976}},{"type":"Feature","bbox":[-121.2645784,38.8968438,-121.2644354,38.8969837],"geometry":{"type":"Polygon","coordinates":[[[-121.2645354,38.8968438],[-121.2645149,38.8968501],[-121.2645064,38.8968637],[-121.2644884,38.8968741],[-121.2644624,38.8968751],[-121.2644374,38.8968856],[-121.2644354,38.8969002],[-121.2644474,38.8969138],[-121.2644704,38.8969169],[-121.2644874,38.8969127],[-121.2645024,38.8969148],[-121.2645144,38.8969273],[-121.2645074,38.8969398],[-121.2644954,38.8969513],[-121.2644924,38.8969649],[-121.2645044,38.8969816],[-121.2645344,38.8969837],[-121.2645584,38.8969712],[-121.2645704,38.8969534],[-121.2645784,38.8969336],[-121.2645744,38.8969023],[-121.2645654,38.8968824],[-121.2645584,38.8968689],[-121.2645544,38.8968543],[-121.2645354,38.8968438]]]},"properties":{"course_id":"turkey_creek_lincoln","course_name":"Turkey Creek Golf Club","hole_number":1,"feature_type":"bunker","name":"hole_1_bunker","feature-color":"#d4b483","is_approximate":true,"source":"osm","@id":"5540776b-3c6c-4945-9534-ee1f3b14f467","osm_id":672910985}},{"type":"Feature","bbox":[-121.2649349,38.896903,-121.2647699,38.897035],"geometry":{"type":"Polygon","coordinates":[[[-121.2648342,38.8969167],[-121.2648172,38.896903],[-121.2647949,38.8969045],[-121.2647789,38.8969181],[-121.2647699,38.8969379],[-121.2647789,38.8969557],[-121.2647979,38.896963],[-121.2648149,38.8969588],[-121.2648289,38.8969609],[-121.2648329,38.8969734],[-121.2648299,38.8969891],[-121.2648349,38.8970121],[-121.2648529,38.8970277],[-121.2648729,38.897035],[-121.2648969,38.8970319],[-121.2649189,38.8970162],[-121.2649279,38.8969985],[-121.2649349,38.8969745],[-121.2649319,38.8969432],[-121.2649209,38.8969181],[-121.2648999,38.8969119],[-121.2648709,38.8969179],[-121.2648515,38.8969218],[-121.2648342,38.8969167]]]},"properties":{"course_id":"turkey_creek_lincoln","course_name":"Turkey Creek Golf Club","hole_number":1,"feature_type":"bunker","name":"hole_1_bunker_2","feature-color":"#d4b483","is_approximate":true,"source":"osm","@id":"fbb99943-3181-441f-a0c3-ee2701061b96","osm_id":672910986}},{"type":"Feature","bbox":[-121.2652624,38.8971253,-121.2651534,38.8972349],"geometry":{"type":"Polygon","coordinates":[[[-121.2652264,38.8971253],[-121.2652004,38.8971274],[-121.2651834,38.8971368],[-121.2651754,38.8971504],[-121.2651764,38.897164],[-121.2651684,38.8971775],[-121.2651534,38.8971911],[-121.2651564,38.897213],[-121.2651804,38.8972297],[-121.2652164,38.8972349],[-121.2652404,38.8972266],[-121.2652554,38.897213],[-121.2652624,38.8971963],[-121.2652544,38.8971608],[-121.2652504,38.8971368],[-121.2652364,38.8971285],[-121.2652264,38.8971253]]]},"properties":{"course_id":"turkey_creek_lincoln","course_name":"Turkey Creek Golf Club","hole_number":1,"feature_type":"bunker","name":"hole_1_bunker_3","feature-color":"#d4b483","is_approximate":true,"source":"osm","@id":"58fb33be-1e5f-4d73-b91c-f6cc970015cf","osm_id":672910987}},{"type":"Feature","bbox":[-121.2647934,38.897335,-121.2646244,38.8974236],"geometry":{"type":"Polygon","coordinates":[[[-121.2647307,38.897335],[-121.2647039,38.897335],[-121.2646844,38.897345],[-121.2646614,38.897352],[-121.2646365,38.897356],[-121.2646264,38.8973662],[-121.2646244,38.8973808],[-121.2646414,38.8973996],[-121.2646574,38.8974037],[-121.2646764,38.8973996],[-121.2646894,38.8973985],[-121.2647054,38.89741],[-121.2647254,38.8974204],[-121.2647394,38.8974236],[-121.2647664,38.8974194],[-121.2647834,38.8974131],[-121.2647934,38.8973975],[-121.2647859,38.8973795],[-121.2647597,38.8973632],[-121.2647499,38.8973461],[-121.2647307,38.897335]]]},"properties":{"course_id":"turkey_creek_lincoln","course_name":"Turkey Creek Golf Club","hole_number":1,"feature_type":"bunker","name":"hole_1_bunker_4","feature-color":"#d4b483","is_approximate":true,"source":"osm","@id":"93492d6c-c71d-443d-8b0c-51f65863468d","osm_id":672910988}},{"type":"Feature","bbox":[-121.2651544,38.8974053,-121.2650222,38.8975493],"geometry":{"type":"Polygon","coordinates":[[[-121.2650772,38.8974053],[-121.2650462,38.8974146],[-121.2650262,38.8974334],[-121.2650222,38.8974658],[-121.2650322,38.8974961],[-121.2650582,38.8975159],[-121.2650742,38.8975315],[-121.2650972,38.8975482],[-121.2651232,38.8975493],[-121.2651444,38.8975357],[-121.2651544,38.897518],[-121.2651534,38.8975034],[-121.2651452,38.8974899],[-121.2651192,38.89747],[-121.2651082,38.897447],[-121.2651052,38.8974272],[-121.2650937,38.8974135],[-121.2650772,38.8974053]]]},"properties":{"course_id":"turkey_creek_lincoln","course_name":"Turkey Creek Golf Club","hole_number":1,"feature_type":"bunker","name":"hole_1_bunker_5","feature-color":"#d4b483","is_approximate":true,"source":"osm","@id":"7738192b-64b7-4575-849a-7f1588b36dc8","osm_id":672910989}},{"type":"Feature","bbox":[-121.2607729,38.8965502,-121.2606819,38.8966202],"geometry":{"type":"Polygon","coordinates":[[[-121.2607609,38.8965586],[-121.2607419,38.8965502],[-121.2607139,38.8965565],[-121.2606949,38.8965649],[-121.2606819,38.8965836],[-121.2606859,38.8965993],[-121.2606989,38.8966129],[-121.2607269,38.8966202],[-121.2607489,38.8966139],[-121.2607609,38.8966014],[-121.2607729,38.8965847],[-121.2607699,38.8965711],[-121.2607609,38.8965586]]]},"properties":{"course_id":"turkey_creek_lincoln","course_name":"Turkey Creek Golf Club","hole_number":2,"feature_type":"bunker","name":"hole_2_bunker","feature-color":"#d4b483","is_approximate":true,"source":"osm","@id":"23477e15-e529-4185-9e02-5d6df7a1a8cf","osm_id":672910995}},{"type":"Feature","bbox":[-121.2606839,38.8962516,-121.2605739,38.89637],"geometry":{"type":"Polygon","coordinates":[[[-121.2606019,38.8963637],[-121.2606179,38.89637],[-121.2606402,38.8963672],[-121.2606555,38.8963543],[-121.2606635,38.8963388],[-121.2606659,38.8963146],[-121.2606699,38.8962917],[-121.2606809,38.8962781],[-121.2606839,38.8962625],[-121.2606776,38.8962516],[-121.2606529,38.8962517],[-121.260626,38.8962681],[-121.2605993,38.8962913],[-121.2605819,38.8963146],[-121.2605739,38.8963334],[-121.2605789,38.8963501],[-121.2605899,38.8963564],[-121.2606019,38.8963637]]]},"properties":{"course_id":"turkey_creek_lincoln","course_name":"Turkey Creek Golf Club","hole_number":2,"feature_type":"bunker","name":"hole_2_bunker_2","feature-color":"#d4b483","is_approximate":true,"source":"osm","@id":"115e589e-f27d-439a-919e-2ddf2d9f048c","osm_id":672910996}},{"type":"Feature","bbox":[-121.2618832,38.8903962,-121.2614622,38.8906613],"geometry":{"type":"Polygon","coordinates":[[[-121.2617062,38.8906613],[-121.2617762,38.8906572],[-121.2618322,38.8906259],[-121.2618752,38.8905653],[-121.2618832,38.8905089],[-121.2618532,38.8904568],[-121.2618162,38.890415],[-121.2617702,38.8903962],[-121.2617302,38.8904108],[-121.2616902,38.8904213],[-121.2616172,38.8904171],[-121.2615402,38.8904108],[-121.2614912,38.8904254],[-121.2614622,38.8904922],[-121.2614652,38.8905486],[-121.2615182,38.8906008],[-121.2615852,38.8906405],[-121.2616392,38.8906572],[-121.2617062,38.8906613]]]},"properties":{"course_id":"turkey_creek_lincoln","course_name":"Turkey Creek Golf Club","hole_number":4,"feature_type":"water","name":"hole_4_water","feature-color":"#2255cc","is_approximate":true,"source":"osm","@id":"7e422e9d-8647-4529-9d49-3cdc8196187b","osm_id":672911005}},{"type":"Feature","bbox":[-121.2620713,38.8889702,-121.2619854,38.8890855],"geometry":{"type":"Polygon","coordinates":[[[-121.262045,38.8890855],[-121.2620297,38.8890848],[-121.2620175,38.8890774],[-121.2620069,38.8890664],[-121.2620019,38.8890541],[-121.2619936,38.8890354],[-121.2619894,38.889019],[-121.2619874,38.8890072],[-121.2619854,38.8889954],[-121.2619876,38.8889837],[-121.2619972,38.8889768],[-121.2620175,38.8889729],[-121.2620362,38.8889702],[-121.2620508,38.8889764],[-121.2620594,38.8889879],[-121.2620611,38.8889996],[-121.2620568,38.8890095],[-121.2620489,38.8890181],[-121.262045,38.8890282],[-121.262051,38.8890366],[-121.2620634,38.8890436],[-121.2620688,38.8890522],[-121.2620713,38.8890628],[-121.2620677,38.8890742],[-121.2620591,38.8890805],[-121.262045,38.8890855]]]},"properties":{"course_id":"turkey_creek_lincoln","course_name":"Turkey Creek Golf Club","hole_number":4,"feature_type":"bunker","name":"hole_4_bunker","feature-color":"#d4b483","is_approximate":true,"source":"osm","@id":"0de81177-045f-44de-acf1-2e8cafc00195","osm_id":672911008}},{"type":"Feature","bbox":[-121.2633167,38.8870537,-121.2632577,38.8870934],"geometry":{"type":"Polygon","coordinates":[[[-121.2632987,38.8870906],[-121.2633112,38.8870834],[-121.2633167,38.8870739],[-121.2633144,38.8870657],[-121.2633067,38.8870593],[-121.2632906,38.8870537],[-121.2632767,38.8870572],[-121.2632615,38.8870672],[-121.2632577,38.887076],[-121.2632627,38.8870861],[-121.2632737,38.8870927],[-121.2632878,38.8870934],[-121.2632987,38.8870906]]]},"properties":{"course_id":"turkey_creek_lincoln","course_name":"Turkey Creek Golf Club","hole_number":5,"feature_type":"bunker","name":"hole_5_bunker","feature-color":"#d4b483","is_approximate":true,"source":"osm","@id":"f6a8a3fb-31c0-49c3-a376-052c6b0ea409","osm_id":672911021}},{"type":"Feature","bbox":[-121.262933,38.8942419,-121.2612419,38.8956381],"geometry":{"type":"Polygon","coordinates":[[[-121.262377,38.8944047],[-121.262375,38.8943275],[-121.262342,38.8942649],[-121.262273,38.8942461],[-121.262195,38.8942419],[-121.26208,38.8942502],[-121.262002,38.8942732],[-121.2619548,38.8943289],[-121.2619453,38.894385],[-121.2619162,38.894437],[-121.2618775,38.8944811],[-121.261825,38.8944924],[-121.261747,38.8944861],[-121.2616812,38.8944908],[-121.261626,38.8945175],[-121.261519,38.8945759],[-121.2614565,38.8945835],[-121.261401,38.8945801],[-121.2613441,38.8945996],[-121.261329,38.8946469],[-121.261372,38.8947179],[-121.261401,38.8947909],[-121.261406,38.8948598],[-121.2613698,38.8949412],[-121.2613092,38.8949672],[-121.2612645,38.8950016],[-121.2612419,38.8950587],[-121.2612452,38.8951034],[-121.2612735,38.8951353],[-121.2613372,38.8951548],[-121.2613988,38.8951586],[-121.261471,38.89515],[-121.2616005,38.8951445],[-121.2616859,38.8951627],[-121.2617536,38.895214],[-121.2617827,38.8952782],[-121.2618207,38.8953384],[-121.2618715,38.8953679],[-121.2619174,38.8953988],[-121.2619986,38.8954021],[-121.26207,38.8953983],[-121.2621361,38.8953751],[-121.2622059,38.8953882],[-121.2622562,38.895422],[-121.2622448,38.8954989],[-121.2622671,38.8955442],[-121.2623219,38.8955881],[-121.2623975,38.8956282],[-121.2624765,38.8956381],[-121.262559,38.8956336],[-121.2626397,38.8956085],[-121.2627157,38.8955591],[-121.2627678,38.8955033],[-121.2627951,38.8954445],[-121.2628023,38.8953921],[-121.262815,38.8953525],[-121.262815,38.8952732],[-121.262857,38.8951542],[-121.262895,38.8950456],[-121.262933,38.8949684],[-121.262925,38.8948932],[-121.262884,38.8948473],[-121.262857,38.8947784],[-121.2628254,38.8946886],[-121.2628017,38.894644],[-121.2627613,38.8946045],[-121.262705,38.8945843],[-121.2626366,38.8945615],[-121.2625576,38.8945497],[-121.2625048,38.8945312],[-121.2624572,38.894492],[-121.262415,38.8944507],[-121.262377,38.8944047]]]},"properties":{"course_id":"turkey_creek_lincoln","course_name":"Turkey Creek Golf Club","hole_number":3,"feature_type":"water","name":"hole_3_water","feature-color":"#2255cc","is_approximate":true,"source":"osm","@id":"322779e7-9f59-4dc7-9dc6-5a96737d3d4a","osm_id":672911126}},{"type":"Feature","bbox":[-121.2607333,38.8946206,-121.2593055,38.8961101],"geometry":{"type":"Polygon","coordinates":[[[-121.2607043,38.8949636],[-121.2607182,38.8949137],[-121.2607333,38.8948386],[-121.2607129,38.8947362],[-121.2606712,38.8946804],[-121.2606131,38.8946519],[-121.2605091,38.8946206],[-121.2603181,38.894629],[-121.2602081,38.8946248],[-121.2601091,38.8946478],[-121.2600151,38.8947187],[-121.2599511,38.8948064],[-121.2599451,38.8948753],[-121.2600021,38.8949839],[-121.2600471,38.8950381],[-121.2600531,38.8950903],[-121.2600311,38.8951467],[-121.2600719,38.895192],[-121.2601028,38.8952126],[-121.2601394,38.8952341],[-121.2601801,38.895267],[-121.2601869,38.895304],[-121.2602148,38.8953438],[-121.2602576,38.8953759],[-121.2602759,38.8954214],[-121.2602549,38.8955014],[-121.2602184,38.8955725],[-121.2601831,38.8956181],[-121.2601486,38.8956404],[-121.2600768,38.8956664],[-121.2599788,38.8956722],[-121.2599019,38.8956725],[-121.2598393,38.8956921],[-121.2598156,38.8957257],[-121.2598217,38.8957597],[-121.2598873,38.8957928],[-121.2599123,38.8958175],[-121.2599067,38.8958575],[-121.2598831,38.895893],[-121.2598177,38.8959059],[-121.2597523,38.8958997],[-121.2596758,38.8958814],[-121.2596051,38.8958523],[-121.2595031,38.8958398],[-121.2594394,38.8958575],[-121.2593611,38.8958953],[-121.2593086,38.8959403],[-121.2593055,38.8959897],[-121.2593246,38.8960254],[-121.2593578,38.8960459],[-121.2593981,38.896061],[-121.2594416,38.8960739],[-121.2594921,38.8960631],[-121.2595541,38.8960255],[-121.2595959,38.8960132],[-121.2596661,38.8960214],[-121.2597091,38.8960548],[-121.2597683,38.8960934],[-121.2598141,38.8960999],[-121.2598668,38.8960972],[-121.2599241,38.8960756],[-121.2599758,38.8960728],[-121.2600623,38.8960819],[-121.2601144,38.8961033],[-121.2601818,38.8961101],[-121.2602401,38.8960923],[-121.2602913,38.8960516],[-121.2603204,38.8959977],[-121.2603304,38.8959441],[-121.2603037,38.8958995],[-121.2602791,38.895852],[-121.2602926,38.8957989],[-121.2603211,38.8957479],[-121.2603436,38.8957162],[-121.2603661,38.895679],[-121.2604303,38.8955898],[-121.2604539,38.8955299],[-121.2604862,38.8954803],[-121.2605208,38.8954397],[-121.2605373,38.8953971],[-121.2605365,38.8953609],[-121.2605486,38.8953183],[-121.2605766,38.8952955],[-121.2606046,38.8952701],[-121.2606137,38.8952354],[-121.2605761,38.8952061],[-121.2605439,38.8951691],[-121.2605304,38.8951257],[-121.2605443,38.895093],[-121.2605814,38.8950659],[-121.2606436,38.8950462],[-121.2606941,38.8950047],[-121.2607043,38.8949636]]]},"properties":{"course_id":"turkey_creek_lincoln","course_name":"Turkey Creek Golf Club","hole_number":18,"feature_type":"water","name":"hole_18_water","feature-color":"#2255cc","is_approximate":true,"source":"osm","@id":"074ee68a-573d-4d00-b2ba-fa1accc41ba6","osm_id":672911127}},{"type":"Feature","bbox":[-121.2570201,38.8955229,-121.2566489,38.8960565],"geometry":{"type":"Polygon","coordinates":[[[-121.2570179,38.895601],[-121.2570089,38.8955854],[-121.2569946,38.8955667],[-121.2569828,38.8955414],[-121.2569548,38.8955384],[-121.2569106,38.8955355],[-121.2568693,38.8955316],[-121.2568304,38.8955229],[-121.256812,38.895526],[-121.2567983,38.8955459],[-121.2567877,38.895576],[-121.2567711,38.8955996],[-121.2567564,38.8956224],[-121.2567418,38.8956458],[-121.2567385,38.895676],[-121.2567437,38.8957171],[-121.2567426,38.8957581],[-121.2567331,38.8957985],[-121.2567133,38.8958323],[-121.2566874,38.895862],[-121.2566631,38.8958966],[-121.2566489,38.8959408],[-121.2566523,38.8959723],[-121.2566704,38.8960105],[-121.256691,38.8960308],[-121.2567225,38.8960463],[-121.2567565,38.8960541],[-121.256799,38.8960565],[-121.2568409,38.8960481],[-121.2568681,38.8960302],[-121.2568962,38.8960087],[-121.2569105,38.8959776],[-121.2569145,38.8959493],[-121.2569203,38.8959145],[-121.2569259,38.8958829],[-121.2569369,38.8958531],[-121.2569471,38.8958191],[-121.2569535,38.8957755],[-121.2569683,38.8957363],[-121.2569777,38.8957198],[-121.2569923,38.8956915],[-121.2570085,38.8956609],[-121.2570201,38.8956313],[-121.2570179,38.895601]]]},"properties":{"course_id":"turkey_creek_lincoln","course_name":"Turkey Creek Golf Club","hole_number":14,"feature_type":"water","name":"hole_14_water","feature-color":"#2255cc","is_approximate":true,"source":"osm","@id":"34f063c2-c799-4a90-a06c-0d54c9a72669","osm_id":672911130}},{"type":"Feature","bbox":[-121.2649991,38.8932345,-121.2647631,38.8933869],"geometry":{"type":"Polygon","coordinates":[[[-121.2647631,38.8932637],[-121.2647658,38.8933097],[-121.2648221,38.893341],[-121.2648811,38.893366],[-121.2649481,38.8933869],[-121.2649991,38.8933598],[-121.2649884,38.893318],[-121.264916,38.8932951],[-121.264865,38.8932533],[-121.264806,38.8932345],[-121.2647631,38.8932637]]]},"properties":{"course_id":"turkey_creek_lincoln","course_name":"Turkey Creek Golf Club","hole_number":null,"feature_type":"green","name":"unassigned_green","feature-color":"#2d6e2d","is_approximate":true,"source":"osm","@id":"4945803a-c5fe-426d-94b8-40b069a4b47d","osm_id":672911131,"needs_hole_assignment":true}},{"type":"Feature","bbox":[-121.2648221,38.8933305,-121.264688,38.8934307],"geometry":{"type":"Polygon","coordinates":[[[-121.2647523,38.8934287],[-121.2647872,38.8934307],[-121.2648167,38.8934161],[-121.2648221,38.8933806],[-121.2647792,38.8933535],[-121.2647255,38.8933305],[-121.264688,38.8933577],[-121.264688,38.893389],[-121.2647175,38.8934161],[-121.2647523,38.8934287]]]},"properties":{"course_id":"turkey_creek_lincoln","course_name":"Turkey Creek Golf Club","hole_number":null,"feature_type":"bunker","name":"unassigned_bunker","feature-color":"#d4b483","is_approximate":true,"source":"osm","@id":"92f79d95-50c9-4f7f-9fc0-fc8e4f112c19","osm_id":672911132,"needs_hole_assignment":true}},{"type":"Feature","bbox":[-121.2648784,38.8958857,-121.2646907,38.8960214],"geometry":{"type":"Polygon","coordinates":[[[-121.2647067,38.8959859],[-121.2647818,38.8960214],[-121.2648623,38.8960089],[-121.2648784,38.8959567],[-121.2648462,38.8959066],[-121.264755,38.8958857],[-121.2646987,38.8959087],[-121.2646907,38.8959504],[-121.2647067,38.8959859]]]},"properties":{"course_id":"turkey_creek_lincoln","course_name":"Turkey Creek Golf Club","hole_number":null,"feature_type":"green","name":"unassigned_green_2","feature-color":"#2d6e2d","is_approximate":true,"source":"osm","@id":"56eeb787-8c96-4785-b98f-135975a8e960","osm_id":672911134,"needs_hole_assignment":true}},{"type":"Feature","bbox":[-121.2651305,38.8952094,-121.2648972,38.8953576],"geometry":{"type":"Polygon","coordinates":[[[-121.2649401,38.8953451],[-121.2650098,38.8953576],[-121.2650876,38.8953367],[-121.2651305,38.8952824],[-121.2651118,38.8952386],[-121.2650152,38.8952094],[-121.2649347,38.8952386],[-121.2648972,38.8952741],[-121.2649025,38.89532],[-121.2649401,38.8953451]]]},"properties":{"course_id":"turkey_creek_lincoln","course_name":"Turkey Creek Golf Club","hole_number":null,"feature_type":"green","name":"unassigned_green_3","feature-color":"#2d6e2d","is_approximate":true,"source":"osm","@id":"7723ed0c-aaa3-4f8f-ada8-b6475163f7bf","osm_id":672911135,"needs_hole_assignment":true}},{"type":"Feature","bbox":[-121.2642293,38.8950611,-121.264055,38.8951843],"geometry":{"type":"Polygon","coordinates":[[[-121.2640979,38.8951781],[-121.2641971,38.8951843],[-121.2642293,38.8951426],[-121.2642132,38.8950799],[-121.2641354,38.8950611],[-121.2640684,38.8951008],[-121.264055,38.8951446],[-121.2640979,38.8951781]]]},"properties":{"course_id":"turkey_creek_lincoln","course_name":"Turkey Creek Golf Club","hole_number":null,"feature_type":"green","name":"unassigned_green_4","feature-color":"#2d6e2d","is_approximate":true,"source":"osm","@id":"fee2384a-e7f2-4861-859b-fab0a0a8a016","osm_id":672911136,"needs_hole_assignment":true}},{"type":"Feature","bbox":[-121.2651681,38.894748,-121.2649884,38.8948754],"geometry":{"type":"Polygon","coordinates":[[[-121.2650152,38.8948399],[-121.2650903,38.8948754],[-121.265152,38.8948628],[-121.2651681,38.8948148],[-121.2651118,38.8947585],[-121.2650286,38.894748],[-121.2649884,38.8947856],[-121.2649911,38.894819],[-121.2650152,38.8948399]]]},"properties":{"course_id":"turkey_creek_lincoln","course_name":"Turkey Creek Golf Club","hole_number":null,"feature_type":"green","name":"unassigned_green_5","feature-color":"#2d6e2d","is_approximate":true,"source":"osm","@id":"0d7f6bcc-f186-473f-8195-c842d4e5fc39","osm_id":672911137,"needs_hole_assignment":true}},{"type":"Feature","bbox":[-121.2641784,38.8945622,-121.2640308,38.8946875],"geometry":{"type":"Polygon","coordinates":[[[-121.2640577,38.8946603],[-121.2641059,38.8946875],[-121.2641784,38.8946603],[-121.2641784,38.8946019],[-121.264122,38.8945622],[-121.2640496,38.8945727],[-121.2640308,38.8946144],[-121.2640577,38.8946603]]]},"properties":{"course_id":"turkey_creek_lincoln","course_name":"Turkey Creek Golf Club","hole_number":null,"feature_type":"green","name":"unassigned_green_6","feature-color":"#2d6e2d","is_approximate":true,"source":"osm","@id":"1df8d3a2-431c-4c25-8596-aa917876f306","osm_id":672911138,"needs_hole_assignment":true}},{"type":"Feature","bbox":[-121.2650072,38.8942366,-121.2648274,38.8943723],"geometry":{"type":"Polygon","coordinates":[[[-121.2648811,38.8943639],[-121.2649455,38.8943723],[-121.2649964,38.8943409],[-121.2650072,38.8942929],[-121.2649106,38.8942366],[-121.2648328,38.8942762],[-121.2648274,38.8943221],[-121.2648811,38.8943639]]]},"properties":{"course_id":"turkey_creek_lincoln","course_name":"Turkey Creek Golf Club","hole_number":null,"feature_type":"green","name":"unassigned_green_7","feature-color":"#2d6e2d","is_approximate":true,"source":"osm","@id":"4d3372a8-34eb-4ebc-802b-b2396d1cc10f","osm_id":672911141,"needs_hole_assignment":true}},{"type":"Feature","bbox":[-121.2632075,38.8953452,-121.2630697,38.8955106],"geometry":{"type":"Polygon","coordinates":[[[-121.2631958,38.8954424],[-121.2631783,38.8954097],[-121.2631596,38.8953788],[-121.2631398,38.8953552],[-121.2631176,38.8953452],[-121.2630861,38.8953543],[-121.2630697,38.8953697],[-121.2630732,38.8953979],[-121.2630872,38.8954233],[-121.2630942,38.8954479],[-121.2631001,38.8954797],[-121.2631164,38.8954987],[-121.2631339,38.8955087],[-121.2631643,38.8955106],[-121.2631865,38.8955051],[-121.2632028,38.895486],[-121.2632075,38.8954669],[-121.2631958,38.8954424]]]},"properties":{"course_id":"turkey_creek_lincoln","course_name":"Turkey Creek Golf Club","hole_number":1,"feature_type":"tee_box","name":"hole_1_tee_box","feature-color":"#8b7355","is_approximate":true,"source":"osm","@id":"451b9fc6-3436-4447-afc4-36a546ac6cc7","osm_id":1232293740}},{"type":"Feature","bbox":[-121.263246,38.8955587,-121.2631048,38.8956478],"geometry":{"type":"Polygon","coordinates":[[[-121.2631771,38.8955642],[-121.2631526,38.8955696],[-121.2631281,38.8955823],[-121.2631048,38.8955978],[-121.2631059,38.8956223],[-121.2631269,38.8956414],[-121.2631573,38.8956478],[-121.2631911,38.8956441],[-121.2632192,38.895635],[-121.2632413,38.8956141],[-121.263246,38.8955896],[-121.2632367,38.8955696],[-121.2632087,38.8955587],[-121.2631771,38.8955642]]]},"properties":{"course_id":"turkey_creek_lincoln","course_name":"Turkey Creek Golf Club","hole_number":1,"feature_type":"tee_box","name":"hole_1_tee_box_2","feature-color":"#8b7355","is_approximate":true,"source":"osm","@id":"e267b03e-e04f-4c7b-8252-4d022b1633ff","osm_id":1232293741}},{"type":"Feature","bbox":[-121.2653982,38.8972487,-121.2651449,38.8975676],"geometry":{"type":"Polygon","coordinates":[[[-121.2653679,38.8973759],[-121.2653527,38.8974004],[-121.2653422,38.897434],[-121.2653352,38.8974758],[-121.2653293,38.897514],[-121.2653118,38.8975485],[-121.2652908,38.897564],[-121.2652751,38.8975676],[-121.2652593,38.8975676],[-121.2652459,38.8975631],[-121.2652348,38.8975567],[-121.2652219,38.8975422],[-121.2652137,38.8975185],[-121.2652009,38.8974967],[-121.2651881,38.8974786],[-121.2651705,38.897464],[-121.2651565,38.8974477],[-121.2651472,38.897425],[-121.2651449,38.8974031],[-121.2651542,38.8973723],[-121.2651705,38.8973504],[-121.2651834,38.8973305],[-121.2652027,38.897313],[-121.2652254,38.8972941],[-121.2652511,38.8972796],[-121.2652861,38.8972632],[-121.2653258,38.8972514],[-121.2653515,38.8972487],[-121.2653737,38.8972578],[-121.2653912,38.8972796],[-121.2653982,38.8973041],[-121.2653959,38.8973286],[-121.265383,38.897355],[-121.2653679,38.8973759]]]},"properties":{"course_id":"turkey_creek_lincoln","course_name":"Turkey Creek Golf Club","hole_number":1,"feature_type":"green","name":"hole_1_green","feature-color":"#2d6e2d","is_approximate":true,"source":"osm","@id":"7a3a2565-5c83-4aba-98da-1a054f7cb5e9","osm_id":1232293742}},{"type":"Feature","bbox":[-121.2635978,38.8978474,-121.2635149,38.8979128],"geometry":{"type":"Polygon","coordinates":[[[-121.2635972,38.8978737],[-121.2635838,38.8978551],[-121.2635511,38.8978474],[-121.2635278,38.8978546],[-121.2635149,38.8978701],[-121.2635167,38.897891],[-121.2635289,38.8979064],[-121.2635529,38.8979128],[-121.2635762,38.8979064],[-121.2635914,38.897901],[-121.2635978,38.8978873],[-121.2635972,38.8978737]]]},"properties":{"course_id":"turkey_creek_lincoln","course_name":"Turkey Creek Golf Club","hole_number":2,"feature_type":"tee_box","name":"hole_2_tee_box","feature-color":"#8b7355","is_approximate":true,"source":"osm","@id":"a91986d0-5e6c-4b5f-8e13-fb0e07b5174f","osm_id":1232293744}},{"type":"Feature","bbox":[-121.263519,38.8977079,-121.2633375,38.897831],"geometry":{"type":"Polygon","coordinates":[[[-121.2634601,38.8977524],[-121.2634431,38.8977433],[-121.2634215,38.8977261],[-121.2634017,38.8977142],[-121.2633801,38.8977079],[-121.2633573,38.897712],[-121.2633427,38.8977229],[-121.2633375,38.8977415],[-121.2633456,38.8977606],[-121.2633649,38.897781],[-121.2633853,38.8977951],[-121.2634145,38.8978124],[-121.2634396,38.8978242],[-121.2634665,38.897831],[-121.263491,38.8978296],[-121.2635068,38.897821],[-121.2635184,38.8978078],[-121.263519,38.8977892],[-121.263512,38.8977756],[-121.2634881,38.8977647],[-121.2634601,38.8977524]]]},"properties":{"course_id":"turkey_creek_lincoln","course_name":"Turkey Creek Golf Club","hole_number":2,"feature_type":"tee_box","name":"hole_2_tee_box_2","feature-color":"#8b7355","is_approximate":true,"source":"osm","@id":"34e6cda7-d4d7-4bcd-9be1-1f33b0a0e95c","osm_id":1232293745}},{"type":"Feature","bbox":[-121.263229,38.8974162,-121.2630725,38.8975594],"geometry":{"type":"Polygon","coordinates":[[[-121.2632056,38.8974882],[-121.2631731,38.8974526],[-121.2631467,38.8974257],[-121.2631121,38.8974162],[-121.2630867,38.8974241],[-121.2630725,38.8974455],[-121.2630816,38.8974716],[-121.263107,38.8975024],[-121.2631365,38.8975348],[-121.2631568,38.8975514],[-121.2631843,38.8975594],[-121.2632148,38.8975538],[-121.263229,38.8975348],[-121.2632239,38.8975071],[-121.2632056,38.8974882]]]},"properties":{"course_id":"turkey_creek_lincoln","course_name":"Turkey Creek Golf Club","hole_number":2,"feature_type":"tee_box","name":"hole_2_tee_box_3","feature-color":"#8b7355","is_approximate":true,"source":"osm","@id":"a1363dac-645f-4934-878b-05795851b2bb","osm_id":1232293746}},{"type":"Feature","bbox":[-121.2629088,38.8971188,-121.2627899,38.897224],"geometry":{"type":"Polygon","coordinates":[[[-121.2628936,38.8971678],[-121.2628712,38.8971425],[-121.2628499,38.8971251],[-121.2628275,38.8971188],[-121.2628072,38.8971267],[-121.2627899,38.8971401],[-121.262795,38.897167],[-121.2628123,38.89719],[-121.2628336,38.8972113],[-121.262856,38.897224],[-121.2628814,38.897224],[-121.2629048,38.8972121],[-121.2629088,38.8971868],[-121.2628936,38.8971678]]]},"properties":{"course_id":"turkey_creek_lincoln","course_name":"Turkey Creek Golf Club","hole_number":2,"feature_type":"tee_box","name":"hole_2_tee_box_4","feature-color":"#8b7355","is_approximate":true,"source":"osm","@id":"f4c647e2-0d71-4005-b00c-b2b2ac944229","osm_id":1232293747}},{"type":"Feature","bbox":[-121.260714,38.8964141,-121.2603415,38.896594],"geometry":{"type":"Polygon","coordinates":[[[-121.2606882,38.8964605],[-121.260703,38.8964738],[-121.260714,38.8964917],[-121.2607108,38.8965165],[-121.2606987,38.896532],[-121.2606789,38.8965432],[-121.2606625,38.8965577],[-121.2606485,38.896575],[-121.2606322,38.8965877],[-121.2606065,38.8965931],[-121.260582,38.896594],[-121.2605516,38.8965904],[-121.2605213,38.8965868],[-121.2604932,38.8965868],[-121.2604652,38.8965859],[-121.2604395,38.8965777],[-121.2604185,38.8965668],[-121.2603998,38.8965532],[-121.2603823,38.8965341],[-121.2603706,38.8965241],[-121.2603578,38.8965132],[-121.2603473,38.8964986],[-121.2603415,38.8964796],[-121.2603438,38.8964641],[-121.2603508,38.8964505],[-121.2603636,38.8964359],[-121.2603812,38.8964241],[-121.2604033,38.8964159],[-121.2604279,38.8964141],[-121.2604559,38.8964178],[-121.2604816,38.8964241],[-121.2605026,38.8964296],[-121.2605271,38.8964323],[-121.2605469,38.8964314],[-121.2605668,38.8964286],[-121.2605882,38.8964235],[-121.2606143,38.8964232],[-121.2606427,38.8964305],[-121.2606637,38.8964459],[-121.2606882,38.8964605]]]},"properties":{"course_id":"turkey_creek_lincoln","course_name":"Turkey Creek Golf Club","hole_number":2,"feature_type":"green","name":"hole_2_green","feature-color":"#2d6e2d","is_approximate":true,"source":"osm","@id":"d879b5b3-5705-4945-829c-feb07de38cb4","osm_id":1232293748}},{"type":"Feature","bbox":[-121.2626165,38.8962446,-121.2608129,38.8970056],"geometry":{"type":"Polygon","coordinates":[[[-121.2619724,38.8966781],[-121.2619135,38.8966718],[-121.2618423,38.8966828],[-121.2617691,38.8966828],[-121.261696,38.8966718],[-121.261639,38.8966417],[-121.2615882,38.8966085],[-121.2615374,38.8965784],[-121.2614784,38.8965689],[-121.2614215,38.89658],[-121.2613646,38.8966021],[-121.2612955,38.8966148],[-121.2612284,38.8966101],[-121.2611695,38.8965847],[-121.2611146,38.8965531],[-121.2610638,38.8965341],[-121.2609967,38.8965262],[-121.2609255,38.8965294],[-121.2608646,38.8965278],[-121.260828,38.8965088],[-121.2608129,38.8964764],[-121.2608237,38.896431],[-121.260846,38.8964012],[-121.2608846,38.8963732],[-121.2609392,38.8963491],[-121.2610019,38.8963195],[-121.2610416,38.8962944],[-121.2610998,38.8962727],[-121.2611489,38.8962551],[-121.2612119,38.8962459],[-121.261265,38.8962446],[-121.261326,38.8962478],[-121.2613931,38.8962557],[-121.261448,38.8962668],[-121.2615008,38.8962747],[-121.2615862,38.8962889],[-121.2616411,38.8962952],[-121.2616878,38.8963063],[-121.2617447,38.89633],[-121.2617766,38.8963593],[-121.2617988,38.8963939],[-121.2618304,38.8964212],[-121.2618762,38.896437],[-121.2619439,38.8964471],[-121.262007,38.896455],[-121.2620822,38.8964724],[-121.2621513,38.8965041],[-121.2622001,38.8965479],[-121.2622669,38.8965929],[-121.2623363,38.896629],[-121.2624338,38.8966797],[-121.2625192,38.8967224],[-121.2625741,38.8967809],[-121.2626066,38.8968284],[-121.2626121,38.8968712],[-121.2626165,38.8969127],[-121.2626073,38.8969571],[-121.2625803,38.8969851],[-121.2625332,38.8970017],[-121.2624908,38.8970056],[-121.2624379,38.8969977],[-121.2623871,38.8969676],[-121.2623499,38.8969357],[-121.2623058,38.896879],[-121.262259,38.8968363],[-121.262194,38.8967857],[-121.2621391,38.8967414],[-121.2620761,38.8967066],[-121.2620212,38.896686],[-121.2619724,38.8966781]]]},"properties":{"course_id":"turkey_creek_lincoln","course_name":"Turkey Creek Golf Club","hole_number":2,"feature_type":"fairway","name":"hole_2_fairway","feature-color":"#4a7c3f","is_approximate":true,"source":"osm","@id":"c4046753-fa06-4594-893e-01913fb563d3","osm_id":1232293750}},{"type":"Feature","bbox":[-121.2615945,38.8955957,-121.2614929,38.8956774],"geometry":{"type":"Polygon","coordinates":[[[-121.261584,38.8956429],[-121.2615653,38.895662],[-121.2615385,38.8956774],[-121.2615046,38.8956774],[-121.2614929,38.8956529],[-121.2615046,38.8956338],[-121.2615221,38.8956148],[-121.2615431,38.8956011],[-121.2615618,38.8955957],[-121.2615782,38.8955984],[-121.261591,38.8956093],[-121.2615945,38.8956275],[-121.261584,38.8956429]]]},"properties":{"course_id":"turkey_creek_lincoln","course_name":"Turkey Creek Golf Club","hole_number":3,"feature_type":"tee_box","name":"hole_3_tee_box","feature-color":"#8b7355","is_approximate":true,"source":"osm","@id":"cdcfead3-c915-48ed-b4b0-25198c0cf440","osm_id":1232293751}},{"type":"Feature","bbox":[-121.2617907,38.8954721,-121.2616085,38.8955957],"geometry":{"type":"Polygon","coordinates":[[[-121.2617802,38.8955275],[-121.2617556,38.8955466],[-121.2617218,38.8955648],[-121.2616914,38.8955829],[-121.2616541,38.8955957],[-121.261626,38.895592],[-121.2616109,38.8955766],[-121.2616085,38.8955575],[-121.261626,38.8955366],[-121.2616529,38.8955184],[-121.2616809,38.8955012],[-121.2617031,38.8954875],[-121.2617206,38.8954794],[-121.261737,38.8954721],[-121.2617603,38.8954748],[-121.261779,38.8954839],[-121.2617907,38.8954994],[-121.2617895,38.8955166],[-121.2617802,38.8955275]]]},"properties":{"course_id":"turkey_creek_lincoln","course_name":"Turkey Creek Golf Club","hole_number":3,"feature_type":"tee_box","name":"hole_3_tee_box_2","feature-color":"#8b7355","is_approximate":true,"source":"osm","@id":"a7e0dea5-42cf-4f2e-8e17-d90b07b7e9d8","osm_id":1232293752}},{"type":"Feature","bbox":[-121.2622483,38.8955857,-121.262079,38.8956911],"geometry":{"type":"Polygon","coordinates":[[[-121.2622366,38.8956475],[-121.2622075,38.8956257],[-121.2621748,38.8956093],[-121.2621444,38.8955884],[-121.2621117,38.8955857],[-121.262086,38.8955984],[-121.262079,38.8956229],[-121.2620989,38.8956493],[-121.2621292,38.8956638],[-121.2621619,38.8956756],[-121.2621899,38.8956874],[-121.2622133,38.8956911],[-121.2622343,38.8956865],[-121.2622483,38.8956702],[-121.2622366,38.8956475]]]},"properties":{"course_id":"turkey_creek_lincoln","course_name":"Turkey Creek Golf Club","hole_number":3,"feature_type":"tee_box","name":"hole_3_tee_box_3","feature-color":"#8b7355","is_approximate":true,"source":"osm","@id":"596cb692-d23e-49b7-bcb7-bd0e4ab37659","osm_id":1232293753}},{"type":"Feature","bbox":[-121.2625542,38.8956911,-121.2624106,38.8957492],"geometry":{"type":"Polygon","coordinates":[[[-121.2625507,38.8957238],[-121.2625157,38.8957056],[-121.2624853,38.8956938],[-121.2624573,38.8956911],[-121.2624269,38.8956938],[-121.2624106,38.8957047],[-121.2624153,38.8957211],[-121.2624375,38.8957338],[-121.2624643,38.8957429],[-121.2624993,38.8957465],[-121.2625203,38.8957492],[-121.2625402,38.8957474],[-121.2625542,38.8957392],[-121.2625507,38.8957238]]]},"properties":{"course_id":"turkey_creek_lincoln","course_name":"Turkey Creek Golf Club","hole_number":3,"feature_type":"tee_box","name":"hole_3_tee_box_4","feature-color":"#8b7355","is_approximate":true,"source":"osm","@id":"e7fc9804-b7fb-4938-a2e1-a1af3d5cf4d9","osm_id":1232293754}},{"type":"Feature","bbox":[-121.2632188,38.8945645,-121.2629747,38.8948289],"geometry":{"type":"Polygon","coordinates":[[[-121.2631977,38.8946844],[-121.2631826,38.894699],[-121.2631645,38.8947185],[-121.2631569,38.8947399],[-121.2631545,38.8947662],[-121.263144,38.8947926],[-121.2631265,38.8948125],[-121.2630985,38.8948244],[-121.2630611,38.8948289],[-121.2630331,38.8948235],[-121.2630121,38.8948116],[-121.2629958,38.8947944],[-121.2629817,38.8947744],[-121.2629747,38.8947562],[-121.2629782,38.8947335],[-121.2629888,38.8947144],[-121.2629993,38.8946971],[-121.2630133,38.8946762],[-121.2630191,38.8946517],[-121.2630249,38.8946281],[-121.2630401,38.8946045],[-121.2630635,38.8945863],[-121.2630868,38.8945736],[-121.2631148,38.8945645],[-121.2631359,38.8945654],[-121.2631604,38.8945681],[-121.2631884,38.8945827],[-121.2632024,38.894599],[-121.2632152,38.8946217],[-121.2632188,38.8946463],[-121.2632129,38.8946681],[-121.2631977,38.8946844]]]},"properties":{"course_id":"turkey_creek_lincoln","course_name":"Turkey Creek Golf Club","hole_number":3,"feature_type":"green","name":"hole_3_green_2","feature-color":"#2d6e2d","is_approximate":true,"source":"osm","@id":"bfd60608-b1d8-4dfb-9dcc-77fc88ade669","osm_id":1232293755}},{"type":"Feature","bbox":[-121.2612853,38.8932918,-121.2611914,38.8934213],"geometry":{"type":"Polygon","coordinates":[[[-121.2612807,38.8933794],[-121.2612853,38.8933458],[-121.2612823,38.8933194],[-121.2612622,38.8932954],[-121.2612283,38.8932918],[-121.2611991,38.8933158],[-121.2611914,38.8933566],[-121.2611945,38.8933913],[-121.2612037,38.8934117],[-121.2612283,38.8934213],[-121.2612545,38.8934213],[-121.2612761,38.8934057],[-121.2612807,38.8933794]]]},"properties":{"course_id":"turkey_creek_lincoln","course_name":"Turkey Creek Golf Club","hole_number":4,"feature_type":"tee_box","name":"hole_4_tee_box","feature-color":"#8b7355","is_approximate":true,"source":"osm","@id":"7590480d-2840-4060-b231-0c010002828a","osm_id":1232295725}},{"type":"Feature","bbox":[-121.2613038,38.8930268,-121.2611868,38.8931971],"geometry":{"type":"Polygon","coordinates":[[[-121.2612946,38.8931036],[-121.2612884,38.8930712],[-121.2612776,38.8930472],[-121.2612545,38.8930316],[-121.2612253,38.8930268],[-121.2612022,38.8930364],[-121.2611868,38.8930604],[-121.2611883,38.8930988],[-121.261196,38.893142],[-121.2612022,38.8931731],[-121.2612176,38.8931899],[-121.2612422,38.8931959],[-121.2612684,38.8931971],[-121.2612931,38.8931803],[-121.2613038,38.8931515],[-121.2612946,38.8931036]]]},"properties":{"course_id":"turkey_creek_lincoln","course_name":"Turkey Creek Golf Club","hole_number":4,"feature_type":"tee_box","name":"hole_4_tee_box_2","feature-color":"#8b7355","is_approximate":true,"source":"osm","@id":"e55f58a9-1393-4a34-b296-a5de0c1c68fb","osm_id":1232295726}},{"type":"Feature","bbox":[-121.2614865,38.8925321,-121.2613859,38.8926719],"geometry":{"type":"Polygon","coordinates":[[[-121.2614838,38.8926114],[-121.2614744,38.8926427],[-121.2614596,38.8926646],[-121.2614234,38.8926719],[-121.2613939,38.8926636],[-121.2613859,38.8926448],[-121.2613886,38.8926093],[-121.2613926,38.8925738],[-121.2614006,38.8925488],[-121.2614167,38.8925352],[-121.2614395,38.8925321],[-121.261457,38.8925383],[-121.261473,38.8925519],[-121.2614838,38.8925676],[-121.2614865,38.8925853],[-121.2614838,38.8926114]]]},"properties":{"course_id":"turkey_creek_lincoln","course_name":"Turkey Creek Golf Club","hole_number":4,"feature_type":"tee_box","name":"hole_4_tee_box_3","feature-color":"#8b7355","is_approximate":true,"source":"osm","@id":"d6d6d579-3bb5-4bf6-a518-9895070dcb5d","osm_id":1232295727}},{"type":"Feature","bbox":[-121.2619457,38.8907484,-121.2614302,38.8919799],"geometry":{"type":"Polygon","coordinates":[[[-121.261931,38.8909903],[-121.2619123,38.8910539],[-121.2618834,38.8911323],[-121.2618593,38.8912012],[-121.2618298,38.8912701],[-121.2617976,38.8913452],[-121.2617654,38.8914058],[-121.2617493,38.8914809],[-121.2617252,38.891554],[-121.2617171,38.8916313],[-121.2616984,38.891721],[-121.2616823,38.8917941],[-121.2616474,38.8918818],[-121.2616152,38.8919319],[-121.2615857,38.8919632],[-121.2615401,38.8919799],[-121.2615025,38.8919799],[-121.261465,38.8919653],[-121.2614409,38.8919459],[-121.2614302,38.891916],[-121.2614335,38.8918843],[-121.2614489,38.8918463],[-121.2614704,38.8917962],[-121.2614945,38.8917482],[-121.2615213,38.8916835],[-121.2615294,38.8916333],[-121.2615267,38.8915686],[-121.2615052,38.8915102],[-121.2614999,38.8914434],[-121.2614959,38.8913757],[-121.2614997,38.8913009],[-121.2615179,38.8911876],[-121.2615372,38.8910959],[-121.2615579,38.8910203],[-121.2615832,38.89094],[-121.2616047,38.890882],[-121.2616271,38.8908287],[-121.2616475,38.8907942],[-121.2616817,38.8907684],[-121.2617194,38.8907563],[-121.2617667,38.8907484],[-121.2618194,38.8907537],[-121.261877,38.8907747],[-121.2619177,38.8908112],[-121.2619374,38.8908603],[-121.2619457,38.8909284],[-121.261931,38.8909903]]]},"properties":{"course_id":"turkey_creek_lincoln","course_name":"Turkey Creek Golf Club","hole_number":4,"feature_type":"fairway","name":"hole_4_fairway","feature-color":"#4a7c3f","is_approximate":true,"source":"osm","@id":"ad76a215-4e9e-448c-b474-9d949497b662","osm_id":1232295728}},{"type":"Feature","bbox":[-121.2624411,38.8888422,-121.2620978,38.8891702],"geometry":{"type":"Polygon","coordinates":[[[-121.2623792,38.8888422],[-121.2623535,38.888844],[-121.2623278,38.8888549],[-121.2623021,38.8888685],[-121.2622765,38.8888858],[-121.2622543,38.8889058],[-121.2622321,38.8889185],[-121.2622017,38.888934],[-121.262169,38.888944],[-121.2621434,38.8889494],[-121.2621165,38.8889594],[-121.2621025,38.8889739],[-121.2620978,38.8889939],[-121.2621002,38.8890157],[-121.2621083,38.8890348],[-121.262113,38.8890621],[-121.2621177,38.8890903],[-121.2621188,38.8891148],[-121.2621223,38.8891375],[-121.2621364,38.889153],[-121.2621527,38.889162],[-121.2621842,38.8891693],[-121.2622064,38.8891702],[-121.2622309,38.8891666],[-121.2622543,38.8891493],[-121.2622636,38.8891302],[-121.2622671,38.8891039],[-121.2622665,38.8890848],[-121.2622613,38.8890621],[-121.2622613,38.8890448],[-121.2622694,38.8890266],[-121.2622823,38.8890057],[-121.2623033,38.8889939],[-121.2623267,38.8889848],[-121.2623558,38.8889748],[-121.2623763,38.8889653],[-121.2623979,38.8889544],[-121.2624189,38.8889412],[-121.2624352,38.8889258],[-121.2624411,38.8889076],[-121.2624411,38.8888885],[-121.2624341,38.8888703],[-121.2624189,38.8888549],[-121.2624002,38.8888458],[-121.2623792,38.8888422]]]},"properties":{"course_id":"turkey_creek_lincoln","course_name":"Turkey Creek Golf Club","hole_number":4,"feature_type":"green","name":"hole_4_green","feature-color":"#2d6e2d","is_approximate":true,"source":"osm","@id":"f3ce3f08-2966-4e20-a5d3-08bbb55eaf31","osm_id":1232295729}},{"type":"Feature","bbox":[-121.261127,38.8891741,-121.2610155,38.8893009],"geometry":{"type":"Polygon","coordinates":[[[-121.2611217,38.8892733],[-121.261127,38.8892251],[-121.2611164,38.8891865],[-121.2610668,38.8891741],[-121.2610261,38.8892017],[-121.2610155,38.8892458],[-121.2610226,38.889283],[-121.2610527,38.8893009],[-121.2610916,38.8892995],[-121.2611217,38.8892733]]]},"properties":{"course_id":"turkey_creek_lincoln","course_name":"Turkey Creek Golf Club","hole_number":5,"feature_type":"tee_box","name":"hole_5_tee_box","feature-color":"#8b7355","is_approximate":true,"source":"osm","@id":"943d9899-09c2-4c7d-a319-a1b6fc78e9ec","osm_id":1232295731}},{"type":"Feature","bbox":[-121.2610624,38.889325,-121.260989,38.8894083],"geometry":{"type":"Polygon","coordinates":[[[-121.26105,38.8893993],[-121.2610359,38.8894083],[-121.2610093,38.8894069],[-121.2609916,38.8893925],[-121.260989,38.8893704],[-121.2609943,38.8893491],[-121.2610022,38.8893298],[-121.2610199,38.889325],[-121.2610456,38.8893298],[-121.2610624,38.8893401],[-121.2610597,38.8893732],[-121.26105,38.8893993]]]},"properties":{"course_id":"turkey_creek_lincoln","course_name":"Turkey Creek Golf Club","hole_number":5,"feature_type":"tee_box","name":"hole_5_tee_box_2","feature-color":"#8b7355","is_approximate":true,"source":"osm","@id":"3d6ba10a-650a-4984-9aa8-d0976c5260df","osm_id":1232295732}},{"type":"Feature","bbox":[-121.2613093,38.8886335,-121.2611854,38.8887816],"geometry":{"type":"Polygon","coordinates":[[[-121.261288,38.8887203],[-121.2612748,38.888743],[-121.2612606,38.8887719],[-121.2612341,38.8887816],[-121.2612004,38.8887747],[-121.2611854,38.8887602],[-121.2611854,38.8887375],[-121.2611969,38.8887162],[-121.2612093,38.8886948],[-121.2612155,38.8886755],[-121.2612252,38.8886556],[-121.2612376,38.8886404],[-121.2612553,38.8886335],[-121.2612739,38.8886335],[-121.2612925,38.888639],[-121.2613066,38.8886514],[-121.2613093,38.8886693],[-121.2613013,38.8886948],[-121.261288,38.8887203]]]},"properties":{"course_id":"turkey_creek_lincoln","course_name":"Turkey Creek Golf Club","hole_number":5,"feature_type":"tee_box","name":"hole_5_tee_box_3","feature-color":"#8b7355","is_approximate":true,"source":"osm","@id":"1e8294c7-c06c-4cc6-822e-4dd413f75d34","osm_id":1232295733}},{"type":"Feature","bbox":[-121.2641337,38.8871673,-121.2638593,38.8872733],"geometry":{"type":"Polygon","coordinates":[[[-121.2640951,38.8872583],[-121.2640758,38.8872693],[-121.2640443,38.8872733],[-121.2640189,38.8872701],[-121.2639996,38.8872575],[-121.2639823,38.8872424],[-121.2639508,38.8872424],[-121.2639304,38.8872527],[-121.263903,38.8872559],[-121.2638796,38.8872527],[-121.2638654,38.8872417],[-121.2638593,38.8872282],[-121.2638674,38.88721],[-121.2638898,38.8871989],[-121.2639132,38.8871981],[-121.2639315,38.8872045],[-121.2639477,38.8872116],[-121.263965,38.8872148],[-121.2639823,38.8872116],[-121.2639996,38.8872013],[-121.2640128,38.8871966],[-121.2640351,38.8871926],[-121.2640544,38.8871807],[-121.2640697,38.887172],[-121.264092,38.8871673],[-121.2641124,38.8871689],[-121.2641307,38.8871902],[-121.2641337,38.8872124],[-121.2641317,38.8872345],[-121.2641134,38.8872504],[-121.2640951,38.8872583]]]},"properties":{"course_id":"turkey_creek_lincoln","course_name":"Turkey Creek Golf Club","hole_number":5,"feature_type":"bunker","name":"hole_5_bunker_2","feature-color":"#d4b483","is_approximate":true,"source":"osm","@id":"07468924-f653-414c-88a2-7830ce190139","osm_id":1232295734}},{"type":"Feature","bbox":[-121.2640813,38.8869643,-121.2637549,38.8871916],"geometry":{"type":"Polygon","coordinates":[[[-121.2639699,38.8869663],[-121.2639513,38.8869712],[-121.2639362,38.8869781],[-121.2639177,38.8869884],[-121.2638991,38.8869951],[-121.263877,38.8869994],[-121.2638513,38.8870063],[-121.2638301,38.8870166],[-121.2638124,38.8870331],[-121.2637938,38.8870538],[-121.2637779,38.8870752],[-121.2637619,38.8870986],[-121.2637566,38.887122],[-121.2637549,38.8871433],[-121.2637602,38.887164],[-121.263769,38.8871778],[-121.2637823,38.887186],[-121.2637973,38.8871916],[-121.2638177,38.8871916],[-121.2638345,38.8871881],[-121.2638548,38.8871805],[-121.2638716,38.887173],[-121.2638938,38.8871674],[-121.2639123,38.8871647],[-121.2639336,38.8871661],[-121.2639539,38.8871709],[-121.2639752,38.8871743],[-121.2639973,38.8871716],[-121.2640159,38.8871647],[-121.2640291,38.8871564],[-121.2640406,38.8871461],[-121.2640471,38.8871346],[-121.2640504,38.8871172],[-121.2640548,38.8871041],[-121.2640619,38.8870917],[-121.2640707,38.8870758],[-121.2640796,38.8870573],[-121.2640813,38.8870387],[-121.2640778,38.8870132],[-121.2640663,38.8869953],[-121.2640513,38.8869822],[-121.2640336,38.8869725],[-121.2640132,38.8869657],[-121.2639893,38.8869643],[-121.2639699,38.8869663]]]},"properties":{"course_id":"turkey_creek_lincoln","course_name":"Turkey Creek Golf Club","hole_number":5,"feature_type":"green","name":"hole_5_green","feature-color":"#2d6e2d","is_approximate":true,"source":"osm","@id":"20a90f9a-4f32-4c6b-9ad9-01ee35be8276","osm_id":1232295735}},{"type":"Feature","bbox":[-121.2645737,38.8870567,-121.2644899,38.8871293],"geometry":{"type":"Polygon","coordinates":[[[-121.2645462,38.8871277],[-121.2645281,38.8871293],[-121.2645053,38.887122],[-121.2644932,38.8871126],[-121.2644899,38.8870907],[-121.2644952,38.8870693],[-121.264514,38.8870567],[-121.2645368,38.8870578],[-121.2645563,38.8870661],[-121.264569,38.8870802],[-121.2645737,38.8870985],[-121.2645697,38.8871131],[-121.2645596,38.887123],[-121.2645462,38.8871277]]]},"properties":{"course_id":"turkey_creek_lincoln","course_name":"Turkey Creek Golf Club","hole_number":6,"feature_type":"tee_box","name":"hole_6_tee_box","feature-color":"#8b7355","is_approximate":true,"source":"osm","@id":"763e8ce4-35b9-4e9b-a30c-a6b801156c01","osm_id":1232295737}},{"type":"Feature","bbox":[-121.2644233,38.887321,-121.2642376,38.8875164],"geometry":{"type":"Polygon","coordinates":[[[-121.2644162,38.887381],[-121.2643917,38.8874137],[-121.2643544,38.8874637],[-121.2643217,38.8875019],[-121.2642902,38.8875164],[-121.2642598,38.8875146],[-121.2642376,38.8874991],[-121.26424,38.8874673],[-121.2642621,38.8874392],[-121.264282,38.8874183],[-121.2643065,38.8873883],[-121.2643217,38.8873646],[-121.2643474,38.8873374],[-121.2643731,38.887321],[-121.2644011,38.887321],[-121.2644198,38.8873347],[-121.2644233,38.887361],[-121.2644162,38.887381]]]},"properties":{"course_id":"turkey_creek_lincoln","course_name":"Turkey Creek Golf Club","hole_number":6,"feature_type":"tee_box","name":"hole_6_tee_box_2","feature-color":"#8b7355","is_approximate":true,"source":"osm","@id":"8a7abfb5-db78-4ee0-9065-0c13f23b1fdf","osm_id":1232295738}},{"type":"Feature","bbox":[-121.2640788,38.8875228,-121.2639329,38.8876482],"geometry":{"type":"Polygon","coordinates":[[[-121.2640788,38.8875673],[-121.2640625,38.8875927],[-121.2640263,38.8876282],[-121.2639901,38.8876482],[-121.2639481,38.8876445],[-121.2639329,38.88762],[-121.2639434,38.8875936],[-121.2639714,38.8875664],[-121.264003,38.8875437],[-121.2640333,38.8875228],[-121.2640602,38.8875273],[-121.2640765,38.8875455],[-121.2640788,38.8875673]]]},"properties":{"course_id":"turkey_creek_lincoln","course_name":"Turkey Creek Golf Club","hole_number":6,"feature_type":"tee_box","name":"hole_6_tee_box_3","feature-color":"#8b7355","is_approximate":true,"source":"osm","@id":"81e652fa-4bc7-4a42-b4f0-bd45b8ca3616","osm_id":1232295739}},{"type":"Feature","bbox":[-121.262792,38.8903641,-121.2626648,38.8904532],"geometry":{"type":"Polygon","coordinates":[[[-121.2627394,38.8904464],[-121.2627249,38.8904514],[-121.262705,38.8904532],[-121.2626881,38.8904504],[-121.2626735,38.8904395],[-121.2626659,38.8904291],[-121.2626648,38.8904155],[-121.2626711,38.8904046],[-121.2626845,38.8904],[-121.2626983,38.8903971],[-121.2627155,38.8903887],[-121.2627283,38.8903787],[-121.2627389,38.8903701],[-121.2627541,38.8903641],[-121.2627721,38.8903646],[-121.2627855,38.8903714],[-121.2627899,38.8903839],[-121.262792,38.8903955],[-121.2627855,38.8904077],[-121.2627756,38.8904173],[-121.2627634,38.8904278],[-121.262754,38.8904359],[-121.2627394,38.8904464]]]},"properties":{"course_id":"turkey_creek_lincoln","course_name":"Turkey Creek Golf Club","hole_number":6,"feature_type":"bunker","name":"hole_6_bunker","feature-color":"#d4b483","is_approximate":true,"source":"osm","@id":"68f4da80-107b-4765-a1e5-6202123cd37f","osm_id":1232295740}},{"type":"Feature","bbox":[-121.2629653,38.8903987,-121.2626595,38.8906904],"geometry":{"type":"Polygon","coordinates":[[[-121.2628731,38.8903996],[-121.2628486,38.8904041],[-121.2628241,38.8904178],[-121.2628042,38.8904377],[-121.2627832,38.8904568],[-121.2627587,38.8904686],[-121.2627295,38.8904805],[-121.2626933,38.8904932],[-121.2626688,38.8905141],[-121.2626595,38.8905395],[-121.2626618,38.8905677],[-121.2626735,38.8905895],[-121.2626921,38.8906059],[-121.262712,38.8906168],[-121.2627377,38.8906268],[-121.262768,38.8906331],[-121.2628007,38.8906404],[-121.2628264,38.8906531],[-121.2628556,38.8906731],[-121.2628742,38.8906831],[-121.2629046,38.8906904],[-121.2629362,38.8906876],[-121.2629583,38.8906722],[-121.2629653,38.890654],[-121.2629607,38.8906259],[-121.2629467,38.8906031],[-121.2629362,38.8905813],[-121.2629338,38.8905613],[-121.2629385,38.8905413],[-121.2629478,38.8905159],[-121.2629583,38.890495],[-121.2629583,38.8904686],[-121.2629537,38.8904441],[-121.2629432,38.8904223],[-121.262928,38.8904069],[-121.2629011,38.8903987],[-121.2628731,38.8903996]]]},"properties":{"course_id":"turkey_creek_lincoln","course_name":"Turkey Creek Golf Club","hole_number":6,"feature_type":"green","name":"hole_6_green","feature-color":"#2d6e2d","is_approximate":true,"source":"osm","@id":"0b16d832-fab9-4aac-85a1-fde652013b14","osm_id":1232295741}},{"type":"Feature","bbox":[-121.264937,38.8893978,-121.2648682,38.8894551],"geometry":{"type":"Polygon","coordinates":[[[-121.2649207,38.8894533],[-121.2649359,38.8894387],[-121.264937,38.8894169],[-121.2649172,38.8893997],[-121.2648938,38.8893978],[-121.2648763,38.8894087],[-121.2648682,38.8894251],[-121.2648763,38.8894424],[-121.2648857,38.8894551],[-121.2649207,38.8894533]]]},"properties":{"course_id":"turkey_creek_lincoln","course_name":"Turkey Creek Golf Club","hole_number":7,"feature_type":"tee_box","name":"hole_7_tee_box","feature-color":"#8b7355","is_approximate":true,"source":"osm","@id":"84648b39-5a25-42f3-8238-e9498e31856d","osm_id":1232298589}},{"type":"Feature","bbox":[-121.2648191,38.8894969,-121.264679,38.8896368],"geometry":{"type":"Polygon","coordinates":[[[-121.2648063,38.8895505],[-121.2647841,38.8895805],[-121.2647572,38.8896132],[-121.2647351,38.8896332],[-121.2647059,38.8896368],[-121.2646837,38.8896277],[-121.264679,38.8896068],[-121.2646965,38.8895796],[-121.2647257,38.8895514],[-121.2647432,38.8895269],[-121.2647572,38.8895096],[-121.2647759,38.8894969],[-121.2648039,38.8895005],[-121.2648191,38.8895114],[-121.2648179,38.8895341],[-121.2648063,38.8895505]]]},"properties":{"course_id":"turkey_creek_lincoln","course_name":"Turkey Creek Golf Club","hole_number":7,"feature_type":"tee_box","name":"hole_7_tee_box_2","feature-color":"#8b7355","is_approximate":true,"source":"osm","@id":"90c7a158-d98a-43f2-9b37-1599ee967b5b","osm_id":1232298590}},{"type":"Feature","bbox":[-121.2646475,38.889665,-121.2644689,38.8897831],"geometry":{"type":"Polygon","coordinates":[[[-121.2645938,38.8897531],[-121.2645588,38.889775],[-121.2645307,38.8897831],[-121.2644875,38.8897831],[-121.2644689,38.8897677],[-121.2644712,38.8897504],[-121.2644852,38.8897286],[-121.2645027,38.8897141],[-121.2645237,38.8896986],[-121.2645436,38.8896841],[-121.2645681,38.8896705],[-121.2645926,38.889665],[-121.264623,38.8896668],[-121.2646393,38.8896795],[-121.2646475,38.8896995],[-121.2646452,38.8897168],[-121.2646183,38.8897395],[-121.2645938,38.8897531]]]},"properties":{"course_id":"turkey_creek_lincoln","course_name":"Turkey Creek Golf Club","hole_number":7,"feature_type":"tee_box","name":"hole_7_tee_box_3","feature-color":"#8b7355","is_approximate":true,"source":"osm","@id":"ed9c2980-9ea3-44ca-8f3b-953cbdb45c1a","osm_id":1232298591}},{"type":"Feature","bbox":[-121.2643016,38.8901637,-121.2641918,38.8902712],"geometry":{"type":"Polygon","coordinates":[[[-121.264275,38.890245],[-121.2642555,38.8902636],[-121.264237,38.8902712],[-121.2642157,38.8902712],[-121.2641989,38.8902608],[-121.2641918,38.8902457],[-121.2641971,38.8902264],[-121.264214,38.8902009],[-121.2642308,38.890183],[-121.2642476,38.8901679],[-121.2642697,38.8901637],[-121.2642856,38.8901679],[-121.2642989,38.890183],[-121.2643016,38.8902002],[-121.2642962,38.8902209],[-121.264275,38.890245]]]},"properties":{"course_id":"turkey_creek_lincoln","course_name":"Turkey Creek Golf Club","hole_number":7,"feature_type":"tee_box","name":"hole_7_tee_box_4","feature-color":"#8b7355","is_approximate":true,"source":"osm","@id":"446f7b0a-8b65-40e7-868b-f3b1bcc0e9e4","osm_id":1232298592}},{"type":"Feature","bbox":[-121.2626015,38.8915997,-121.2624506,38.8917029],"geometry":{"type":"Polygon","coordinates":[[[-121.2625908,38.8916705],[-121.2625769,38.8916909],[-121.2625446,38.8917017],[-121.2625091,38.8917029],[-121.2624783,38.8916957],[-121.2624598,38.8916801],[-121.2624506,38.8916609],[-121.2624552,38.8916369],[-121.2624706,38.8916261],[-121.2624906,38.8916189],[-121.2625153,38.8916165],[-121.2625353,38.8916069],[-121.2625492,38.8915997],[-121.2625754,38.8916045],[-121.2625923,38.8916201],[-121.2626015,38.8916417],[-121.2625908,38.8916705]]]},"properties":{"course_id":"turkey_creek_lincoln","course_name":"Turkey Creek Golf Club","hole_number":7,"feature_type":"bunker","name":"hole_7_bunker","feature-color":"#d4b483","is_approximate":true,"source":"osm","@id":"5787caeb-40cd-4926-9a7a-88a9d5a1fcd5","osm_id":1232298593}},{"type":"Feature","bbox":[-121.2620566,38.8930544,-121.2618741,38.8931767],"geometry":{"type":"Polygon","coordinates":[[[-121.2619819,38.8931275],[-121.2619742,38.8931401],[-121.2619704,38.8931539],[-121.2619642,38.8931659],[-121.2619473,38.8931743],[-121.2619272,38.8931767],[-121.2619095,38.8931725],[-121.2618964,38.8931641],[-121.2618826,38.8931521],[-121.2618749,38.8931383],[-121.2618741,38.8931191],[-121.2618787,38.8931047],[-121.2618903,38.8930898],[-121.2619018,38.8930784],[-121.2619188,38.8930742],[-121.2619388,38.893076],[-121.2619557,38.8930802],[-121.2619696,38.8930808],[-121.2619896,38.893076],[-121.2620043,38.8930646],[-121.2620189,38.8930544],[-121.2620374,38.8930562],[-121.2620505,38.8930652],[-121.2620566,38.893076],[-121.262052,38.8930904],[-121.262042,38.8931011],[-121.2620289,38.8931071],[-121.2620104,38.8931125],[-121.2619958,38.8931149],[-121.2619866,38.8931209],[-121.2619819,38.8931275]]]},"properties":{"course_id":"turkey_creek_lincoln","course_name":"Turkey Creek Golf Club","hole_number":7,"feature_type":"bunker","name":"hole_7_bunker_2","feature-color":"#d4b483","is_approximate":true,"source":"osm","@id":"d2dbcc1c-fc19-4de4-a235-021f0d9fe008","osm_id":1232298594}},{"type":"Feature","bbox":[-121.2619027,38.8930417,-121.2616519,38.8932907],"geometry":{"type":"Polygon","coordinates":[[[-121.2618363,38.8931064],[-121.2618323,38.8931216],[-121.261833,38.8931393],[-121.261839,38.8931529],[-121.2618504,38.8931701],[-121.2618665,38.8931811],[-121.261884,38.893195],[-121.261898,38.8932134],[-121.2619027,38.8932364],[-121.261898,38.8932536],[-121.2618866,38.8932672],[-121.2618692,38.8932729],[-121.2618504,38.893275],[-121.2618337,38.8932745],[-121.2618203,38.8932729],[-121.2618021,38.893275],[-121.261782,38.8932808],[-121.2617639,38.893286],[-121.2617472,38.8932907],[-121.2617257,38.8932896],[-121.261709,38.8932843],[-121.2616955,38.8932771],[-121.2616841,38.8932667],[-121.2616768,38.8932541],[-121.2616741,38.8932401],[-121.2616674,38.8932239],[-121.2616607,38.8932082],[-121.2616546,38.8931952],[-121.2616519,38.8931832],[-121.2616519,38.8931691],[-121.261656,38.8931543],[-121.261668,38.8931409],[-121.2616814,38.8931278],[-121.2616949,38.8931164],[-121.2617069,38.8931049],[-121.2617156,38.8930918],[-121.261721,38.8930798],[-121.2617291,38.8930652],[-121.2617425,38.8930532],[-121.2617572,38.8930443],[-121.2617747,38.8930417],[-121.2617975,38.8930438],[-121.2618109,38.8930485],[-121.2618263,38.8930595],[-121.2618357,38.8930699],[-121.261839,38.8930861],[-121.2618363,38.8931064]]]},"properties":{"course_id":"turkey_creek_lincoln","course_name":"Turkey Creek Golf Club","hole_number":7,"feature_type":"green","name":"hole_7_green","feature-color":"#2d6e2d","is_approximate":true,"source":"osm","@id":"1ae9c1d0-1737-4872-be9f-04aaf90d8915","osm_id":1232298595}},{"type":"Feature","bbox":[-121.2644356,38.8917584,-121.2643177,38.8918716],"geometry":{"type":"Polygon","coordinates":[[[-121.2643736,38.8917656],[-121.2643533,38.8917838],[-121.2643299,38.8918099],[-121.2643177,38.8918328],[-121.2643207,38.8918573],[-121.264337,38.8918684],[-121.2643614,38.8918716],[-121.2643817,38.8918644],[-121.2644,38.8918455],[-121.2644183,38.8918265],[-121.2644325,38.8918091],[-121.2644356,38.8917909],[-121.2644285,38.8917735],[-121.2644163,38.8917616],[-121.2643929,38.8917584],[-121.2643736,38.8917656]]]},"properties":{"course_id":"turkey_creek_lincoln","course_name":"Turkey Creek Golf Club","hole_number":8,"feature_type":"tee_box","name":"hole_8_tee_box","feature-color":"#8b7355","is_approximate":true,"source":"osm","@id":"d3ad469a-398e-41d2-a983-f4d90201e4b7","osm_id":1232298597}},{"type":"Feature","bbox":[-121.2642913,38.8919665,-121.2641388,38.8921041],"geometry":{"type":"Polygon","coordinates":[[[-121.2642872,38.8920369],[-121.2642618,38.8920693],[-121.2642323,38.8920962],[-121.2641957,38.8921041],[-121.2641652,38.8920994],[-121.2641429,38.8920812],[-121.2641388,38.8920511],[-121.2641541,38.8920179],[-121.2641724,38.8919926],[-121.2641937,38.8919728],[-121.2642201,38.8919665],[-121.2642415,38.8919665],[-121.2642628,38.8919736],[-121.2642831,38.8919863],[-121.2642913,38.8920116],[-121.2642872,38.8920369]]]},"properties":{"course_id":"turkey_creek_lincoln","course_name":"Turkey Creek Golf Club","hole_number":8,"feature_type":"tee_box","name":"hole_8_tee_box_2","feature-color":"#8b7355","is_approximate":true,"source":"osm","@id":"b59eaa82-82d9-42e7-ab1d-0f67ed16b9b3","osm_id":1232298598}},{"type":"Feature","bbox":[-121.2641398,38.8921295,-121.2639965,38.8922924],"geometry":{"type":"Polygon","coordinates":[[[-121.2641002,38.8921295],[-121.2640799,38.8921413],[-121.2640504,38.892173],[-121.264025,38.892207],[-121.2640057,38.8922394],[-121.2639965,38.8922671],[-121.2640057,38.8922829],[-121.264024,38.8922924],[-121.2640524,38.8922908],[-121.2640768,38.8922703],[-121.2640961,38.8922442],[-121.2641195,38.8922117],[-121.2641327,38.8921872],[-121.2641398,38.8921666],[-121.2641378,38.8921469],[-121.2641236,38.8921326],[-121.2641002,38.8921295]]]},"properties":{"course_id":"turkey_creek_lincoln","course_name":"Turkey Creek Golf Club","hole_number":8,"feature_type":"tee_box","name":"hole_8_tee_box_3","feature-color":"#8b7355","is_approximate":true,"source":"osm","@id":"e4bdf9fa-8303-41e8-8887-8f494edd16f0","osm_id":1232298599}},{"type":"Feature","bbox":[-121.2640067,38.8923217,-121.2639284,38.8923778],"geometry":{"type":"Polygon","coordinates":[[[-121.2639986,38.8923723],[-121.2639782,38.8923778],[-121.2639559,38.8923778],[-121.2639325,38.8923684],[-121.2639284,38.8923517],[-121.2639345,38.8923312],[-121.2639549,38.8923217],[-121.2639772,38.8923217],[-121.2639945,38.892332],[-121.2640067,38.8923502],[-121.2639986,38.8923723]]]},"properties":{"course_id":"turkey_creek_lincoln","course_name":"Turkey Creek Golf Club","hole_number":8,"feature_type":"tee_box","name":"hole_8_tee_box_4","feature-color":"#8b7355","is_approximate":true,"source":"osm","@id":"1e091225-8c24-4061-a412-402ec2828a08","osm_id":1232298600}},{"type":"Feature","bbox":[-121.2649443,38.8911705,-121.2648626,38.8912917],"geometry":{"type":"Polygon","coordinates":[[[-121.2648988,38.8911717],[-121.2648826,38.8911789],[-121.2648711,38.8911903],[-121.2648642,38.8912077],[-121.2648626,38.8912275],[-121.2648672,38.8912461],[-121.2648726,38.8912623],[-121.2648819,38.8912803],[-121.2648957,38.8912893],[-121.2649173,38.8912917],[-121.2649343,38.8912869],[-121.2649435,38.8912755],[-121.2649443,38.8912635],[-121.2649358,38.8912527],[-121.2649273,38.8912431],[-121.264925,38.8912317],[-121.2649281,38.8912191],[-121.2649373,38.8912101],[-121.2649412,38.8911975],[-121.2649404,38.8911849],[-121.2649335,38.8911759],[-121.2649173,38.8911705],[-121.2648988,38.8911717]]]},"properties":{"course_id":"turkey_creek_lincoln","course_name":"Turkey Creek Golf Club","hole_number":8,"feature_type":"bunker","name":"hole_8_bunker","feature-color":"#d4b483","is_approximate":true,"source":"osm","@id":"82352777-7a34-4a59-bd9d-9aa4228f7cc5","osm_id":1232298601}},{"type":"Feature","bbox":[-121.265078,38.8907787,-121.2647696,38.891037],"geometry":{"type":"Polygon","coordinates":[[[-121.2650085,38.8909454],[-121.2649934,38.8909674],[-121.2649766,38.8909888],[-121.2649554,38.8910046],[-121.2649253,38.8910198],[-121.2648996,38.8910294],[-121.2648696,38.891037],[-121.2648421,38.8910363],[-121.2648174,38.8910287],[-121.2647926,38.8910149],[-121.2647775,38.8909991],[-121.2647714,38.8909826],[-121.2647696,38.8909612],[-121.2647767,38.8909419],[-121.2647855,38.8909233],[-121.2647908,38.8909054],[-121.2647882,38.8908882],[-121.264782,38.8908676],[-121.2647731,38.8908455],[-121.2647714,38.8908283],[-121.2647749,38.8908106],[-121.2647855,38.8907966],[-121.2648023,38.8907884],[-121.2648236,38.8907815],[-121.2648501,38.8907787],[-121.264882,38.8907829],[-121.2649147,38.8907884],[-121.2649492,38.8907959],[-121.2649784,38.8908049],[-121.2650085,38.8908118],[-121.2650335,38.890818],[-121.2650531,38.8908299],[-121.2650704,38.8908462],[-121.265078,38.8908668],[-121.2650731,38.8908868],[-121.2650619,38.8909032],[-121.265043,38.8909171],[-121.2650209,38.8909316],[-121.2650085,38.8909454]]]},"properties":{"course_id":"turkey_creek_lincoln","course_name":"Turkey Creek Golf Club","hole_number":8,"feature_type":"green","name":"hole_8_green","feature-color":"#2d6e2d","is_approximate":true,"source":"osm","@id":"4e05d5e5-34e6-4530-a957-22bbdecf2068","osm_id":1232298602}},{"type":"Feature","bbox":[-121.2647526,38.8908418,-121.264652,38.8909953],"geometry":{"type":"Polygon","coordinates":[[[-121.2647398,38.8909097],[-121.2647485,38.8909003],[-121.2647526,38.8908872],[-121.2647505,38.8908731],[-121.2647465,38.8908622],[-121.2647371,38.8908512],[-121.2647264,38.890845],[-121.2647083,38.8908418],[-121.2646902,38.8908439],[-121.2646721,38.8908512],[-121.26466,38.8908637],[-121.2646533,38.8908789],[-121.264652,38.8908951],[-121.2646614,38.8909081],[-121.2646721,38.8909175],[-121.2646734,38.890929],[-121.2646681,38.8909426],[-121.2646567,38.8909509],[-121.2646533,38.8909629],[-121.2646526,38.8909786],[-121.264662,38.890989],[-121.2646768,38.8909947],[-121.2646935,38.8909953],[-121.2647103,38.8909911],[-121.2647251,38.8909843],[-121.2647345,38.890976],[-121.2647412,38.8909666],[-121.2647425,38.8909546],[-121.2647378,38.8909441],[-121.2647318,38.8909352],[-121.2647264,38.8909258],[-121.2647304,38.890917],[-121.2647398,38.8909097]]]},"properties":{"course_id":"turkey_creek_lincoln","course_name":"Turkey Creek Golf Club","hole_number":8,"feature_type":"bunker","name":"hole_8_bunker_2","feature-color":"#d4b483","is_approximate":true,"source":"osm","@id":"e8aeea7c-4cce-4f43-8e88-d88a8a482aa9","osm_id":1232298604}},{"type":"Feature","bbox":[-121.265576,38.8898078,-121.2655061,38.8898897],"geometry":{"type":"Polygon","coordinates":[[[-121.2655716,38.889867],[-121.2655557,38.8898849],[-121.2655336,38.8898897],[-121.2655159,38.8898801],[-121.2655079,38.8898635],[-121.2655061,38.8898477],[-121.265507,38.8898312],[-121.2655159,38.889814],[-121.2655327,38.8898078],[-121.265553,38.8898098],[-121.2655672,38.8898222],[-121.265576,38.8898429],[-121.2655716,38.889867]]]},"properties":{"course_id":"turkey_creek_lincoln","course_name":"Turkey Creek Golf Club","hole_number":9,"feature_type":"tee_box","name":"hole_9_tee_box","feature-color":"#8b7355","is_approximate":true,"source":"osm","@id":"1d2b8223-9bd2-45f2-aa82-9146274a94eb","osm_id":1232298605}},{"type":"Feature","bbox":[-121.2655672,38.8900295,-121.2654654,38.8902175],"geometry":{"type":"Polygon","coordinates":[[[-121.2655557,38.8901301],[-121.2655504,38.8901549],[-121.2655442,38.8901865],[-121.2655291,38.8902106],[-121.2655061,38.8902175],[-121.2654814,38.8902134],[-121.2654672,38.8901989],[-121.2654654,38.8901755],[-121.2654734,38.8901494],[-121.2654823,38.8901142],[-121.2654893,38.8900812],[-121.2654964,38.8900516],[-121.2655106,38.8900378],[-121.2655345,38.8900295],[-121.2655592,38.8900364],[-121.2655672,38.8900653],[-121.2655619,38.8901046],[-121.2655557,38.8901301]]]},"properties":{"course_id":"turkey_creek_lincoln","course_name":"Turkey Creek Golf Club","hole_number":9,"feature_type":"tee_box","name":"hole_9_tee_box_2","feature-color":"#8b7355","is_approximate":true,"source":"osm","@id":"07985891-9e9a-4d46-9715-54db3630097f","osm_id":1232298606}},{"type":"Feature","bbox":[-121.2655553,38.8905731,-121.2654659,38.8907361],"geometry":{"type":"Polygon","coordinates":[[[-121.2655553,38.8906348],[-121.2655502,38.8906855],[-121.2655431,38.8907203],[-121.2655258,38.8907353],[-121.2654974,38.8907361],[-121.265476,38.890725],[-121.2654659,38.8906981],[-121.2654689,38.8906625],[-121.265473,38.8906333],[-121.2654771,38.8906064],[-121.2654811,38.8905882],[-121.2654954,38.8905763],[-121.2655248,38.8905731],[-121.2655441,38.890585],[-121.2655543,38.8906056],[-121.2655553,38.8906348]]]},"properties":{"course_id":"turkey_creek_lincoln","course_name":"Turkey Creek Golf Club","hole_number":9,"feature_type":"tee_box","name":"hole_9_tee_box_3","feature-color":"#8b7355","is_approximate":true,"source":"osm","@id":"2cb5e5bf-4ef2-4f11-9e62-87bcf61f27fa","osm_id":1232298607}},{"type":"Feature","bbox":[-121.2655251,38.8909797,-121.265457,38.891077],"geometry":{"type":"Polygon","coordinates":[[[-121.2655078,38.8909797],[-121.2654875,38.8909797],[-121.2654702,38.8909916],[-121.265458,38.8910114],[-121.265457,38.8910414],[-121.2654611,38.8910644],[-121.2654763,38.8910762],[-121.2654987,38.891077],[-121.2655139,38.8910659],[-121.2655251,38.8910446],[-121.2655251,38.8910153],[-121.2655221,38.8909924],[-121.2655078,38.8909797]]]},"properties":{"course_id":"turkey_creek_lincoln","course_name":"Turkey Creek Golf Club","hole_number":9,"feature_type":"tee_box","name":"hole_9_tee_box_4","feature-color":"#8b7355","is_approximate":true,"source":"osm","@id":"91901ed1-19b0-4c5d-8e22-c1c4a6aebb3c","osm_id":1232298608}},{"type":"Feature","bbox":[-121.2641076,38.8927662,-121.2639507,38.8928743],"geometry":{"type":"Polygon","coordinates":[[[-121.2640524,38.8927662],[-121.2640351,38.8927692],[-121.2640225,38.8927759],[-121.2640092,38.8927845],[-121.264002,38.8927992],[-121.2639905,38.8928111],[-121.2639743,38.892818],[-121.2639589,38.8928234],[-121.2639518,38.8928357],[-121.2639507,38.8928513],[-121.2639572,38.8928628],[-121.2639701,38.8928706],[-121.2639866,38.8928743],[-121.2640027,38.8928688],[-121.2640156,38.8928593],[-121.2640247,38.8928467],[-121.2640349,38.8928372],[-121.2640511,38.8928348],[-121.2640678,38.8928393],[-121.2640868,38.8928374],[-121.2641014,38.8928307],[-121.264107,38.8928174],[-121.2641076,38.8928025],[-121.264104,38.8927889],[-121.2640938,38.8927771],[-121.2640735,38.8927684],[-121.2640524,38.8927662]]]},"properties":{"course_id":"turkey_creek_lincoln","course_name":"Turkey Creek Golf Club","hole_number":9,"feature_type":"bunker","name":"hole_9_bunker","feature-color":"#d4b483","is_approximate":true,"source":"osm","@id":"111cae42-0c67-4d51-bb68-e9f70b91f8c1","osm_id":1232298609}},{"type":"Feature","bbox":[-121.2643317,38.8930593,-121.264226,38.8931481],"geometry":{"type":"Polygon","coordinates":[[[-121.2643235,38.8930697],[-121.2643317,38.8930848],[-121.2643246,38.8931085],[-121.2643134,38.8931204],[-121.2642951,38.8931315],[-121.2642778,38.8931417],[-121.2642524,38.8931481],[-121.2642331,38.8931386],[-121.264226,38.8931283],[-121.264228,38.8931125],[-121.2642412,38.8931014],[-121.2642554,38.8930956],[-121.2642603,38.8930818],[-121.2642621,38.8930711],[-121.2642686,38.8930625],[-121.2642863,38.8930593],[-121.2643087,38.8930612],[-121.2643235,38.8930697]]]},"properties":{"course_id":"turkey_creek_lincoln","course_name":"Turkey Creek Golf Club","hole_number":9,"feature_type":"bunker","name":"hole_9_bunker_2","feature-color":"#d4b483","is_approximate":true,"source":"osm","@id":"71a1b08f-6916-42c1-91d1-4473223e5a2f","osm_id":1232298610}},{"type":"Feature","bbox":[-121.2646366,38.8928815,-121.2645261,38.8929466],"geometry":{"type":"Polygon","coordinates":[[[-121.2646102,38.8928815],[-121.2645919,38.8928841],[-121.2645786,38.8928894],[-121.2645583,38.8928949],[-121.2645421,38.8928999],[-121.2645297,38.8929092],[-121.2645261,38.8929234],[-121.2645319,38.8929337],[-121.2645436,38.892942],[-121.2645615,38.8929466],[-121.2645793,38.8929444],[-121.2645989,38.8929389],[-121.2646121,38.8929315],[-121.2646254,38.8929218],[-121.2646345,38.89291],[-121.2646366,38.8928949],[-121.2646274,38.8928846],[-121.2646102,38.8928815]]]},"properties":{"course_id":"turkey_creek_lincoln","course_name":"Turkey Creek Golf Club","hole_number":9,"feature_type":"bunker","name":"hole_9_bunker_3","feature-color":"#d4b483","is_approximate":true,"source":"osm","@id":"69b1e51e-622b-4b75-b816-d8563ae3e078","osm_id":1232298611}},{"type":"Feature","bbox":[-121.2643627,38.8928422,-121.2639856,38.8930476],"geometry":{"type":"Polygon","coordinates":[[[-121.2642634,38.892884],[-121.2642459,38.8928677],[-121.2642214,38.8928522],[-121.2642043,38.8928443],[-121.2641814,38.8928422],[-121.2641608,38.8928443],[-121.2641385,38.8928513],[-121.2641152,38.8928631],[-121.2640906,38.8928704],[-121.2640638,38.8928777],[-121.2640358,38.8928849],[-121.2640113,38.8928958],[-121.2639961,38.8929149],[-121.2639856,38.8929358],[-121.2639856,38.8929594],[-121.2639902,38.8929803],[-121.2640042,38.8929985],[-121.2640206,38.8930103],[-121.2640393,38.8930185],[-121.264065,38.893023],[-121.2640918,38.8930249],[-121.2641175,38.8930303],[-121.2641432,38.8930394],[-121.2641665,38.8930458],[-121.2641969,38.8930476],[-121.2642206,38.8930446],[-121.2642473,38.8930409],[-121.2642799,38.8930373],[-121.264309,38.8930303],[-121.2643323,38.8930212],[-121.2643498,38.893004],[-121.2643592,38.8929926],[-121.2643627,38.8929774],[-121.2643603,38.8929631],[-121.2643486,38.8929476],[-121.2643311,38.8929376],[-121.264302,38.892924],[-121.2642844,38.8929095],[-121.2642634,38.892884]]]},"properties":{"course_id":"turkey_creek_lincoln","course_name":"Turkey Creek Golf Club","hole_number":9,"feature_type":"green","name":"hole_9_green","feature-color":"#2d6e2d","is_approximate":true,"source":"osm","@id":"9529b87c-b787-494a-a190-dfe602d8dff2","osm_id":1232298612}},{"type":"Feature","bbox":[-121.2617452,38.8936588,-121.2616203,38.8937351],"geometry":{"type":"Polygon","coordinates":[[[-121.2617312,38.8937206],[-121.261695,38.8937306],[-121.2616506,38.8937351],[-121.2616261,38.8937279],[-121.2616203,38.8937024],[-121.2616331,38.8936815],[-121.2616681,38.8936634],[-121.261709,38.8936588],[-121.26173,38.8936634],[-121.2617429,38.8936788],[-121.2617452,38.8936997],[-121.2617312,38.8937206]]]},"properties":{"course_id":"turkey_creek_lincoln","course_name":"Turkey Creek Golf Club","hole_number":10,"feature_type":"tee_box","name":"hole_10_tee_box","feature-color":"#8b7355","is_approximate":true,"source":"osm","@id":"8b48f50a-344c-4e74-9034-12be36374c4e","osm_id":1232305251}},{"type":"Feature","bbox":[-121.2614335,38.8937224,-121.2612642,38.8938542],"geometry":{"type":"Polygon","coordinates":[[[-121.261395,38.8938124],[-121.2613459,38.8938424],[-121.2613132,38.8938542],[-121.2612794,38.8938396],[-121.2612665,38.893826],[-121.2612642,38.8937933],[-121.261277,38.8937669],[-121.2613179,38.8937406],[-121.2613588,38.8937251],[-121.2613868,38.8937224],[-121.2614055,38.8937333],[-121.2614276,38.893747],[-121.2614335,38.8937769],[-121.2614241,38.8937978],[-121.261395,38.8938124]]]},"properties":{"course_id":"turkey_creek_lincoln","course_name":"Turkey Creek Golf Club","hole_number":10,"feature_type":"tee_box","name":"hole_10_tee_box_2","feature-color":"#8b7355","is_approximate":true,"source":"osm","@id":"a8e8ba2b-2d48-4df4-8fdc-b55fed9c32dd","osm_id":1232305252}},{"type":"Feature","bbox":[-121.2611435,38.8939723,-121.2609894,38.8941013],"geometry":{"type":"Polygon","coordinates":[[[-121.2610735,38.8940913],[-121.2610419,38.8941013],[-121.2610104,38.8940977],[-121.2609894,38.8940786],[-121.2609929,38.8940522],[-121.2610221,38.894025],[-121.261056,38.8939977],[-121.2610746,38.8939805],[-121.261105,38.8939723],[-121.2611342,38.8939796],[-121.2611435,38.8940068],[-121.2611307,38.8940341],[-121.2611132,38.894055],[-121.2610735,38.8940913]]]},"properties":{"course_id":"turkey_creek_lincoln","course_name":"Turkey Creek Golf Club","hole_number":10,"feature_type":"tee_box","name":"hole_10_tee_box_3","feature-color":"#8b7355","is_approximate":true,"source":"osm","@id":"c94a031d-0045-423f-8e27-fd7bfc9ebffc","osm_id":1232305253}},{"type":"Feature","bbox":[-121.2605434,38.8941867,-121.260415,38.8942767],"geometry":{"type":"Polygon","coordinates":[[[-121.2605049,38.8942576],[-121.2604617,38.8942767],[-121.2604232,38.8942667],[-121.260415,38.8942476],[-121.2604278,38.8942194],[-121.260464,38.8941958],[-121.2604909,38.8941876],[-121.2605224,38.8941867],[-121.2605376,38.8941967],[-121.2605434,38.8942167],[-121.2605352,38.8942422],[-121.2605049,38.8942576]]]},"properties":{"course_id":"turkey_creek_lincoln","course_name":"Turkey Creek Golf Club","hole_number":10,"feature_type":"tee_box","name":"hole_10_tee_box_4","feature-color":"#8b7355","is_approximate":true,"source":"osm","@id":"02c33906-f0b0-4242-b09a-8882f26edc0d","osm_id":1232305254}},{"type":"Feature","bbox":[-121.257718,38.895438,-121.2575829,38.8954921],"geometry":{"type":"Polygon","coordinates":[[[-121.2577012,38.8954819],[-121.2576827,38.8954871],[-121.2576642,38.8954891],[-121.2576358,38.8954916],[-121.2576083,38.8954921],[-121.2575913,38.8954848],[-121.2575829,38.8954698],[-121.257589,38.8954563],[-121.2576029,38.8954462],[-121.2576258,38.8954427],[-121.2576497,38.895443],[-121.2576708,38.895438],[-121.2576949,38.895438],[-121.2577084,38.8954445],[-121.257718,38.895457],[-121.257714,38.8954699],[-121.2577012,38.8954819]]]},"properties":{"course_id":"turkey_creek_lincoln","course_name":"Turkey Creek Golf Club","hole_number":10,"feature_type":"bunker","name":"hole_10_bunker","feature-color":"#d4b483","is_approximate":true,"source":"osm","@id":"9667ddda-67e2-41ff-accf-005196205bfd","osm_id":1232305255}},{"type":"Feature","bbox":[-121.2576986,38.8952162,-121.2573925,38.8954124],"geometry":{"type":"Polygon","coordinates":[[[-121.2576314,38.8952727],[-121.2576429,38.8952975],[-121.2576588,38.895312],[-121.2576747,38.895323],[-121.2576898,38.895343],[-121.2576986,38.8953684],[-121.2576951,38.895385],[-121.2576836,38.895398],[-121.2576718,38.8954056],[-121.2576553,38.8954077],[-121.2576329,38.8954072],[-121.2576164,38.8954022],[-121.2575951,38.8953987],[-121.2575739,38.8953946],[-121.2575403,38.8953953],[-121.2575159,38.8953992],[-121.2574925,38.8954077],[-121.2574697,38.8954124],[-121.2574438,38.8954097],[-121.2574279,38.8954022],[-121.2574217,38.8953905],[-121.257419,38.8953726],[-121.2574217,38.8953567],[-121.2574226,38.8953368],[-121.2574164,38.8953175],[-121.2574075,38.8953016],[-121.2573978,38.8952851],[-121.2573925,38.8952686],[-121.2573934,38.8952459],[-121.2574031,38.8952321],[-121.2574235,38.8952218],[-121.2574562,38.8952162],[-121.2574863,38.8952164],[-121.2575147,38.8952178],[-121.2575456,38.8952218],[-121.2575703,38.8952279],[-121.2575907,38.8952376],[-121.2576093,38.8952465],[-121.2576225,38.8952589],[-121.2576314,38.8952727]]]},"properties":{"course_id":"turkey_creek_lincoln","course_name":"Turkey Creek Golf Club","hole_number":10,"feature_type":"green","name":"hole_10_green","feature-color":"#2d6e2d","is_approximate":true,"source":"osm","@id":"1b6b9668-311b-43d9-8f07-8dba53329c5f","osm_id":1232305256}},{"type":"Feature","bbox":[-121.2588172,38.8944563,-121.2587235,38.8945256],"geometry":{"type":"Polygon","coordinates":[[[-121.2587968,38.8945128],[-121.2587809,38.8945217],[-121.2587619,38.8945255],[-121.258742,38.8945256],[-121.258729,38.8945167],[-121.2587235,38.8945037],[-121.2587313,38.8944893],[-121.2587448,38.8944758],[-121.258756,38.894465],[-121.258774,38.8944575],[-121.2587945,38.8944563],[-121.258808,38.8944633],[-121.2588154,38.8944749],[-121.2588172,38.8944894],[-121.2588101,38.8945025],[-121.2587968,38.8945128]]]},"properties":{"course_id":"turkey_creek_lincoln","course_name":"Turkey Creek Golf Club","hole_number":11,"feature_type":"bunker","name":"hole_11_bunker","feature-color":"#d4b483","is_approximate":true,"source":"osm","@id":"a7359959-80d7-443b-a185-9b4f35f5d068","osm_id":1232305258}},{"type":"Feature","bbox":[-121.2587623,38.894274,-121.2584897,38.8945112],"geometry":{"type":"Polygon","coordinates":[[[-121.2587519,38.8944321],[-121.2587401,38.8944454],[-121.258728,38.8944584],[-121.2587154,38.89447],[-121.258703,38.8944847],[-121.2586871,38.8944993],[-121.2586688,38.8945088],[-121.2586513,38.8945112],[-121.258635,38.8945091],[-121.2586194,38.8945025],[-121.2585925,38.8944923],[-121.2585775,38.8944856],[-121.2585568,38.894478],[-121.2585353,38.8944732],[-121.2585172,38.8944627],[-121.2585004,38.8944462],[-121.2584906,38.8944269],[-121.2584897,38.8944048],[-121.2584933,38.8943842],[-121.2584942,38.894369],[-121.2585012,38.8943518],[-121.258511,38.8943374],[-121.258526,38.8943257],[-121.2585481,38.8943174],[-121.2585677,38.8943126],[-121.2585844,38.8943036],[-121.2586021,38.8942898],[-121.2586189,38.8942795],[-121.2586419,38.894274],[-121.2586623,38.894274],[-121.258688,38.8942814],[-121.2587056,38.8942903],[-121.2587238,38.8943041],[-121.2587363,38.8943195],[-121.2587472,38.8943353],[-121.2587552,38.8943546],[-121.2587587,38.8943711],[-121.2587623,38.8943911],[-121.2587601,38.8944133],[-121.2587519,38.8944321]]]},"properties":{"course_id":"turkey_creek_lincoln","course_name":"Turkey Creek Golf Club","hole_number":11,"feature_type":"green","name":"hole_11_green","feature-color":"#2d6e2d","is_approximate":true,"source":"osm","@id":"0ac34862-e1c1-4b84-a3fc-4d9e7c3b0332","osm_id":1232305259}},{"type":"Feature","bbox":[-121.2576907,38.89469,-121.2575335,38.8947763],"geometry":{"type":"Polygon","coordinates":[[[-121.2576737,38.8946983],[-121.2576537,38.89469],[-121.2576121,38.89469],[-121.2575767,38.8946983],[-121.2575505,38.8947067],[-121.2575335,38.8947223],[-121.2575335,38.8947511],[-121.2575567,38.8947691],[-121.2575828,38.8947763],[-121.2576244,38.8947751],[-121.2576491,38.8947667],[-121.2576768,38.8947547],[-121.2576907,38.8947343],[-121.2576907,38.8947115],[-121.2576737,38.8946983]]]},"properties":{"course_id":"turkey_creek_lincoln","course_name":"Turkey Creek Golf Club","hole_number":11,"feature_type":"tee_box","name":"hole_11_tee_box","feature-color":"#8b7355","is_approximate":true,"source":"osm","@id":"2ad23f48-3693-4080-ac26-f47a7dbbe546","osm_id":1232305261}},{"type":"Feature","bbox":[-121.2571392,38.8947751,-121.257036,38.8948818],"geometry":{"type":"Polygon","coordinates":[[[-121.2571392,38.8948446],[-121.2571299,38.8948734],[-121.257096,38.8948818],[-121.2570668,38.894877],[-121.257039,38.8948542],[-121.257036,38.894823],[-121.257036,38.8947919],[-121.2570652,38.8947751],[-121.2571022,38.8947751],[-121.2571222,38.8947847],[-121.2571392,38.894811],[-121.2571392,38.8948446]]]},"properties":{"course_id":"turkey_creek_lincoln","course_name":"Turkey Creek Golf Club","hole_number":11,"feature_type":"tee_box","name":"hole_11_tee_box_2","feature-color":"#8b7355","is_approximate":true,"source":"osm","@id":"7aef083f-f4d7-4eeb-9897-f423f2efea7f","osm_id":1232305262}},{"type":"Feature","bbox":[-121.2569944,38.894817,-121.2568495,38.8948974],"geometry":{"type":"Polygon","coordinates":[[[-121.2569512,38.8948866],[-121.2569035,38.8948974],[-121.256865,38.8948938],[-121.2568495,38.894871],[-121.2568665,38.8948422],[-121.2569096,38.8948218],[-121.2569481,38.894817],[-121.2569759,38.8948218],[-121.2569944,38.8948446],[-121.2569851,38.8948698],[-121.2569512,38.8948866]]]},"properties":{"course_id":"turkey_creek_lincoln","course_name":"Turkey Creek Golf Club","hole_number":11,"feature_type":"tee_box","name":"hole_11_tee_box_3","feature-color":"#8b7355","is_approximate":true,"source":"osm","@id":"d1f54a65-73f0-42be-a374-1f8c876253f2","osm_id":1232305263}},{"type":"Feature","bbox":[-121.2579142,38.8939347,-121.2577461,38.893994],"geometry":{"type":"Polygon","coordinates":[[[-121.2578877,38.8939885],[-121.2578523,38.893994],[-121.2578134,38.8939926],[-121.2577691,38.8939885],[-121.2577461,38.8939747],[-121.2577461,38.8939485],[-121.2577691,38.8939375],[-121.2577957,38.8939347],[-121.2578222,38.8939375],[-121.2578576,38.8939389],[-121.257893,38.8939416],[-121.2579142,38.8939595],[-121.2579089,38.893983],[-121.2578877,38.8939885]]]},"properties":{"course_id":"turkey_creek_lincoln","course_name":"Turkey Creek Golf Club","hole_number":12,"feature_type":"tee_box","name":"hole_12_tee_box","feature-color":"#8b7355","is_approximate":true,"source":"osm","@id":"95aadec9-e2a2-468b-a04c-0ce02294e1aa","osm_id":1232305264}},{"type":"Feature","bbox":[-121.2575603,38.8939554,-121.2573303,38.8940436],"geometry":{"type":"Polygon","coordinates":[[[-121.2575231,38.894027],[-121.2574718,38.8940339],[-121.2573957,38.8940436],[-121.2573533,38.8940422],[-121.257332,38.8940188],[-121.2573303,38.8939912],[-121.2573568,38.8939719],[-121.2574028,38.8939623],[-121.2574488,38.8939595],[-121.2574842,38.8939554],[-121.2575161,38.8939554],[-121.2575426,38.893965],[-121.2575585,38.8939857],[-121.2575603,38.8940105],[-121.2575231,38.894027]]]},"properties":{"course_id":"turkey_creek_lincoln","course_name":"Turkey Creek Golf Club","hole_number":12,"feature_type":"tee_box","name":"hole_12_tee_box_2","feature-color":"#8b7355","is_approximate":true,"source":"osm","@id":"a8cc8970-332e-4f3f-a421-f472114d3830","osm_id":1232305265}},{"type":"Feature","bbox":[-121.2572117,38.8939953,-121.257017,38.8940931],"geometry":{"type":"Polygon","coordinates":[[[-121.2571356,38.8940807],[-121.2570701,38.8940931],[-121.257033,38.8940807],[-121.2570185,38.8940615],[-121.257017,38.8940394],[-121.2570631,38.8940174],[-121.2570984,38.894005],[-121.2571409,38.8939967],[-121.2571728,38.8939953],[-121.2571975,38.8940091],[-121.2572117,38.8940339],[-121.2571993,38.8940601],[-121.2571798,38.8940766],[-121.2571356,38.8940807]]]},"properties":{"course_id":"turkey_creek_lincoln","course_name":"Turkey Creek Golf Club","hole_number":12,"feature_type":"tee_box","name":"hole_12_tee_box_3","feature-color":"#8b7355","is_approximate":true,"source":"osm","@id":"0af8428e-1df1-4de6-8d78-5ef2d067577e","osm_id":1232305266}},{"type":"Feature","bbox":[-121.2531068,38.8943348,-121.2529026,38.89442],"geometry":{"type":"Polygon","coordinates":[[[-121.2530379,38.8943463],[-121.2530182,38.8943503],[-121.2529921,38.8943513],[-121.2529708,38.8943447],[-121.2529536,38.8943361],[-121.2529287,38.8943348],[-121.2529091,38.8943445],[-121.2529026,38.8943606],[-121.2529061,38.8943753],[-121.2529182,38.8943875],[-121.252937,38.894398],[-121.2529583,38.8944025],[-121.2529781,38.8944005],[-121.2529969,38.8943966],[-121.2530163,38.8943932],[-121.2530362,38.8943993],[-121.2530496,38.8944125],[-121.2530657,38.8944199],[-121.2530841,38.89442],[-121.2530964,38.894413],[-121.253104,38.8944016],[-121.2531068,38.8943872],[-121.2531027,38.894374],[-121.2530956,38.8943635],[-121.2530813,38.8943524],[-121.2530593,38.8943455],[-121.2530379,38.8943463]]]},"properties":{"course_id":"turkey_creek_lincoln","course_name":"Turkey Creek Golf Club","hole_number":12,"feature_type":"bunker","name":"hole_12_bunker","feature-color":"#d4b483","is_approximate":true,"source":"osm","@id":"ec4efa46-2288-4b1f-8757-21bc9659e3e4","osm_id":1232305267}},{"type":"Feature","bbox":[-121.252239,38.8938713,-121.2520801,38.893955],"geometry":{"type":"Polygon","coordinates":[[[-121.252233,38.8939161],[-121.2522194,38.8939263],[-121.2522068,38.893934],[-121.2521961,38.8939415],[-121.2521878,38.8939499],[-121.2521737,38.893955],[-121.2521558,38.8939532],[-121.2521462,38.8939463],[-121.252134,38.8939376],[-121.252117,38.8939343],[-121.2521003,38.8939327],[-121.2520878,38.8939247],[-121.2520801,38.8939147],[-121.2520812,38.8939014],[-121.2520868,38.8938902],[-121.2520956,38.8938862],[-121.2521097,38.8938828],[-121.2521239,38.8938861],[-121.2521366,38.8938941],[-121.2521454,38.8939005],[-121.2521622,38.8939012],[-121.2521722,38.8938934],[-121.2521787,38.8938792],[-121.252192,38.8938736],[-121.2522086,38.8938713],[-121.2522234,38.8938764],[-121.2522328,38.8938847],[-121.252239,38.8938953],[-121.2522382,38.8939058],[-121.252233,38.8939161]]]},"properties":{"course_id":"turkey_creek_lincoln","course_name":"Turkey Creek Golf Club","hole_number":12,"feature_type":"bunker","name":"hole_12_bunker_2","feature-color":"#d4b483","is_approximate":true,"source":"osm","@id":"ab80f1b5-0b64-459f-9707-9c320da17f25","osm_id":1232305268}},{"type":"Feature","bbox":[-121.2520438,38.893907,-121.251735,38.8940778],"geometry":{"type":"Polygon","coordinates":[[[-121.2519341,38.8940441],[-121.251912,38.8940578],[-121.2518837,38.8940695],[-121.2518536,38.8940778],[-121.2518253,38.8940778],[-121.2518005,38.894073],[-121.2517793,38.8940647],[-121.2517598,38.8940489],[-121.2517457,38.8940289],[-121.2517386,38.8940048],[-121.251735,38.8939835],[-121.2517395,38.8939642],[-121.2517483,38.8939476],[-121.2517642,38.8939332],[-121.2517828,38.8939208],[-121.2518023,38.8939125],[-121.2518218,38.8939084],[-121.2518483,38.893907],[-121.2518704,38.8939098],[-121.2518943,38.893916],[-121.2519191,38.8939208],[-121.25194,38.893922],[-121.2519695,38.8939187],[-121.2519996,38.8939235],[-121.2520226,38.8939353],[-121.2520376,38.8939504],[-121.2520438,38.8939683],[-121.2520421,38.8939938],[-121.2520288,38.8940083],[-121.2520023,38.8940206],[-121.2519792,38.8940268],[-121.2519509,38.8940344],[-121.2519341,38.8940441]]]},"properties":{"course_id":"turkey_creek_lincoln","course_name":"Turkey Creek Golf Club","hole_number":12,"feature_type":"green","name":"hole_12_green","feature-color":"#2d6e2d","is_approximate":true,"source":"osm","@id":"58b607d6-e1f4-4875-a68f-864376009edf","osm_id":1232305269}},{"type":"Feature","bbox":[-121.256143,38.8954636,-121.2558316,38.8956593],"geometry":{"type":"Polygon","coordinates":[[[-121.2560783,38.8954847],[-121.2560555,38.8954868],[-121.2560302,38.8954915],[-121.2560089,38.8954911],[-121.2559856,38.8954848],[-121.2559591,38.8954743],[-121.2559257,38.895465],[-121.2559044,38.8954636],[-121.2558831,38.895465],[-121.2558587,38.8954755],[-121.2558448,38.8954871],[-121.2558316,38.8955065],[-121.2558319,38.8955276],[-121.2558452,38.8955568],[-121.2558613,38.8955788],[-121.2558774,38.8956048],[-121.2558873,38.8956217],[-121.2559008,38.8956349],[-121.2559271,38.8956497],[-121.2559579,38.895657],[-121.2559935,38.8956593],[-121.2560263,38.8956549],[-121.2560557,38.8956481],[-121.2560785,38.8956382],[-121.2560948,38.8956274],[-121.2561128,38.8956126],[-121.2561273,38.895596],[-121.2561376,38.8955725],[-121.2561415,38.8955553],[-121.256143,38.8955391],[-121.2561376,38.8955182],[-121.2561269,38.8955005],[-121.2561121,38.895489],[-121.2560952,38.8954841],[-121.2560783,38.8954847]]]},"properties":{"course_id":"turkey_creek_lincoln","course_name":"Turkey Creek Golf Club","hole_number":13,"feature_type":"green","name":"hole_13_green","feature-color":"#2d6e2d","is_approximate":true,"source":"osm","@id":"898ef016-098a-48ad-a880-b321ac109a4d","osm_id":1232308003}},{"type":"Feature","bbox":[-121.2558416,38.8955445,-121.2557529,38.8956422],"geometry":{"type":"Polygon","coordinates":[[[-121.2558009,38.8955496],[-121.2557859,38.8955445],[-121.2557676,38.8955476],[-121.2557575,38.8955555],[-121.2557529,38.8955703],[-121.2557557,38.8955823],[-121.2557643,38.8955941],[-121.2557746,38.8956073],[-121.2557771,38.8956222],[-121.2557849,38.8956341],[-121.2557999,38.8956422],[-121.2558208,38.8956418],[-121.2558338,38.8956352],[-121.2558406,38.8956232],[-121.2558416,38.8956097],[-121.2558345,38.8955978],[-121.2558233,38.8955923],[-121.2558172,38.8955812],[-121.2558172,38.8955662],[-121.2558098,38.8955567],[-121.2558009,38.8955496]]]},"properties":{"course_id":"turkey_creek_lincoln","course_name":"Turkey Creek Golf Club","hole_number":13,"feature_type":"bunker","name":"hole_13_bunker","feature-color":"#d4b483","is_approximate":true,"source":"osm","@id":"982625cb-08d0-4644-bb83-323e5aa0d8cb","osm_id":1232308004}},{"type":"Feature","bbox":[-121.2552143,38.8947165,-121.2538638,38.8953125],"geometry":{"type":"Polygon","coordinates":[[[-121.2549178,38.8949637],[-121.2549668,38.8950055],[-121.2550158,38.8950436],[-121.2550696,38.8950745],[-121.2551279,38.8951018],[-121.2551793,38.8951236],[-121.2552073,38.8951508],[-121.2552143,38.8951945],[-121.255198,38.8952381],[-121.2551614,38.8952762],[-121.2551193,38.895298],[-121.2550639,38.8953125],[-121.254997,38.8953088],[-121.254938,38.8952846],[-121.2548835,38.8952561],[-121.2548219,38.895224],[-121.2547434,38.8951816],[-121.2546749,38.8951393],[-121.254608,38.8950897],[-121.2545457,38.8950594],[-121.2544601,38.8950382],[-121.2543714,38.8950182],[-121.254292,38.8950073],[-121.2542103,38.8950036],[-121.2541279,38.8950109],[-121.2540609,38.8950242],[-121.2539878,38.8950339],[-121.2539277,38.8950182],[-121.2538841,38.894991],[-121.2538653,38.894954],[-121.2538638,38.8949158],[-121.2538717,38.8948782],[-121.253895,38.8948474],[-121.253927,38.8948346],[-121.2539801,38.8948243],[-121.2540399,38.8948273],[-121.2540772,38.8948383],[-121.2541402,38.894851],[-121.254218,38.8948546],[-121.2542889,38.8948419],[-121.2543635,38.8948134],[-121.2544196,38.8947897],[-121.2544819,38.894763],[-121.2545349,38.8947383],[-121.2545932,38.894722],[-121.2546539,38.8947165],[-121.2547146,38.8947273],[-121.2547613,38.8947419],[-121.2548034,38.8947765],[-121.2548454,38.8948274],[-121.2548734,38.8948801],[-121.2548944,38.8949273],[-121.2549178,38.8949637]]]},"properties":{"course_id":"turkey_creek_lincoln","course_name":"Turkey Creek Golf Club","hole_number":13,"feature_type":"fairway","name":"hole_13_fairway","feature-color":"#4a7c3f","is_approximate":true,"source":"osm","@id":"74c7e5ab-a2f5-4d9d-b1c3-838bd499ed11","osm_id":1232308006}},{"type":"Feature","bbox":[-121.2525254,38.8947057,-121.2523701,38.8947784],"geometry":{"type":"Polygon","coordinates":[[[-121.2525056,38.8947784],[-121.2524752,38.8947766],[-121.2524332,38.8947684],[-121.2523947,38.8947566],[-121.2523725,38.8947439],[-121.2523701,38.8947221],[-121.2523818,38.8947075],[-121.2524145,38.8947057],[-121.2524472,38.8947121],[-121.2524822,38.8947203],[-121.2525067,38.8947266],[-121.2525254,38.894743],[-121.2525231,38.8947675],[-121.2525056,38.8947784]]]},"properties":{"course_id":"turkey_creek_lincoln","course_name":"Turkey Creek Golf Club","hole_number":13,"feature_type":"tee_box","name":"hole_13_tee_box","feature-color":"#8b7355","is_approximate":true,"source":"osm","@id":"b790d88a-72fb-4bb4-8fb3-8731c0071f19","osm_id":1232308007}},{"type":"Feature","bbox":[-121.2528045,38.8947121,-121.2526223,38.8947966],"geometry":{"type":"Polygon","coordinates":[[[-121.2527671,38.894793],[-121.2527169,38.8947966],[-121.2526632,38.894793],[-121.2526305,38.8947775],[-121.2526223,38.8947484],[-121.2526305,38.8947239],[-121.2526573,38.8947121],[-121.2526994,38.8947139],[-121.2527367,38.8947194],[-121.2527648,38.894723],[-121.2527939,38.8947348],[-121.2528045,38.8947593],[-121.2527963,38.8947839],[-121.2527671,38.894793]]]},"properties":{"course_id":"turkey_creek_lincoln","course_name":"Turkey Creek Golf Club","hole_number":13,"feature_type":"tee_box","name":"hole_13_tee_box_2","feature-color":"#8b7355","is_approximate":true,"source":"osm","@id":"1c2dcf32-4c38-4fdd-a5e7-15388276da1c","osm_id":1232308008}},{"type":"Feature","bbox":[-121.2522697,38.8946603,-121.2521915,38.8947175],"geometry":{"type":"Polygon","coordinates":[[[-121.2522697,38.8947084],[-121.2522476,38.8947175],[-121.2522207,38.8947112],[-121.2522009,38.8946966],[-121.2521915,38.8946739],[-121.2522102,38.8946603],[-121.2522335,38.8946621],[-121.2522569,38.894673],[-121.2522686,38.8946885],[-121.2522697,38.8947084]]]},"properties":{"course_id":"turkey_creek_lincoln","course_name":"Turkey Creek Golf Club","hole_number":13,"feature_type":"tee_box","name":"hole_13_tee_box_3","feature-color":"#8b7355","is_approximate":true,"source":"osm","@id":"6aa75cf6-75ee-406f-b884-e8e4bd61c7e9","osm_id":1232308009}},{"type":"Feature","bbox":[-121.256424,38.894806,-121.2563196,38.894952],"geometry":{"type":"Polygon","coordinates":[[[-121.256424,38.8949162],[-121.2564151,38.894941],[-121.256385,38.894952],[-121.2563479,38.8949423],[-121.2563284,38.8948955],[-121.2563196,38.8948597],[-121.2563284,38.8948198],[-121.2563496,38.894806],[-121.2563815,38.894806],[-121.2564063,38.8948156],[-121.2564169,38.8948446],[-121.2564186,38.8948776],[-121.256424,38.8949162]]]},"properties":{"course_id":"turkey_creek_lincoln","course_name":"Turkey Creek Golf Club","hole_number":14,"feature_type":"tee_box","name":"hole_14_tee_box","feature-color":"#8b7355","is_approximate":true,"source":"osm","@id":"15af3485-b8f6-4a7e-9a6e-1a0510c35085","osm_id":1232308010}},{"type":"Feature","bbox":[-121.2565408,38.8950388,-121.2564186,38.8951655],"geometry":{"type":"Polygon","coordinates":[[[-121.2565177,38.89516],[-121.2564877,38.8951655],[-121.2564576,38.8951448],[-121.2564346,38.8951159],[-121.2564186,38.8950856],[-121.2564204,38.8950567],[-121.2564399,38.8950401],[-121.25647,38.8950388],[-121.2564983,38.8950691],[-121.2565248,38.8951007],[-121.2565408,38.8951365],[-121.2565177,38.89516]]]},"properties":{"course_id":"turkey_creek_lincoln","course_name":"Turkey Creek Golf Club","hole_number":14,"feature_type":"tee_box","name":"hole_14_tee_box_2","feature-color":"#8b7355","is_approximate":true,"source":"osm","@id":"93c4c9b4-1dfa-4eb1-82e2-0d0c6f611453","osm_id":1232308011}},{"type":"Feature","bbox":[-121.2566186,38.8952302,-121.2565177,38.8953307],"geometry":{"type":"Polygon","coordinates":[[[-121.2566045,38.8952564],[-121.2566186,38.8952894],[-121.2566098,38.8953225],[-121.2565708,38.8953307],[-121.2565372,38.8953115],[-121.2565248,38.8952853],[-121.2565177,38.8952591],[-121.2565301,38.8952385],[-121.2565602,38.8952302],[-121.2565903,38.8952371],[-121.2566045,38.8952564]]]},"properties":{"course_id":"turkey_creek_lincoln","course_name":"Turkey Creek Golf Club","hole_number":14,"feature_type":"tee_box","name":"hole_14_tee_box_3","feature-color":"#8b7355","is_approximate":true,"source":"osm","@id":"e7c463ab-6122-4e7e-817a-59ce610ffc82","osm_id":1232308012}},{"type":"Feature","bbox":[-121.2571106,38.8957714,-121.2568973,38.8961616],"geometry":{"type":"Polygon","coordinates":[[[-121.2570611,38.8959997],[-121.2570785,38.8960234],[-121.2570967,38.8960423],[-121.2571075,38.8960674],[-121.2571106,38.8960914],[-121.2571075,38.8961103],[-121.2570983,38.8961281],[-121.2570761,38.8961449],[-121.2570517,38.8961559],[-121.2570196,38.8961616],[-121.2569945,38.8961604],[-121.2569672,38.8961555],[-121.2569492,38.8961476],[-121.2569293,38.8961379],[-121.2569101,38.8961226],[-121.2568986,38.896103],[-121.2568973,38.8960784],[-121.2569082,38.8960556],[-121.2569309,38.8960297],[-121.2569496,38.8960098],[-121.2569563,38.8959921],[-121.2569604,38.8959639],[-121.2569563,38.895942],[-121.2569538,38.8959153],[-121.25696,38.8958914],[-121.2569684,38.89587],[-121.2569766,38.8958515],[-121.2569822,38.8958239],[-121.2569881,38.8957982],[-121.2569933,38.8957877],[-121.2570031,38.8957781],[-121.2570237,38.8957714],[-121.2570469,38.895773],[-121.2570663,38.8957835],[-121.2570784,38.8958012],[-121.2570829,38.8958239],[-121.2570805,38.895849],[-121.257073,38.8958731],[-121.2570583,38.8959117],[-121.2570516,38.8959399],[-121.2570527,38.8959702],[-121.2570611,38.8959997]]]},"properties":{"course_id":"turkey_creek_lincoln","course_name":"Turkey Creek Golf Club","hole_number":14,"feature_type":"green","name":"hole_14_green","feature-color":"#2d6e2d","is_approximate":true,"source":"osm","@id":"103bd2c4-da78-4201-ad78-de03fadb1fbf","osm_id":1232308013}},{"type":"Feature","bbox":[-121.256355,38.8959772,-121.2562736,38.8960247],"geometry":{"type":"Polygon","coordinates":[[[-121.2563204,38.8960192],[-121.2563001,38.896015],[-121.2562797,38.8960088],[-121.2562736,38.8959951],[-121.2562815,38.8959772],[-121.2563054,38.8959792],[-121.256332,38.8959875],[-121.2563514,38.8959944],[-121.256355,38.8960137],[-121.2563417,38.8960247],[-121.2563204,38.8960192]]]},"properties":{"course_id":"turkey_creek_lincoln","course_name":"Turkey Creek Golf Club","hole_number":15,"feature_type":"tee_box","name":"hole_15_tee_box","feature-color":"#8b7355","is_approximate":true,"source":"osm","@id":"84b99d94-8641-4bbd-9f1f-dcab5261a2d7","osm_id":1232308015}},{"type":"Feature","bbox":[-121.2562152,38.8959012,-121.2559641,38.8959863],"geometry":{"type":"Polygon","coordinates":[[[-121.2561705,38.8959311],[-121.2561305,38.8959216],[-121.256075,38.8959132],[-121.2560242,38.8959036],[-121.2559841,38.8959012],[-121.2559641,38.8959156],[-121.2559672,38.8959407],[-121.2559949,38.8959503],[-121.2560458,38.8959599],[-121.2560966,38.8959719],[-121.2561474,38.8959803],[-121.2561798,38.8959863],[-121.2562013,38.8959851],[-121.2562152,38.8959659],[-121.2562121,38.8959455],[-121.2561936,38.8959371],[-121.2561705,38.8959311]]]},"properties":{"course_id":"turkey_creek_lincoln","course_name":"Turkey Creek Golf Club","hole_number":15,"feature_type":"tee_box","name":"hole_15_tee_box_2","feature-color":"#8b7355","is_approximate":true,"source":"osm","@id":"12ff749d-ff12-41f8-8bb1-b2cab1e7cd8f","osm_id":1232308016}},{"type":"Feature","bbox":[-121.2550429,38.8959383,-121.2549381,38.8959971],"geometry":{"type":"Polygon","coordinates":[[[-121.2550367,38.8959539],[-121.2550151,38.8959431],[-121.2549812,38.8959383],[-121.2549535,38.8959443],[-121.2549381,38.8959623],[-121.2549551,38.8959839],[-121.2549812,38.8959947],[-121.2550059,38.8959971],[-121.2550336,38.8959911],[-121.2550429,38.8959767],[-121.2550367,38.8959539]]]},"properties":{"course_id":"turkey_creek_lincoln","course_name":"Turkey Creek Golf Club","hole_number":15,"feature_type":"tee_box","name":"hole_15_tee_box_3","feature-color":"#8b7355","is_approximate":true,"source":"osm","@id":"631bb27a-0080-4df9-a8e5-175362186053","osm_id":1232308017}},{"type":"Feature","bbox":[-121.253475,38.8954279,-121.2533185,38.8954975],"geometry":{"type":"Polygon","coordinates":[[[-121.2534465,38.8954809],[-121.2534333,38.8954864],[-121.253413,38.8954935],[-121.2533998,38.8954967],[-121.2533754,38.8954975],[-121.253353,38.8954943],[-121.2533368,38.8954872],[-121.2533256,38.8954801],[-121.2533195,38.8954666],[-121.2533185,38.895454],[-121.2533266,38.8954429],[-121.2533398,38.8954366],[-121.2533581,38.895435],[-121.2533723,38.8954413],[-121.2533845,38.8954476],[-121.2533998,38.8954484],[-121.253414,38.8954405],[-121.2534272,38.8954302],[-121.2534465,38.8954279],[-121.2534628,38.895431],[-121.2534699,38.8954405],[-121.253475,38.8954532],[-121.2534719,38.8954643],[-121.2534618,38.8954745],[-121.2534465,38.8954809]]]},"properties":{"course_id":"turkey_creek_lincoln","course_name":"Turkey Creek Golf Club","hole_number":15,"feature_type":"bunker","name":"hole_15_bunker","feature-color":"#d4b483","is_approximate":true,"source":"osm","@id":"582cd7b8-fe8a-49b5-bd7c-8e5fbaf01ce7","osm_id":1232308018}},{"type":"Feature","bbox":[-121.2534435,38.8957039,-121.253287,38.8957815],"geometry":{"type":"Polygon","coordinates":[[[-121.2534414,38.8957609],[-121.2534435,38.8957474],[-121.2534384,38.8957348],[-121.2534282,38.8957285],[-121.253413,38.8957245],[-121.2533967,38.8957277],[-121.2533754,38.8957269],[-121.2533571,38.895719],[-121.2533439,38.8957087],[-121.2533276,38.8957039],[-121.2533073,38.8957063],[-121.25329,38.8957182],[-121.253287,38.8957348],[-121.2532941,38.8957514],[-121.2533073,38.8957601],[-121.2533266,38.8957617],[-121.2533479,38.8957585],[-121.2533622,38.8957609],[-121.2533774,38.8957688],[-121.2533896,38.8957759],[-121.2534038,38.8957807],[-121.2534211,38.8957815],[-121.2534343,38.8957743],[-121.2534414,38.8957609]]]},"properties":{"course_id":"turkey_creek_lincoln","course_name":"Turkey Creek Golf Club","hole_number":15,"feature_type":"bunker","name":"hole_15_bunker_2","feature-color":"#d4b483","is_approximate":true,"source":"osm","@id":"4327c7e4-0263-4e9b-abd1-61e792783d3b","osm_id":1232308019}},{"type":"Feature","bbox":[-121.2529142,38.8953894,-121.252606,38.8956129],"geometry":{"type":"Polygon","coordinates":[[[-121.2528395,38.8954712],[-121.252822,38.8954557],[-121.2528091,38.8954412],[-121.2527904,38.8954203],[-121.2527717,38.8954057],[-121.2527449,38.8953948],[-121.2527122,38.8953894],[-121.2526819,38.8953921],[-121.2526492,38.8954012],[-121.2526258,38.8954148],[-121.2526106,38.8954366],[-121.252606,38.8954593],[-121.2526106,38.8954812],[-121.2526258,38.895503],[-121.2526445,38.8955293],[-121.252655,38.8955547],[-121.2526562,38.8955775],[-121.252662,38.8955975],[-121.2526702,38.8956057],[-121.2526854,38.8956111],[-121.2527169,38.8956129],[-121.2527461,38.8956075],[-121.2527717,38.895602],[-121.2527998,38.8956002],[-121.2528266,38.8955993],[-121.2528558,38.8955956],[-121.2528827,38.8955893],[-121.2529025,38.8955738],[-121.2529142,38.8955511],[-121.252913,38.8955284],[-121.2529001,38.8955089],[-121.2528815,38.8954957],[-121.252857,38.8954839],[-121.2528395,38.8954712]]]},"properties":{"course_id":"turkey_creek_lincoln","course_name":"Turkey Creek Golf Club","hole_number":15,"feature_type":"green","name":"hole_15_green","feature-color":"#2d6e2d","is_approximate":true,"source":"osm","@id":"a1600888-a5c0-431b-80cc-527122a0b313","osm_id":1232308020}},{"type":"Feature","bbox":[-121.2532919,38.8959266,-121.2531394,38.8960294],"geometry":{"type":"Polygon","coordinates":[[[-121.2532329,38.8959424],[-121.2532797,38.8959645],[-121.2532919,38.8959962],[-121.2532695,38.8960294],[-121.2532207,38.8960246],[-121.2531801,38.8960104],[-121.2531557,38.895993],[-121.2531394,38.8959724],[-121.2531455,38.8959455],[-121.2531679,38.8959266],[-121.2532329,38.8959424]]]},"properties":{"course_id":"turkey_creek_lincoln","course_name":"Turkey Creek Golf Club","hole_number":16,"feature_type":"tee_box","name":"hole_16_tee_box","feature-color":"#8b7355","is_approximate":true,"source":"osm","@id":"acef6719-5b02-4e3a-9898-11b336c1bbe5","osm_id":1232308022}},{"type":"Feature","bbox":[-121.2535419,38.896031,-121.2533691,38.8961433],"geometry":{"type":"Polygon","coordinates":[[[-121.2535073,38.8961433],[-121.2534565,38.8961306],[-121.2534138,38.8961117],[-121.2533732,38.8960895],[-121.2533691,38.8960579],[-121.2533996,38.896031],[-121.2534443,38.8960389],[-121.253487,38.8960642],[-121.2535256,38.8960848],[-121.2535419,38.8961085],[-121.2535358,38.896137],[-121.2535073,38.8961433]]]},"properties":{"course_id":"turkey_creek_lincoln","course_name":"Turkey Creek Golf Club","hole_number":16,"feature_type":"tee_box","name":"hole_16_tee_box_2","feature-color":"#8b7355","is_approximate":true,"source":"osm","@id":"8311ec17-c64a-4d07-bb1a-6d24ab0f82bf","osm_id":1232308023}},{"type":"Feature","bbox":[-121.2584411,38.8978595,-121.2580279,38.8980248],"geometry":{"type":"Polygon","coordinates":[[[-121.2582658,38.8979979],[-121.2582397,38.8980029],[-121.2582181,38.8980159],[-121.2581986,38.8980221],[-121.2581703,38.8980248],[-121.2581491,38.8980248],[-121.2581199,38.8980179],[-121.2580978,38.8980104],[-121.2580721,38.8979973],[-121.2580544,38.8979835],[-121.2580394,38.8979628],[-121.2580287,38.8979387],[-121.2580279,38.8979126],[-121.2580332,38.8978926],[-121.2580438,38.8978774],[-121.2580571,38.8978664],[-121.2580765,38.8978609],[-121.2580969,38.8978595],[-121.2581252,38.8978616],[-121.2581535,38.8978664],[-121.25818,38.8978774],[-121.2582092,38.8978905],[-121.2582358,38.897905],[-121.2582597,38.8979167],[-121.2582818,38.8979211],[-121.2583075,38.8979215],[-121.258334,38.8979174],[-121.2583632,38.8979084],[-121.2583844,38.8979064],[-121.2584039,38.8979098],[-121.2584207,38.8979188],[-121.2584346,38.8979312],[-121.2584408,38.897946],[-121.2584411,38.8979608],[-121.2584313,38.8979807],[-121.2584119,38.8979931],[-121.258388,38.8980021],[-121.2583499,38.8980069],[-121.258326,38.8980055],[-121.2582951,38.8979986],[-121.2582658,38.8979979]]]},"properties":{"course_id":"turkey_creek_lincoln","course_name":"Turkey Creek Golf Club","hole_number":16,"feature_type":"green","name":"hole_16_green","feature-color":"#2d6e2d","is_approximate":true,"source":"osm","@id":"c9835f49-6f0a-44e3-ae9d-33804f73f40f","osm_id":1232308024}},{"type":"Feature","bbox":[-121.2615403,38.8977673,-121.261378,38.8978675],"geometry":{"type":"Polygon","coordinates":[[[-121.2615,38.8978007],[-121.2614504,38.8977715],[-121.2614021,38.8977673],[-121.261378,38.8977924],[-121.2614088,38.8978289],[-121.261437,38.8978466],[-121.2614611,38.8978612],[-121.261496,38.8978675],[-121.2615202,38.8978665],[-121.2615403,38.8978477],[-121.2615322,38.8978195],[-121.2615,38.8978007]]]},"properties":{"course_id":"turkey_creek_lincoln","course_name":"Turkey Creek Golf Club","hole_number":17,"feature_type":"tee_box","name":"hole_17_tee_box","feature-color":"#8b7355","is_approximate":true,"source":"osm","@id":"2110083c-445d-4b71-9d1e-78cc34da2dfc","osm_id":1232308026}},{"type":"Feature","bbox":[-121.2609448,38.8975753,-121.2607906,38.8976588],"geometry":{"type":"Polygon","coordinates":[[[-121.2609006,38.8976588],[-121.2608429,38.8976504],[-121.2608027,38.8976368],[-121.2607906,38.897617],[-121.2607973,38.897592],[-121.2608255,38.8975753],[-121.2608603,38.8975773],[-121.2609046,38.8975878],[-121.2609287,38.8975982],[-121.2609448,38.897617],[-121.2609435,38.897641],[-121.2609287,38.8976577],[-121.2609006,38.8976588]]]},"properties":{"course_id":"turkey_creek_lincoln","course_name":"Turkey Creek Golf Club","hole_number":17,"feature_type":"tee_box","name":"hole_17_tee_box_2","feature-color":"#8b7355","is_approximate":true,"source":"osm","@id":"791898a0-11a1-4782-aac2-9c051ff74725","osm_id":1232308027}},{"type":"Feature","bbox":[-121.2612734,38.8976295,-121.2610722,38.897736],"geometry":{"type":"Polygon","coordinates":[[[-121.2612546,38.8976807],[-121.2612157,38.8976567],[-121.2611701,38.89764],[-121.2611406,38.8976337],[-121.2611031,38.8976295],[-121.2610763,38.8976421],[-121.2610722,38.897665],[-121.2610856,38.8976838],[-121.2611219,38.8976963],[-121.2611822,38.8977193],[-121.2612224,38.897736],[-121.2612452,38.897736],[-121.261268,38.8977235],[-121.2612734,38.8976984],[-121.2612546,38.8976807]]]},"properties":{"course_id":"turkey_creek_lincoln","course_name":"Turkey Creek Golf Club","hole_number":17,"feature_type":"tee_box","name":"hole_17_tee_box_3","feature-color":"#8b7355","is_approximate":true,"source":"osm","@id":"50977ced-d055-40c0-9e66-b03d8697ad4b","osm_id":1232308028}},{"type":"Feature","bbox":[-121.2578738,38.8962998,-121.2577596,38.8963845],"geometry":{"type":"Polygon","coordinates":[[[-121.2578684,38.8963446],[-121.2578738,38.8963549],[-121.2578711,38.89637],[-121.2578569,38.8963824],[-121.2578295,38.8963845],[-121.2578074,38.896379],[-121.2577862,38.89637],[-121.257764,38.8963521],[-121.2577596,38.8963335],[-121.2577596,38.8963198],[-121.2577693,38.8963046],[-121.257787,38.8962998],[-121.2578092,38.8963019],[-121.2578207,38.8963067],[-121.2578313,38.8963177],[-121.2578392,38.8963253],[-121.2578525,38.8963349],[-121.2578684,38.8963446]]]},"properties":{"course_id":"turkey_creek_lincoln","course_name":"Turkey Creek Golf Club","hole_number":17,"feature_type":"bunker","name":"hole_17_bunker","feature-color":"#d4b483","is_approximate":true,"source":"osm","@id":"dcf04dc9-3e6a-47fc-bf81-2e1aaa549d8e","osm_id":1232308830}},{"type":"Feature","bbox":[-121.2579885,38.8960264,-121.2578965,38.8961299],"geometry":{"type":"Polygon","coordinates":[[[-121.2579852,38.8960652],[-121.2579776,38.896073],[-121.2579702,38.8960839],[-121.2579688,38.896097],[-121.2579697,38.8961116],[-121.2579634,38.8961232],[-121.2579521,38.8961297],[-121.2579357,38.8961299],[-121.25792,38.8961256],[-121.2579124,38.8961147],[-121.2579097,38.8960975],[-121.2579056,38.8960806],[-121.2578965,38.8960658],[-121.2578977,38.8960513],[-121.2579065,38.8960374],[-121.2579219,38.8960312],[-121.2579395,38.8960264],[-121.2579576,38.8960276],[-121.2579741,38.8960326],[-121.2579852,38.8960422],[-121.2579885,38.8960528],[-121.2579852,38.8960652]]]},"properties":{"course_id":"turkey_creek_lincoln","course_name":"Turkey Creek Golf Club","hole_number":17,"feature_type":"bunker","name":"hole_17_bunker_2","feature-color":"#d4b483","is_approximate":true,"source":"osm","@id":"edbdb76f-3ab2-4fb9-be0b-4cf7b1508010","osm_id":1232308831}},{"type":"Feature","bbox":[-121.2578228,38.8959093,-121.2576947,38.8959751],"geometry":{"type":"Polygon","coordinates":[[[-121.2578228,38.8959472],[-121.2578181,38.8959612],[-121.257809,38.8959707],[-121.2577963,38.8959751],[-121.2577789,38.8959748],[-121.2577614,38.895972],[-121.2577357,38.8959672],[-121.2577157,38.8959632],[-121.2577012,38.895952],[-121.2576947,38.8959381],[-121.2576962,38.8959231],[-121.2577065,38.8959136],[-121.2577263,38.8959093],[-121.257744,38.8959093],[-121.2577644,38.8959148],[-121.2577857,38.8959208],[-121.2578053,38.8959247],[-121.2578195,38.8959327],[-121.2578228,38.8959472]]]},"properties":{"course_id":"turkey_creek_lincoln","course_name":"Turkey Creek Golf Club","hole_number":17,"feature_type":"bunker","name":"hole_17_bunker_3","feature-color":"#d4b483","is_approximate":true,"source":"osm","@id":"960bed63-190c-4b0b-816e-d3eefc6594f2","osm_id":1232308832}},{"type":"Feature","bbox":[-121.2579178,38.8960168,-121.2576011,38.8962349],"geometry":{"type":"Polygon","coordinates":[[[-121.2578794,38.8961248],[-121.2578905,38.8961411],[-121.2579036,38.8961521],[-121.2579137,38.8961634],[-121.2579178,38.8961785],[-121.2579148,38.8961962],[-121.2579082,38.8962099],[-121.257896,38.8962218],[-121.2578778,38.8962313],[-121.2578586,38.8962339],[-121.2578237,38.8962349],[-121.2577969,38.8962326],[-121.2577728,38.8962339],[-121.2577507,38.8962339],[-121.2577325,38.8962315],[-121.2577198,38.896228],[-121.2577066,38.8962188],[-121.2576946,38.8962056],[-121.2576832,38.8961938],[-121.2576679,38.896178],[-121.2576505,38.8961649],[-121.2576348,38.8961545],[-121.2576195,38.8961469],[-121.2576088,38.896137],[-121.2576025,38.8961201],[-121.2576011,38.8961013],[-121.2576065,38.8960794],[-121.2576212,38.8960617],[-121.2576373,38.8960502],[-121.2576561,38.8960398],[-121.2576776,38.8960314],[-121.257699,38.8960262],[-121.2577205,38.896021],[-121.2577459,38.8960168],[-121.2577755,38.8960168],[-121.257809,38.8960199],[-121.2578345,38.8960283],[-121.2578526,38.8960402],[-121.2578625,38.896055],[-121.2578673,38.8960702],[-121.25787,38.8960861],[-121.2578707,38.8960993],[-121.2578794,38.8961248]]]},"properties":{"course_id":"turkey_creek_lincoln","course_name":"Turkey Creek Golf Club","hole_number":17,"feature_type":"green","name":"hole_17_green","feature-color":"#2d6e2d","is_approximate":true,"source":"osm","@id":"a3b434ec-5277-4138-9229-2443b561add7","osm_id":1232308833}},{"type":"Feature","bbox":[-121.2589841,38.896028,-121.2588451,38.8961289],"geometry":{"type":"Polygon","coordinates":[[[-121.2589537,38.8961116],[-121.258921,38.8961225],[-121.2588883,38.8961289],[-121.2588498,38.8961161],[-121.2588451,38.8960916],[-121.2588521,38.8960562],[-121.2588883,38.8960371],[-121.2589175,38.8960307],[-121.2589409,38.896028],[-121.2589712,38.8960362],[-121.2589817,38.8960544],[-121.2589841,38.8960734],[-121.2589771,38.8960971],[-121.2589537,38.8961116]]]},"properties":{"course_id":"turkey_creek_lincoln","course_name":"Turkey Creek Golf Club","hole_number":18,"feature_type":"tee_box","name":"hole_18_tee_box","feature-color":"#8b7355","is_approximate":true,"source":"osm","@id":"1fca44f8-df10-4344-9695-d5865746195c","osm_id":1232308835}},{"type":"Feature","bbox":[-121.2592619,38.8962016,-121.2590459,38.8962888],"geometry":{"type":"Polygon","coordinates":[[[-121.2592187,38.896267],[-121.2591907,38.8962752],[-121.2591534,38.8962797],[-121.2591102,38.8962888],[-121.2590705,38.8962888],[-121.2590459,38.8962697],[-121.2590459,38.8962379],[-121.2590705,38.8962206],[-121.2591102,38.8962134],[-121.259158,38.8962061],[-121.2591954,38.8962025],[-121.2592234,38.8962016],[-121.2592433,38.8962088],[-121.2592608,38.8962261],[-121.2592619,38.8962452],[-121.2592433,38.8962624],[-121.2592187,38.896267]]]},"properties":{"course_id":"turkey_creek_lincoln","course_name":"Turkey Creek Golf Club","hole_number":18,"feature_type":"tee_box","name":"hole_18_tee_box_2","feature-color":"#8b7355","is_approximate":true,"source":"osm","@id":"19093812-a38a-4705-85b8-80f02050785c","osm_id":1232308836}},{"type":"Feature","bbox":[-121.2598679,38.8962106,-121.2597628,38.8962861],"geometry":{"type":"Polygon","coordinates":[[[-121.2598445,38.8962688],[-121.2598153,38.8962842],[-121.2597803,38.8962861],[-121.2597628,38.8962724],[-121.2597651,38.8962488],[-121.2597826,38.8962279],[-121.2598223,38.8962125],[-121.2598468,38.8962106],[-121.259862,38.8962215],[-121.2598679,38.8962379],[-121.2598632,38.8962579],[-121.2598445,38.8962688]]]},"properties":{"course_id":"turkey_creek_lincoln","course_name":"Turkey Creek Golf Club","hole_number":18,"feature_type":"tee_box","name":"hole_18_tee_box_3","feature-color":"#8b7355","is_approximate":true,"source":"osm","@id":"9e3f586a-4b3b-428b-b54c-e6457fe3573a","osm_id":1232308837}},{"type":"Feature","bbox":[-121.2612163,38.8950494,-121.2603804,38.8960071],"geometry":{"type":"Polygon","coordinates":[[[-121.2610459,38.8952902],[-121.2610832,38.8953256],[-121.2611439,38.8953838],[-121.2611883,38.8954419],[-121.2612163,38.8955128],[-121.2612117,38.8955782],[-121.2611907,38.8956118],[-121.2611556,38.89564],[-121.2611019,38.8956509],[-121.2609968,38.8956527],[-121.2608801,38.89566],[-121.2608077,38.8956727],[-121.2607704,38.8956914],[-121.2607377,38.8957155],[-121.2607026,38.8957709],[-121.2606699,38.8958363],[-121.2606139,38.8959199],[-121.2605742,38.8959726],[-121.2605298,38.8960035],[-121.2604738,38.8960071],[-121.2604201,38.8959835],[-121.2603874,38.8959435],[-121.2603804,38.8959053],[-121.2603944,38.895849],[-121.2604248,38.8957854],[-121.2604539,38.8957272],[-121.2604878,38.8956691],[-121.2605147,38.8956118],[-121.2605462,38.8955637],[-121.2605719,38.8955201],[-121.2605999,38.8954701],[-121.2606325,38.8954074],[-121.2606652,38.8953438],[-121.260677,38.8953075],[-121.260688,38.8952552],[-121.2606827,38.8952202],[-121.2606606,38.8951711],[-121.2606606,38.8951312],[-121.2607003,38.8950912],[-121.2607423,38.8950657],[-121.2607867,38.8950494],[-121.2608404,38.8950512],[-121.2608871,38.8950712],[-121.2609408,38.8951421],[-121.2609723,38.8952048],[-121.261012,38.8952566],[-121.2610459,38.8952902]]]},"properties":{"course_id":"turkey_creek_lincoln","course_name":"Turkey Creek Golf Club","hole_number":18,"feature_type":"fairway","name":"hole_18_fairway","feature-color":"#4a7c3f","is_approximate":true,"source":"osm","@id":"a57d5ee4-9b7c-45bf-a52b-18456c5991dd","osm_id":1232308838}},{"type":"Feature","bbox":[-121.2620149,38.8939981,-121.2616051,38.8942061],"geometry":{"type":"Polygon","coordinates":[[[-121.2619629,38.8941463],[-121.2619308,38.8941607],[-121.2618853,38.8941798],[-121.2618404,38.894198],[-121.2617989,38.8942043],[-121.2617481,38.8942061],[-121.2617178,38.894203],[-121.2616793,38.8941988],[-121.2616483,38.8941957],[-121.2616293,38.8941871],[-121.2616162,38.8941739],[-121.2616086,38.8941571],[-121.2616051,38.8941393],[-121.261606,38.8941223],[-121.2616162,38.8941062],[-121.2616366,38.8940898],[-121.2616681,38.8940798],[-121.2617008,38.894078],[-121.2617359,38.8940717],[-121.2617732,38.8940635],[-121.2618047,38.8940517],[-121.2618304,38.8940371],[-121.2618538,38.894018],[-121.2618748,38.8940035],[-121.2618993,38.8939981],[-121.261932,38.893999],[-121.2619565,38.8940071],[-121.2619799,38.8940217],[-121.2619997,38.8940435],[-121.2620102,38.8940644],[-121.2620149,38.8940862],[-121.2620067,38.8941062],[-121.2619904,38.8941244],[-121.2619629,38.8941463]]]},"properties":{"course_id":"turkey_creek_lincoln","course_name":"Turkey Creek Golf Club","hole_number":18,"feature_type":"green","name":"hole_18_green","feature-color":"#2d6e2d","is_approximate":true,"source":"osm","@id":"fb9ef90e-e0f1-4db1-b57c-b71802ce7125","osm_id":1232308839}},{"type":"Feature","bbox":[-121.2552638,38.8966587,-121.2551311,38.8967391],"geometry":{"type":"Polygon","coordinates":[[[-121.2552397,38.8966827],[-121.2552142,38.8966733],[-121.2551887,38.8966629],[-121.2551592,38.8966587],[-121.2551351,38.896665],[-121.2551311,38.8966859],[-121.2551485,38.8967099],[-121.2551726,38.8967214],[-121.2551995,38.8967339],[-121.255229,38.8967391],[-121.2552544,38.8967297],[-121.2552638,38.8967109],[-121.2552571,38.8966953],[-121.2552397,38.8966827]]]},"properties":{"course_id":"turkey_creek_lincoln","course_name":"Turkey Creek Golf Club","hole_number":16,"feature_type":"tee_box","name":"hole_16_tee_box_3","feature-color":"#8b7355","is_approximate":true,"source":"osm","@id":"87168d38-bd53-47cb-b664-3c591afa0932","osm_id":1512723505}},{"type":"Feature","bbox":[-121.259995,38.8969815,-121.2598588,38.8970693],"geometry":{"type":"Polygon","coordinates":[[[-121.2599757,38.8970068],[-121.2599564,38.8969957],[-121.2599371,38.896987],[-121.2599056,38.8969815],[-121.2598842,38.896987],[-121.2598639,38.8969989],[-121.2598588,38.8970202],[-121.25987,38.8970376],[-121.2598923,38.8970503],[-121.2599198,38.8970645],[-121.2599493,38.8970693],[-121.2599747,38.8970653],[-121.2599919,38.8970511],[-121.259995,38.8970329],[-121.2599919,38.8970179],[-121.2599757,38.8970068]]]},"properties":{"course_id":"turkey_creek_lincoln","course_name":"Turkey Creek Golf Club","hole_number":17,"feature_type":"tee_box","name":"hole_17_tee_box_4","feature-color":"#8b7355","is_approximate":true,"source":"osm","@id":"af4bef2c-59e6-4bf8-aef6-d836219cf66e","osm_id":1512728778}},{"type":"Feature","bbox":[-121.26154440204715,38.895637715557754,-121.26154440204715,38.895637715557754],"geometry":{"type":"Point","coordinates":[-121.26154440204715,38.895637715557754]},"properties":{"course_id":"turkey_creek_lincoln","course_name":"Turkey Creek Golf Club","hole_number":3,"feature_type":"tee_center","name":"hole_3_tee_center","feature-color":"#c8a055","is_approximate":true,"source":"derived","@id":"45c66325-e54e-4971-8229-e384c065b700"}},{"type":"Feature","bbox":[-121.26260763766544,38.89433815153045,-121.26260763766544,38.89433815153045],"geometry":{"type":"Point","coordinates":[-121.26260763766544,38.89433815153045]},"properties":{"course_id":"turkey_creek_lincoln","course_name":"Turkey Creek Golf Club","hole_number":3,"feature_type":"green_center","name":"hole_3_green_center","feature-color":"#5aae5a","is_approximate":true,"source":"derived","@id":"8fe048a3-5e55-4dd2-b01d-56707b5cd414"}},{"type":"Feature","bbox":[-121.26255939498274,38.894436354695515,-121.26255939498274,38.894436354695515],"geometry":{"type":"Point","coordinates":[-121.26255939498274,38.894436354695515]},"properties":{"course_id":"turkey_creek_lincoln","course_name":"Turkey Creek Golf Club","hole_number":3,"feature_type":"green_front","name":"hole_3_green_front","feature-color":"#5aae5a","is_approximate":true,"source":"derived","@id":"d2886d88-973f-4589-8abc-b9085ef8fce4"}},{"type":"Feature","bbox":[-121.26264137927136,38.89426946686557,-121.26264137927136,38.89426946686557],"geometry":{"type":"Point","coordinates":[-121.26264137927136,38.89426946686557]},"properties":{"course_id":"turkey_creek_lincoln","course_name":"Turkey Creek Golf Club","hole_number":3,"feature_type":"green_back","name":"hole_3_green_back","feature-color":"#5aae5a","is_approximate":true,"source":"derived","@id":"2d924e25-f345-4be7-8f40-ae6ab720adba"}},{"type":"Feature","bbox":[-121.26309500253802,38.89469478564105,-121.26309500253802,38.89469478564105],"geometry":{"type":"Point","coordinates":[-121.26309500253802,38.89469478564105]},"properties":{"course_id":"turkey_creek_lincoln","course_name":"Turkey Creek Golf Club","hole_number":3,"feature_type":"green_center","name":"hole_3_green_center_2","feature-color":"#5aae5a","is_approximate":true,"source":"derived","@id":"16271bfb-aa81-4285-8530-5b65bf4eb35f"}},{"type":"Feature","bbox":[-121.26298835565815,38.89478384064987,-121.26298835565815,38.89478384064987],"geometry":{"type":"Point","coordinates":[-121.26298835565815,38.89478384064987]},"properties":{"course_id":"turkey_creek_lincoln","course_name":"Turkey Creek Golf Club","hole_number":3,"feature_type":"green_front","name":"hole_3_green_front_2","feature-color":"#5aae5a","is_approximate":true,"source":"derived","@id":"300449dc-f9fd-4d16-ad88-7f1e36474e3b"}},{"type":"Feature","bbox":[-121.2632047400044,38.89460314985154,-121.2632047400044,38.89460314985154],"geometry":{"type":"Point","coordinates":[-121.2632047400044,38.89460314985154]},"properties":{"course_id":"turkey_creek_lincoln","course_name":"Turkey Creek Golf Club","hole_number":3,"feature_type":"green_back","name":"hole_3_green_back_2","feature-color":"#5aae5a","is_approximate":true,"source":"derived","@id":"a2783f91-0469-4479-b29c-50825aadc6ab"}},{"type":"Feature","bbox":[-121.26313676739694,38.89543162337935,-121.26313676739694,38.89543162337935],"geometry":{"type":"Point","coordinates":[-121.26313676739694,38.89543162337935]},"properties":{"course_id":"turkey_creek_lincoln","course_name":"Turkey Creek Golf Club","hole_number":1,"feature_type":"tee_center","name":"hole_1_tee_center","feature-color":"#c8a055","is_approximate":true,"source":"derived","@id":"c64a84b7-98ab-430d-8e39-b38e351f8f14"}},{"type":"Feature","bbox":[-121.26527260172455,38.89739767113247,-121.26527260172455,38.89739767113247],"geometry":{"type":"Point","coordinates":[-121.26527260172455,38.89739767113247]},"properties":{"course_id":"turkey_creek_lincoln","course_name":"Turkey Creek Golf Club","hole_number":1,"feature_type":"green_center","name":"hole_1_green_center","feature-color":"#5aae5a","is_approximate":true,"source":"derived","@id":"cd3b52f1-1272-4d3e-bd01-de5f893de818"}},{"type":"Feature","bbox":[-121.26519012888903,38.89732439867574,-121.26519012888903,38.89732439867574],"geometry":{"type":"Point","coordinates":[-121.26519012888903,38.89732439867574]},"properties":{"course_id":"turkey_creek_lincoln","course_name":"Turkey Creek Golf Club","hole_number":1,"feature_type":"green_front","name":"hole_1_green_front","feature-color":"#5aae5a","is_approximate":true,"source":"derived","@id":"6f00e763-ca05-40c6-9332-f48fe2245cb8"}},{"type":"Feature","bbox":[-121.26533848196134,38.89745620200229,-121.26533848196134,38.89745620200229],"geometry":{"type":"Point","coordinates":[-121.26533848196134,38.89745620200229]},"properties":{"course_id":"turkey_creek_lincoln","course_name":"Turkey Creek Golf Club","hole_number":1,"feature_type":"green_back","name":"hole_1_green_back","feature-color":"#5aae5a","is_approximate":true,"source":"derived","@id":"82213b51-31da-48d2-b1c3-b0ec374bf4ce"}},{"type":"Feature","bbox":[-121.2635559025027,38.8978801589441,-121.2635559025027,38.8978801589441],"geometry":{"type":"Point","coordinates":[-121.2635559025027,38.8978801589441]},"properties":{"course_id":"turkey_creek_lincoln","course_name":"Turkey Creek Golf Club","hole_number":2,"feature_type":"tee_center","name":"hole_2_tee_center","feature-color":"#c8a055","is_approximate":true,"source":"derived","@id":"2fa725aa-88dc-4297-8485-42f8d209ff03"}},{"type":"Feature","bbox":[-121.260526513282,38.89650170702627,-121.260526513282,38.89650170702627],"geometry":{"type":"Point","coordinates":[-121.260526513282,38.89650170702627]},"properties":{"course_id":"turkey_creek_lincoln","course_name":"Turkey Creek Golf Club","hole_number":2,"feature_type":"green_center","name":"hole_2_green_center","feature-color":"#5aae5a","is_approximate":true,"source":"derived","@id":"692ec022-e1be-4148-9301-af449515c5b1"}},{"type":"Feature","bbox":[-121.2607117378824,38.89650923141133,-121.2607117378824,38.89650923141133],"geometry":{"type":"Point","coordinates":[-121.2607117378824,38.89650923141133]},"properties":{"course_id":"turkey_creek_lincoln","course_name":"Turkey Creek Golf Club","hole_number":2,"feature_type":"green_front","name":"hole_2_green_front","feature-color":"#5aae5a","is_approximate":true,"source":"derived","@id":"3c50b964-31ab-45ca-b790-00f249d07d2c"}},{"type":"Feature","bbox":[-121.26034601009198,38.89649437443922,-121.26034601009198,38.89649437443922],"geometry":{"type":"Point","coordinates":[-121.26034601009198,38.89649437443922]},"properties":{"course_id":"turkey_creek_lincoln","course_name":"Turkey Creek Golf Club","hole_number":2,"feature_type":"green_back","name":"hole_2_green_back","feature-color":"#5aae5a","is_approximate":true,"source":"derived","@id":"d9c50a8d-b96c-4f14-b5eb-0390b1881b61"}},{"type":"Feature","bbox":[-121.26123855053098,38.89335771686648,-121.26123855053098,38.89335771686648],"geometry":{"type":"Point","coordinates":[-121.26123855053098,38.89335771686648]},"properties":{"course_id":"turkey_creek_lincoln","course_name":"Turkey Creek Golf Club","hole_number":4,"feature_type":"tee_center","name":"hole_4_tee_center","feature-color":"#c8a055","is_approximate":true,"source":"derived","@id":"5740e473-13c5-428c-81af-a965b915904e"}},{"type":"Feature","bbox":[-121.26224797253063,38.888998056830516,-121.26224797253063,38.888998056830516],"geometry":{"type":"Point","coordinates":[-121.26224797253063,38.888998056830516]},"properties":{"course_id":"turkey_creek_lincoln","course_name":"Turkey Creek Golf Club","hole_number":4,"feature_type":"green_center","name":"hole_4_green_center","feature-color":"#5aae5a","is_approximate":true,"source":"derived","@id":"10a37990-b17e-467b-be78-c4b131d6d320"}},{"type":"Feature","bbox":[-121.2622049729788,38.88917014214779,-121.2622049729788,38.88917014214779],"geometry":{"type":"Point","coordinates":[-121.2622049729788,38.88917014214779]},"properties":{"course_id":"turkey_creek_lincoln","course_name":"Turkey Creek Golf Club","hole_number":4,"feature_type":"green_front","name":"hole_4_green_front","feature-color":"#5aae5a","is_approximate":true,"source":"derived","@id":"36f60a69-4ed2-4892-bb45-19ca0dd9b6d6"}},{"type":"Feature","bbox":[-121.26227588382397,38.888886355113534,-121.26227588382397,38.888886355113534],"geometry":{"type":"Point","coordinates":[-121.26227588382397,38.888886355113534]},"properties":{"course_id":"turkey_creek_lincoln","course_name":"Turkey Creek Golf Club","hole_number":4,"feature_type":"green_back","name":"hole_4_green_back","feature-color":"#5aae5a","is_approximate":true,"source":"derived","@id":"b664dcc1-b2d5-4561-b19f-33097c494317"}},{"type":"Feature","bbox":[-121.26102546291088,38.88936652274832,-121.26102546291088,38.88936652274832],"geometry":{"type":"Point","coordinates":[-121.26102546291088,38.88936652274832]},"properties":{"course_id":"turkey_creek_lincoln","course_name":"Turkey Creek Golf Club","hole_number":5,"feature_type":"tee_center","name":"hole_5_tee_center","feature-color":"#c8a055","is_approximate":true,"source":"derived","@id":"e542155c-bb3a-49e4-b81a-a8b3d46a1a69"}},{"type":"Feature","bbox":[-121.26392312276559,38.88708153020033,-121.26392312276559,38.88708153020033],"geometry":{"type":"Point","coordinates":[-121.26392312276559,38.88708153020033]},"properties":{"course_id":"turkey_creek_lincoln","course_name":"Turkey Creek Golf Club","hole_number":5,"feature_type":"green_center","name":"hole_5_green_center","feature-color":"#5aae5a","is_approximate":true,"source":"derived","@id":"923fe044-f485-40fa-9949-d8bdeae3aaf1"}},{"type":"Feature","bbox":[-121.26378003193533,38.887184601644336,-121.26378003193533,38.887184601644336],"geometry":{"type":"Point","coordinates":[-121.26378003193533,38.887184601644336]},"properties":{"course_id":"turkey_creek_lincoln","course_name":"Turkey Creek Golf Club","hole_number":5,"feature_type":"green_front","name":"hole_5_green_front","feature-color":"#5aae5a","is_approximate":true,"source":"derived","@id":"e1331f67-0e17-4efe-8f1c-d52a1fb97a35"}},{"type":"Feature","bbox":[-121.26405569326198,38.886986036782126,-121.26405569326198,38.886986036782126],"geometry":{"type":"Point","coordinates":[-121.26405569326198,38.886986036782126]},"properties":{"course_id":"turkey_creek_lincoln","course_name":"Turkey Creek Golf Club","hole_number":5,"feature_type":"green_back","name":"hole_5_green_back","feature-color":"#5aae5a","is_approximate":true,"source":"derived","@id":"ceceac4f-efcc-4ae0-829f-8cf3f43ba946"}},{"type":"Feature","bbox":[-121.25891402068788,38.89607782747663,-121.25891402068788,38.89607782747663],"geometry":{"type":"Point","coordinates":[-121.25891402068788,38.89607782747663]},"properties":{"course_id":"turkey_creek_lincoln","course_name":"Turkey Creek Golf Club","hole_number":18,"feature_type":"tee_center","name":"hole_18_tee_center","feature-color":"#c8a055","is_approximate":true,"source":"derived","@id":"e4a3b54b-d8d9-41e5-bfa2-3e4c539f3896"}},{"type":"Feature","bbox":[-121.26181813740538,38.89411271749614,-121.26181813740538,38.89411271749614],"geometry":{"type":"Point","coordinates":[-121.26181813740538,38.89411271749614]},"properties":{"course_id":"turkey_creek_lincoln","course_name":"Turkey Creek Golf Club","hole_number":18,"feature_type":"green_center","name":"hole_18_green_center","feature-color":"#5aae5a","is_approximate":true,"source":"derived","@id":"55c90f24-9225-4450-a170-09afba8a9eb9"}},{"type":"Feature","bbox":[-121.2617496825634,38.89420604392492,-121.2617496825634,38.89420604392492],"geometry":{"type":"Point","coordinates":[-121.2617496825634,38.89420604392492]},"properties":{"course_id":"turkey_creek_lincoln","course_name":"Turkey Creek Golf Club","hole_number":18,"feature_type":"green_front","name":"hole_18_green_front","feature-color":"#5aae5a","is_approximate":true,"source":"derived","@id":"af1d29c0-9f0e-48d0-b1d8-331800abb5fc"}},{"type":"Feature","bbox":[-121.2619021516546,38.8939981784859,-121.2619021516546,38.8939981784859],"geometry":{"type":"Point","coordinates":[-121.2619021516546,38.8939981784859]},"properties":{"course_id":"turkey_creek_lincoln","course_name":"Turkey Creek Golf Club","hole_number":18,"feature_type":"green_back","name":"hole_18_green_back","feature-color":"#5aae5a","is_approximate":true,"source":"derived","@id":"09995488-b9cf-40c5-b23f-b675020fb0fe"}},{"type":"Feature","bbox":[-121.25637335951888,38.89487672837543,-121.25637335951888,38.89487672837543],"geometry":{"type":"Point","coordinates":[-121.25637335951888,38.89487672837543]},"properties":{"course_id":"turkey_creek_lincoln","course_name":"Turkey Creek Golf Club","hole_number":14,"feature_type":"tee_center","name":"hole_14_tee_center","feature-color":"#c8a055","is_approximate":true,"source":"derived","@id":"ae886cb5-1d04-4132-a23b-20c8a56fea36"}},{"type":"Feature","bbox":[-121.257011070396,38.89599558974959,-121.257011070396,38.89599558974959],"geometry":{"type":"Point","coordinates":[-121.257011070396,38.89599558974959]},"properties":{"course_id":"turkey_creek_lincoln","course_name":"Turkey Creek Golf Club","hole_number":14,"feature_type":"green_center","name":"hole_14_green_center","feature-color":"#5aae5a","is_approximate":true,"source":"derived","@id":"00f183a9-f9ab-41dc-addc-38572898bf90"}},{"type":"Feature","bbox":[-121.25695676701238,38.89590386264581,-121.25695676701238,38.89590386264581],"geometry":{"type":"Point","coordinates":[-121.25695676701238,38.89590386264581]},"properties":{"course_id":"turkey_creek_lincoln","course_name":"Turkey Creek Golf Club","hole_number":14,"feature_type":"green_front","name":"hole_14_green_front","feature-color":"#5aae5a","is_approximate":true,"source":"derived","@id":"b12f27f9-0c74-43d4-91ae-b4e3853881ab"}},{"type":"Feature","bbox":[-121.25709223499067,38.89613268973679,-121.25709223499067,38.89613268973679],"geometry":{"type":"Point","coordinates":[-121.25709223499067,38.89613268973679]},"properties":{"course_id":"turkey_creek_lincoln","course_name":"Turkey Creek Golf Club","hole_number":14,"feature_type":"green_back","name":"hole_14_green_back","feature-color":"#5aae5a","is_approximate":true,"source":"derived","@id":"0389b5bf-819b-41d7-a4a4-1928d12524ac"}},{"type":"Feature","bbox":[-121.26453079855281,38.887093450684546,-121.26453079855281,38.887093450684546],"geometry":{"type":"Point","coordinates":[-121.26453079855281,38.887093450684546]},"properties":{"course_id":"turkey_creek_lincoln","course_name":"Turkey Creek Golf Club","hole_number":6,"feature_type":"tee_center","name":"hole_6_tee_center","feature-color":"#c8a055","is_approximate":true,"source":"derived","@id":"06f28b0d-dc1d-4c84-b57c-58b69bb2c814"}},{"type":"Feature","bbox":[-121.26283401462608,38.8905449145893,-121.26283401462608,38.8905449145893],"geometry":{"type":"Point","coordinates":[-121.26283401462608,38.8905449145893]},"properties":{"course_id":"turkey_creek_lincoln","course_name":"Turkey Creek Golf Club","hole_number":6,"feature_type":"green_center","name":"hole_6_green_center","feature-color":"#5aae5a","is_approximate":true,"source":"derived","@id":"01457d24-4ded-455b-880a-b9dffa1756d5"}},{"type":"Feature","bbox":[-121.26290102411394,38.89039870243919,-121.26290102411394,38.89039870243919],"geometry":{"type":"Point","coordinates":[-121.26290102411394,38.89039870243919]},"properties":{"course_id":"turkey_creek_lincoln","course_name":"Turkey Creek Golf Club","hole_number":6,"feature_type":"green_front","name":"hole_6_green_front","feature-color":"#5aae5a","is_approximate":true,"source":"derived","@id":"d8b79369-354c-4c69-bcc1-a97a86fad383"}},{"type":"Feature","bbox":[-121.26279122297836,38.89063828433462,-121.26279122297836,38.89063828433462],"geometry":{"type":"Point","coordinates":[-121.26279122297836,38.89063828433462]},"properties":{"course_id":"turkey_creek_lincoln","course_name":"Turkey Creek Golf Club","hole_number":6,"feature_type":"green_back","name":"hole_6_green_back","feature-color":"#5aae5a","is_approximate":true,"source":"derived","@id":"95f16032-54bb-4b32-9a8e-8354aa77f6fc"}},{"type":"Feature","bbox":[-121.26490345794353,38.889426951088666,-121.26490345794353,38.889426951088666],"geometry":{"type":"Point","coordinates":[-121.26490345794353,38.889426951088666]},"properties":{"course_id":"turkey_creek_lincoln","course_name":"Turkey Creek Golf Club","hole_number":7,"feature_type":"tee_center","name":"hole_7_tee_center","feature-color":"#c8a055","is_approximate":true,"source":"derived","@id":"603a7c4a-feee-435f-8e92-f1b1979187fa"}},{"type":"Feature","bbox":[-121.26177086819607,38.89317991970945,-121.26177086819607,38.89317991970945],"geometry":{"type":"Point","coordinates":[-121.26177086819607,38.89317991970945]},"properties":{"course_id":"turkey_creek_lincoln","course_name":"Turkey Creek Golf Club","hole_number":7,"feature_type":"green_center","name":"hole_7_green_center","feature-color":"#5aae5a","is_approximate":true,"source":"derived","@id":"16e0f653-0033-483c-8f0f-f2d6ec8ddc01"}},{"type":"Feature","bbox":[-121.2618372078744,38.8930995741295,-121.2618372078744,38.8930995741295],"geometry":{"type":"Point","coordinates":[-121.2618372078744,38.8930995741295]},"properties":{"course_id":"turkey_creek_lincoln","course_name":"Turkey Creek Golf Club","hole_number":7,"feature_type":"green_front","name":"hole_7_green_front","feature-color":"#5aae5a","is_approximate":true,"source":"derived","@id":"ed5aaac3-78a5-4ed9-a6e6-5ed5f98f1779"}},{"type":"Feature","bbox":[-121.26169272141733,38.89327456515265,-121.26169272141733,38.89327456515265],"geometry":{"type":"Point","coordinates":[-121.26169272141733,38.89327456515265]},"properties":{"course_id":"turkey_creek_lincoln","course_name":"Turkey Creek Golf Club","hole_number":7,"feature_type":"green_back","name":"hole_7_green_back","feature-color":"#5aae5a","is_approximate":true,"source":"derived","@id":"38c7fe0d-f2bc-4cde-9df1-ab0e4c62885c"}},{"type":"Feature","bbox":[-121.26396655899737,38.89235056026069,-121.26396655899737,38.89235056026069],"geometry":{"type":"Point","coordinates":[-121.26396655899737,38.89235056026069]},"properties":{"course_id":"turkey_creek_lincoln","course_name":"Turkey Creek Golf Club","hole_number":8,"feature_type":"tee_center","name":"hole_8_tee_center","feature-color":"#c8a055","is_approximate":true,"source":"derived","@id":"0ab53f97-0b42-4896-bcd9-ea1e12680ae3"}},{"type":"Feature","bbox":[-121.264902500714,38.89090056621456,-121.264902500714,38.89090056621456],"geometry":{"type":"Point","coordinates":[-121.264902500714,38.89090056621456]},"properties":{"course_id":"turkey_creek_lincoln","course_name":"Turkey Creek Golf Club","hole_number":8,"feature_type":"green_center","name":"hole_8_green_center","feature-color":"#5aae5a","is_approximate":true,"source":"derived","@id":"b360c9d8-99eb-4c9f-8833-f5be9bbcd651"}},{"type":"Feature","bbox":[-121.26482216077608,38.89103016485418,-121.26482216077608,38.89103016485418],"geometry":{"type":"Point","coordinates":[-121.26482216077608,38.89103016485418]},"properties":{"course_id":"turkey_creek_lincoln","course_name":"Turkey Creek Golf Club","hole_number":8,"feature_type":"green_front","name":"hole_8_green_front","feature-color":"#5aae5a","is_approximate":true,"source":"derived","@id":"8917d7d8-5f47-4990-b4cd-00b48033451d"}},{"type":"Feature","bbox":[-121.26496446754828,38.89080060575118,-121.26496446754828,38.89080060575118],"geometry":{"type":"Point","coordinates":[-121.26496446754828,38.89080060575118]},"properties":{"course_id":"turkey_creek_lincoln","course_name":"Turkey Creek Golf Club","hole_number":8,"feature_type":"green_back","name":"hole_8_green_back","feature-color":"#5aae5a","is_approximate":true,"source":"derived","@id":"364fc2e3-0d37-4524-9c35-972fee297ddf"}},{"type":"Feature","bbox":[-121.2655396856896,38.889847884866676,-121.2655396856896,38.889847884866676],"geometry":{"type":"Point","coordinates":[-121.2655396856896,38.889847884866676]},"properties":{"course_id":"turkey_creek_lincoln","course_name":"Turkey Creek Golf Club","hole_number":9,"feature_type":"tee_center","name":"hole_9_tee_center","feature-color":"#c8a055","is_approximate":true,"source":"derived","@id":"99913396-edc3-41a7-ad1b-0c44eee53c95"}},{"type":"Feature","bbox":[-121.26416877936241,38.8929528667392,-121.26416877936241,38.8929528667392],"geometry":{"type":"Point","coordinates":[-121.26416877936241,38.8929528667392]},"properties":{"course_id":"turkey_creek_lincoln","course_name":"Turkey Creek Golf Club","hole_number":9,"feature_type":"green_center","name":"hole_9_green_center","feature-color":"#5aae5a","is_approximate":true,"source":"derived","@id":"06efd9d7-b997-4a25-9e18-e1781bdd06ae"}},{"type":"Feature","bbox":[-121.2642219740963,38.89285256320378,-121.2642219740963,38.89285256320378],"geometry":{"type":"Point","coordinates":[-121.2642219740963,38.89285256320378]},"properties":{"course_id":"turkey_creek_lincoln","course_name":"Turkey Creek Golf Club","hole_number":9,"feature_type":"green_front","name":"hole_9_green_front","feature-color":"#5aae5a","is_approximate":true,"source":"derived","@id":"3590e422-20e6-4d42-8ff1-9b0a527af8e7"}},{"type":"Feature","bbox":[-121.26412609885871,38.89303334473207,-121.26412609885871,38.89303334473207],"geometry":{"type":"Point","coordinates":[-121.26412609885871,38.89303334473207]},"properties":{"course_id":"turkey_creek_lincoln","course_name":"Turkey Creek Golf Club","hole_number":9,"feature_type":"green_back","name":"hole_9_green_back","feature-color":"#5aae5a","is_approximate":true,"source":"derived","@id":"fca02f09-406c-44d0-8976-53d543fec491"}},{"type":"Feature","bbox":[-121.26168366525182,38.89369766213495,-121.26168366525182,38.89369766213495],"geometry":{"type":"Point","coordinates":[-121.26168366525182,38.89369766213495]},"properties":{"course_id":"turkey_creek_lincoln","course_name":"Turkey Creek Golf Club","hole_number":10,"feature_type":"tee_center","name":"hole_10_tee_center","feature-color":"#c8a055","is_approximate":true,"source":"derived","@id":"bc2cc917-11bb-47d6-8be8-71dfbcd3e7eb"}},{"type":"Feature","bbox":[-121.25753396916458,38.89531746765973,-121.25753396916458,38.89531746765973],"geometry":{"type":"Point","coordinates":[-121.25753396916458,38.89531746765973]},"properties":{"course_id":"turkey_creek_lincoln","course_name":"Turkey Creek Golf Club","hole_number":10,"feature_type":"green_center","name":"hole_10_green_center","feature-color":"#5aae5a","is_approximate":true,"source":"derived","@id":"5cefc930-0fa4-4cc4-b65d-c7339036262e"}},{"type":"Feature","bbox":[-121.25763437201009,38.89527910920439,-121.25763437201009,38.89527910920439],"geometry":{"type":"Point","coordinates":[-121.25763437201009,38.89527910920439]},"properties":{"course_id":"turkey_creek_lincoln","course_name":"Turkey Creek Golf Club","hole_number":10,"feature_type":"green_front","name":"hole_10_green_front","feature-color":"#5aae5a","is_approximate":true,"source":"derived","@id":"a5786bd5-67ef-4dfc-b409-9a4c3b6681f0"}},{"type":"Feature","bbox":[-121.25742103544707,38.89536061347834,-121.25742103544707,38.89536061347834],"geometry":{"type":"Point","coordinates":[-121.25742103544707,38.89536061347834]},"properties":{"course_id":"turkey_creek_lincoln","course_name":"Turkey Creek Golf Club","hole_number":10,"feature_type":"green_back","name":"hole_10_green_back","feature-color":"#5aae5a","is_approximate":true,"source":"derived","@id":"3a724376-b328-4792-814f-b76f21993af1"}},{"type":"Feature","bbox":[-121.25692244602405,38.894857527817436,-121.25692244602405,38.894857527817436],"geometry":{"type":"Point","coordinates":[-121.25692244602405,38.894857527817436]},"properties":{"course_id":"turkey_creek_lincoln","course_name":"Turkey Creek Golf Club","hole_number":11,"feature_type":"tee_center","name":"hole_11_tee_center","feature-color":"#c8a055","is_approximate":true,"source":"derived","@id":"c836b017-0f8c-4b2e-865c-7777c3b395dc"}},{"type":"Feature","bbox":[-121.25862956574011,38.894392275995784,-121.25862956574011,38.894392275995784],"geometry":{"type":"Point","coordinates":[-121.25862956574011,38.894392275995784]},"properties":{"course_id":"turkey_creek_lincoln","course_name":"Turkey Creek Golf Club","hole_number":11,"feature_type":"green_center","name":"hole_11_green_center","feature-color":"#5aae5a","is_approximate":true,"source":"derived","@id":"a86e3755-2911-4f6a-a924-2b4817fbff57"}},{"type":"Feature","bbox":[-121.25849315665897,38.894431935052864,-121.25849315665897,38.894431935052864],"geometry":{"type":"Point","coordinates":[-121.25849315665897,38.894431935052864]},"properties":{"course_id":"turkey_creek_lincoln","course_name":"Turkey Creek Golf Club","hole_number":11,"feature_type":"green_front","name":"hole_11_green_front","feature-color":"#5aae5a","is_approximate":true,"source":"derived","@id":"49fc7581-771d-4b46-bc15-d386b518f672"}},{"type":"Feature","bbox":[-121.25875542968315,38.89435568279202,-121.25875542968315,38.89435568279202],"geometry":{"type":"Point","coordinates":[-121.25875542968315,38.89435568279202]},"properties":{"course_id":"turkey_creek_lincoln","course_name":"Turkey Creek Golf Club","hole_number":11,"feature_type":"green_back","name":"hole_11_green_back","feature-color":"#5aae5a","is_approximate":true,"source":"derived","@id":"2fca2822-e4a3-47c7-9b99-a121316c4988"}},{"type":"Feature","bbox":[-121.2578280265886,38.89396457751098,-121.2578280265886,38.89396457751098],"geometry":{"type":"Point","coordinates":[-121.2578280265886,38.89396457751098]},"properties":{"course_id":"turkey_creek_lincoln","course_name":"Turkey Creek Golf Club","hole_number":12,"feature_type":"tee_center","name":"hole_12_tee_center","feature-color":"#c8a055","is_approximate":true,"source":"derived","@id":"fed2ddf4-6046-4611-a129-d0b57a22794d"}},{"type":"Feature","bbox":[-121.25187812500437,38.893987148315496,-121.25187812500437,38.893987148315496],"geometry":{"type":"Point","coordinates":[-121.25187812500437,38.893987148315496]},"properties":{"course_id":"turkey_creek_lincoln","course_name":"Turkey Creek Golf Club","hole_number":12,"feature_type":"green_center","name":"hole_12_green_center","feature-color":"#5aae5a","is_approximate":true,"source":"derived","@id":"3cf0aa95-9659-468a-a6b1-db17f521042c"}},{"type":"Feature","bbox":[-121.25204251305435,38.893987604184815,-121.25204251305435,38.893987604184815],"geometry":{"type":"Point","coordinates":[-121.25204251305435,38.893987604184815]},"properties":{"course_id":"turkey_creek_lincoln","course_name":"Turkey Creek Golf Club","hole_number":12,"feature_type":"green_front","name":"hole_12_green_front","feature-color":"#5aae5a","is_approximate":true,"source":"derived","@id":"1f963046-7ae5-405f-9d55-5c09a16cc968"}},{"type":"Feature","bbox":[-121.251735549792,38.893986752935994,-121.251735549792,38.893986752935994],"geometry":{"type":"Point","coordinates":[-121.251735549792,38.893986752935994]},"properties":{"course_id":"turkey_creek_lincoln","course_name":"Turkey Creek Golf Club","hole_number":12,"feature_type":"green_back","name":"hole_12_green_back","feature-color":"#5aae5a","is_approximate":true,"source":"derived","@id":"f862920d-a08a-486a-a1a6-454f448eb1eb"}},{"type":"Feature","bbox":[-121.2522322399374,38.89468836694327,-121.2522322399374,38.89468836694327],"geometry":{"type":"Point","coordinates":[-121.2522322399374,38.89468836694327]},"properties":{"course_id":"turkey_creek_lincoln","course_name":"Turkey Creek Golf Club","hole_number":13,"feature_type":"tee_center","name":"hole_13_tee_center","feature-color":"#c8a055","is_approximate":true,"source":"derived","@id":"e9b07610-7009-41e0-b72e-1e6eda1a3dd1"}},{"type":"Feature","bbox":[-121.25598712048225,38.89555865251377,-121.25598712048225,38.89555865251377],"geometry":{"type":"Point","coordinates":[-121.25598712048225,38.89555865251377]},"properties":{"course_id":"turkey_creek_lincoln","course_name":"Turkey Creek Golf Club","hole_number":13,"feature_type":"green_center","name":"hole_13_green_center","feature-color":"#5aae5a","is_approximate":true,"source":"derived","@id":"f3235cff-b065-4e02-b9cc-82bfd5cb6966"}},{"type":"Feature","bbox":[-121.255837875827,38.895497276436075,-121.255837875827,38.895497276436075],"geometry":{"type":"Point","coordinates":[-121.255837875827,38.895497276436075]},"properties":{"course_id":"turkey_creek_lincoln","course_name":"Turkey Creek Golf Club","hole_number":13,"feature_type":"green_front","name":"hole_13_green_front","feature-color":"#5aae5a","is_approximate":true,"source":"derived","@id":"28b959e5-d2fb-4943-a195-ada600729bc5"}},{"type":"Feature","bbox":[-121.25611425394727,38.89561093548105,-121.25611425394727,38.89561093548105],"geometry":{"type":"Point","coordinates":[-121.25611425394727,38.89561093548105]},"properties":{"course_id":"turkey_creek_lincoln","course_name":"Turkey Creek Golf Club","hole_number":13,"feature_type":"green_back","name":"hole_13_green_back","feature-color":"#5aae5a","is_approximate":true,"source":"derived","@id":"2ec68f15-92da-460d-9f57-4117ac38afc9"}},{"type":"Feature","bbox":[-121.2563142123966,38.8960003782016,-121.2563142123966,38.8960003782016],"geometry":{"type":"Point","coordinates":[-121.2563142123966,38.8960003782016]},"properties":{"course_id":"turkey_creek_lincoln","course_name":"Turkey Creek Golf Club","hole_number":15,"feature_type":"tee_center","name":"hole_15_tee_center","feature-color":"#c8a055","is_approximate":true,"source":"derived","@id":"d03663ae-6174-467f-92e0-7c2895041e4a"}},{"type":"Feature","bbox":[-121.25274922855547,38.89550689931963,-121.25274922855547,38.89550689931963],"geometry":{"type":"Point","coordinates":[-121.25274922855547,38.89550689931963]},"properties":{"course_id":"turkey_creek_lincoln","course_name":"Turkey Creek Golf Club","hole_number":15,"feature_type":"green_center","name":"hole_15_green_center","feature-color":"#5aae5a","is_approximate":true,"source":"derived","@id":"353a4878-77e0-4c45-8fd6-af701b166b6c"}},{"type":"Feature","bbox":[-121.25291318009617,38.89553180681904,-121.25291318009617,38.89553180681904],"geometry":{"type":"Point","coordinates":[-121.25291318009617,38.89553180681904]},"properties":{"course_id":"turkey_creek_lincoln","course_name":"Turkey Creek Golf Club","hole_number":15,"feature_type":"green_front","name":"hole_15_green_front","feature-color":"#5aae5a","is_approximate":true,"source":"derived","@id":"7acf9fd2-cca0-4865-9561-3f2fd7366346"}},{"type":"Feature","bbox":[-121.2526142176551,38.89548638847901,-121.2526142176551,38.89548638847901],"geometry":{"type":"Point","coordinates":[-121.2526142176551,38.89548638847901]},"properties":{"course_id":"turkey_creek_lincoln","course_name":"Turkey Creek Golf Club","hole_number":15,"feature_type":"green_back","name":"hole_15_green_back","feature-color":"#5aae5a","is_approximate":true,"source":"derived","@id":"58908b97-b597-4364-9e93-d909a8c6cf3a"}},{"type":"Feature","bbox":[-121.25321519316624,38.89597931872127,-121.25321519316624,38.89597931872127],"geometry":{"type":"Point","coordinates":[-121.25321519316624,38.89597931872127]},"properties":{"course_id":"turkey_creek_lincoln","course_name":"Turkey Creek Golf Club","hole_number":16,"feature_type":"tee_center","name":"hole_16_tee_center","feature-color":"#c8a055","is_approximate":true,"source":"derived","@id":"1bfd5b27-9ec5-4f24-ab4c-0a97eab39a5c"}},{"type":"Feature","bbox":[-121.2582112981907,38.89794768272119,-121.2582112981907,38.89794768272119],"geometry":{"type":"Point","coordinates":[-121.2582112981907,38.89794768272119]},"properties":{"course_id":"turkey_creek_lincoln","course_name":"Turkey Creek Golf Club","hole_number":16,"feature_type":"green_center","name":"hole_16_green_center","feature-color":"#5aae5a","is_approximate":true,"source":"derived","@id":"5347aa50-fe68-486c-ba95-a53f231e180a"}},{"type":"Feature","bbox":[-121.25804179199304,38.8978802794062,-121.25804179199304,38.8978802794062],"geometry":{"type":"Point","coordinates":[-121.25804179199304,38.8978802794062]},"properties":{"course_id":"turkey_creek_lincoln","course_name":"Turkey Creek Golf Club","hole_number":16,"feature_type":"green_front","name":"hole_16_green_front","feature-color":"#5aae5a","is_approximate":true,"source":"derived","@id":"4dd59a2c-295e-482f-9266-3bf32a7b7700"}},{"type":"Feature","bbox":[-121.25835773558683,38.89800591283945,-121.25835773558683,38.89800591283945],"geometry":{"type":"Point","coordinates":[-121.25835773558683,38.89800591283945]},"properties":{"course_id":"turkey_creek_lincoln","course_name":"Turkey Creek Golf Club","hole_number":16,"feature_type":"green_back","name":"hole_16_green_back","feature-color":"#5aae5a","is_approximate":true,"source":"derived","@id":"0df94539-6164-4eb6-acd7-4fdcc8869909"}},{"type":"Feature","bbox":[-121.26146099353058,38.89781814692566,-121.26146099353058,38.89781814692566],"geometry":{"type":"Point","coordinates":[-121.26146099353058,38.89781814692566]},"properties":{"course_id":"turkey_creek_lincoln","course_name":"Turkey Creek Golf Club","hole_number":17,"feature_type":"tee_center","name":"hole_17_tee_center","feature-color":"#c8a055","is_approximate":true,"source":"derived","@id":"60f55c5f-43a0-4f26-816c-575deb048d01"}},{"type":"Feature","bbox":[-121.2577626042899,38.89612724675935,-121.2577626042899,38.89612724675935],"geometry":{"type":"Point","coordinates":[-121.2577626042899,38.89612724675935]},"properties":{"course_id":"turkey_creek_lincoln","course_name":"Turkey Creek Golf Club","hole_number":17,"feature_type":"green_center","name":"hole_17_green_center","feature-color":"#5aae5a","is_approximate":true,"source":"derived","@id":"a3602aac-040d-4fc9-9939-c6ef431ea625"}},{"type":"Feature","bbox":[-121.25791468271346,38.896196443458415,-121.25791468271346,38.896196443458415],"geometry":{"type":"Point","coordinates":[-121.25791468271346,38.896196443458415]},"properties":{"course_id":"turkey_creek_lincoln","course_name":"Turkey Creek Golf Club","hole_number":17,"feature_type":"green_front","name":"hole_17_green_front","feature-color":"#5aae5a","is_approximate":true,"source":"derived","@id":"645f6b9f-5825-453c-b8cb-cee63b8184f8"}},{"type":"Feature","bbox":[-121.25762047257493,38.89606257587917,-121.25762047257493,38.89606257587917],"geometry":{"type":"Point","coordinates":[-121.25762047257493,38.89606257587917]},"properties":{"course_id":"turkey_creek_lincoln","course_name":"Turkey Creek Golf Club","hole_number":17,"feature_type":"green_back","name":"hole_17_green_back","feature-color":"#5aae5a","is_approximate":true,"source":"derived","@id":"545d033b-ae1c-4870-b563-ea727ce6c48b"}}]}