{"type":"FeatureCollection","features":[{"type":"Feature","bbox":[-118.814176,34.1485965,-118.8129983,34.1491705],"geometry":{"type":"Polygon","coordinates":[[[-118.8135358,34.1491704],[-118.8136743,34.1491276],[-118.8137761,34.149098],[-118.8138713,34.1490652],[-118.8139468,34.1490323],[-118.8140232,34.1489943],[-118.814072,34.148966],[-118.8141134,34.1489307],[-118.8141478,34.1488902],[-118.8141648,34.1488521],[-118.814176,34.1488083],[-118.8141745,34.1487574],[-118.8141536,34.1486994],[-118.8141151,34.1486575],[-118.8140283,34.1486114],[-118.8139394,34.1485965],[-118.8137284,34.1486281],[-118.8136366,34.1486493],[-118.813513,34.1486678],[-118.8133055,34.148652],[-118.8131752,34.1486537],[-118.8130997,34.1486745],[-118.813064,34.1487026],[-118.8130312,34.1487376],[-118.8129983,34.1488075],[-118.8130112,34.1488918],[-118.8130323,34.1489534],[-118.8130608,34.1490011],[-118.8131099,34.1490389],[-118.8131457,34.1490553],[-118.8131949,34.1490783],[-118.8132507,34.1491046],[-118.8133558,34.1491473],[-118.8134371,34.1491705],[-118.8135358,34.1491704]]]},"properties":{"course_id":"westlake_village","course_name":"Westlake Village Golf Course","hole_number":7,"feature_type":"water","name":"hole_7_water","feature-color":"#2255cc","is_approximate":true,"source":"osm","@id":"3294b127-0181-42fc-84ac-aaf1f5f3f488","osm_id":40419937}},{"type":"Feature","bbox":[-118.8077358,34.1477944,-118.8061027,34.1485026],"geometry":{"type":"Polygon","coordinates":[[[-118.8075239,34.1484988],[-118.8075743,34.1484829],[-118.8076204,34.148451],[-118.8076685,34.1484085],[-118.8076998,34.148372],[-118.8077185,34.1483198],[-118.8077232,34.1482744],[-118.8077337,34.1482248],[-118.8077358,34.1481761],[-118.8077337,34.1481302],[-118.8077072,34.1480806],[-118.8076805,34.1480437],[-118.8076419,34.1480105],[-118.8075853,34.1479743],[-118.8075286,34.1479609],[-118.8074719,34.1479487],[-118.8074008,34.147947],[-118.8073274,34.1479542],[-118.8072627,34.1479663],[-118.8072016,34.147976],[-118.8071471,34.1479924],[-118.8070926,34.1480062],[-118.8070503,34.1480306],[-118.8070166,34.14805],[-118.8069986,34.1480554],[-118.8069709,34.1480533],[-118.8069311,34.1480407],[-118.8068976,34.1480134],[-118.8068555,34.1479873],[-118.8068198,34.1479646],[-118.806782,34.1479436],[-118.8067237,34.1479264],[-118.8066327,34.147905],[-118.806537,34.147879],[-118.8064847,34.147868],[-118.8064384,34.1478567],[-118.8063857,34.1478389],[-118.806318,34.1478138],[-118.8062593,34.1477987],[-118.8061947,34.1477944],[-118.8061284,34.1478075],[-118.8061027,34.1478596],[-118.8061084,34.1479042],[-118.8061189,34.1479399],[-118.806134,34.1479811],[-118.8061696,34.1480252],[-118.8062182,34.1480631],[-118.8062645,34.1481034],[-118.8063251,34.1481421],[-118.806388,34.1481597],[-118.8064527,34.1481916],[-118.8065012,34.1482203],[-118.806527,34.1482417],[-118.8065525,34.148264],[-118.8065775,34.1482854],[-118.8065898,34.1483064],[-118.8066211,34.1483295],[-118.806655,34.1483467],[-118.8066969,34.1483673],[-118.8067559,34.1483775],[-118.8068039,34.1483799],[-118.806842,34.1483854],[-118.8068806,34.1483892],[-118.806925,34.1483883],[-118.8069644,34.1483862],[-118.8069999,34.1483774],[-118.8070276,34.1483674],[-118.8070553,34.1483476],[-118.8070908,34.1483223],[-118.8071326,34.148324],[-118.8071641,34.1483547],[-118.8071896,34.1483854],[-118.8072316,34.1484165],[-118.8072794,34.1484358],[-118.8073251,34.1484589],[-118.8073591,34.1484824],[-118.8074112,34.1485026],[-118.8074596,34.1485026],[-118.8075239,34.1484988]]]},"properties":{"course_id":"westlake_village","course_name":"Westlake Village Golf Course","hole_number":13,"feature_type":"water","name":"hole_13_water","feature-color":"#2255cc","is_approximate":true,"source":"osm","@id":"0f231d77-b0c8-4590-a3f2-dc3a94132128","osm_id":40419938}},{"type":"Feature","bbox":[-118.8170275,34.1493796,-118.8163999,34.1500189],"geometry":{"type":"Polygon","coordinates":[[[-118.8167052,34.150001],[-118.816719,34.1500153],[-118.8167345,34.1500189],[-118.8167626,34.1500188],[-118.816802,34.1500072],[-118.8168691,34.1499707],[-118.8169188,34.1499124],[-118.8169607,34.1498377],[-118.8170045,34.1497206],[-118.8170219,34.149669],[-118.8170275,34.1496299],[-118.8170245,34.1496116],[-118.817,34.1495644],[-118.8169543,34.1495107],[-118.8168388,34.1494309],[-118.8167774,34.1494015],[-118.8167036,34.1493837],[-118.8166396,34.1493796],[-118.8165673,34.1493862],[-118.8164949,34.1494063],[-118.816429,34.149438],[-118.8164019,34.1494845],[-118.8163999,34.1495135],[-118.8164062,34.1495422],[-118.8166428,34.149835],[-118.8166665,34.149875],[-118.8167052,34.150001]]]},"properties":{"course_id":"westlake_village","course_name":"Westlake Village Golf Course","hole_number":9,"feature_type":"water","name":"hole_9_water","feature-color":"#2255cc","is_approximate":true,"source":"osm","@id":"91766b42-866c-4a18-ad71-46f97616259b","osm_id":683470947}},{"type":"Feature","bbox":[-118.8170621,34.1497031,-118.8169859,34.1498472],"geometry":{"type":"Polygon","coordinates":[[[-118.81702,34.1498352],[-118.817005,34.1498441],[-118.8169959,34.1498472],[-118.8169889,34.1498467],[-118.8169859,34.1498417],[-118.8169871,34.1498363],[-118.8170327,34.1497158],[-118.817041,34.149704],[-118.8170484,34.1497031],[-118.8170549,34.149706],[-118.8170598,34.1497146],[-118.8170621,34.1497284],[-118.817057,34.1497521],[-118.8170307,34.1498197],[-118.81702,34.1498352]]]},"properties":{"course_id":"westlake_village","course_name":"Westlake Village Golf Course","hole_number":9,"feature_type":"bunker","name":"hole_9_bunker","feature-color":"#d4b483","is_approximate":true,"source":"osm","@id":"c81fc9fb-7e07-4149-bac4-0299db03bc33","osm_id":695893249}},{"type":"Feature","bbox":[-118.8172543,34.1496724,-118.8170401,34.1498773],"geometry":{"type":"Polygon","coordinates":[[[-118.8170401,34.1498352],[-118.8170505,34.1498451],[-118.8170706,34.1498591],[-118.817091,34.1498697],[-118.8171075,34.1498751],[-118.8171203,34.1498773],[-118.8171337,34.1498764],[-118.8171472,34.14987],[-118.8171607,34.1498604],[-118.8171788,34.1498489],[-118.8171946,34.1498403],[-118.81721,34.1498327],[-118.8172254,34.149826],[-118.8172389,34.1498199],[-118.8172481,34.1498123],[-118.8172543,34.1497986],[-118.8172527,34.1497846],[-118.8172497,34.1497709],[-118.8172423,34.1497524],[-118.8172327,34.1497368],[-118.81722,34.1497208],[-118.817205,34.1497055],[-118.8171923,34.1496953],[-118.8171761,34.1496845],[-118.817158,34.1496762],[-118.8171495,34.1496727],[-118.8171364,34.1496724],[-118.8171195,34.1496765],[-118.8171029,34.14968],[-118.817091,34.1496886],[-118.8170852,34.1497039],[-118.8170814,34.149725],[-118.8170794,34.149746],[-118.8170725,34.1497689],[-118.8170648,34.1497893],[-118.8170525,34.1498091],[-118.8170436,34.1498241],[-118.8170401,34.1498352]]]},"properties":{"course_id":"westlake_village","course_name":"Westlake Village Golf Course","hole_number":9,"feature_type":"green","name":"hole_9_green","feature-color":"#2d6e2d","is_approximate":true,"source":"osm","@id":"a97765b2-dc18-4ff4-ae13-f512eb33b19d","osm_id":695893250}},{"type":"Feature","bbox":[-118.8165439,34.1498138,-118.816257,34.1499728],"geometry":{"type":"Polygon","coordinates":[[[-118.8162601,34.1498546],[-118.816257,34.1498689],[-118.8162597,34.1498868],[-118.8162709,34.1499033],[-118.8162913,34.1499209],[-118.8163032,34.1499295],[-118.8163109,34.1499333],[-118.8163267,34.1499381],[-118.8163429,34.1499413],[-118.8163622,34.1499425],[-118.8163776,34.1499438],[-118.8163914,34.149946],[-118.8164099,34.1499518],[-118.8164265,34.1499585],[-118.8164411,34.1499648],[-118.8164511,34.1499693],[-118.8164642,34.1499728],[-118.8164816,34.1499722],[-118.8164916,34.1499677],[-118.8165093,34.1499566],[-118.8165205,34.1499476],[-118.8165305,34.1499365],[-118.8165374,34.1499256],[-118.8165424,34.1499122],[-118.8165439,34.1498976],[-118.8165397,34.1498813],[-118.8165316,34.1498648],[-118.8165235,34.1498517],[-118.8165162,34.1498396],[-118.816507,34.1498303],[-118.8164931,34.1498224],[-118.8164735,34.1498166],[-118.8164531,34.1498147],[-118.8164296,34.1498138],[-118.8164068,34.1498147],[-118.8163806,34.149815],[-118.8163521,34.149815],[-118.8163375,34.1498154],[-118.8163171,34.1498205],[-118.8162948,34.1498281],[-118.8162747,34.1498364],[-118.8162655,34.149846],[-118.8162601,34.1498546]]]},"properties":{"course_id":"westlake_village","course_name":"Westlake Village Golf Course","hole_number":8,"feature_type":"green","name":"hole_8_green","feature-color":"#2d6e2d","is_approximate":true,"source":"osm","@id":"c0ea043c-e867-40fc-84b6-78f53e5c7cd5","osm_id":695893700}},{"type":"Feature","bbox":[-118.8164153,34.1499374,-118.8162,34.1500381],"geometry":{"type":"Polygon","coordinates":[[[-118.8162023,34.1499725],[-118.8162077,34.1499843],[-118.8162204,34.1499951],[-118.8162393,34.1500047],[-118.8162643,34.1500146],[-118.8162886,34.1500222],[-118.8163075,34.1500276],[-118.8163225,34.1500318],[-118.8163371,34.1500366],[-118.8163533,34.1500381],[-118.8163695,34.1500366],[-118.8163849,34.150033],[-118.8164003,34.1500264],[-118.8164095,34.1500177],[-118.8164145,34.1500082],[-118.8164153,34.1500012],[-118.8164122,34.1499945],[-118.8164049,34.1499881],[-118.8163949,34.1499846],[-118.8163806,34.1499868],[-118.8163691,34.1499887],[-118.8163591,34.1499887],[-118.8163502,34.1499881],[-118.8163429,34.1499871],[-118.8163333,34.1499836],[-118.8163287,34.1499805],[-118.8163194,34.1499798],[-118.8163098,34.1499779],[-118.8163009,34.1499757],[-118.8162917,34.1499734],[-118.8162848,34.1499706],[-118.8162778,34.1499648],[-118.8162747,34.1499581],[-118.816272,34.1499534],[-118.8162686,34.149946],[-118.8162628,34.1499409],[-118.8162536,34.1499374],[-118.8162351,34.1499374],[-118.8162216,34.1499403],[-118.8162104,34.1499457],[-118.8162019,34.149954],[-118.8162,34.1499626],[-118.8162023,34.1499725]]]},"properties":{"course_id":"westlake_village","course_name":"Westlake Village Golf Course","hole_number":8,"feature_type":"bunker","name":"hole_8_bunker","feature-color":"#d4b483","is_approximate":true,"source":"osm","@id":"52843bb0-cde6-40df-a87f-a34d8475f5c0","osm_id":695893701}},{"type":"Feature","bbox":[-118.8164411,34.1497255,-118.8161989,34.1498281],"geometry":{"type":"Polygon","coordinates":[[[-118.8162019,34.1497605],[-118.8161989,34.1497739],[-118.8162008,34.1497902],[-118.8162073,34.1498036],[-118.8162181,34.1498128],[-118.816232,34.1498195],[-118.8162474,34.1498246],[-118.8162628,34.1498281],[-118.8162682,34.1498275],[-118.816272,34.1498233],[-118.8162736,34.1498166],[-118.8162759,34.149808],[-118.8162809,34.149801],[-118.8162898,34.1497975],[-118.816304,34.149795],[-118.816319,34.1497934],[-118.816334,34.1497918],[-118.8163483,34.1497918],[-118.8163599,34.149793],[-118.8163703,34.1497946],[-118.8163822,34.1497985],[-118.8163945,34.1498004],[-118.8164107,34.1497991],[-118.8164234,34.149795],[-118.8164334,34.1497895],[-118.8164396,34.1497819],[-118.8164411,34.149773],[-118.8164403,34.1497644],[-118.8164353,34.1497545],[-118.8164253,34.1497472],[-118.8164122,34.1497385],[-118.8163945,34.1497328],[-118.8163764,34.149728],[-118.8163614,34.1497255],[-118.8163456,34.1497261],[-118.8163302,34.1497283],[-118.8163094,34.1497325],[-118.8162925,34.1497341],[-118.8162728,34.149737],[-118.8162543,34.1497405],[-118.8162416,34.1497436],[-118.8162293,34.149744],[-118.8162139,34.1497475],[-118.8162066,34.1497526],[-118.8162019,34.1497605]]]},"properties":{"course_id":"westlake_village","course_name":"Westlake Village Golf Course","hole_number":8,"feature_type":"bunker","name":"hole_8_bunker_2","feature-color":"#d4b483","is_approximate":true,"source":"osm","@id":"d2400ade-14cd-40d9-99bd-44fa83d42c48","osm_id":695893702}},{"type":"Feature","bbox":[-118.8137754,34.1496269,-118.8135571,34.1497235],"geometry":{"type":"Polygon","coordinates":[[[-118.8135606,34.1496269],[-118.8135571,34.149709],[-118.8137684,34.1497235],[-118.8137754,34.1496481],[-118.8135606,34.1496269]]]},"properties":{"course_id":"westlake_village","course_name":"Westlake Village Golf Course","hole_number":8,"feature_type":"tee_box","name":"hole_8_tee_box","feature-color":"#8b7355","is_approximate":true,"source":"osm","@id":"7a7be412-d82d-4996-937c-55704dccbdb4","osm_id":695893703}},{"type":"Feature","bbox":[-118.8134818,34.1496902,-118.8132249,34.1497781],"geometry":{"type":"Polygon","coordinates":[[[-118.8134771,34.1496945],[-118.8132249,34.1496902],[-118.8132278,34.1497293],[-118.8132307,34.1497636],[-118.8132541,34.1497761],[-118.8132827,34.1497776],[-118.8133411,34.1497781],[-118.8134105,34.1497771],[-118.8134818,34.1497761],[-118.8134771,34.1496945]]]},"properties":{"course_id":"westlake_village","course_name":"Westlake Village Golf Course","hole_number":8,"feature_type":"tee_box","name":"hole_8_tee_box_2","feature-color":"#8b7355","is_approximate":true,"source":"osm","@id":"4913ca67-97b4-4595-9fd2-7ff5d0bd4137","osm_id":695893704}},{"type":"Feature","bbox":[-118.8135535,34.149298,-118.8133071,34.1495147],"geometry":{"type":"Polygon","coordinates":[[[-118.8135177,34.1494884],[-118.813496,34.1494994],[-118.813461,34.14951],[-118.8134274,34.1495147],[-118.8133987,34.1495093],[-118.8133664,34.1494968],[-118.8133403,34.1494829],[-118.8133279,34.1494726],[-118.8133159,34.1494573],[-118.8133093,34.1494382],[-118.8133071,34.1494188],[-118.8133124,34.1493965],[-118.8133221,34.1493705],[-118.8133341,34.1493518],[-118.8133478,34.1493328],[-118.8133642,34.1493185],[-118.8133858,34.1493075],[-118.8134084,34.1492998],[-118.8134301,34.149298],[-118.8134619,34.1493002],[-118.8134845,34.1493075],[-118.8135079,34.14932],[-118.8135283,34.1493394],[-118.8135402,34.1493577],[-118.8135491,34.1493818],[-118.8135535,34.1494053],[-118.8135522,34.1494265],[-118.8135447,34.1494488],[-118.8135349,34.1494701],[-118.8135177,34.1494884]]]},"properties":{"course_id":"westlake_village","course_name":"Westlake Village Golf Course","hole_number":7,"feature_type":"green","name":"hole_7_green","feature-color":"#2d6e2d","is_approximate":true,"source":"osm","@id":"1a4d61e7-d5b6-4a5a-afb4-05011f73781a","osm_id":695894091}},{"type":"Feature","bbox":[-118.8131105,34.1493251,-118.8129436,34.1494271],"geometry":{"type":"Polygon","coordinates":[[[-118.8129456,34.1493611],[-118.8129558,34.1493821],[-118.8129733,34.1493986],[-118.8129929,34.1494126],[-118.8130124,34.1494217],[-118.8130311,34.1494268],[-118.8130507,34.1494271],[-118.8130711,34.1494242],[-118.8130872,34.1494191],[-118.8131018,34.1494109],[-118.8131076,34.1493969],[-118.8131105,34.1493821],[-118.8131047,34.1493674],[-118.8130924,34.1493602],[-118.8130679,34.1493553],[-118.8130416,34.1493527],[-118.8130235,34.1493519],[-118.8130142,34.1493461],[-118.8130054,34.149337],[-118.812992,34.1493302],[-118.8129771,34.1493259],[-118.8129599,34.1493251],[-118.8129476,34.1493307],[-118.8129436,34.1493403],[-118.8129444,34.1493536],[-118.8129456,34.1493611]]]},"properties":{"course_id":"westlake_village","course_name":"Westlake Village Golf Course","hole_number":2,"feature_type":"bunker","name":"hole_2_bunker","feature-color":"#d4b483","is_approximate":true,"source":"osm","@id":"c41f1cce-36b9-43fc-a234-ed76d5cd16c6","osm_id":695894093}},{"type":"Feature","bbox":[-118.8128488,34.1489338,-118.8126191,34.1491872],"geometry":{"type":"Polygon","coordinates":[[[-118.8126214,34.149047],[-118.8126289,34.1490832],[-118.8126329,34.1491147],[-118.8126373,34.1491422],[-118.812647,34.1491601],[-118.8126643,34.1491777],[-118.8126877,34.1491872],[-118.8127107,34.1491872],[-118.8127417,34.1491806],[-118.8127704,34.1491711],[-118.8127952,34.1491597],[-118.8128098,34.1491484],[-118.8128244,34.1491293],[-118.8128355,34.1491041],[-118.812843,34.1490796],[-118.8128488,34.1490543],[-118.8128483,34.1490334],[-118.8128448,34.1490177],[-118.8128368,34.1490001],[-118.8128249,34.1489833],[-118.812808,34.1489664],[-118.8127833,34.1489521],[-118.8127567,34.148943],[-118.8127306,34.1489371],[-118.812701,34.1489338],[-118.8126842,34.1489353],[-118.8126696,34.1489364],[-118.8126514,34.1489481],[-118.812636,34.1489584],[-118.8126222,34.1489712],[-118.8126191,34.1489997],[-118.8126196,34.149025],[-118.8126214,34.149047]]]},"properties":{"course_id":"westlake_village","course_name":"Westlake Village Golf Course","hole_number":2,"feature_type":"green","name":"hole_2_green","feature-color":"#2d6e2d","is_approximate":true,"source":"osm","@id":"9788ca3f-9625-4335-ba87-7da5e462bec8","osm_id":695894094}},{"type":"Feature","bbox":[-118.8129589,34.1489217,-118.8128547,34.1490589],"geometry":{"type":"Polygon","coordinates":[[[-118.8128789,34.1489985],[-118.8128824,34.149006],[-118.8128827,34.1490145],[-118.8128798,34.1490282],[-118.8128739,34.1490401],[-118.8128751,34.1490492],[-118.8128845,34.1490563],[-118.812899,34.1490589],[-118.8129142,34.1490582],[-118.8129285,34.1490555],[-118.8129405,34.1490509],[-118.8129504,34.1490459],[-118.8129565,34.1490386],[-118.8129589,34.1490309],[-118.8129583,34.1490191],[-118.8129557,34.1490113],[-118.8129519,34.1490007],[-118.8129457,34.1489869],[-118.8129399,34.1489758],[-118.8129355,34.1489645],[-118.8129303,34.1489502],[-118.8129204,34.1489372],[-118.8129113,34.1489273],[-118.8129028,34.1489222],[-118.8128912,34.1489217],[-118.8128792,34.1489234],[-118.8128646,34.1489328],[-118.8128582,34.1489408],[-118.8128547,34.1489507],[-118.8128567,34.1489637],[-118.8128599,34.1489722],[-118.8128672,34.1489814],[-118.8128742,34.1489908],[-118.8128789,34.1489985]]]},"properties":{"course_id":"westlake_village","course_name":"Westlake Village Golf Course","hole_number":2,"feature_type":"bunker","name":"hole_2_bunker_2","feature-color":"#d4b483","is_approximate":true,"source":"osm","@id":"82d078ee-bff8-484b-b61d-a4f6f53d3d14","osm_id":695894095}},{"type":"Feature","bbox":[-118.8137628,34.1483159,-118.8135178,34.1485007],"geometry":{"type":"Polygon","coordinates":[[[-118.8135791,34.148319],[-118.813563,34.1483223],[-118.8135483,34.1483273],[-118.8135369,34.1483356],[-118.8135268,34.1483445],[-118.8135201,34.1483603],[-118.8135178,34.1483817],[-118.8135225,34.1484028],[-118.8135292,34.1484291],[-118.8135379,34.1484533],[-118.8135453,34.1484752],[-118.813558,34.1484916],[-118.8135761,34.1484993],[-118.8135939,34.1485007],[-118.8136214,34.1485002],[-118.8136472,34.1484982],[-118.8136757,34.1484988],[-118.8136961,34.1484999],[-118.8137162,34.1484955],[-118.8137276,34.148488],[-118.813736,34.1484744],[-118.8137414,34.1484569],[-118.8137478,34.1484339],[-118.8137514,34.1484172],[-118.8137568,34.1483986],[-118.8137598,34.1483817],[-118.8137615,34.1483653],[-118.8137628,34.1483487],[-118.8137618,34.1483359],[-118.8137521,34.1483279],[-118.8137374,34.1483218],[-118.8137193,34.1483176],[-118.8136911,34.1483159],[-118.8136589,34.1483168],[-118.813618,34.1483165],[-118.8135959,34.1483173],[-118.8135791,34.148319]]]},"properties":{"course_id":"westlake_village","course_name":"Westlake Village Golf Course","hole_number":6,"feature_type":"green","name":"hole_6_green","feature-color":"#2d6e2d","is_approximate":true,"source":"osm","@id":"000264e5-ec75-4776-8ee5-3f262463d7a3","osm_id":695894096}},{"type":"Feature","bbox":[-118.8136533,34.1481931,-118.8135311,34.1482803],"geometry":{"type":"Polygon","coordinates":[[[-118.8135346,34.1482495],[-118.8135311,34.1482574],[-118.8135328,34.1482671],[-118.8135417,34.1482747],[-118.8135571,34.1482794],[-118.8135687,34.1482803],[-118.8135807,34.1482785],[-118.813597,34.1482753],[-118.8136131,34.1482728],[-118.8136315,34.1482683],[-118.8136428,34.1482628],[-118.813649,34.1482565],[-118.8136522,34.1482485],[-118.8136533,34.1482399],[-118.8136528,34.1482321],[-118.813651,34.1482241],[-118.8136466,34.1482153],[-118.8136398,34.1482087],[-118.813631,34.1482034],[-118.8136181,34.1481991],[-118.8136024,34.1481954],[-118.8135873,34.1481931],[-118.8135742,34.1481931],[-118.813564,34.1481941],[-118.8135563,34.1481979],[-118.8135519,34.1482077],[-118.8135481,34.148217],[-118.8135442,34.1482267],[-118.8135393,34.1482357],[-118.8135362,34.1482423],[-118.8135346,34.1482495]]]},"properties":{"course_id":"westlake_village","course_name":"Westlake Village Golf Course","hole_number":6,"feature_type":"bunker","name":"hole_6_bunker","feature-color":"#d4b483","is_approximate":true,"source":"osm","@id":"f06f7482-cb94-4d6f-884f-7e82f73fe5bf","osm_id":695894097}},{"type":"Feature","bbox":[-118.8131923,34.1481726,-118.8130311,34.1482746],"geometry":{"type":"Polygon","coordinates":[[[-118.813035,34.1482207],[-118.8130315,34.1482311],[-118.8130311,34.1482433],[-118.8130394,34.1482571],[-118.8130521,34.1482661],[-118.8130652,34.1482714],[-118.813076,34.1482725],[-118.8130864,34.1482716],[-118.8131016,34.1482708],[-118.8131149,34.1482708],[-118.8131237,34.1482716],[-118.8131353,34.1482738],[-118.8131476,34.1482746],[-118.8131603,34.148273],[-118.81317,34.1482696],[-118.8131796,34.1482642],[-118.8131861,34.1482579],[-118.8131909,34.1482491],[-118.8131923,34.1482392],[-118.8131909,34.14823],[-118.8131877,34.1482198],[-118.8131802,34.1482097],[-118.813173,34.148201],[-118.8131628,34.1481914],[-118.8131513,34.1481823],[-118.813138,34.1481778],[-118.8131247,34.1481734],[-118.8131116,34.1481726],[-118.8131003,34.1481735],[-118.8130899,34.1481775],[-118.8130771,34.1481841],[-118.8130642,34.1481939],[-118.8130521,34.1482032],[-118.8130413,34.1482108],[-118.813035,34.1482207]]]},"properties":{"course_id":"westlake_village","course_name":"Westlake Village Golf Course","hole_number":6,"feature_type":"bunker","name":"hole_6_bunker_2","feature-color":"#d4b483","is_approximate":true,"source":"osm","@id":"f2a19791-7502-4078-8e0c-352cd7c32153","osm_id":695894098}},{"type":"Feature","bbox":[-118.8090282,34.1480574,-118.8086192,34.1482232],"geometry":{"type":"Polygon","coordinates":[[[-118.8086484,34.1480574],[-118.8086323,34.1480989],[-118.8086192,34.1481339],[-118.8086453,34.1481422],[-118.808727,34.1481613],[-118.8088025,34.1481792],[-118.8088664,34.1481945],[-118.8089265,34.1482072],[-118.8089958,34.1482232],[-118.8090081,34.1481919],[-118.8090197,34.1481575],[-118.8090282,34.1481301],[-118.8089689,34.148118],[-118.8088741,34.1480976],[-118.8087801,34.1480791],[-118.8087124,34.1480664],[-118.8086484,34.1480574]]]},"properties":{"course_id":"westlake_village","course_name":"Westlake Village Golf Course","hole_number":6,"feature_type":"tee_box","name":"hole_6_tee_box","feature-color":"#8b7355","is_approximate":true,"source":"osm","@id":"00422951-830f-41f5-b891-3a8f4a1a9db1","osm_id":695894099}},{"type":"Feature","bbox":[-118.8080918,34.1480752,-118.8080019,34.1481873],"geometry":{"type":"Polygon","coordinates":[[[-118.8080264,34.148083],[-118.8080141,34.1481004],[-118.8080071,34.1481216],[-118.8080019,34.1481482],[-118.8080025,34.1481709],[-118.8080171,34.1481805],[-118.8080328,34.1481859],[-118.808055,34.1481873],[-118.808069,34.1481796],[-118.8080713,34.1481665],[-118.8080743,34.1481462],[-118.8080819,34.148126],[-118.8080894,34.1481153],[-118.8080918,34.1481076],[-118.8080883,34.1480975],[-118.8080748,34.1480863],[-118.8080556,34.1480762],[-118.8080422,34.1480752],[-118.8080328,34.1480786],[-118.8080264,34.148083]]]},"properties":{"course_id":"westlake_village","course_name":"Westlake Village Golf Course","hole_number":5,"feature_type":"bunker","name":"hole_5_bunker","feature-color":"#d4b483","is_approximate":true,"source":"osm","@id":"6bf8af37-aa5a-4eb3-bdb7-35853b6b40d5","osm_id":695894100}},{"type":"Feature","bbox":[-118.8083336,34.1479736,-118.8081491,34.1480656],"geometry":{"type":"Polygon","coordinates":[[[-118.8081523,34.1479997],[-118.80815,34.1480171],[-118.8081491,34.1480354],[-118.8081535,34.14804],[-118.8082165,34.1480507],[-118.8082676,34.1480586],[-118.8082986,34.1480654],[-118.8083134,34.1480656],[-118.8083248,34.1480608],[-118.808331,34.1480531],[-118.8083336,34.1480381],[-118.808333,34.14802],[-118.8083286,34.1480045],[-118.8083184,34.1479934],[-118.808307,34.147985],[-118.8082913,34.1479804],[-118.808267,34.1479789],[-118.8082454,34.1479782],[-118.8082221,34.1479763],[-118.8082017,34.1479738],[-118.808185,34.1479736],[-118.8081707,34.1479765],[-118.8081582,34.1479825],[-118.8081529,34.1479922],[-118.8081523,34.1479997]]]},"properties":{"course_id":"westlake_village","course_name":"Westlake Village Golf Course","hole_number":5,"feature_type":"bunker","name":"hole_5_bunker_2","feature-color":"#d4b483","is_approximate":true,"source":"osm","@id":"324639dc-d831-45ed-a0f3-a12477d47988","osm_id":695894101}},{"type":"Feature","bbox":[-118.8083639,34.1480602,-118.8081016,34.1482775],"geometry":{"type":"Polygon","coordinates":[[[-118.8081162,34.1481038],[-118.8081082,34.1481328],[-118.8081016,34.1481628],[-118.8081032,34.1481924],[-118.8081182,34.1482176],[-118.8081432,34.1482358],[-118.8081771,34.1482552],[-118.8082106,34.1482702],[-118.8082349,34.1482759],[-118.8082622,34.1482775],[-118.8082861,34.1482702],[-118.8083053,34.1482571],[-118.8083231,34.1482431],[-118.8083377,34.1482233],[-118.8083496,34.1482004],[-118.80836,34.1481736],[-118.8083639,34.1481523],[-118.8083627,34.1481344],[-118.8083531,34.1481194],[-118.8083308,34.1481057],[-118.8083034,34.148093],[-118.8082738,34.1480815],[-118.8082433,34.1480716],[-118.8082083,34.1480637],[-118.8081771,34.1480602],[-118.8081555,34.1480605],[-118.8081374,34.1480653],[-118.808127,34.1480767],[-118.8081213,34.1480882],[-118.8081162,34.1481038]]]},"properties":{"course_id":"westlake_village","course_name":"Westlake Village Golf Course","hole_number":5,"feature_type":"green","name":"hole_5_green","feature-color":"#2d6e2d","is_approximate":true,"source":"osm","@id":"a77ccb6b-0d9b-44e1-903a-a0a871aa42b1","osm_id":695894102}},{"type":"Feature","bbox":[-118.8137489,34.1502814,-118.8134669,34.1504984],"geometry":{"type":"Polygon","coordinates":[[[-118.8134775,34.1503554],[-118.8134709,34.150368],[-118.8134669,34.150387],[-118.8134765,34.150413],[-118.8134913,34.1504454],[-118.813505,34.1504748],[-118.8135212,34.1504887],[-118.81354,34.1504959],[-118.8135624,34.1504984],[-118.8135898,34.1504942],[-118.8136275,34.1504866],[-118.8136615,34.1504812],[-118.8136864,34.1504761],[-118.8137077,34.150466],[-118.8137271,34.1504484],[-118.8137428,34.150429],[-118.8137489,34.1504113],[-118.8137474,34.1503996],[-118.8137413,34.1503857],[-118.8137271,34.150368],[-118.8137093,34.1503495],[-118.8136889,34.1503289],[-118.8136722,34.1503146],[-118.8136488,34.1502982],[-118.8136269,34.1502848],[-118.8136153,34.1502814],[-118.8136,34.1502831],[-118.8135832,34.150286],[-118.8135634,34.1502965],[-118.8135426,34.1503091],[-118.8135202,34.1503234],[-118.8134994,34.1503352],[-118.8134862,34.1503453],[-118.8134775,34.1503554]]]},"properties":{"course_id":"westlake_village","course_name":"Westlake Village Golf Course","hole_number":1,"feature_type":"green","name":"hole_1_green","feature-color":"#2d6e2d","is_approximate":true,"source":"osm","@id":"6f85d5a3-7693-43ef-a33a-67b22675bc8d","osm_id":695896500}},{"type":"Feature","bbox":[-118.8165823,34.150206,-118.8161572,34.1503682],"geometry":{"type":"Polygon","coordinates":[[[-118.8165816,34.1502554],[-118.8165823,34.1502336],[-118.8165709,34.1502161],[-118.8165497,34.1502073],[-118.8165094,34.150206],[-118.8163741,34.1502204],[-118.8162793,34.1502346],[-118.816224,34.1502521],[-118.8161785,34.1502701],[-118.8161572,34.1502906],[-118.8161586,34.1503078],[-118.8161701,34.1503243],[-118.8161984,34.1503422],[-118.8162356,34.1503609],[-118.8162736,34.1503682],[-118.8163236,34.1503609],[-118.8165141,34.1503009],[-118.8165594,34.1502759],[-118.8165816,34.1502554]]]},"properties":{"course_id":"westlake_village","course_name":"Westlake Village Golf Course","hole_number":1,"feature_type":"tee_box","name":"hole_1_tee_box","feature-color":"#8b7355","is_approximate":true,"source":"osm","@id":"68be2099-2080-411b-a7e7-28cb75955f35","osm_id":695896501}},{"type":"Feature","bbox":[-118.8156636,34.1502238,-118.8137135,34.1505636],"geometry":{"type":"Polygon","coordinates":[[[-118.8156388,34.1504376],[-118.8155787,34.1504742],[-118.8154813,34.1504874],[-118.8152778,34.1505123],[-118.8150796,34.150524],[-118.814977,34.1505343],[-118.8148743,34.1505313],[-118.8147593,34.1505387],[-118.8146549,34.1505533],[-118.8145115,34.1505636],[-118.8143329,34.1505606],[-118.8141718,34.1505416],[-118.8140055,34.1505094],[-118.813848,34.1504772],[-118.8137542,34.1504523],[-118.813763,34.1504289],[-118.8137648,34.1504069],[-118.8137577,34.150382],[-118.8137436,34.1503615],[-118.8137223,34.1503337],[-118.8137135,34.1503117],[-118.8137648,34.1502927],[-118.8138568,34.1502765],[-118.8139913,34.1502604],[-118.8140975,34.1502502],[-118.8142108,34.1502414],[-118.8143205,34.1502429],[-118.8144249,34.1502399],[-118.8145594,34.1502311],[-118.8146797,34.1502238],[-118.8147753,34.1502355],[-118.8148814,34.1502502],[-118.8149575,34.1502619],[-118.8150902,34.1502853],[-118.8151982,34.1502868],[-118.8153362,34.1502883],[-118.8154353,34.1502912],[-118.8155185,34.1503014],[-118.8155963,34.1503307],[-118.8156494,34.1503673],[-118.8156636,34.1504069],[-118.8156388,34.1504376]]]},"properties":{"course_id":"westlake_village","course_name":"Westlake Village Golf Course","hole_number":1,"feature_type":"fairway","name":"hole_1_fairway","feature-color":"#4a7c3f","is_approximate":true,"source":"osm","@id":"179d7ea0-b595-4b89-8084-70dff95f3d3f","osm_id":695896502}},{"type":"Feature","bbox":[-118.8142921,34.1482968,-118.8141165,34.1484976],"geometry":{"type":"Polygon","coordinates":[[[-118.8142813,34.1483574],[-118.8142914,34.1483363],[-118.8142921,34.1483293],[-118.8142659,34.1483159],[-118.8142344,34.1483019],[-118.8142189,34.1482968],[-118.8142043,34.1483127],[-118.8141727,34.1483586],[-118.8141558,34.1483918],[-118.8141381,34.1484249],[-118.8141227,34.1484562],[-118.8141165,34.148474],[-118.8141327,34.1484842],[-118.8141681,34.1484963],[-118.8141866,34.1484976],[-118.8142005,34.148488],[-118.8142182,34.1484593],[-118.8142421,34.1484205],[-118.8142659,34.1483822],[-118.8142813,34.1483574]]]},"properties":{"course_id":"westlake_village","course_name":"Westlake Village Golf Course","hole_number":7,"feature_type":"tee_box","name":"hole_7_tee_box","feature-color":"#8b7355","is_approximate":true,"source":"osm","@id":"83bd0564-cb37-441a-9801-f9b001f153a8","osm_id":695897465}},{"type":"Feature","bbox":[-118.812958,34.1490752,-118.8126939,34.1495039],"geometry":{"type":"Polygon","coordinates":[[[-118.8126939,34.1491972],[-118.812703,34.1492309],[-118.8127152,34.1492805],[-118.8127193,34.1493217],[-118.8127416,34.1493789],[-118.8127501,34.1493901],[-118.8127904,34.1494087],[-118.8128202,34.1494262],[-118.8128554,34.1494487],[-118.8128903,34.149472],[-118.8129137,34.1494881],[-118.8129362,34.1495039],[-118.8129533,34.1494961],[-118.812958,34.1494587],[-118.8129553,34.1494123],[-118.8129409,34.1493521],[-118.8129429,34.1493291],[-118.812951,34.1493152],[-118.8129409,34.1492445],[-118.8129238,34.1491973],[-118.8128836,34.1491426],[-118.8128618,34.1490994],[-118.81285,34.1490752],[-118.8128427,34.1491024],[-118.812834,34.1491249],[-118.8128252,34.1491415],[-118.8128091,34.149159],[-118.812778,34.1491743],[-118.8127391,34.1491868],[-118.8126939,34.1491972]]]},"properties":{"course_id":"westlake_village","course_name":"Westlake Village Golf Course","hole_number":2,"feature_type":"fairway","name":"hole_2_fairway","feature-color":"#4a7c3f","is_approximate":true,"source":"osm","@id":"895592ff-ba9e-4586-a25b-ca0fd7562b13","osm_id":695897466}},{"type":"Feature","bbox":[-118.8087767,34.1485534,-118.808496,34.1487421],"geometry":{"type":"Polygon","coordinates":[[[-118.8085376,34.1487166],[-118.8085484,34.1487195],[-118.8085626,34.1487198],[-118.8085769,34.1487211],[-118.8085884,34.148723],[-118.8086015,34.1487262],[-118.8086115,34.1487309],[-118.8086269,34.1487373],[-118.8086385,34.1487408],[-118.8086531,34.1487421],[-118.8086685,34.1487395],[-118.8086789,34.1487332],[-118.808687,34.1487255],[-118.808697,34.1487169],[-118.8087055,34.1487112],[-118.8087174,34.1487022],[-118.8087274,34.1486959],[-118.8087371,34.1486885],[-118.8087525,34.1486761],[-118.8087648,34.1486627],[-118.8087729,34.1486506],[-118.8087767,34.1486404],[-118.8087767,34.1486273],[-118.8087729,34.1486156],[-118.8087621,34.148606],[-118.8087467,34.148592],[-118.8087344,34.1485792],[-118.8087213,34.1485674],[-118.8087082,34.1485588],[-118.8086947,34.1485537],[-118.8086835,34.1485534],[-118.8086685,34.1485563],[-118.8086535,34.1485649],[-118.8086296,34.1485783],[-118.8086069,34.1485869],[-118.8085849,34.1485904],[-118.8085653,34.1485952],[-118.808543,34.1486034],[-118.8085249,34.1486111],[-118.8085083,34.1486248],[-118.8085002,34.1486404],[-118.8084968,34.1486595],[-118.808496,34.1486793],[-118.8085029,34.1486968],[-118.808521,34.1487115],[-118.8085376,34.1487166]]]},"properties":{"course_id":"westlake_village","course_name":"Westlake Village Golf Course","hole_number":3,"feature_type":"green","name":"hole_3_green","feature-color":"#2d6e2d","is_approximate":true,"source":"osm","@id":"50721c4e-3b53-4a1d-9ef7-b6a5936d1343","osm_id":695897469}},{"type":"Feature","bbox":[-118.8112137,34.148542,-118.8087699,34.149174],"geometry":{"type":"Polygon","coordinates":[[[-118.8087902,34.148616],[-118.8088442,34.1486182],[-118.8088805,34.1486087],[-118.8089141,34.1485845],[-118.8089495,34.1485662],[-118.808999,34.1485494],[-118.8090645,34.148542],[-118.8091114,34.1485435],[-118.8091919,34.148575],[-118.809299,34.1485984],[-118.8094052,34.1486292],[-118.8095175,34.1486533],[-118.8096449,34.1486592],[-118.809767,34.1486592],[-118.8098723,34.1486651],[-118.8100068,34.1486863],[-118.8101342,34.1487214],[-118.810282,34.148761],[-118.8103935,34.148791],[-118.8105227,34.1488232],[-118.8106306,34.1488466],[-118.8107545,34.1488759],[-118.8108854,34.148895],[-118.8109943,34.1489052],[-118.8111022,34.148914],[-118.8111712,34.1489411],[-118.8112093,34.1489748],[-118.8112137,34.1490253],[-118.8111925,34.1490868],[-118.8111553,34.1491315],[-118.8110951,34.1491681],[-118.811019,34.149174],[-118.8109367,34.1491688],[-118.8108217,34.1491505],[-118.8107049,34.14913],[-118.810597,34.149111],[-118.8104935,34.1490927],[-118.8104014,34.1490846],[-118.8102908,34.1490795],[-118.8101997,34.14907],[-118.8101103,34.1490458],[-118.8099997,34.1490026],[-118.8099095,34.1489631],[-118.8097962,34.1489169],[-118.8096786,34.1488789],[-118.8095671,34.1488496],[-118.8094361,34.1488261],[-118.8093273,34.1488283],[-118.8091981,34.1488379],[-118.809107,34.1488291],[-118.8090097,34.1488005],[-118.8088858,34.1487471],[-118.8088044,34.1487097],[-118.8087699,34.1486826],[-118.8087893,34.1486489],[-118.8087902,34.148616]]]},"properties":{"course_id":"westlake_village","course_name":"Westlake Village Golf Course","hole_number":3,"feature_type":"fairway","name":"hole_3_fairway","feature-color":"#4a7c3f","is_approximate":true,"source":"osm","@id":"e8d86e7e-0462-437e-962f-0d29407c4732","osm_id":695897470}},{"type":"Feature","bbox":[-118.808404,34.1485749,-118.8083188,34.1487203],"geometry":{"type":"Polygon","coordinates":[[[-118.8083862,34.1486976],[-118.8083731,34.1487134],[-118.8083584,34.1487203],[-118.8083443,34.1487201],[-118.8083312,34.1487145],[-118.8083205,34.148704],[-118.8083188,34.1486873],[-118.8083252,34.148674],[-118.8083285,34.148659],[-118.8083309,34.1486435],[-118.8083342,34.1486246],[-118.8083362,34.1486021],[-118.8083382,34.1485871],[-118.8083496,34.1485785],[-118.8083731,34.1485749],[-118.8083882,34.1485858],[-118.8084009,34.148603],[-118.808404,34.1486216],[-118.8084016,34.1486424],[-118.8083942,34.1486651],[-118.8083895,34.1486845],[-118.8083862,34.1486976]]]},"properties":{"course_id":"westlake_village","course_name":"Westlake Village Golf Course","hole_number":4,"feature_type":"bunker","name":"hole_4_bunker","feature-color":"#d4b483","is_approximate":true,"source":"osm","@id":"6b1931d9-c5c0-497b-aba7-67e5818c6344","osm_id":695898565}},{"type":"Feature","bbox":[-118.8059394,34.1469413,-118.8056879,34.1471202],"geometry":{"type":"Polygon","coordinates":[[[-118.8059171,34.1470947],[-118.8058978,34.1471084],[-118.8058697,34.147117],[-118.8058366,34.1471202],[-118.805805,34.1471167],[-118.8057719,34.1471068],[-118.8057469,34.1470985],[-118.8057226,34.1470886],[-118.8057064,34.1470781],[-118.8056933,34.1470657],[-118.8056879,34.1470468],[-118.8056891,34.1470293],[-118.8056956,34.1470134],[-118.805708,34.1469962],[-118.8057272,34.1469876],[-118.8057465,34.1469786],[-118.8057657,34.1469694],[-118.8057862,34.1469598],[-118.8058019,34.1469519],[-118.8058193,34.1469449],[-118.8058354,34.1469413],[-118.8058555,34.1469439],[-118.8058794,34.1469525],[-118.8059036,34.1469653],[-118.8059206,34.1469796],[-118.8059298,34.1470016],[-118.8059375,34.1470198],[-118.8059394,34.1470427],[-118.805939,34.1470637],[-118.8059302,34.1470813],[-118.8059171,34.1470947]]]},"properties":{"course_id":"westlake_village","course_name":"Westlake Village Golf Course","hole_number":4,"feature_type":"green","name":"hole_4_green","feature-color":"#2d6e2d","is_approximate":true,"source":"osm","@id":"52a5ec35-f963-4167-a9dc-ed5ae15aca58","osm_id":695899380}},{"type":"Feature","bbox":[-118.8060721,34.146944,-118.8059543,34.1470484],"geometry":{"type":"Polygon","coordinates":[[[-118.8059716,34.1469921],[-118.8059681,34.147002],[-118.8059635,34.1470098],[-118.8059577,34.1470175],[-118.8059543,34.1470232],[-118.8059593,34.1470277],[-118.8059706,34.1470304],[-118.805988,34.1470353],[-118.8060005,34.1470387],[-118.8060139,34.1470422],[-118.8060222,34.1470462],[-118.8060328,34.1470484],[-118.8060448,34.1470482],[-118.8060509,34.1470449],[-118.8060575,34.1470411],[-118.8060623,34.147036],[-118.8060679,34.1470307],[-118.80607,34.1470247],[-118.8060719,34.1470164],[-118.8060721,34.1470071],[-118.8060698,34.1469993],[-118.806065,34.1469907],[-118.8060617,34.1469815],[-118.8060552,34.1469697],[-118.8060494,34.1469604],[-118.8060396,34.1469509],[-118.8060288,34.1469453],[-118.8060151,34.146944],[-118.8060028,34.1469475],[-118.8059903,34.1469534],[-118.8059801,34.1469606],[-118.8059752,34.1469708],[-118.8059739,34.1469824],[-118.8059716,34.1469921]]]},"properties":{"course_id":"westlake_village","course_name":"Westlake Village Golf Course","hole_number":4,"feature_type":"bunker","name":"hole_4_bunker_2","feature-color":"#d4b483","is_approximate":true,"source":"osm","@id":"61e1b3b2-9f92-4ebe-b6b2-0426fa175ac1","osm_id":695904509}},{"type":"Feature","bbox":[-118.8060701,34.1475732,-118.8058097,34.1477794],"geometry":{"type":"Polygon","coordinates":[[[-118.8058263,34.1477453],[-118.8058386,34.1477558],[-118.8058579,34.1477625],[-118.8058717,34.1477673],[-118.805886,34.1477737],[-118.8059029,34.1477769],[-118.8059191,34.1477794],[-118.805936,34.1477794],[-118.8059538,34.1477781],[-118.8059707,34.1477743],[-118.8059861,34.1477695],[-118.8060061,34.1477609],[-118.8060235,34.1477504],[-118.8060393,34.1477386],[-118.8060531,34.1477249],[-118.8060651,34.1477093],[-118.8060701,34.1476969],[-118.8060689,34.1476774],[-118.8060674,34.1476586],[-118.8060624,34.1476379],[-118.8060558,34.1476226],[-118.806045,34.1476118],[-118.8060312,34.1475971],[-118.8060146,34.1475856],[-118.8059969,34.1475773],[-118.8059757,34.1475732],[-118.8059487,34.1475732],[-118.8059283,34.1475735],[-118.8059068,34.1475745],[-118.8058891,34.1475761],[-118.8058706,34.1475773],[-118.8058571,34.1475821],[-118.805844,34.1475926],[-118.8058332,34.1476025],[-118.8058247,34.1476181],[-118.8058186,34.1476417],[-118.8058151,34.1476608],[-118.8058116,34.1476771],[-118.8058105,34.1476981],[-118.8058097,34.1477201],[-118.8058143,34.1477348],[-118.8058263,34.1477453]]]},"properties":{"course_id":"westlake_village","course_name":"Westlake Village Golf Course","hole_number":13,"feature_type":"green","name":"hole_13_green","feature-color":"#2d6e2d","is_approximate":true,"source":"osm","@id":"cf769907-2dde-408b-8e67-afc722a4619d","osm_id":695906064}},{"type":"Feature","bbox":[-118.8058763,34.147477,-118.8057394,34.1475718],"geometry":{"type":"Polygon","coordinates":[[[-118.8058467,34.1475551],[-118.8058281,34.1475663],[-118.8058142,34.1475714],[-118.8057956,34.1475718],[-118.8057797,34.1475698],[-118.8057631,34.1475659],[-118.8057542,34.1475601],[-118.8057452,34.14755],[-118.8057414,34.1475423],[-118.8057394,34.1475279],[-118.8057396,34.1475114],[-118.8057452,34.1474993],[-118.8057573,34.1474887],[-118.8057761,34.1474783],[-118.805785,34.147477],[-118.8058031,34.1474777],[-118.805825,34.1474784],[-118.8058418,34.1474808],[-118.8058577,34.1474859],[-118.8058684,34.1474931],[-118.8058737,34.1475055],[-118.8058763,34.1475156],[-118.8058761,34.1475273],[-118.805871,34.1475378],[-118.8058597,34.1475471],[-118.8058467,34.1475551]]]},"properties":{"course_id":"westlake_village","course_name":"Westlake Village Golf Course","hole_number":13,"feature_type":"bunker","name":"hole_13_bunker","feature-color":"#d4b483","is_approximate":true,"source":"osm","@id":"eec5c063-6d6b-444b-a7a9-99be6b792f52","osm_id":695906065}},{"type":"Feature","bbox":[-118.8066408,34.146613,-118.8062322,34.1469028],"geometry":{"type":"Polygon","coordinates":[[[-118.8062978,34.146613],[-118.8062338,34.1466837],[-118.8062322,34.1466904],[-118.8062358,34.1466967],[-118.8063959,34.1467956],[-118.8064721,34.1468431],[-118.8065321,34.1468809],[-118.8065559,34.1468965],[-118.8065671,34.1469015],[-118.8065793,34.1469028],[-118.8065895,34.1468973],[-118.8066378,34.1468456],[-118.8066408,34.1468359],[-118.8066337,34.1468254],[-118.8065935,34.1467964],[-118.8065326,34.1467552],[-118.8064741,34.1467169],[-118.8064025,34.146674],[-118.806343,34.1466378],[-118.8063079,34.1466156],[-118.8062978,34.146613]]]},"properties":{"course_id":"westlake_village","course_name":"Westlake Village Golf Course","hole_number":5,"feature_type":"tee_box","name":"hole_5_tee_box","feature-color":"#8b7355","is_approximate":true,"source":"osm","@id":"48aa01e4-b831-4e3e-adf0-0c4538387af1","osm_id":695908821}},{"type":"Feature","bbox":[-118.8081543,34.1474438,-118.8073226,34.1480922],"geometry":{"type":"Polygon","coordinates":[[[-118.8081543,34.1480574],[-118.8081415,34.1480442],[-118.8081278,34.1480131],[-118.8081242,34.147986],[-118.8081269,34.1479611],[-118.8081207,34.1479366],[-118.8080888,34.147911],[-118.8080247,34.1478901],[-118.8079685,34.1478732],[-118.8079225,34.1478458],[-118.8078853,34.1478125],[-118.8078584,34.1477718],[-118.8078362,34.1477231],[-118.8078031,34.1476916],[-118.8077535,34.1476653],[-118.8077009,34.1476419],[-118.8076579,34.1476228],[-118.8076057,34.1475738],[-118.8075575,34.1475335],[-118.8075044,34.1474877],[-118.8074456,34.1474478],[-118.8074053,34.1474438],[-118.8073549,34.1474562],[-118.807323,34.1474863],[-118.8073226,34.1475287],[-118.807362,34.1475697],[-118.8074478,34.1476411],[-118.8075416,34.1477202],[-118.8076199,34.1477857],[-118.8076792,34.1478374],[-118.8077053,34.147863],[-118.8077393,34.1478919],[-118.8077955,34.1479208],[-118.8078676,34.1479714],[-118.8079243,34.1480116],[-118.8079751,34.1480376],[-118.8080212,34.14806],[-118.8080725,34.1480761],[-118.8081079,34.1480922],[-118.808126,34.1480691],[-118.8081543,34.1480574]]]},"properties":{"course_id":"westlake_village","course_name":"Westlake Village Golf Course","hole_number":5,"feature_type":"fairway","name":"hole_5_fairway","feature-color":"#4a7c3f","is_approximate":true,"source":"osm","@id":"5aba779e-471f-47b6-a6a5-2e90186b151f","osm_id":695908822}},{"type":"Feature","bbox":[-118.8072282,34.1470449,-118.805917,34.1479815],"geometry":{"type":"Polygon","coordinates":[[[-118.8072114,34.1478189],[-118.8072282,34.1478768],[-118.8071902,34.1479288],[-118.8071256,34.147961],[-118.8070548,34.1479815],[-118.8069531,34.1479698],[-118.8068283,34.1479009],[-118.8067195,34.1478189],[-118.8065452,34.147745],[-118.8064204,34.1476856],[-118.8063213,34.1476154],[-118.8062143,34.1475304],[-118.806124,34.1474447],[-118.8060718,34.1473444],[-118.8060249,34.1472485],[-118.8059922,34.1471767],[-118.8059497,34.1471277],[-118.805917,34.1471101],[-118.8059373,34.1470903],[-118.8059497,34.1470727],[-118.805955,34.1470449],[-118.8059984,34.1470537],[-118.8060559,34.1470749],[-118.8061169,34.1471116],[-118.8062497,34.1471753],[-118.8063974,34.1472419],[-118.8065169,34.1472946],[-118.8066124,34.1473459],[-118.8067283,34.1474279],[-118.8068336,34.147504],[-118.8069159,34.1475787],[-118.8070017,34.1476432],[-118.8070752,34.1477003],[-118.8071468,34.147764],[-118.8072114,34.1478189]]]},"properties":{"course_id":"westlake_village","course_name":"Westlake Village Golf Course","hole_number":4,"feature_type":"fairway","name":"hole_4_fairway","feature-color":"#4a7c3f","is_approximate":true,"source":"osm","@id":"78d39b4f-da14-4e30-84f6-b919fcc0726d","osm_id":695910124}},{"type":"Feature","bbox":[-118.8087191,34.1477056,-118.8081882,34.1479601],"geometry":{"type":"Polygon","coordinates":[[[-118.8082267,34.1477056],[-118.8081899,34.1477602],[-118.8081882,34.1477679],[-118.8081939,34.1477734],[-118.8083439,34.1478455],[-118.8084572,34.1479012],[-118.8086018,34.1479403],[-118.8086797,34.1479601],[-118.8087191,34.1479063],[-118.8087177,34.1478946],[-118.8086872,34.1478832],[-118.8084939,34.1478188],[-118.8083758,34.1477697],[-118.8082267,34.1477056]]]},"properties":{"course_id":"westlake_village","course_name":"Westlake Village Golf Course","hole_number":6,"feature_type":"tee_box","name":"hole_6_tee_box_2","feature-color":"#8b7355","is_approximate":true,"source":"osm","@id":"411e5578-ce6b-4e7a-aac2-0a2ad197db1f","osm_id":695914589}},{"type":"Feature","bbox":[-118.8164057,34.1507952,-118.8163482,34.1508793],"geometry":{"type":"Polygon","coordinates":[[[-118.8164026,34.1508352],[-118.816398,34.1508524],[-118.8163899,34.1508697],[-118.8163777,34.1508793],[-118.816365,34.1508768],[-118.8163518,34.1508638],[-118.8163482,34.1508427],[-118.8163498,34.1508154],[-118.8163548,34.1508036],[-118.816363,34.1507969],[-118.8163757,34.1507952],[-118.8163914,34.1507986],[-118.8164026,34.1508078],[-118.8164057,34.15082],[-118.8164026,34.1508352]]]},"properties":{"course_id":"westlake_village","course_name":"Westlake Village Golf Course","hole_number":18,"feature_type":"bunker","name":"hole_18_bunker","feature-color":"#d4b483","is_approximate":true,"source":"osm","@id":"e5dc6fda-dd91-4fdb-a329-ed7698803811","osm_id":695914590}},{"type":"Feature","bbox":[-118.8166955,34.1507181,-118.8164201,34.1510059],"geometry":{"type":"Polygon","coordinates":[[[-118.8164201,34.1509387],[-118.816424,34.1509556],[-118.8164332,34.1509718],[-118.8164486,34.1509878],[-118.8164717,34.1509996],[-118.8164983,34.1510056],[-118.8165191,34.1510059],[-118.8165414,34.151005],[-118.8165615,34.1510015],[-118.816578,34.1509948],[-118.816595,34.1509763],[-118.8166059,34.1509634],[-118.8166239,34.1509456],[-118.8166354,34.1509347],[-118.8166485,34.1509253],[-118.8166674,34.1509132],[-118.8166789,34.1509039],[-118.8166851,34.1508909],[-118.8166889,34.1508657],[-118.8166909,34.1508491],[-118.8166928,34.1508313],[-118.8166947,34.1508109],[-118.8166955,34.1507898],[-118.816694,34.1507723],[-118.8166843,34.1507583],[-118.8166635,34.1507423],[-118.816642,34.1507274],[-118.8166227,34.1507191],[-118.8166015,34.1507181],[-118.8165761,34.1507248],[-118.8165542,34.1507363],[-118.8165257,34.1507516],[-118.816501,34.1507656],[-118.8164794,34.150779],[-118.8164613,34.1507956],[-118.8164529,34.1508118],[-118.8164459,34.1508386],[-118.8164332,34.1508768],[-118.8164228,34.1509081],[-118.8164201,34.1509256],[-118.8164201,34.1509387]]]},"properties":{"course_id":"westlake_village","course_name":"Westlake Village Golf Course","hole_number":18,"feature_type":"green","name":"hole_18_green","feature-color":"#2d6e2d","is_approximate":true,"source":"osm","@id":"643e61b3-73eb-4c19-9583-37ba317291b3","osm_id":695914591}},{"type":"Feature","bbox":[-118.8159294,34.1518731,-118.8156215,34.1520895],"geometry":{"type":"Polygon","coordinates":[[[-118.8156282,34.15195],[-118.8156215,34.1519698],[-118.8156224,34.1519852],[-118.815641,34.1520046],[-118.8156618,34.1520218],[-118.8156879,34.1520338],[-118.8157166,34.1520503],[-118.8157343,34.152065],[-118.8157547,34.1520778],[-118.8157799,34.1520869],[-118.8158038,34.1520895],[-118.8158312,34.1520855],[-118.8158529,34.1520745],[-118.815875,34.1520591],[-118.8158958,34.1520441],[-118.8159131,34.1520258],[-118.8159259,34.1520079],[-118.8159294,34.1519899],[-118.8159272,34.1519701],[-118.8159184,34.1519555],[-118.8158989,34.1519365],[-118.8158755,34.1519171],[-118.815848,34.1518995],[-118.815829,34.1518863],[-118.8158087,34.1518775],[-118.8157772,34.1518731],[-118.8157498,34.151875],[-118.8157246,34.1518815],[-118.8156954,34.1518936],[-118.8156773,34.1519039],[-118.8156596,34.1519149],[-118.8156441,34.1519247],[-118.8156343,34.1519346],[-118.8156282,34.15195]]]},"properties":{"course_id":"westlake_village","course_name":"Westlake Village Golf Course","hole_number":18,"feature_type":"green","name":"hole_18_green_2","feature-color":"#2d6e2d","is_approximate":true,"source":"osm","@id":"ea6af3f6-527d-4e93-93ea-785c76a4861b","osm_id":695915368}},{"type":"Feature","bbox":[-118.8156823,34.1519967,-118.8155039,34.1521168],"geometry":{"type":"Polygon","coordinates":[[[-118.8156799,34.1520941],[-118.8156712,34.1521043],[-118.8156544,34.1521138],[-118.8156347,34.1521168],[-118.8156095,34.152116],[-118.8155958,34.1521107],[-118.8155813,34.1521024],[-118.8155683,34.1520918],[-118.8155589,34.1520824],[-118.8155465,34.1520735],[-118.8155347,34.152066],[-118.8155207,34.1520569],[-118.8155069,34.1520452],[-118.8155039,34.1520347],[-118.8155056,34.1520219],[-118.8155123,34.1520122],[-118.8155233,34.1520028],[-118.8155371,34.1519975],[-118.8155555,34.1519967],[-118.8155763,34.1519994],[-118.8155904,34.1520039],[-118.8156038,34.1520178],[-118.8156139,34.1520289],[-118.8156279,34.1520377],[-118.815642,34.1520449],[-118.8156554,34.1520516],[-118.8156699,34.1520572],[-118.8156782,34.1520649],[-118.8156823,34.1520749],[-118.8156819,34.1520849],[-118.8156799,34.1520941]]]},"properties":{"course_id":"westlake_village","course_name":"Westlake Village Golf Course","hole_number":18,"feature_type":"bunker","name":"hole_18_bunker_2","feature-color":"#d4b483","is_approximate":true,"source":"osm","@id":"383ca8fe-e5eb-4ae5-a33f-9a3ded2770ff","osm_id":695915369}},{"type":"Feature","bbox":[-118.8157412,34.1517761,-118.8155352,34.1519027],"geometry":{"type":"Polygon","coordinates":[[[-118.8155352,34.1518447],[-118.8155372,34.1518556],[-118.815543,34.1518653],[-118.8155524,34.1518724],[-118.8155629,34.1518783],[-118.8155723,34.1518859],[-118.8155809,34.151893],[-118.8155916,34.1519],[-118.8156043,34.1519027],[-118.8156152,34.1519025],[-118.8156271,34.151901],[-118.8156358,34.1518977],[-118.8156442,34.1518905],[-118.8156487,34.1518819],[-118.8156513,34.1518747],[-118.8156586,34.1518701],[-118.8156675,34.1518657],[-118.8156772,34.1518646],[-118.8156876,34.1518646],[-118.8157044,34.1518632],[-118.8157209,34.1518596],[-118.8157336,34.1518529],[-118.81574,34.1518455],[-118.8157412,34.151835],[-118.8157389,34.1518213],[-118.8157318,34.1518116],[-118.8157217,34.1518011],[-118.8157069,34.1517931],[-118.8156884,34.1517854],[-118.8156691,34.1517803],[-118.8156531,34.1517776],[-118.8156381,34.1517761],[-118.8156274,34.1517782],[-118.8156142,34.1517847],[-118.8156002,34.1517929],[-118.8155865,34.1518018],[-118.815571,34.1518108],[-118.8155568,34.1518177],[-118.8155458,34.1518241],[-118.8155369,34.151836],[-118.8155352,34.1518447]]]},"properties":{"course_id":"westlake_village","course_name":"Westlake Village Golf Course","hole_number":18,"feature_type":"bunker","name":"hole_18_bunker_3","feature-color":"#d4b483","is_approximate":true,"source":"osm","@id":"d53792ef-7509-4310-8150-da6a15fadffa","osm_id":695915946}},{"type":"Feature","bbox":[-118.8142767,34.1515974,-118.814186,34.1516475],"geometry":{"type":"Polygon","coordinates":[[[-118.8141861,34.151617],[-118.814187,34.1516261],[-118.8141913,34.1516318],[-118.8142015,34.1516374],[-118.8142118,34.1516399],[-118.8142203,34.151642],[-118.8142269,34.151644],[-118.8142323,34.1516457],[-118.8142408,34.151647],[-118.8142493,34.1516475],[-118.8142578,34.1516465],[-118.8142639,34.1516436],[-118.8142697,34.1516395],[-118.8142743,34.1516349],[-118.8142766,34.1516288],[-118.8142767,34.1516225],[-118.8142741,34.1516158],[-118.8142678,34.1516112],[-118.8142603,34.1516088],[-118.8142508,34.1516089],[-118.8142395,34.1516094],[-118.8142329,34.1516082],[-118.8142257,34.1516051],[-118.814217,34.1516001],[-118.8142099,34.151598],[-118.8142016,34.1515974],[-118.814194,34.1515992],[-118.8141887,34.1516031],[-118.814186,34.1516107],[-118.8141861,34.151617]]]},"properties":{"course_id":"westlake_village","course_name":"Westlake Village Golf Course","hole_number":17,"feature_type":"bunker","name":"hole_17_bunker","feature-color":"#d4b483","is_approximate":true,"source":"osm","@id":"f42e275a-43dd-4e09-8312-507894147251","osm_id":695916635}},{"type":"Feature","bbox":[-118.8141293,34.1514338,-118.8140713,34.151514],"geometry":{"type":"Polygon","coordinates":[[[-118.8141126,34.151469],[-118.8141123,34.151475],[-118.814115,34.1514817],[-118.814123,34.1514899],[-118.8141279,34.1514962],[-118.8141293,34.1515011],[-118.8141271,34.1515057],[-118.8141222,34.1515103],[-118.8141154,34.1515134],[-118.8141072,34.151514],[-118.8140973,34.1515116],[-118.8140906,34.1515081],[-118.8140858,34.151502],[-118.8140807,34.1514947],[-118.8140766,34.151486],[-118.8140725,34.1514747],[-118.8140713,34.1514669],[-118.8140718,34.1514587],[-118.8140735,34.1514485],[-118.8140758,34.1514431],[-118.8140789,34.1514377],[-118.814082,34.1514352],[-118.8140885,34.1514338],[-118.814096,34.1514346],[-118.814102,34.1514372],[-118.8141059,34.1514413],[-118.8141107,34.1514489],[-118.8141114,34.1514578],[-118.8141122,34.1514645],[-118.8141126,34.151469]]]},"properties":{"course_id":"westlake_village","course_name":"Westlake Village Golf Course","hole_number":17,"feature_type":"bunker","name":"hole_17_bunker_2","feature-color":"#d4b483","is_approximate":true,"source":"osm","@id":"04c6733d-52a9-47e5-be0e-8407dea5f79f","osm_id":695916636}},{"type":"Feature","bbox":[-118.8144268,34.1514114,-118.8141445,34.1516225],"geometry":{"type":"Polygon","coordinates":[[[-118.8141445,34.1514708],[-118.8141462,34.1514991],[-118.8141522,34.1515204],[-118.8141556,34.1515401],[-118.814166,34.1515523],[-118.8141807,34.1515648],[-118.8141965,34.1515723],[-118.8142233,34.1515779],[-118.8142501,34.1515815],[-118.8142773,34.1515862],[-118.814296,34.1515931],[-118.8143111,34.1516034],[-118.8143282,34.1516114],[-118.8143504,34.1516198],[-118.8143708,34.1516225],[-118.8143882,34.1516198],[-118.814402,34.1516092],[-118.8144154,34.1515931],[-118.8144214,34.1515781],[-118.8144268,34.1515604],[-118.8144251,34.1515471],[-118.8144204,34.1515285],[-118.814404,34.1515113],[-118.8143822,34.1515018],[-118.8143567,34.1514938],[-118.8143316,34.1514838],[-118.8143128,34.1514733],[-118.814295,34.1514577],[-118.8142813,34.1514411],[-118.8142689,34.1514289],[-118.8142514,34.151418],[-118.8142273,34.1514122],[-118.8142055,34.1514114],[-118.8141888,34.1514128],[-118.8141703,34.15142],[-118.8141525,34.1514386],[-118.8141462,34.1514547],[-118.8141445,34.1514708]]]},"properties":{"course_id":"westlake_village","course_name":"Westlake Village Golf Course","hole_number":17,"feature_type":"green","name":"hole_17_green","feature-color":"#2d6e2d","is_approximate":true,"source":"osm","@id":"1502a9c8-a18a-4583-91c7-ce1c61dfecc8","osm_id":695916637}},{"type":"Feature","bbox":[-118.8139036,34.1510128,-118.8135936,34.1511871],"geometry":{"type":"Polygon","coordinates":[[[-118.8136213,34.1510249],[-118.8136052,34.1510367],[-118.8135967,34.1510558],[-118.8135936,34.1510765],[-118.8135967,34.1510979],[-118.8136075,34.1511199],[-118.8136275,34.1511387],[-118.8136495,34.1511485],[-118.8136718,34.1511536],[-118.8136937,34.1511594],[-118.8137176,34.1511699],[-118.813738,34.1511795],[-118.8137665,34.1511849],[-118.8137935,34.1511871],[-118.8138228,34.1511868],[-118.8138497,34.151182],[-118.8138748,34.1511756],[-118.8138917,34.1511645],[-118.8139025,34.1511501],[-118.8139036,34.1511377],[-118.8138975,34.1511221],[-118.8138844,34.1511065],[-118.8138709,34.151088],[-118.8138563,34.1510698],[-118.8138424,34.1510536],[-118.8138193,34.1510379],[-118.81379,34.1510287],[-118.8137592,34.1510236],[-118.8137222,34.1510179],[-118.8136899,34.151014],[-118.8136637,34.1510128],[-118.8136383,34.1510144],[-118.8136213,34.1510249]]]},"properties":{"course_id":"westlake_village","course_name":"Westlake Village Golf Course","hole_number":10,"feature_type":"green","name":"hole_10_green","feature-color":"#2d6e2d","is_approximate":true,"source":"osm","@id":"c9dc62b7-4f54-4a82-8e72-a7426df7f196","osm_id":695916858}},{"type":"Feature","bbox":[-118.8134345,34.151398,-118.8130802,34.1515106],"geometry":{"type":"Polygon","coordinates":[[[-118.8130835,34.151398],[-118.8130802,34.1514477],[-118.8134174,34.1515106],[-118.8134345,34.1514196],[-118.8130835,34.151398]]]},"properties":{"course_id":"westlake_village","course_name":"Westlake Village Golf Course","hole_number":17,"feature_type":"tee_box","name":"hole_17_tee_box","feature-color":"#8b7355","is_approximate":true,"source":"osm","@id":"5c988496-fbfc-40f5-a63a-a1d774171845","osm_id":695916859}},{"type":"Feature","bbox":[-118.8131365,34.1509588,-118.8128461,34.1511673],"geometry":{"type":"Polygon","coordinates":[[[-118.8128499,34.1509987],[-118.8128461,34.1510178],[-118.8128476,34.1510394],[-118.8128565,34.1510634],[-118.8128723,34.1510799],[-118.812895,34.1510869],[-118.8129185,34.1510943],[-118.8129439,34.1511077],[-118.8129624,34.1511217],[-118.8129774,34.151137],[-118.8129909,34.1511491],[-118.8130113,34.1511615],[-118.8130356,34.1511669],[-118.8130583,34.1511673],[-118.8130868,34.1511641],[-118.8131053,34.1511577],[-118.8131195,34.1511449],[-118.8131319,34.1511258],[-118.8131365,34.1511041],[-118.8131357,34.1510822],[-118.8131234,34.1510653],[-118.8131072,34.1510461],[-118.8130841,34.1510296],[-118.8130637,34.1510159],[-118.813036,34.1509961],[-118.8130086,34.1509767],[-118.8129863,34.1509645],[-118.812952,34.1509588],[-118.8129135,34.1509617],[-118.81288,34.1509719],[-118.8128623,34.1509843],[-118.8128499,34.1509987]]]},"properties":{"course_id":"westlake_village","course_name":"Westlake Village Golf Course","hole_number":16,"feature_type":"green","name":"hole_16_green","feature-color":"#2d6e2d","is_approximate":true,"source":"osm","@id":"44eb4f3a-1fcf-485d-8e94-535627883d34","osm_id":695917280}},{"type":"Feature","bbox":[-118.8131722,34.1508655,-118.8130139,34.1509565],"geometry":{"type":"Polygon","coordinates":[[[-118.8131517,34.1509504],[-118.8131618,34.1509412],[-118.8131695,34.1509263],[-118.8131722,34.1509118],[-118.8131691,34.1508952],[-118.8131584,34.1508813],[-118.8131417,34.1508716],[-118.8131132,34.1508688],[-118.8130816,34.1508702],[-118.8130588,34.1508674],[-118.8130384,34.1508655],[-118.8130246,34.1508702],[-118.8130143,34.1508813],[-118.8130139,34.1508943],[-118.813022,34.1509113],[-118.8130391,34.1509285],[-118.8130595,34.1509401],[-118.8130937,34.1509487],[-118.8131175,34.1509559],[-118.813139,34.1509565],[-118.8131517,34.1509504]]]},"properties":{"course_id":"westlake_village","course_name":"Westlake Village Golf Course","hole_number":16,"feature_type":"bunker","name":"hole_16_bunker","feature-color":"#d4b483","is_approximate":true,"source":"osm","@id":"a1a5e765-f98e-4fe6-b119-8809e3e4db77","osm_id":695917281}},{"type":"Feature","bbox":[-118.8119617,34.1505733,-118.8114661,34.1507723],"geometry":{"type":"Polygon","coordinates":[[[-118.8115023,34.1505733],[-118.8114661,34.1506539],[-118.8116109,34.1506931],[-118.8117101,34.1507187],[-118.8118286,34.1507535],[-118.8119273,34.1507723],[-118.8119617,34.1506994],[-118.8117918,34.1506544],[-118.8116494,34.1506153],[-118.8115023,34.1505733]]]},"properties":{"course_id":"westlake_village","course_name":"Westlake Village Golf Course","hole_number":16,"feature_type":"tee_box","name":"hole_16_tee_box","feature-color":"#8b7355","is_approximate":true,"source":"osm","@id":"0106a788-82f7-4864-b66e-77130331574f","osm_id":695918352}},{"type":"Feature","bbox":[-118.811293,34.1503527,-118.8110747,34.1505087],"geometry":{"type":"Polygon","coordinates":[[[-118.8110791,34.1504126],[-118.8110747,34.1504254],[-118.8110776,34.150451],[-118.8110817,34.150459],[-118.8110928,34.1504725],[-118.8111062,34.1504855],[-118.8111234,34.1504971],[-118.8111392,34.1505054],[-118.811157,34.1505087],[-118.8111707,34.1505075],[-118.811187,34.1505034],[-118.8112051,34.1504976],[-118.8112267,34.1504906],[-118.8112454,34.1504812],[-118.8112553,34.1504725],[-118.8112612,34.1504592],[-118.8112682,34.1504452],[-118.8112772,34.1504293],[-118.8112842,34.1504177],[-118.811291,34.1504054],[-118.811293,34.1503945],[-118.8112915,34.1503841],[-118.8112842,34.150372],[-118.8112664,34.1503641],[-118.8112387,34.1503539],[-118.811213,34.1503527],[-118.8111929,34.1503544],[-118.8111654,34.1503578],[-118.8111462,34.150365],[-118.8111252,34.150373],[-118.8111094,34.1503839],[-118.8110954,34.150395],[-118.8110858,34.1504037],[-118.8110791,34.1504126]]]},"properties":{"course_id":"westlake_village","course_name":"Westlake Village Golf Course","hole_number":15,"feature_type":"green","name":"hole_15_green","feature-color":"#2d6e2d","is_approximate":true,"source":"osm","@id":"00654d30-07b9-442f-bb63-5b369af16226","osm_id":695918353}},{"type":"Feature","bbox":[-118.8111755,34.150548,-118.811049,34.1506307],"geometry":{"type":"Polygon","coordinates":[[[-118.8110496,34.1505656],[-118.811049,34.1505877],[-118.8110538,34.1505993],[-118.811062,34.1506109],[-118.8110776,34.1506224],[-118.8110917,34.1506297],[-118.8110977,34.1506307],[-118.8111197,34.1506297],[-118.8111381,34.1506286],[-118.8111517,34.1506253],[-118.8111608,34.1506211],[-118.811168,34.1506157],[-118.8111737,34.1506064],[-118.8111755,34.1505985],[-118.8111749,34.1505896],[-118.8111718,34.1505816],[-118.811166,34.1505746],[-118.8111566,34.1505678],[-118.8111454,34.1505634],[-118.8111326,34.1505611],[-118.8111204,34.1505595],[-118.8111093,34.1505558],[-118.8110969,34.1505515],[-118.8110838,34.1505484],[-118.8110703,34.150548],[-118.8110599,34.1505508],[-118.8110523,34.1505573],[-118.8110496,34.1505656]]]},"properties":{"course_id":"westlake_village","course_name":"Westlake Village Golf Course","hole_number":15,"feature_type":"bunker","name":"hole_15_bunker","feature-color":"#d4b483","is_approximate":true,"source":"osm","@id":"d908526c-1d82-4432-b28a-c1e5bf86dfc0","osm_id":695918354}},{"type":"Feature","bbox":[-118.8072274,34.1492373,-118.8068996,34.1493476],"geometry":{"type":"Polygon","coordinates":[[[-118.8072274,34.1492979],[-118.8072046,34.1493476],[-118.8068996,34.1492753],[-118.8069085,34.1492373],[-118.8069867,34.149252],[-118.8070687,34.1492667],[-118.8071631,34.1492832],[-118.8072274,34.1492979]]]},"properties":{"course_id":"westlake_village","course_name":"Westlake Village Golf Course","hole_number":15,"feature_type":"tee_box","name":"hole_15_tee_box","feature-color":"#8b7355","is_approximate":true,"source":"osm","@id":"09389caa-6111-4c69-b16f-dd7f636cafea","osm_id":695918355}},{"type":"Feature","bbox":[-118.8069874,34.1487611,-118.8067474,34.1489182],"geometry":{"type":"Polygon","coordinates":[[[-118.8068953,34.1489166],[-118.8069042,34.1489157],[-118.8069204,34.1489093],[-118.8069338,34.1489004],[-118.8069465,34.1488915],[-118.8069643,34.1488762],[-118.8069797,34.1488631],[-118.8069874,34.1488459],[-118.8069858,34.1488264],[-118.8069793,34.1488067],[-118.806965,34.1487876],[-118.8069454,34.1487767],[-118.8069254,34.1487678],[-118.8069026,34.1487614],[-118.8068738,34.1487611],[-118.8068422,34.148764],[-118.8068191,34.1487688],[-118.806796,34.1487751],[-118.8067779,34.1487837],[-118.8067613,34.1488],[-118.8067505,34.1488182],[-118.8067474,34.1488452],[-118.8067478,34.1488711],[-118.8067528,34.1488946],[-118.8067609,34.1489068],[-118.8067744,34.1489179],[-118.8067875,34.1489182],[-118.8068168,34.1489157],[-118.8068453,34.148915],[-118.8068695,34.1489154],[-118.8068842,34.1489173],[-118.8068953,34.1489166]]]},"properties":{"course_id":"westlake_village","course_name":"Westlake Village Golf Course","hole_number":12,"feature_type":"green","name":"hole_12_green","feature-color":"#2d6e2d","is_approximate":true,"source":"osm","@id":"57b563d5-18d7-413a-81f0-a1dfc2d1ed77","osm_id":695919440}},{"type":"Feature","bbox":[-118.80659,34.1485166,-118.8063343,34.1487443],"geometry":{"type":"Polygon","coordinates":[[[-118.8063732,34.1486433],[-118.8063825,34.148666],[-118.8063953,34.1486974],[-118.806405,34.1487205],[-118.8064174,34.1487348],[-118.8064426,34.1487432],[-118.8064696,34.1487443],[-118.8064949,34.1487392],[-118.8065267,34.148726],[-118.8065493,34.1487128],[-118.8065696,34.1486945],[-118.8065816,34.1486788],[-118.8065891,34.1486579],[-118.80659,34.1486363],[-118.8065847,34.1486074],[-118.8065736,34.1485865],[-118.8065577,34.1485645],[-118.8065329,34.148544],[-118.8065019,34.1485268],[-118.8064621,34.1485173],[-118.8064356,34.1485166],[-118.8064015,34.1485224],[-118.8063825,34.1485287],[-118.806363,34.1485411],[-118.8063475,34.1485547],[-118.8063382,34.1485711],[-118.8063343,34.1485894],[-118.806336,34.1486033],[-118.8063511,34.148618],[-118.806363,34.1486293],[-118.8063732,34.1486433]]]},"properties":{"course_id":"westlake_village","course_name":"Westlake Village Golf Course","hole_number":14,"feature_type":"green","name":"hole_14_green","feature-color":"#2d6e2d","is_approximate":true,"source":"osm","@id":"f4fb8ac8-a8df-42c3-8cd4-d980aa71ee58","osm_id":695919441}},{"type":"Feature","bbox":[-118.8065857,34.1483848,-118.8063966,34.1485141],"geometry":{"type":"Polygon","coordinates":[[[-118.8065434,34.148513],[-118.8065605,34.1485008],[-118.8065736,34.1484869],[-118.8065827,34.1484725],[-118.8065857,34.1484556],[-118.806581,34.1484417],[-118.8065693,34.1484276],[-118.8065441,34.1484123],[-118.806524,34.1483987],[-118.8064979,34.1483893],[-118.8064613,34.1483848],[-118.8064258,34.1483857],[-118.806407,34.1483993],[-118.8063966,34.1484215],[-118.8063979,34.1484475],[-118.806409,34.1484764],[-118.8064258,34.1484936],[-118.8064466,34.1485011],[-118.8064747,34.1485075],[-118.8065062,34.1485116],[-118.8065294,34.1485141],[-118.8065434,34.148513]]]},"properties":{"course_id":"westlake_village","course_name":"Westlake Village Golf Course","hole_number":14,"feature_type":"bunker","name":"hole_14_bunker","feature-color":"#d4b483","is_approximate":true,"source":"osm","@id":"a9abd142-da15-4547-a78f-e9281bacb4de","osm_id":695919442}},{"type":"Feature","bbox":[-118.8055087,34.1477768,-118.8052795,34.1479526],"geometry":{"type":"Polygon","coordinates":[[[-118.8052795,34.1478664],[-118.8054416,34.1479526],[-118.8055087,34.1478622],[-118.8053511,34.1477798],[-118.8053399,34.1477768],[-118.8053323,34.1477823],[-118.8053069,34.1478151],[-118.8052795,34.1478664]]]},"properties":{"course_id":"westlake_village","course_name":"Westlake Village Golf Course","hole_number":14,"feature_type":"tee_box","name":"hole_14_tee_box","feature-color":"#8b7355","is_approximate":true,"source":"osm","@id":"8c1d8b17-004a-45e5-98f1-86226639b071","osm_id":695919443}},{"type":"Feature","bbox":[-118.8083061,34.1483625,-118.8079091,34.1486254],"geometry":{"type":"Polygon","coordinates":[[[-118.8082436,34.1486254],[-118.8083061,34.1485833],[-118.8079593,34.1483625],[-118.8079091,34.1484307],[-118.8079114,34.1484427],[-118.8079295,34.1484577],[-118.8081029,34.1485534],[-118.8082436,34.1486254]]]},"properties":{"course_id":"westlake_village","course_name":"Westlake Village Golf Course","hole_number":4,"feature_type":"tee_box","name":"hole_4_tee_box","feature-color":"#8b7355","is_approximate":true,"source":"osm","@id":"03b46388-0d27-438b-b24a-fbaa3b7a1a25","osm_id":695919493}},{"type":"Feature","bbox":[-118.8072712,34.1483583,-118.8070473,34.1485347],"geometry":{"type":"Polygon","coordinates":[[[-118.8072013,34.1485347],[-118.8072712,34.1484725],[-118.8072084,34.1484183],[-118.8071208,34.1483583],[-118.8070473,34.1484381],[-118.8071358,34.1484945],[-118.8072013,34.1485347]]]},"properties":{"course_id":"westlake_village","course_name":"Westlake Village Golf Course","hole_number":13,"feature_type":"tee_box","name":"hole_13_tee_box","feature-color":"#8b7355","is_approximate":true,"source":"osm","@id":"fc6a6eb8-5fec-49ed-be16-b4eb2582f434","osm_id":695919494}},{"type":"Feature","bbox":[-118.8167674,34.1503401,-118.8164494,34.1505188],"geometry":{"type":"Polygon","coordinates":[[[-118.8167674,34.1503925],[-118.8167505,34.1503645],[-118.8167096,34.1503401],[-118.8164749,34.1504472],[-118.8164535,34.1504583],[-118.8164494,34.1504711],[-118.8164582,34.1504888],[-118.8164897,34.1505155],[-118.8165085,34.1505188],[-118.8165339,34.1505105],[-118.8166318,34.1504672],[-118.8167646,34.1504034],[-118.8167674,34.1503925]]]},"properties":{"course_id":"westlake_village","course_name":"Westlake Village Golf Course","hole_number":10,"feature_type":"tee_box","name":"hole_10_tee_box","feature-color":"#8b7355","is_approximate":true,"source":"osm","@id":"cd1205a9-8e5a-4f5b-a8dc-8326d18d0ee5","osm_id":695921432}},{"type":"Feature","bbox":[-118.8135328,34.1481698,-118.8097326,34.1485601],"geometry":{"type":"Polygon","coordinates":[[[-118.8100478,34.1481766],[-118.8099521,34.1481708],[-118.8098528,34.1481698],[-118.8097874,34.1481804],[-118.8097442,34.1482104],[-118.8097326,34.1482452],[-118.8097536,34.1482896],[-118.8098668,34.1483273],[-118.8099556,34.1483485],[-118.810091,34.1483891],[-118.8101435,34.1484026],[-118.8102965,34.1484336],[-118.8104914,34.1484693],[-118.8106829,34.1485041],[-118.8108464,34.1485292],[-118.8109818,34.148534],[-118.8111371,34.1485398],[-118.811304,34.1485437],[-118.8114523,34.1485466],[-118.8115831,34.1485601],[-118.8117909,34.1485582],[-118.8119952,34.1485485],[-118.8121364,34.1485398],[-118.8123746,34.1485167],[-118.8125135,34.1485041],[-118.8127144,34.1484857],[-118.8128731,34.148478],[-118.8129957,34.1484751],[-118.813151,34.1484751],[-118.8133098,34.148477],[-118.8134347,34.1484819],[-118.8135328,34.1484703],[-118.8135269,34.1484525],[-118.8135216,34.1484347],[-118.8135163,34.1484168],[-118.8135123,34.1483979],[-118.8135093,34.1483781],[-118.8135117,34.1483535],[-118.8134667,34.1483578],[-118.8134054,34.1483699],[-118.8133401,34.1483704],[-118.8132945,34.1483496],[-118.8132811,34.1483202],[-118.8132653,34.1483033],[-118.8132286,34.1482921],[-118.8131795,34.1482859],[-118.8131258,34.1482844],[-118.8130476,34.1482815],[-118.8130079,34.1482825],[-118.812977,34.1482796],[-118.8129495,34.1482714],[-118.8129034,34.1482641],[-118.8128444,34.1482651],[-118.8127867,34.1482651],[-118.8127014,34.1482598],[-118.812639,34.1482549],[-118.8125847,34.1482549],[-118.8125391,34.1482583],[-118.8124784,34.1482617],[-118.8124224,34.1482651],[-118.812294,34.1482704],[-118.8122082,34.148269],[-118.8121048,34.148268],[-118.8120219,34.1482627],[-118.8119373,34.1482578],[-118.8118316,34.1482549],[-118.8117044,34.1482578],[-118.8115007,34.1482598],[-118.8113477,34.1482607],[-118.8111901,34.1482525],[-118.8110509,34.1482474],[-118.8108705,34.1482297],[-118.8107076,34.1482175],[-118.8105493,34.1482103],[-118.8104206,34.1482036],[-118.8102576,34.1481925],[-118.8101289,34.1481825],[-118.8100478,34.1481766]]]},"properties":{"course_id":"westlake_village","course_name":"Westlake Village Golf Course","hole_number":6,"feature_type":"fairway","name":"hole_6_fairway","feature-color":"#4a7c3f","is_approximate":true,"source":"osm","@id":"2d1f227d-174f-4504-89eb-d06f95f65872","osm_id":695994571}},{"type":"Feature","bbox":[-118.816269,34.1497243,-118.8143684,34.1500114],"geometry":{"type":"Polygon","coordinates":[[[-118.8144243,34.1497243],[-118.8143918,34.1497294],[-118.8143704,34.1497596],[-118.8143684,34.1498067],[-118.8143836,34.1498429],[-118.8144314,34.1498623],[-118.8145554,34.1498791],[-118.8157954,34.150001],[-118.8160627,34.1500114],[-118.8161183,34.1500063],[-118.8161972,34.1499283],[-118.816269,34.149922],[-118.8162585,34.1499107],[-118.8162515,34.1498987],[-118.8162474,34.1498861],[-118.8162462,34.149875],[-118.8162468,34.1498615],[-118.8162492,34.1498484],[-118.8162532,34.1498354],[-118.8161978,34.1498281],[-118.8161464,34.1498127],[-118.8160711,34.1497802],[-118.8159876,34.1497654],[-118.8154593,34.1497402],[-118.8151503,34.1497332],[-118.8149437,34.1497287],[-118.8146165,34.1497299],[-118.8144243,34.1497243]]]},"properties":{"course_id":"westlake_village","course_name":"Westlake Village Golf Course","hole_number":8,"feature_type":"fairway","name":"hole_8_fairway","feature-color":"#4a7c3f","is_approximate":true,"source":"osm","@id":"48b19b7a-6d46-457d-825d-b7e805fef45b","osm_id":695994572}},{"type":"Feature","bbox":[-118.8159498,34.1507479,-118.8138907,34.1512948],"geometry":{"type":"Polygon","coordinates":[[[-118.8159097,34.1508818],[-118.8158619,34.1509238],[-118.8157895,34.1509812],[-118.8157387,34.1510526],[-118.8156555,34.1511291],[-118.8155492,34.1511916],[-118.8153967,34.1512311],[-118.8152303,34.1512553],[-118.8150177,34.1512706],[-118.814779,34.1512795],[-118.8145833,34.1512897],[-118.8144308,34.1512948],[-118.8142644,34.1512884],[-118.814115,34.1512642],[-118.813984,34.1512209],[-118.8139024,34.1511699],[-118.8139117,34.1511597],[-118.8139152,34.1511501],[-118.8139152,34.1511385],[-118.8139106,34.1511235],[-118.8139024,34.1511023],[-118.8138907,34.1510878],[-118.8139122,34.1510795],[-118.8139471,34.1510628],[-118.8140319,34.1510475],[-118.8141243,34.1510424],[-118.8142044,34.1510424],[-118.8142984,34.1510373],[-118.8143662,34.1510258],[-118.8144401,34.1510067],[-118.8145079,34.1509927],[-118.8145818,34.1509774],[-118.8146712,34.1509621],[-118.8147667,34.1509455],[-118.8148437,34.1509302],[-118.8149439,34.1509124],[-118.8150717,34.1508971],[-118.815198,34.1508792],[-118.8153182,34.1508575],[-118.8154122,34.1508372],[-118.8155015,34.1508129],[-118.8155832,34.1507913],[-118.8156741,34.1507658],[-118.8157557,34.1507492],[-118.8158143,34.1507479],[-118.8158836,34.1507568],[-118.8159252,34.1507747],[-118.8159498,34.1508193],[-118.8159097,34.1508818]]]},"properties":{"course_id":"westlake_village","course_name":"Westlake Village Golf Course","hole_number":10,"feature_type":"fairway","name":"hole_10_fairway","feature-color":"#4a7c3f","is_approximate":true,"source":"osm","@id":"7ef7606d-8f06-4fd9-a5e7-7a165ec24d71","osm_id":695995415}},{"type":"Feature","bbox":[-118.8138014,34.1506793,-118.8133347,34.1509351],"geometry":{"type":"Polygon","coordinates":[[[-118.8134051,34.1506793],[-118.8133347,34.1507764],[-118.8136505,34.1509179],[-118.8136773,34.1509262],[-118.8137115,34.1509323],[-118.8137457,34.1509351],[-118.8137719,34.1509296],[-118.813792,34.1509201],[-118.8138014,34.1509046],[-118.8136317,34.150808],[-118.8134051,34.1506793]]]},"properties":{"course_id":"westlake_village","course_name":"Westlake Village Golf Course","hole_number":11,"feature_type":"tee_box","name":"hole_11_tee_box","feature-color":"#8b7355","is_approximate":true,"source":"osm","@id":"92bd7aaf-61b9-4bae-a1cc-cc177faa38a1","osm_id":695995416}},{"type":"Feature","bbox":[-118.8127249,34.1493659,-118.8102627,34.1503145],"geometry":{"type":"Polygon","coordinates":[[[-118.8122433,34.1501844],[-118.8123203,34.1502112],[-118.8123927,34.1502558],[-118.812459,34.1502953],[-118.8125637,34.1503145],[-118.8126654,34.1502953],[-118.8127131,34.1502533],[-118.8127249,34.1502039],[-118.8127148,34.1501684],[-118.8126799,34.1501312],[-118.8126223,34.1500864],[-118.8124919,34.1500251],[-118.8123234,34.1499817],[-118.8121678,34.1499384],[-118.8120461,34.149909],[-118.8119059,34.149858],[-118.811835,34.1497968],[-118.8117442,34.1497293],[-118.8116194,34.1496706],[-118.8114946,34.1496311],[-118.8113652,34.1495929],[-118.8112127,34.1495482],[-118.8110786,34.1495049],[-118.8109246,34.1494564],[-118.8107998,34.1494169],[-118.8106504,34.1493838],[-118.8105056,34.1493659],[-118.8103869,34.1493685],[-118.8103084,34.1493825],[-118.8102998,34.1494172],[-118.8103003,34.1494421],[-118.8102932,34.149475],[-118.8102817,34.1495003],[-118.8102627,34.1495219],[-118.8103742,34.1495295],[-118.8104399,34.1495428],[-118.8104895,34.1495706],[-118.8105311,34.1496072],[-118.8105901,34.1496483],[-118.8106867,34.1496882],[-118.8107966,34.1497237],[-118.8108798,34.1497471],[-118.8109576,34.1497693],[-118.8110099,34.1497859],[-118.8110863,34.1498136],[-118.8112151,34.1498614],[-118.8113465,34.1499102],[-118.8114618,34.1499502],[-118.8115879,34.1499912],[-118.8116657,34.1500145],[-118.8117542,34.1500412],[-118.8118414,34.1500734],[-118.8119339,34.1500989],[-118.8120144,34.1501222],[-118.8121055,34.1501477],[-118.8121793,34.1501666],[-118.8122433,34.1501844]]]},"properties":{"course_id":"westlake_village","course_name":"Westlake Village Golf Course","hole_number":11,"feature_type":"fairway","name":"hole_11_fairway","feature-color":"#4a7c3f","is_approximate":true,"source":"osm","@id":"a4c1b3d1-f017-4f84-8a78-b731c6667dc6","osm_id":695995417}},{"type":"Feature","bbox":[-118.8102713,34.1493548,-118.8100151,34.14954],"geometry":{"type":"Polygon","coordinates":[[[-118.8101991,34.1495206],[-118.8101783,34.1495283],[-118.8101562,34.1495371],[-118.8101412,34.14954],[-118.8101239,34.1495382],[-118.8101054,34.1495236],[-118.8100868,34.1495042],[-118.8100731,34.1494921],[-118.8100558,34.14948],[-118.8100385,34.1494719],[-118.8100239,34.1494635],[-118.8100169,34.1494514],[-118.8100151,34.1494331],[-118.8100191,34.1494148],[-118.8100262,34.1493976],[-118.8100368,34.1493808],[-118.8100487,34.1493672],[-118.8100638,34.1493581],[-118.8100846,34.1493548],[-118.8101138,34.1493559],[-118.810135,34.1493577],[-118.8101509,34.1493621],[-118.810177,34.1493742],[-118.8101978,34.149391],[-118.8102221,34.1494086],[-118.8102394,34.1494211],[-118.8102562,34.1494375],[-118.8102659,34.14945],[-118.8102704,34.1494577],[-118.8102713,34.1494749],[-118.810269,34.1494899],[-118.8102593,34.1495005],[-118.8102438,34.1495097],[-118.8102235,34.1495141],[-118.8101991,34.1495206]]]},"properties":{"course_id":"westlake_village","course_name":"Westlake Village Golf Course","hole_number":11,"feature_type":"green","name":"hole_11_green","feature-color":"#2d6e2d","is_approximate":true,"source":"osm","@id":"75ace0ee-ec34-4dc6-8322-46ab1b1e8d8a","osm_id":695995418}},{"type":"Feature","bbox":[-118.8099415,34.1493535,-118.8095734,34.1495124],"geometry":{"type":"Polygon","coordinates":[[[-118.8099176,34.1495124],[-118.8099415,34.1494458],[-118.8097291,34.1493916],[-118.8095938,34.1493535],[-118.8095734,34.1494311],[-118.8097495,34.1494736],[-118.8099176,34.1495124]]]},"properties":{"course_id":"westlake_village","course_name":"Westlake Village Golf Course","hole_number":12,"feature_type":"tee_box","name":"hole_12_tee_box","feature-color":"#8b7355","is_approximate":true,"source":"osm","@id":"96e7bd75-81e0-4880-9a3a-24712f34b123","osm_id":695996834}},{"type":"Feature","bbox":[-118.8086353,34.1487554,-118.8069776,34.1492387],"geometry":{"type":"Polygon","coordinates":[[[-118.8069981,34.1487929],[-118.8069929,34.148803],[-118.807,34.1488232],[-118.807002,34.1488451],[-118.8069959,34.1488678],[-118.8069776,34.1488888],[-118.8070051,34.1489056],[-118.8071006,34.1489242],[-118.807248,34.1489401],[-118.8073943,34.1489427],[-118.8075488,34.1489561],[-118.8076373,34.1489746],[-118.8077511,34.149031],[-118.8078426,34.1490671],[-118.8079625,34.1491142],[-118.8080397,34.1491496],[-118.8081637,34.1491975],[-118.8082745,34.1492228],[-118.8083945,34.1492362],[-118.8084768,34.1492387],[-118.8085957,34.1492185],[-118.8086292,34.1491857],[-118.8086353,34.1491479],[-118.8086282,34.1491201],[-118.8085947,34.1490999],[-118.8085017,34.1490495],[-118.8083731,34.1489868],[-118.8082491,34.1489321],[-118.8081592,34.1488964],[-118.8080748,34.1488691],[-118.8079869,34.148848],[-118.8078802,34.1488245],[-118.8077806,34.1488039],[-118.807685,34.1487812],[-118.8075687,34.1487652],[-118.807474,34.1487554],[-118.8073577,34.1487567],[-118.8072691,34.1487586],[-118.8071882,34.1487662],[-118.8071158,34.1487688],[-118.8070411,34.1487822],[-118.8069981,34.1487929]]]},"properties":{"course_id":"westlake_village","course_name":"Westlake Village Golf Course","hole_number":12,"feature_type":"fairway","name":"hole_12_fairway","feature-color":"#4a7c3f","is_approximate":true,"source":"osm","@id":"f1ccc3ef-ae88-4af4-86c7-3029b9cc7811","osm_id":695996835}},{"type":"Feature","bbox":[-118.811138,34.1494312,-118.8081316,34.1504551],"geometry":{"type":"Polygon","coordinates":[[[-118.8082194,34.1495931],[-118.8081609,34.1495587],[-118.8081316,34.1495256],[-118.8081424,34.1494746],[-118.8081794,34.1494376],[-118.8082595,34.1494312],[-118.808355,34.149435],[-118.8085429,34.1494784],[-118.8087509,34.1495358],[-118.8089111,34.149588],[-118.8092562,34.1497079],[-118.8095104,34.1497971],[-118.8096654,34.1498429],[-118.809837,34.1499028],[-118.8100997,34.1499723],[-118.8103683,34.1500525],[-118.810524,34.1500892],[-118.8106248,34.1501155],[-118.8107682,34.1501477],[-118.8109168,34.1501814],[-118.8110531,34.1502283],[-118.8111203,34.1502942],[-118.811138,34.1503571],[-118.8111202,34.1503651],[-118.8110994,34.1503786],[-118.8110826,34.1503933],[-118.8110684,34.1504114],[-118.8110613,34.1504392],[-118.8110638,34.1504551],[-118.8110369,34.1504493],[-118.8109891,34.150435],[-118.81095,34.1504135],[-118.8108865,34.1504009],[-118.810824,34.150408],[-118.8107574,34.1504064],[-118.8106711,34.1503847],[-118.8105725,34.1503592],[-118.8104555,34.1503248],[-118.8103445,34.1502891],[-118.8102567,34.150261],[-118.8101581,34.1502342],[-118.8100426,34.1502062],[-118.8099255,34.1501756],[-118.8098208,34.1501476],[-118.8096944,34.1501106],[-118.8095681,34.1500749],[-118.8082194,34.1495931]]]},"properties":{"course_id":"westlake_village","course_name":"Westlake Village Golf Course","hole_number":15,"feature_type":"fairway","name":"hole_15_fairway","feature-color":"#4a7c3f","is_approximate":true,"source":"osm","@id":"9fae771b-fe6c-41cc-b6b4-f8555ef30e28","osm_id":695996836}},{"type":"Feature","bbox":[-118.8146978,34.1517743,-118.8144024,34.1519162],"geometry":{"type":"Polygon","coordinates":[[[-118.8144328,34.1517743],[-118.8144024,34.1518658],[-118.8146647,34.1519162],[-118.8146978,34.1518492],[-118.8144328,34.1517743]]]},"properties":{"course_id":"westlake_village","course_name":"Westlake Village Golf Course","hole_number":18,"feature_type":"tee_box","name":"hole_18_tee_box","feature-color":"#8b7355","is_approximate":true,"source":"osm","@id":"fb1d6c4d-a1a4-497c-916e-b6ce921c3ef7","osm_id":695997255}},{"type":"Feature","bbox":[-118.8161686,34.1493639,-118.8159103,34.1494885],"geometry":{"type":"Polygon","coordinates":[[[-118.8161064,34.1494885],[-118.8161545,34.1494645],[-118.8161686,34.1494281],[-118.8161403,34.1494001],[-118.8160422,34.149374],[-118.8159815,34.1493639],[-118.8159482,34.1493682],[-118.8159231,34.1493793],[-118.8159103,34.1494286],[-118.8160066,34.1494586],[-118.8161064,34.1494885]]]},"properties":{"course_id":"westlake_village","course_name":"Westlake Village Golf Course","hole_number":9,"feature_type":"tee_box","name":"hole_9_tee_box","feature-color":"#8b7355","is_approximate":true,"source":"osm","@id":"06e39447-36d2-4411-8755-4c5dbd5810a2","osm_id":696002796}},{"type":"Feature","bbox":[-118.8166558,34.1492547,-118.8161876,34.1494653],"geometry":{"type":"Polygon","coordinates":[[[-118.8163732,34.1494175],[-118.816351,34.1494383],[-118.8163382,34.1494653],[-118.8162839,34.1494329],[-118.8162401,34.1494117],[-118.8161876,34.1494001],[-118.8161958,34.1493706],[-118.816215,34.1493552],[-118.8162535,34.1493325],[-118.8163032,34.1493098],[-118.8163715,34.149289],[-118.8164485,34.1492726],[-118.8164917,34.1492672],[-118.8165454,34.1492614],[-118.8165945,34.1492547],[-118.8166382,34.1492561],[-118.8166499,34.1492692],[-118.8166558,34.1493315],[-118.816588,34.1493392],[-118.8165162,34.1493508],[-118.816452,34.1493682],[-118.8164082,34.1493909],[-118.8163732,34.1494175]]]},"properties":{"course_id":"westlake_village","course_name":"Westlake Village Golf Course","hole_number":9,"feature_type":"tee_box","name":"hole_9_tee_box_2","feature-color":"#8b7355","is_approximate":true,"source":"osm","@id":"c79291fa-8e80-4455-97e8-0d2e80ff9fbb","osm_id":696002797}},{"type":"Feature","bbox":[-118.8130968,34.1494111,-118.8127141,34.1500447],"geometry":{"type":"Polygon","coordinates":[[[-118.8130703,34.1500256],[-118.813053,34.1500396],[-118.8130207,34.1500447],[-118.8129852,34.1500383],[-118.8129621,34.1500001],[-118.8129452,34.1499516],[-118.8128774,34.1497438],[-118.8128635,34.1496941],[-118.8128512,34.1496648],[-118.812826,34.1496423],[-118.812805,34.1496278],[-118.8127696,34.1495985],[-118.8127609,34.1495722],[-118.812768,34.1495232],[-118.8127649,34.1494926],[-118.8127434,34.1494735],[-118.8127249,34.1494519],[-118.8127141,34.1494111],[-118.8127757,34.1494391],[-118.8128481,34.1494824],[-118.8129282,34.1495385],[-118.812976,34.1495717],[-118.8130084,34.1496074],[-118.813033,34.1496609],[-118.8130792,34.149856],[-118.8130931,34.1499121],[-118.8130968,34.1499634],[-118.8130869,34.1500026],[-118.8130703,34.1500256]]]},"properties":{"course_id":"westlake_village","course_name":"Westlake Village Golf Course","hole_number":2,"feature_type":"fairway","name":"hole_2_fairway_2","feature-color":"#4a7c3f","is_approximate":true,"source":"osm","@id":"caf573a7-14dd-4446-8bce-1868ae86758a","osm_id":1017394872}},{"type":"Feature","bbox":[-118.8132366,34.1500685,-118.8130189,34.150461],"geometry":{"type":"Polygon","coordinates":[[[-118.8132295,34.150461],[-118.8130702,34.1504551],[-118.8130605,34.1504522],[-118.813057,34.1504097],[-118.8130534,34.1503504],[-118.8130472,34.1503028],[-118.8130366,34.1502274],[-118.8130286,34.1501725],[-118.8130233,34.1501264],[-118.8130189,34.1500795],[-118.8130304,34.1500692],[-118.813057,34.1500685],[-118.813087,34.1500692],[-118.8131003,34.1500758],[-118.8131171,34.1500846],[-118.8131286,34.1500912],[-118.8131401,34.1501117],[-118.8131516,34.1501469],[-118.8131543,34.150182],[-118.8131587,34.1502442],[-118.8131826,34.1502896],[-118.8131932,34.1503321],[-118.8132083,34.1503541],[-118.8132153,34.1503812],[-118.8132366,34.1504361],[-118.8132348,34.1504551],[-118.8132295,34.150461]]]},"properties":{"course_id":"westlake_village","course_name":"Westlake Village Golf Course","hole_number":2,"feature_type":"tee_box","name":"hole_2_tee_box","feature-color":"#8b7355","is_approximate":true,"source":"osm","@id":"27fe21e1-2209-4661-8dac-ec97c72b33b2","osm_id":1017394873}},{"type":"Feature","bbox":[-118.8126781,34.1493179,-118.8123276,34.1494976],"geometry":{"type":"Polygon","coordinates":[[[-118.812618,34.1494976],[-118.8125864,34.1494919],[-118.8125487,34.1494817],[-118.8125209,34.1494753],[-118.8124778,34.1494658],[-118.8124578,34.14946],[-118.8124224,34.1494524],[-118.8123892,34.1494415],[-118.8123684,34.1494339],[-118.8123492,34.1494269],[-118.8123276,34.1494027],[-118.8123353,34.1493791],[-118.8123384,34.1493504],[-118.8123399,34.1493351],[-118.8123499,34.1493179],[-118.8123654,34.1493179],[-118.8123923,34.1493236],[-118.8124293,34.1493306],[-118.8124624,34.1493364],[-118.8124847,34.1493402],[-118.8125079,34.1493459],[-118.8125525,34.1493536],[-118.8126118,34.1493714],[-118.8126419,34.1493842],[-118.8126565,34.1493918],[-118.8126673,34.1494058],[-118.8126765,34.1494192],[-118.8126781,34.1494403],[-118.8126758,34.1494613],[-118.8126634,34.149483],[-118.8126411,34.1494938],[-118.812618,34.1494976]]]},"properties":{"course_id":"westlake_village","course_name":"Westlake Village Golf Course","hole_number":3,"feature_type":"tee_box","name":"hole_3_tee_box","feature-color":"#8b7355","is_approximate":true,"source":"osm","@id":"6f3ebe9c-e4f0-4e73-a6f8-537009c50988","osm_id":1017399052}},{"type":"Feature","bbox":[-118.8123153,34.1492478,-118.8119579,34.1494052],"geometry":{"type":"Polygon","coordinates":[[[-118.8122668,34.1494052],[-118.8122359,34.1494046],[-118.8122005,34.1493944],[-118.8121497,34.1493848],[-118.8121135,34.1493733],[-118.8120719,34.1493619],[-118.8120388,34.1493561],[-118.8120049,34.1493472],[-118.8119771,34.1493357],[-118.8119579,34.1493134],[-118.811961,34.1492917],[-118.811964,34.1492764],[-118.8119771,34.1492624],[-118.8119848,34.149249],[-118.812018,34.1492478],[-118.8120449,34.1492497],[-118.8120873,34.1492611],[-118.8121127,34.1492682],[-118.8121381,34.1492726],[-118.8121705,34.1492784],[-118.8121936,34.1492815],[-118.8122128,34.1492847],[-118.8122336,34.1492879],[-118.8122591,34.149293],[-118.8122768,34.1492962],[-118.812296,34.1493045],[-118.8123107,34.1493236],[-118.8123153,34.1493593],[-118.8123114,34.1493727],[-118.8123007,34.1493899],[-118.8122668,34.1494052]]]},"properties":{"course_id":"westlake_village","course_name":"Westlake Village Golf Course","hole_number":3,"feature_type":"tee_box","name":"hole_3_tee_box_2","feature-color":"#8b7355","is_approximate":true,"source":"osm","@id":"a76bcf5c-de1a-4c1c-9750-bf89ffcde6b5","osm_id":1017399053}},{"type":"Feature","bbox":[-118.812995,34.1493804,-118.8119273,34.1503946],"geometry":{"type":"Polygon","coordinates":[[[-118.8129309,34.1503888],[-118.8128555,34.1503557],[-118.8128031,34.1503187],[-118.8127692,34.1502958],[-118.8127507,34.1502741],[-118.8127393,34.150251],[-118.812741,34.1502225],[-118.8127408,34.1501955],[-118.8127221,34.1501548],[-118.8126635,34.1501021],[-118.8126191,34.1500662],[-118.812571,34.1500165],[-118.812513,34.1499242],[-118.8124608,34.1498718],[-118.812374,34.1498052],[-118.8123239,34.149753],[-118.8122971,34.1497079],[-118.8122909,34.1496832],[-118.8122875,34.1496541],[-118.8122933,34.149594],[-118.8122818,34.1495751],[-118.8122538,34.1495601],[-118.8121043,34.1495157],[-118.8119461,34.1494798],[-118.8119335,34.149473],[-118.8119273,34.1494596],[-118.8119373,34.1494416],[-118.8119881,34.1493931],[-118.8120251,34.1493804],[-118.8120877,34.1493842],[-118.8122049,34.1494094],[-118.8123332,34.1494479],[-118.8124072,34.1494683],[-118.8125797,34.1495153],[-118.8126224,34.1495357],[-118.8126413,34.1495512],[-118.8126552,34.1495869],[-118.8126746,34.1498173],[-118.8126841,34.1498488],[-118.812705,34.149902],[-118.8127214,34.1499311],[-118.812753,34.1499677],[-118.81278,34.149986],[-118.8128046,34.1500013],[-118.8128385,34.1500395],[-118.8128647,34.1500675],[-118.8129012,34.1500813],[-118.81293,34.1501015],[-118.8129445,34.1501291],[-118.812944,34.15022],[-118.8129898,34.1503144],[-118.812995,34.1503565],[-118.8129879,34.1503809],[-118.8129617,34.1503946],[-118.8129309,34.1503888]]]},"properties":{"course_id":"westlake_village","course_name":"Westlake Village Golf Course","hole_number":2,"feature_type":"bunker","name":"hole_2_bunker_3","feature-color":"#d4b483","is_approximate":true,"source":"osm","@id":"33e265dc-ca31-476a-bad6-f31fed7b0e77","osm_id":1017399054}},{"type":"Feature","bbox":[-118.8139693,34.1498075,-118.8131974,34.1502014],"geometry":{"type":"Polygon","coordinates":[[[-118.8137027,34.1500765],[-118.8136088,34.1501134],[-118.8135656,34.1501275],[-118.8135056,34.1501415],[-118.8134655,34.1501632],[-118.8134239,34.1501772],[-118.8133762,34.1501976],[-118.8133284,34.1502014],[-118.8132945,34.1501925],[-118.813256,34.1501759],[-118.8132467,34.1501428],[-118.8132452,34.1501045],[-118.8132498,34.1500255],[-118.813236,34.1499694],[-118.813219,34.1499375],[-118.8132067,34.149898],[-118.8131974,34.1498623],[-118.813199,34.1498189],[-118.8132252,34.1498087],[-118.8133269,34.1498189],[-118.8134254,34.1498151],[-118.813504,34.1498075],[-118.8135733,34.1498228],[-118.8136396,34.1498381],[-118.8136904,34.149847],[-118.8137474,34.1498534],[-118.8137936,34.1498597],[-118.8138429,34.1498725],[-118.8138907,34.1498942],[-118.8139369,34.1499146],[-118.8139677,34.1499605],[-118.8139693,34.1499987],[-118.81396,34.1500268],[-118.813923,34.1500459],[-118.8138907,34.1500561],[-118.8138553,34.1500561],[-118.8137936,34.1500535],[-118.8137351,34.1500497],[-118.8137027,34.1500765]]]},"properties":{"course_id":"westlake_village","course_name":"Westlake Village Golf Course","hole_number":8,"feature_type":"bunker","name":"hole_8_bunker_3","feature-color":"#d4b483","is_approximate":true,"source":"osm","@id":"a9226e65-7716-4e55-8d8b-2b0e06e75ba5","osm_id":1017399055}},{"type":"Feature","bbox":[-118.8156269,34.1480532,-118.8137568,34.1496954],"geometry":{"type":"Polygon","coordinates":[[[-118.8143646,34.1496909],[-118.8142695,34.1496634],[-118.8142299,34.1496596],[-118.814186,34.1496587],[-118.8141085,34.1496791],[-118.8140692,34.1496834],[-118.8140207,34.1496793],[-118.8137673,34.1496366],[-118.8137568,34.1496262],[-118.8138282,34.1495842],[-118.8139777,34.1495745],[-118.8140851,34.1495513],[-118.8141435,34.1495281],[-118.8141831,34.1495011],[-118.8142158,34.1494547],[-118.8142369,34.1493948],[-118.8142275,34.1493078],[-118.8142088,34.1492402],[-118.8141785,34.1491842],[-118.8141248,34.1491165],[-118.8141127,34.1490707],[-118.8141199,34.1490465],[-118.8141528,34.1490102],[-118.8142448,34.1489365],[-118.8142807,34.1488812],[-118.8142976,34.1488151],[-118.8142993,34.1486654],[-118.8142849,34.1486018],[-118.8142182,34.1485387],[-118.8143477,34.1484101],[-118.8143605,34.1483655],[-118.8143547,34.1483093],[-118.8143349,34.1482643],[-118.8142789,34.1482141],[-118.8142322,34.1481793],[-118.8140968,34.1481774],[-118.8140104,34.1481658],[-118.8139123,34.1481465],[-118.8138399,34.148102],[-118.813813,34.1480532],[-118.814311,34.1480659],[-118.8143862,34.1481341],[-118.814371,34.148652],[-118.8143375,34.1487515],[-118.8143282,34.1490013],[-118.8143529,34.1491341],[-118.8143274,34.1494885],[-118.8143661,34.1495226],[-118.8150134,34.149562],[-118.8155447,34.1495246],[-118.8156269,34.1495653],[-118.8156226,34.1496238],[-118.8155352,34.1496446],[-118.8154548,34.1496616],[-118.8152313,34.1496726],[-118.8150331,34.1496731],[-118.8148486,34.149675],[-118.8145385,34.1496926],[-118.8144463,34.1496954],[-118.8143646,34.1496909]]]},"properties":{"course_id":"westlake_village","course_name":"Westlake Village Golf Course","hole_number":7,"feature_type":"bunker","name":"hole_7_bunker","feature-color":"#d4b483","is_approximate":true,"source":"osm","@id":"edadb91a-1522-4ff6-9625-51b5cc167029","osm_id":1017399056}},{"type":"Feature","bbox":[-118.8141761,34.1490738,-118.8138539,34.1495436],"geometry":{"type":"Polygon","coordinates":[[[-118.814126,34.1494779],[-118.8140711,34.149503],[-118.8139823,34.1495243],[-118.8138866,34.1495417],[-118.8138539,34.1495436],[-118.8138916,34.1495019],[-118.8139216,34.1494702],[-118.8139777,34.1493851],[-118.8139963,34.1493291],[-118.8139917,34.1492557],[-118.8139998,34.1491414],[-118.8140457,34.1490738],[-118.8140734,34.1491127],[-118.81415,34.1492692],[-118.8141715,34.149331],[-118.8141761,34.1493948],[-118.8141641,34.1494415],[-118.814126,34.1494779]]]},"properties":{"course_id":"westlake_village","course_name":"Westlake Village Golf Course","hole_number":7,"feature_type":"bunker","name":"hole_7_bunker_2","feature-color":"#d4b483","is_approximate":true,"source":"osm","@id":"6635e9cc-1458-419f-ab4e-82cc18ab9249","osm_id":1017399057}},{"type":"Feature","bbox":[-118.8090799,34.1481803,-118.8082001,34.1485],"geometry":{"type":"Polygon","coordinates":[[[-118.8087339,34.1483424],[-118.8086641,34.1484023],[-118.8085649,34.14844],[-118.8084281,34.1484866],[-118.8083181,34.1485],[-118.8082135,34.1484711],[-118.8082001,34.1483823],[-118.8083074,34.1483446],[-118.8084201,34.1483246],[-118.8085139,34.1482935],[-118.8085649,34.1482713],[-118.8086239,34.1482291],[-118.8086722,34.1481803],[-118.80875,34.1481825],[-118.808868,34.1482247],[-118.8089592,34.1482558],[-118.8090396,34.1482669],[-118.8090799,34.1483113],[-118.8089994,34.1483646],[-118.808927,34.1483734],[-118.8087929,34.1483512],[-118.8087339,34.1483424]]]},"properties":{"course_id":"westlake_village","course_name":"Westlake Village Golf Course","hole_number":3,"feature_type":"bunker","name":"hole_3_bunker","feature-color":"#d4b483","is_approximate":true,"source":"osm","@id":"8d68dd40-1dd9-422a-a177-31fb785cf616","osm_id":1017399058}},{"type":"Feature","bbox":[-118.8077634,34.1483646,-118.8073971,34.148738],"geometry":{"type":"Polygon","coordinates":[[[-118.8077493,34.148738],[-118.8077634,34.1486882],[-118.8077174,34.1485798],[-118.8077015,34.1485286],[-118.8076979,34.1484671],[-118.8077404,34.1483646],[-118.8076661,34.1484319],[-118.8076201,34.1484773],[-118.8075758,34.1484964],[-118.8075192,34.148511],[-118.807406,34.1485139],[-118.8074024,34.1485564],[-118.8073989,34.1485989],[-118.8073971,34.148637],[-118.8074591,34.1486633],[-118.8075351,34.1486838],[-118.8076183,34.1487087],[-118.8076873,34.1487307],[-118.8077493,34.148738]]]},"properties":{"course_id":"westlake_village","course_name":"Westlake Village Golf Course","hole_number":12,"feature_type":"bunker","name":"hole_12_bunker","feature-color":"#d4b483","is_approximate":true,"source":"osm","@id":"97e226bf-0ff7-4adb-b883-0dd6822abf80","osm_id":1017399059}},{"type":"Feature","bbox":[-118.807455,34.1488456,-118.8064346,34.1493248],"geometry":{"type":"Polygon","coordinates":[[[-118.807455,34.1493248],[-118.8074363,34.1492572],[-118.8074129,34.1491818],[-118.8074012,34.1491393],[-118.8073405,34.1491238],[-118.8072798,34.1491258],[-118.8071864,34.1491373],[-118.807093,34.1491489],[-118.8070136,34.1491509],[-118.8069319,34.1491335],[-118.8068479,34.1491161],[-118.8067778,34.1490755],[-118.8067451,34.1490079],[-118.8066891,34.1489692],[-118.8066447,34.1489364],[-118.8066027,34.1488765],[-118.8065466,34.1488456],[-118.8064532,34.1488668],[-118.8064346,34.1488745],[-118.8065887,34.1490407],[-118.8066961,34.1491586],[-118.8067638,34.1491876],[-118.8069483,34.1492127],[-118.8071748,34.1492514],[-118.8073569,34.1493016],[-118.807455,34.1493248]]]},"properties":{"course_id":"westlake_village","course_name":"Westlake Village Golf Course","hole_number":15,"feature_type":"bunker","name":"hole_15_bunker_2","feature-color":"#d4b483","is_approximate":true,"source":"osm","@id":"4d8487e7-792b-42e8-ae9d-6b7f24abe657","osm_id":1017399060}},{"type":"Feature","bbox":[-118.812141,34.1493877,-118.8070282,34.1510408],"geometry":{"type":"Polygon","coordinates":[[[-118.8076686,34.1495257],[-118.8078253,34.1496015],[-118.8080505,34.1496548],[-118.808225,34.1497191],[-118.8104897,34.1503962],[-118.8106061,34.1504505],[-118.8107674,34.1506009],[-118.8110593,34.150696],[-118.8111842,34.1507123],[-118.8113365,34.1507042],[-118.8115192,34.1507137],[-118.812033,34.1508797],[-118.8120996,34.1509132],[-118.812141,34.1509803],[-118.8121156,34.1510408],[-118.808343,34.1498778],[-118.8074954,34.1496339],[-118.8072342,34.1495425],[-118.8071022,34.1494832],[-118.8070394,34.1494345],[-118.8070282,34.1493877],[-118.8076686,34.1495257]]]},"properties":{"course_id":"westlake_village","course_name":"Westlake Village Golf Course","hole_number":15,"feature_type":"bunker","name":"hole_15_bunker_3","feature-color":"#d4b483","is_approximate":true,"source":"osm","@id":"674533eb-9914-469c-ab80-e15deeae4c20","osm_id":1017399061}},{"type":"Feature","bbox":[-118.8099079,34.1490372,-118.8092098,34.1493947],"geometry":{"type":"Polygon","coordinates":[[[-118.8098589,34.1493947],[-118.8098052,34.1493928],[-118.8096861,34.1493619],[-118.8095553,34.1493271],[-118.8094199,34.1492942],[-118.8092938,34.1492672],[-118.8092098,34.1492343],[-118.8092565,34.1491725],[-118.8092378,34.1491184],[-118.8092541,34.1490778],[-118.8093032,34.1490488],[-118.8093825,34.1490372],[-118.8094806,34.1490488],[-118.809567,34.149045],[-118.8096487,34.149043],[-118.8097048,34.1490643],[-118.8097585,34.1491049],[-118.8097818,34.1491686],[-118.8098239,34.1492459],[-118.8098729,34.1492807],[-118.8099056,34.1493136],[-118.8099079,34.1493638],[-118.8098589,34.1493947]]]},"properties":{"course_id":"westlake_village","course_name":"Westlake Village Golf Course","hole_number":12,"feature_type":"bunker","name":"hole_12_bunker_2","feature-color":"#d4b483","is_approximate":true,"source":"osm","@id":"e5d2aefe-d555-4bff-80fe-f53bf7fb0710","osm_id":1017399062}},{"type":"Feature","bbox":[-118.8123598,34.1488242,-118.8116356,34.1492415],"geometry":{"type":"Polygon","coordinates":[[[-118.8122927,34.149226],[-118.8121854,34.1492415],[-118.8121264,34.149226],[-118.8120057,34.1491993],[-118.811877,34.1491683],[-118.8117777,34.1491394],[-118.8117053,34.149115],[-118.811649,34.149075],[-118.8116356,34.1490107],[-118.8116356,34.1489352],[-118.8116651,34.1488619],[-118.811708,34.1488353],[-118.8118126,34.1488397],[-118.8118984,34.1488775],[-118.812003,34.1488597],[-118.812105,34.1488531],[-118.8122471,34.1488242],[-118.8123168,34.1488242],[-118.8123329,34.1488619],[-118.8123249,34.1489441],[-118.8123329,34.1490195],[-118.8123464,34.1490662],[-118.8123598,34.1491039],[-118.8123517,34.1491572],[-118.8123329,34.1492016],[-118.8122927,34.149226]]]},"properties":{"course_id":"westlake_village","course_name":"Westlake Village Golf Course","hole_number":3,"feature_type":"bunker","name":"hole_3_bunker_2","feature-color":"#d4b483","is_approximate":true,"source":"osm","@id":"dd790910-e362-40fa-a6b7-7cedcfaef898","osm_id":1017399063}},{"type":"Feature","bbox":[-118.8163035,34.1505876,-118.8161672,34.1506894],"geometry":{"type":"Polygon","coordinates":[[[-118.8163035,34.1506557],[-118.8162698,34.1506733],[-118.8162424,34.1506887],[-118.8162265,34.1506894],[-118.8162123,34.1506769],[-118.8161938,34.1506586],[-118.8161734,34.1506396],[-118.8161672,34.1506286],[-118.8161734,34.1506147],[-118.8162008,34.1506045],[-118.816238,34.1505913],[-118.8162601,34.1505876],[-118.8162721,34.1505895],[-118.8162875,34.1506096],[-118.816299,34.1506374],[-118.8163035,34.1506557]]]},"properties":{"course_id":"westlake_village","course_name":"Westlake Village Golf Course","hole_number":10,"feature_type":"tee_box","name":"hole_10_tee_box_2","feature-color":"#8b7355","is_approximate":true,"source":"osm","@id":"9bac5f75-5bb0-4bb4-b79d-cf7e6fcd2dc1","osm_id":1017401480}},{"type":"Feature","bbox":[-118.8161796,34.1506799,-118.8160522,34.1507765],"geometry":{"type":"Polygon","coordinates":[[[-118.8161796,34.1507326],[-118.8161495,34.1507553],[-118.8161115,34.1507743],[-118.8160849,34.1507765],[-118.8160593,34.1507582],[-118.8160522,34.1507355],[-118.8160531,34.1507033],[-118.8160725,34.1506901],[-118.8161079,34.1506799],[-118.816138,34.1506865],[-118.8161557,34.1506916],[-118.8161761,34.1507128],[-118.8161796,34.1507326]]]},"properties":{"course_id":"westlake_village","course_name":"Westlake Village Golf Course","hole_number":10,"feature_type":"tee_box","name":"hole_10_tee_box_3","feature-color":"#8b7355","is_approximate":true,"source":"osm","@id":"f7f56a67-daff-405b-b820-490c7c0d2376","osm_id":1017401481}},{"type":"Feature","bbox":[-118.8126611,34.1503126,-118.8115445,34.1507168],"geometry":{"type":"Polygon","coordinates":[[[-118.8122399,34.1506963],[-118.8121727,34.1507021],[-118.8120895,34.1507124],[-118.812017,34.1507065],[-118.8118754,34.1506641],[-118.8117586,34.1506304],[-118.8116772,34.150604],[-118.8116029,34.1505777],[-118.8115445,34.1505279],[-118.8115445,34.1504898],[-118.8115728,34.1504342],[-118.8116011,34.1503858],[-118.8116365,34.1503346],[-118.8117267,34.1503126],[-118.8118559,34.1503404],[-118.8119285,34.1503785],[-118.8119851,34.1504034],[-118.8121037,34.1504327],[-118.812178,34.1504664],[-118.8122983,34.1505015],[-118.8123744,34.1505264],[-118.8124788,34.1505396],[-118.8125532,34.1505396],[-118.8126062,34.1505469],[-118.8126452,34.150563],[-118.8126611,34.1506084],[-118.8126469,34.1506465],[-118.8126151,34.1506875],[-118.8125655,34.1507168],[-118.8124771,34.1507168],[-118.812385,34.1507065],[-118.8123302,34.150689],[-118.8122736,34.150686],[-118.8122399,34.1506963]]]},"properties":{"course_id":"westlake_village","course_name":"Westlake Village Golf Course","hole_number":16,"feature_type":"bunker","name":"hole_16_bunker_2","feature-color":"#d4b483","is_approximate":true,"source":"osm","@id":"6caa5b42-8ec5-4ed5-a322-7f5b90bc980e","osm_id":1017401482}},{"type":"Feature","bbox":[-118.8172687,34.1501226,-118.8168627,34.1502656],"geometry":{"type":"Polygon","coordinates":[[[-118.8172476,34.1502453],[-118.8172079,34.1502578],[-118.8171554,34.1502617],[-118.8170702,34.1502656],[-118.8169967,34.1502622],[-118.8169336,34.1502501],[-118.8168846,34.150231],[-118.8168627,34.1502032],[-118.8168627,34.150175],[-118.8168776,34.1501453],[-118.8169189,34.1501264],[-118.8170491,34.1501226],[-118.8171641,34.1501274],[-118.8172208,34.1501332],[-118.8172499,34.1501448],[-118.8172687,34.150175],[-118.8172663,34.1502211],[-118.8172476,34.1502453]]]},"properties":{"course_id":"westlake_village","course_name":"Westlake Village Golf Course","hole_number":10,"feature_type":"green","name":"hole_10_green_2","feature-color":"#2d6e2d","is_approximate":true,"source":"osm","@id":"0988b522-670f-4445-8db6-dd0952a6c2aa","osm_id":1017401484}},{"type":"Feature","bbox":[-118.8165967,34.1517214,-118.8159034,34.1523923],"geometry":{"type":"Polygon","coordinates":[[[-118.8162852,34.1523715],[-118.8162269,34.1523923],[-118.8159298,34.152307],[-118.8159034,34.1522813],[-118.8159828,34.1522118],[-118.8161039,34.1520498],[-118.8161696,34.1519838],[-118.8162606,34.1519065],[-118.8165967,34.1517214],[-118.8162852,34.1523715]]]},"properties":{"course_id":"westlake_village","course_name":"Westlake Village Golf Course","hole_number":null,"feature_type":"bunker","name":"unassigned_bunker","feature-color":"#d4b483","is_approximate":true,"source":"osm","@id":"27dce40f-1f60-4a47-ae3f-b6fd75f620d8","osm_id":1017401485,"needs_hole_assignment":true}},{"type":"Feature","bbox":[-118.8167276,34.1509654,-118.8144346,34.1518553],"geometry":{"type":"Polygon","coordinates":[[[-118.8155671,34.1517229],[-118.8152893,34.1517944],[-118.8150207,34.151833],[-118.8148996,34.1518518],[-118.8148481,34.1518553],[-118.8148012,34.1518466],[-118.8145636,34.151767],[-118.8144346,34.1517306],[-118.8145312,34.1516737],[-118.8146401,34.1516224],[-118.8147709,34.1515992],[-118.8150488,34.1515799],[-118.8152706,34.1515316],[-118.8154527,34.1514775],[-118.8156395,34.1514195],[-118.81581,34.1513635],[-118.8160061,34.1513152],[-118.8161719,34.151263],[-118.8162727,34.151201],[-118.8163073,34.1511335],[-118.8162863,34.1510601],[-118.8162653,34.1509867],[-118.8162956,34.1509654],[-118.8163377,34.1509847],[-118.8163984,34.1510253],[-118.8164264,34.1510427],[-118.8165081,34.1510833],[-118.8165735,34.1510891],[-118.8166272,34.151093],[-118.8166669,34.1511026],[-118.8167089,34.1511335],[-118.8167276,34.1511857],[-118.8166436,34.1512219],[-118.8165629,34.1512743],[-118.8165278,34.1513144],[-118.8164727,34.1514106],[-118.8164422,34.1514422],[-118.816396,34.1514659],[-118.8162886,34.1515103],[-118.8155671,34.1517229]]]},"properties":{"course_id":"westlake_village","course_name":"Westlake Village Golf Course","hole_number":18,"feature_type":"fairway","name":"hole_18_fairway","feature-color":"#4a7c3f","is_approximate":true,"source":"osm","@id":"2ae86dfe-194b-46c7-a964-6d1692575e17","osm_id":1017401486}},{"type":"Feature","bbox":[-118.8144737,34.1513244,-118.8140365,34.1516485],"geometry":{"type":"Polygon","coordinates":[[[-118.8144174,34.1516396],[-118.8143637,34.1516485],[-118.8143141,34.1516352],[-118.8142913,34.1516185],[-118.8141465,34.1515897],[-118.8140982,34.1515675],[-118.8140526,34.1515253],[-118.8140365,34.1514687],[-118.814054,34.1514243],[-118.8140848,34.151371],[-118.8141063,34.1513244],[-118.8142189,34.1513333],[-118.8143208,34.15135],[-118.8143557,34.1513821],[-118.8143637,34.1514121],[-118.8144214,34.1514465],[-118.814459,34.1514798],[-118.8144737,34.1515564],[-118.8144523,34.1516141],[-118.8144174,34.1516396]]]},"properties":{"course_id":"westlake_village","course_name":"Westlake Village Golf Course","hole_number":17,"feature_type":"fairway","name":"hole_17_fairway","feature-color":"#4a7c3f","is_approximate":true,"source":"osm","@id":"ad88e3f6-fae8-4060-b663-c45650506929","osm_id":1017401487}},{"type":"Feature","bbox":[-118.81420343972539,34.14839884997358,-118.81420343972539,34.14839884997358],"geometry":{"type":"Point","coordinates":[-118.81420343972539,34.14839884997358]},"properties":{"course_id":"westlake_village","course_name":"Westlake Village Golf Course","hole_number":7,"feature_type":"tee_center","name":"hole_7_tee_center","feature-color":"#c8a055","is_approximate":true,"source":"derived","@id":"5b9d6088-3290-411a-bc90-d4c022931ce0"}},{"type":"Feature","bbox":[-118.81343214826391,34.149407359093416,-118.81343214826391,34.149407359093416],"geometry":{"type":"Point","coordinates":[-118.81343214826391,34.149407359093416]},"properties":{"course_id":"westlake_village","course_name":"Westlake Village Golf Course","hole_number":7,"feature_type":"green_center","name":"hole_7_green_center","feature-color":"#5aae5a","is_approximate":true,"source":"derived","@id":"db32fd89-8c01-4c17-8f12-1dc0fe191cfe"}},{"type":"Feature","bbox":[-118.81350155234576,34.14931660915906,-118.81350155234576,34.14931660915906],"geometry":{"type":"Point","coordinates":[-118.81350155234576,34.14931660915906]},"properties":{"course_id":"westlake_village","course_name":"Westlake Village Golf Course","hole_number":7,"feature_type":"green_front","name":"hole_7_green_front","feature-color":"#5aae5a","is_approximate":true,"source":"derived","@id":"0f7ba302-ef17-4885-a860-c3ba128b14e0"}},{"type":"Feature","bbox":[-118.81336451362382,34.1494957953782,-118.81336451362382,34.1494957953782],"geometry":{"type":"Point","coordinates":[-118.81336451362382,34.1494957953782]},"properties":{"course_id":"westlake_village","course_name":"Westlake Village Golf Course","hole_number":7,"feature_type":"green_back","name":"hole_7_green_back","feature-color":"#5aae5a","is_approximate":true,"source":"derived","@id":"86d721f1-4fe2-4062-b9fe-9c964522f6dc"}},{"type":"Feature","bbox":[-118.80715933771074,34.14844840931604,-118.80715933771074,34.14844840931604],"geometry":{"type":"Point","coordinates":[-118.80715933771074,34.14844840931604]},"properties":{"course_id":"westlake_village","course_name":"Westlake Village Golf Course","hole_number":13,"feature_type":"tee_center","name":"hole_13_tee_center","feature-color":"#c8a055","is_approximate":true,"source":"derived","@id":"2dafe7ff-d531-4121-bd24-7c612f196665"}},{"type":"Feature","bbox":[-118.80593659073723,34.14767456650472,-118.80593659073723,34.14767456650472],"geometry":{"type":"Point","coordinates":[-118.80593659073723,34.14767456650472]},"properties":{"course_id":"westlake_village","course_name":"Westlake Village Golf Course","hole_number":13,"feature_type":"green_center","name":"hole_13_green_center","feature-color":"#5aae5a","is_approximate":true,"source":"derived","@id":"e422a0b7-4cd1-4c7a-8980-4afc625ea2d1"}},{"type":"Feature","bbox":[-118.80603859813958,34.14773912417423,-118.80603859813958,34.14773912417423],"geometry":{"type":"Point","coordinates":[-118.80603859813958,34.14773912417423]},"properties":{"course_id":"westlake_village","course_name":"Westlake Village Golf Course","hole_number":13,"feature_type":"green_front","name":"hole_13_green_front","feature-color":"#5aae5a","is_approximate":true,"source":"derived","@id":"27323af1-162e-448d-8f42-80a9df1cc8e6"}},{"type":"Feature","bbox":[-118.80583051243387,34.14760743247431,-118.80583051243387,34.14760743247431],"geometry":{"type":"Point","coordinates":[-118.80583051243387,34.14760743247431]},"properties":{"course_id":"westlake_village","course_name":"Westlake Village Golf Course","hole_number":13,"feature_type":"green_back","name":"hole_13_green_back","feature-color":"#5aae5a","is_approximate":true,"source":"derived","@id":"caff89b0-5e21-4f80-95d8-ce77e45d7576"}},{"type":"Feature","bbox":[-118.81604139030597,34.14942223937874,-118.81604139030597,34.14942223937874],"geometry":{"type":"Point","coordinates":[-118.81604139030597,34.14942223937874]},"properties":{"course_id":"westlake_village","course_name":"Westlake Village Golf Course","hole_number":9,"feature_type":"tee_center","name":"hole_9_tee_center","feature-color":"#c8a055","is_approximate":true,"source":"derived","@id":"6dbe031d-0057-4f5f-892c-321d39ee8812"}},{"type":"Feature","bbox":[-118.81714661567953,34.14977773319118,-118.81714661567953,34.14977773319118],"geometry":{"type":"Point","coordinates":[-118.81714661567953,34.14977773319118]},"properties":{"course_id":"westlake_village","course_name":"Westlake Village Golf Course","hole_number":9,"feature_type":"green_center","name":"hole_9_green_center","feature-color":"#5aae5a","is_approximate":true,"source":"derived","@id":"365bec34-6b4b-4add-b140-b0649dbbf150"}},{"type":"Feature","bbox":[-118.8170786745464,34.14974840766487,-118.8170786745464,34.14974840766487],"geometry":{"type":"Point","coordinates":[-118.8170786745464,34.14974840766487]},"properties":{"course_id":"westlake_village","course_name":"Westlake Village Golf Course","hole_number":9,"feature_type":"green_front","name":"hole_9_green_front","feature-color":"#5aae5a","is_approximate":true,"source":"derived","@id":"8511e0f3-4050-49d2-81b9-550d95d8f366"}},{"type":"Feature","bbox":[-118.81724075574022,34.149818366997216,-118.81724075574022,34.149818366997216],"geometry":{"type":"Point","coordinates":[-118.81724075574022,34.149818366997216]},"properties":{"course_id":"westlake_village","course_name":"Westlake Village Golf Course","hole_number":9,"feature_type":"green_back","name":"hole_9_green_back","feature-color":"#5aae5a","is_approximate":true,"source":"derived","@id":"c197c5f0-d9d8-4606-acf7-2bf27f4408e5"}},{"type":"Feature","bbox":[-118.81335347125983,34.149734445090154,-118.81335347125983,34.149734445090154],"geometry":{"type":"Point","coordinates":[-118.81335347125983,34.149734445090154]},"properties":{"course_id":"westlake_village","course_name":"Westlake Village Golf Course","hole_number":8,"feature_type":"tee_center","name":"hole_8_tee_center","feature-color":"#c8a055","is_approximate":true,"source":"derived","@id":"e8f741fc-7561-42d8-ac71-a13af5ca98e9"}},{"type":"Feature","bbox":[-118.81640782373863,34.14988543023314,-118.81640782373863,34.14988543023314],"geometry":{"type":"Point","coordinates":[-118.81640782373863,34.14988543023314]},"properties":{"course_id":"westlake_village","course_name":"Westlake Village Golf Course","hole_number":8,"feature_type":"green_center","name":"hole_8_green_center","feature-color":"#5aae5a","is_approximate":true,"source":"derived","@id":"8a766ec8-4219-4bd7-a67a-2b73de4688fa"}},{"type":"Feature","bbox":[-118.81625872470941,34.149880334184665,-118.81625872470941,34.149880334184665],"geometry":{"type":"Point","coordinates":[-118.81625872470941,34.149880334184665]},"properties":{"course_id":"westlake_village","course_name":"Westlake Village Golf Course","hole_number":8,"feature_type":"green_front","name":"hole_8_green_front","feature-color":"#5aae5a","is_approximate":true,"source":"derived","@id":"d02135ac-8065-48e7-b598-bd98ea5f8a2e"}},{"type":"Feature","bbox":[-118.81654194542091,34.1498900143716,-118.81654194542091,34.1498900143716],"geometry":{"type":"Point","coordinates":[-118.81654194542091,34.1498900143716]},"properties":{"course_id":"westlake_village","course_name":"Westlake Village Golf Course","hole_number":8,"feature_type":"green_back","name":"hole_8_green_back","feature-color":"#5aae5a","is_approximate":true,"source":"derived","@id":"65ff3987-d165-415a-8f7d-a66f31ddbb4e"}},{"type":"Feature","bbox":[-118.81311319894404,34.15028118897076,-118.81311319894404,34.15028118897076],"geometry":{"type":"Point","coordinates":[-118.81311319894404,34.15028118897076]},"properties":{"course_id":"westlake_village","course_name":"Westlake Village Golf Course","hole_number":2,"feature_type":"tee_center","name":"hole_2_tee_center","feature-color":"#c8a055","is_approximate":true,"source":"derived","@id":"bc5a96ca-b31a-4b32-969b-7fcc99d7d82f"}},{"type":"Feature","bbox":[-118.81272813977029,34.14905737591212,-118.81272813977029,34.14905737591212],"geometry":{"type":"Point","coordinates":[-118.81272813977029,34.14905737591212]},"properties":{"course_id":"westlake_village","course_name":"Westlake Village Golf Course","hole_number":2,"feature_type":"green_center","name":"hole_2_green_center","feature-color":"#5aae5a","is_approximate":true,"source":"derived","@id":"d46fc596-fd36-4976-bded-0116b6aa0691"}},{"type":"Feature","bbox":[-118.81276885189986,34.14917161243733,-118.81276885189986,34.14917161243733],"geometry":{"type":"Point","coordinates":[-118.81276885189986,34.14917161243733]},"properties":{"course_id":"westlake_village","course_name":"Westlake Village Golf Course","hole_number":2,"feature_type":"green_front","name":"hole_2_green_front","feature-color":"#5aae5a","is_approximate":true,"source":"derived","@id":"e46f9ef5-800d-42f2-8a13-9701635eecc4"}},{"type":"Feature","bbox":[-118.81268462042655,34.14893526246191,-118.81268462042655,34.14893526246191],"geometry":{"type":"Point","coordinates":[-118.81268462042655,34.14893526246191]},"properties":{"course_id":"westlake_village","course_name":"Westlake Village Golf Course","hole_number":2,"feature_type":"green_back","name":"hole_2_green_back","feature-color":"#5aae5a","is_approximate":true,"source":"derived","@id":"2049350f-aa77-4499-aa6d-6c58fe851e02"}},{"type":"Feature","bbox":[-118.80845195789948,34.14784177978343,-118.80845195789948,34.14784177978343],"geometry":{"type":"Point","coordinates":[-118.80845195789948,34.14784177978343]},"properties":{"course_id":"westlake_village","course_name":"Westlake Village Golf Course","hole_number":6,"feature_type":"tee_center","name":"hole_6_tee_center","feature-color":"#c8a055","is_approximate":true,"source":"derived","@id":"b72174a7-6e07-431c-8975-4e369526dd26"}},{"type":"Feature","bbox":[-118.81364132045357,34.148404692206334,-118.81364132045357,34.148404692206334],"geometry":{"type":"Point","coordinates":[-118.81364132045357,34.148404692206334]},"properties":{"course_id":"westlake_village","course_name":"Westlake Village Golf Course","hole_number":6,"feature_type":"green_center","name":"hole_6_green_center","feature-color":"#5aae5a","is_approximate":true,"source":"derived","@id":"be3b50f3-aa1f-486f-a108-4bf7baf5a0c6"}},{"type":"Feature","bbox":[-118.8135225341689,34.14840293412563,-118.8135225341689,34.14840293412563],"geometry":{"type":"Point","coordinates":[-118.8135225341689,34.14840293412563]},"properties":{"course_id":"westlake_village","course_name":"Westlake Village Golf Course","hole_number":6,"feature_type":"green_front","name":"hole_6_green_front","feature-color":"#5aae5a","is_approximate":true,"source":"derived","@id":"5e4f8dfb-b577-4756-8fa9-e504fdf0f2aa"}},{"type":"Feature","bbox":[-118.81375454478346,34.14840636796806,-118.81375454478346,34.14840636796806],"geometry":{"type":"Point","coordinates":[-118.81375454478346,34.14840636796806]},"properties":{"course_id":"westlake_village","course_name":"Westlake Village Golf Course","hole_number":6,"feature_type":"green_back","name":"hole_6_green_back","feature-color":"#5aae5a","is_approximate":true,"source":"derived","@id":"091f3b15-e456-4c78-9216-d2734fd4baa4"}},{"type":"Feature","bbox":[-118.80643753165134,34.14675930361327,-118.80643753165134,34.14675930361327],"geometry":{"type":"Point","coordinates":[-118.80643753165134,34.14675930361327]},"properties":{"course_id":"westlake_village","course_name":"Westlake Village Golf Course","hole_number":5,"feature_type":"tee_center","name":"hole_5_tee_center","feature-color":"#c8a055","is_approximate":true,"source":"derived","@id":"f8790b78-5b7d-4cbf-8c63-1dc650ae9f60"}},{"type":"Feature","bbox":[-118.80822843589812,34.148166276226725,-118.80822843589812,34.148166276226725],"geometry":{"type":"Point","coordinates":[-118.80822843589812,34.148166276226725]},"properties":{"course_id":"westlake_village","course_name":"Westlake Village Golf Course","hole_number":5,"feature_type":"green_center","name":"hole_5_green_center","feature-color":"#5aae5a","is_approximate":true,"source":"derived","@id":"b849eeb9-2a30-4400-8c04-0b083b88f7db"}},{"type":"Feature","bbox":[-118.8081243017988,34.148082143739266,-118.8081243017988,34.148082143739266],"geometry":{"type":"Point","coordinates":[-118.8081243017988,34.148082143739266]},"properties":{"course_id":"westlake_village","course_name":"Westlake Village Golf Course","hole_number":5,"feature_type":"green_front","name":"hole_5_green_front","feature-color":"#5aae5a","is_approximate":true,"source":"derived","@id":"a5a48b1f-b799-46b5-b745-a44b3a4c4d21"}},{"type":"Feature","bbox":[-118.80832325818598,34.148242885473806,-118.80832325818598,34.148242885473806],"geometry":{"type":"Point","coordinates":[-118.80832325818598,34.148242885473806]},"properties":{"course_id":"westlake_village","course_name":"Westlake Village Golf Course","hole_number":5,"feature_type":"green_back","name":"hole_5_green_back","feature-color":"#5aae5a","is_approximate":true,"source":"derived","@id":"aad2f39c-f210-472d-94cd-459c1158b732"}},{"type":"Feature","bbox":[-118.81636543360285,34.15028190528458,-118.81636543360285,34.15028190528458],"geometry":{"type":"Point","coordinates":[-118.81636543360285,34.15028190528458]},"properties":{"course_id":"westlake_village","course_name":"Westlake Village Golf Course","hole_number":1,"feature_type":"tee_center","name":"hole_1_tee_center","feature-color":"#c8a055","is_approximate":true,"source":"derived","@id":"6b7d677f-9a47-4d3c-a12f-65146efc87f9"}},{"type":"Feature","bbox":[-118.81360364064038,34.15039593507342,-118.81360364064038,34.15039593507342],"geometry":{"type":"Point","coordinates":[-118.81360364064038,34.15039593507342]},"properties":{"course_id":"westlake_village","course_name":"Westlake Village Golf Course","hole_number":1,"feature_type":"green_center","name":"hole_1_green_center","feature-color":"#5aae5a","is_approximate":true,"source":"derived","@id":"54c59d92-58d3-4376-b61e-5df762db8591"}},{"type":"Feature","bbox":[-118.81374563187806,34.15039557100083,-118.81374563187806,34.15039557100083],"geometry":{"type":"Point","coordinates":[-118.81374563187806,34.15039557100083]},"properties":{"course_id":"westlake_village","course_name":"Westlake Village Golf Course","hole_number":1,"feature_type":"green_front","name":"hole_1_green_front","feature-color":"#5aae5a","is_approximate":true,"source":"derived","@id":"d6368065-f7b1-4619-8480-54db57d8d0cf"}},{"type":"Feature","bbox":[-118.81347032531711,34.15039627690054,-118.81347032531711,34.15039627690054],"geometry":{"type":"Point","coordinates":[-118.81347032531711,34.15039627690054]},"properties":{"course_id":"westlake_village","course_name":"Westlake Village Golf Course","hole_number":1,"feature_type":"green_back","name":"hole_1_green_back","feature-color":"#5aae5a","is_approximate":true,"source":"derived","@id":"4536442a-3532-4e58-973f-5a6db9fefd6c"}},{"type":"Feature","bbox":[-118.8125039168542,34.149408302355965,-118.8125039168542,34.149408302355965],"geometry":{"type":"Point","coordinates":[-118.8125039168542,34.149408302355965]},"properties":{"course_id":"westlake_village","course_name":"Westlake Village Golf Course","hole_number":3,"feature_type":"tee_center","name":"hole_3_tee_center","feature-color":"#c8a055","is_approximate":true,"source":"derived","@id":"f801f5e5-4b74-4559-82a3-b968173ec781"}},{"type":"Feature","bbox":[-118.8086376839356,34.148650097565934,-118.8086376839356,34.148650097565934],"geometry":{"type":"Point","coordinates":[-118.8086376839356,34.148650097565934]},"properties":{"course_id":"westlake_village","course_name":"Westlake Village Golf Course","hole_number":3,"feature_type":"green_center","name":"hole_3_green_center","feature-color":"#5aae5a","is_approximate":true,"source":"derived","@id":"7d07bec2-21a8-4258-b463-4785df0a7f51"}},{"type":"Feature","bbox":[-118.80875960381672,34.1486683608826,-118.80875960381672,34.1486683608826],"geometry":{"type":"Point","coordinates":[-118.80875960381672,34.1486683608826]},"properties":{"course_id":"westlake_village","course_name":"Westlake Village Golf Course","hole_number":3,"feature_type":"green_front","name":"hole_3_green_front","feature-color":"#5aae5a","is_approximate":true,"source":"derived","@id":"ec079d87-0c37-4de2-b9bf-e1b03de42ef0"}},{"type":"Feature","bbox":[-118.80850544983676,34.14863028920327,-118.80850544983676,34.14863028920327],"geometry":{"type":"Point","coordinates":[-118.80850544983676,34.14863028920327]},"properties":{"course_id":"westlake_village","course_name":"Westlake Village Golf Course","hole_number":3,"feature_type":"green_back","name":"hole_3_green_back","feature-color":"#5aae5a","is_approximate":true,"source":"derived","@id":"6fef6c5e-757e-4f83-b7c4-9c2909cc055e"}},{"type":"Feature","bbox":[-118.80809297391264,34.14849772994744,-118.80809297391264,34.14849772994744],"geometry":{"type":"Point","coordinates":[-118.80809297391264,34.14849772994744]},"properties":{"course_id":"westlake_village","course_name":"Westlake Village Golf Course","hole_number":4,"feature_type":"tee_center","name":"hole_4_tee_center","feature-color":"#c8a055","is_approximate":true,"source":"derived","@id":"00044010-e5d8-4122-8f18-e711b5662c17"}},{"type":"Feature","bbox":[-118.80582122161776,34.14703480602521,-118.80582122161776,34.14703480602521],"geometry":{"type":"Point","coordinates":[-118.80582122161776,34.14703480602521]},"properties":{"course_id":"westlake_village","course_name":"Westlake Village Golf Course","hole_number":4,"feature_type":"green_center","name":"hole_4_green_center","feature-color":"#5aae5a","is_approximate":true,"source":"derived","@id":"6d9ed385-2382-4304-8bf6-adf4053ae740"}},{"type":"Feature","bbox":[-118.80591348233135,34.14709726798241,-118.80591348233135,34.14709726798241],"geometry":{"type":"Point","coordinates":[-118.80591348233135,34.14709726798241]},"properties":{"course_id":"westlake_village","course_name":"Westlake Village Golf Course","hole_number":4,"feature_type":"green_front","name":"hole_4_green_front","feature-color":"#5aae5a","is_approximate":true,"source":"derived","@id":"e1d55f6a-4c75-47a3-a15d-0362e3152d9f"}},{"type":"Feature","bbox":[-118.80574158604,34.146980891483935,-118.80574158604,34.146980891483935],"geometry":{"type":"Point","coordinates":[-118.80574158604,34.146980891483935]},"properties":{"course_id":"westlake_village","course_name":"Westlake Village Golf Course","hole_number":4,"feature_type":"green_back","name":"hole_4_green_back","feature-color":"#5aae5a","is_approximate":true,"source":"derived","@id":"28e62ce3-3d5f-42e7-8570-8a1dd5532ea6"}},{"type":"Feature","bbox":[-118.81454350025962,34.15184965363019,-118.81454350025962,34.15184965363019],"geometry":{"type":"Point","coordinates":[-118.81454350025962,34.15184965363019]},"properties":{"course_id":"westlake_village","course_name":"Westlake Village Golf Course","hole_number":18,"feature_type":"tee_center","name":"hole_18_tee_center","feature-color":"#c8a055","is_approximate":true,"source":"derived","@id":"0b4f6638-47f4-42b4-a1dc-b332d3dc72ad"}},{"type":"Feature","bbox":[-118.81655911399504,34.150864113074036,-118.81655911399504,34.150864113074036],"geometry":{"type":"Point","coordinates":[-118.81655911399504,34.150864113074036]},"properties":{"course_id":"westlake_village","course_name":"Westlake Village Golf Course","hole_number":18,"feature_type":"green_center","name":"hole_18_green_center","feature-color":"#5aae5a","is_approximate":true,"source":"derived","@id":"55b2019a-2fd2-44da-be08-f2f36855ae7a"}},{"type":"Feature","bbox":[-118.81642675364486,34.15096044880944,-118.81642675364486,34.15096044880944],"geometry":{"type":"Point","coordinates":[-118.81642675364486,34.15096044880944]},"properties":{"course_id":"westlake_village","course_name":"Westlake Village Golf Course","hole_number":18,"feature_type":"green_front","name":"hole_18_green_front","feature-color":"#5aae5a","is_approximate":true,"source":"derived","@id":"9ec8c8cd-b383-4e21-9848-62fad463838e"}},{"type":"Feature","bbox":[-118.8166910702298,34.15076807146567,-118.8166910702298,34.15076807146567],"geometry":{"type":"Point","coordinates":[-118.8166910702298,34.15076807146567]},"properties":{"course_id":"westlake_village","course_name":"Westlake Village Golf Course","hole_number":18,"feature_type":"green_back","name":"hole_18_green_back","feature-color":"#5aae5a","is_approximate":true,"source":"derived","@id":"f6a98f4c-0c95-488b-819b-8cb4fe38b51c"}},{"type":"Feature","bbox":[-118.81577925007946,34.15197848992885,-118.81577925007946,34.15197848992885],"geometry":{"type":"Point","coordinates":[-118.81577925007946,34.15197848992885]},"properties":{"course_id":"westlake_village","course_name":"Westlake Village Golf Course","hole_number":18,"feature_type":"green_center","name":"hole_18_green_center_2","feature-color":"#5aae5a","is_approximate":true,"source":"derived","@id":"670f591b-6241-4834-8543-223223fc05cd"}},{"type":"Feature","bbox":[-118.81575604914656,34.15187456666502,-118.81575604914656,34.15187456666502],"geometry":{"type":"Point","coordinates":[-118.81575604914656,34.15187456666502]},"properties":{"course_id":"westlake_village","course_name":"Westlake Village Golf Course","hole_number":18,"feature_type":"green_front","name":"hole_18_green_front_2","feature-color":"#5aae5a","is_approximate":true,"source":"derived","@id":"fcd5d6db-603c-436b-ae62-2871f8232f35"}},{"type":"Feature","bbox":[-118.81580402578777,34.15208946703829,-118.81580402578777,34.15208946703829],"geometry":{"type":"Point","coordinates":[-118.81580402578777,34.15208946703829]},"properties":{"course_id":"westlake_village","course_name":"Westlake Village Golf Course","hole_number":18,"feature_type":"green_back","name":"hole_18_green_back_2","feature-color":"#5aae5a","is_approximate":true,"source":"derived","@id":"1a14fd4f-dc52-4683-add2-2c8e1c73ad5d"}},{"type":"Feature","bbox":[-118.81327113716799,34.151445958356135,-118.81327113716799,34.151445958356135],"geometry":{"type":"Point","coordinates":[-118.81327113716799,34.151445958356135]},"properties":{"course_id":"westlake_village","course_name":"Westlake Village Golf Course","hole_number":17,"feature_type":"tee_center","name":"hole_17_tee_center","feature-color":"#c8a055","is_approximate":true,"source":"derived","@id":"472452b5-ffd7-460c-b2cd-5bb472676e01"}},{"type":"Feature","bbox":[-118.8142765520831,34.1515194614138,-118.8142765520831,34.1515194614138],"geometry":{"type":"Point","coordinates":[-118.8142765520831,34.1515194614138]},"properties":{"course_id":"westlake_village","course_name":"Westlake Village Golf Course","hole_number":17,"feature_type":"green_center","name":"hole_17_green_center","feature-color":"#5aae5a","is_approximate":true,"source":"derived","@id":"aaef05cf-6540-4e2e-9a2f-013eee853872"}},{"type":"Feature","bbox":[-118.81420401254843,34.15141152469654,-118.81420401254843,34.15141152469654],"geometry":{"type":"Point","coordinates":[-118.81420401254843,34.15141152469654]},"properties":{"course_id":"westlake_village","course_name":"Westlake Village Golf Course","hole_number":17,"feature_type":"green_front","name":"hole_17_green_front","feature-color":"#5aae5a","is_approximate":true,"source":"derived","@id":"c03f53c9-e8a9-4853-bddd-bece2daddada"}},{"type":"Feature","bbox":[-118.81434179777395,34.15161654510366,-118.81434179777395,34.15161654510366],"geometry":{"type":"Point","coordinates":[-118.81434179777395,34.15161654510366]},"properties":{"course_id":"westlake_village","course_name":"Westlake Village Golf Course","hole_number":17,"feature_type":"green_back","name":"hole_17_green_back","feature-color":"#5aae5a","is_approximate":true,"source":"derived","@id":"55d72fc3-b63a-4738-982a-d3e19e70a554"}},{"type":"Feature","bbox":[-118.81660822923881,34.150431478271244,-118.81660822923881,34.150431478271244],"geometry":{"type":"Point","coordinates":[-118.81660822923881,34.150431478271244]},"properties":{"course_id":"westlake_village","course_name":"Westlake Village Golf Course","hole_number":10,"feature_type":"tee_center","name":"hole_10_tee_center","feature-color":"#c8a055","is_approximate":true,"source":"derived","@id":"d38b7bf8-365a-47f8-a5d0-e8300c98a712"}},{"type":"Feature","bbox":[-118.81374463022087,34.151100254635445,-118.81374463022087,34.151100254635445],"geometry":{"type":"Point","coordinates":[-118.81374463022087,34.151100254635445]},"properties":{"course_id":"westlake_village","course_name":"Westlake Village Golf Course","hole_number":10,"feature_type":"green_center","name":"hole_10_green_center","feature-color":"#5aae5a","is_approximate":true,"source":"derived","@id":"cb8c9ead-b566-4248-bfbb-8288174d92e7"}},{"type":"Feature","bbox":[-118.81387732703871,34.15109680742342,-118.81387732703871,34.15109680742342],"geometry":{"type":"Point","coordinates":[-118.81387732703871,34.15109680742342]},"properties":{"course_id":"westlake_village","course_name":"Westlake Village Golf Course","hole_number":10,"feature_type":"green_front","name":"hole_10_green_front","feature-color":"#5aae5a","is_approximate":true,"source":"derived","@id":"40226882-ced3-4fb4-840f-c88dedaf9602"}},{"type":"Feature","bbox":[-118.81359970413813,34.15110401954062,-118.81359970413813,34.15110401954062],"geometry":{"type":"Point","coordinates":[-118.81359970413813,34.15110401954062]},"properties":{"course_id":"westlake_village","course_name":"Westlake Village Golf Course","hole_number":10,"feature_type":"green_back","name":"hole_10_green_back","feature-color":"#5aae5a","is_approximate":true,"source":"derived","@id":"c494428b-a90b-4f04-971c-b50da30adc80"}},{"type":"Feature","bbox":[-118.81706811156077,34.15019249319012,-118.81706811156077,34.15019249319012],"geometry":{"type":"Point","coordinates":[-118.81706811156077,34.15019249319012]},"properties":{"course_id":"westlake_village","course_name":"Westlake Village Golf Course","hole_number":10,"feature_type":"green_center","name":"hole_10_green_center_2","feature-color":"#5aae5a","is_approximate":true,"source":"derived","@id":"b365225e-ad0a-4749-820f-2e865c343df6"}},{"type":"Feature","bbox":[-118.8169322069478,34.15024955699394,-118.8169322069478,34.15024955699394],"geometry":{"type":"Point","coordinates":[-118.8169322069478,34.15024955699394]},"properties":{"course_id":"westlake_village","course_name":"Westlake Village Golf Course","hole_number":10,"feature_type":"green_front","name":"hole_10_green_front_2","feature-color":"#5aae5a","is_approximate":true,"source":"derived","@id":"b812035a-821a-4fe2-b030-4fe4380a7244"}},{"type":"Feature","bbox":[-118.8172115735204,34.15013225619785,-118.8172115735204,34.15013225619785],"geometry":{"type":"Point","coordinates":[-118.8172115735204,34.15013225619785]},"properties":{"course_id":"westlake_village","course_name":"Westlake Village Golf Course","hole_number":10,"feature_type":"green_back","name":"hole_10_green_back_2","feature-color":"#5aae5a","is_approximate":true,"source":"derived","@id":"12a857a4-acf3-487d-b4a8-209c298cca6c"}},{"type":"Feature","bbox":[-118.8117117999467,34.150675852638194,-118.8117117999467,34.150675852638194],"geometry":{"type":"Point","coordinates":[-118.8117117999467,34.150675852638194]},"properties":{"course_id":"westlake_village","course_name":"Westlake Village Golf Course","hole_number":16,"feature_type":"tee_center","name":"hole_16_tee_center","feature-color":"#c8a055","is_approximate":true,"source":"derived","@id":"0c2d713f-1d76-4323-84f7-4be83119ba9e"}},{"type":"Feature","bbox":[-118.81299349873495,34.151060968811784,-118.81299349873495,34.151060968811784],"geometry":{"type":"Point","coordinates":[-118.81299349873495,34.151060968811784]},"properties":{"course_id":"westlake_village","course_name":"Westlake Village Golf Course","hole_number":16,"feature_type":"green_center","name":"hole_16_green_center","feature-color":"#5aae5a","is_approximate":true,"source":"derived","@id":"a0308c11-551f-4ec4-907b-44a82081b695"}},{"type":"Feature","bbox":[-118.81284631036351,34.15101674264653,-118.81284631036351,34.15101674264653],"geometry":{"type":"Point","coordinates":[-118.81284631036351,34.15101674264653]},"properties":{"course_id":"westlake_village","course_name":"Westlake Village Golf Course","hole_number":16,"feature_type":"green_front","name":"hole_16_green_front","feature-color":"#5aae5a","is_approximate":true,"source":"derived","@id":"ae5722d3-9807-4aca-9c8c-e03bfdf1bad8"}},{"type":"Feature","bbox":[-118.81313649397454,34.15110393505316,-118.81313649397454,34.15110393505316],"geometry":{"type":"Point","coordinates":[-118.81313649397454,34.15110393505316]},"properties":{"course_id":"westlake_village","course_name":"Westlake Village Golf Course","hole_number":16,"feature_type":"green_back","name":"hole_16_green_back","feature-color":"#5aae5a","is_approximate":true,"source":"derived","@id":"a398d908-d549-43f5-9d7e-7279377f1d65"}},{"type":"Feature","bbox":[-118.80706920575251,34.14929085521171,-118.80706920575251,34.14929085521171],"geometry":{"type":"Point","coordinates":[-118.80706920575251,34.14929085521171]},"properties":{"course_id":"westlake_village","course_name":"Westlake Village Golf Course","hole_number":15,"feature_type":"tee_center","name":"hole_15_tee_center","feature-color":"#c8a055","is_approximate":true,"source":"derived","@id":"5e5500de-76c4-42d0-a52e-e1bf830eb405"}},{"type":"Feature","bbox":[-118.81118297350201,34.15042711479995,-118.81118297350201,34.15042711479995],"geometry":{"type":"Point","coordinates":[-118.81118297350201,34.15042711479995]},"properties":{"course_id":"westlake_village","course_name":"Westlake Village Golf Course","hole_number":15,"feature_type":"green_center","name":"hole_15_green_center","feature-color":"#5aae5a","is_approximate":true,"source":"derived","@id":"f8f02223-c45a-4c6b-8b50-9d8b0e941a4b"}},{"type":"Feature","bbox":[-118.81109153227571,34.150398505125146,-118.81109153227571,34.150398505125146],"geometry":{"type":"Point","coordinates":[-118.81109153227571,34.150398505125146]},"properties":{"course_id":"westlake_village","course_name":"Westlake Village Golf Course","hole_number":15,"feature_type":"green_front","name":"hole_15_green_front","feature-color":"#5aae5a","is_approximate":true,"source":"derived","@id":"f1bf2501-57ac-468a-8bf8-3f6be3602996"}},{"type":"Feature","bbox":[-118.81126449031335,34.150452619373304,-118.81126449031335,34.150452619373304],"geometry":{"type":"Point","coordinates":[-118.81126449031335,34.150452619373304]},"properties":{"course_id":"westlake_village","course_name":"Westlake Village Golf Course","hole_number":15,"feature_type":"green_back","name":"hole_15_green_back","feature-color":"#5aae5a","is_approximate":true,"source":"derived","@id":"0d7ce589-dca6-41f4-a336-9221d13a61aa"}},{"type":"Feature","bbox":[-118.80975278854737,34.149435403705105,-118.80975278854737,34.149435403705105],"geometry":{"type":"Point","coordinates":[-118.80975278854737,34.149435403705105]},"properties":{"course_id":"westlake_village","course_name":"Westlake Village Golf Course","hole_number":12,"feature_type":"tee_center","name":"hole_12_tee_center","feature-color":"#c8a055","is_approximate":true,"source":"derived","@id":"0d5c1e04-e91b-42e5-af8a-2f1bf4e0472a"}},{"type":"Feature","bbox":[-118.80686229590376,34.148841004938454,-118.80686229590376,34.148841004938454],"geometry":{"type":"Point","coordinates":[-118.80686229590376,34.148841004938454]},"properties":{"course_id":"westlake_village","course_name":"Westlake Village Golf Course","hole_number":12,"feature_type":"green_center","name":"hole_12_green_center","feature-color":"#5aae5a","is_approximate":true,"source":"derived","@id":"d79dc33f-5225-402f-8ef1-1f9ce326616a"}},{"type":"Feature","bbox":[-118.80698261936463,34.148856578821864,-118.80698261936463,34.148856578821864],"geometry":{"type":"Point","coordinates":[-118.80698261936463,34.148856578821864]},"properties":{"course_id":"westlake_village","course_name":"Westlake Village Golf Course","hole_number":12,"feature_type":"green_front","name":"hole_12_green_front","feature-color":"#5aae5a","is_approximate":true,"source":"derived","@id":"27b4d2f7-73bf-4c15-b908-f0c5d26811ac"}},{"type":"Feature","bbox":[-118.80674955705376,34.14882641275757,-118.80674955705376,34.14882641275757],"geometry":{"type":"Point","coordinates":[-118.80674955705376,34.14882641275757]},"properties":{"course_id":"westlake_village","course_name":"Westlake Village Golf Course","hole_number":12,"feature_type":"green_back","name":"hole_12_green_back","feature-color":"#5aae5a","is_approximate":true,"source":"derived","@id":"ccc16eeb-14ed-4782-bd82-adee15c6b856"}},{"type":"Feature","bbox":[-118.80539165359282,34.14786303576147,-118.80539165359282,34.14786303576147],"geometry":{"type":"Point","coordinates":[-118.80539165359282,34.14786303576147]},"properties":{"course_id":"westlake_village","course_name":"Westlake Village Golf Course","hole_number":14,"feature_type":"tee_center","name":"hole_14_tee_center","feature-color":"#c8a055","is_approximate":true,"source":"derived","@id":"f57d54b9-5f8f-4df4-8597-5d207a195a4c"}},{"type":"Feature","bbox":[-118.80646649551896,34.14862558950476,-118.80646649551896,34.14862558950476],"geometry":{"type":"Point","coordinates":[-118.80646649551896,34.14862558950476]},"properties":{"course_id":"westlake_village","course_name":"Westlake Village Golf Course","hole_number":14,"feature_type":"green_center","name":"hole_14_green_center","feature-color":"#5aae5a","is_approximate":true,"source":"derived","@id":"fcb4f64b-7d52-48ca-97ad-ad31b44d52fa"}},{"type":"Feature","bbox":[-118.8063560278601,34.148547217490496,-118.8063560278601,34.148547217490496],"geometry":{"type":"Point","coordinates":[-118.8063560278601,34.148547217490496]},"properties":{"course_id":"westlake_village","course_name":"Westlake Village Golf Course","hole_number":14,"feature_type":"green_front","name":"hole_14_green_front","feature-color":"#5aae5a","is_approximate":true,"source":"derived","@id":"79835cbc-e7d4-4b4c-bdc5-806b5f233f23"}},{"type":"Feature","bbox":[-118.80656696943761,34.148696871393675,-118.80656696943761,34.148696871393675],"geometry":{"type":"Point","coordinates":[-118.80656696943761,34.148696871393675]},"properties":{"course_id":"westlake_village","course_name":"Westlake Village Golf Course","hole_number":14,"feature_type":"green_back","name":"hole_14_green_back","feature-color":"#5aae5a","is_approximate":true,"source":"derived","@id":"f26432ec-ce20-41f6-b255-ecee0ddb200f"}},{"type":"Feature","bbox":[-118.81355150924651,34.150818578899525,-118.81355150924651,34.150818578899525],"geometry":{"type":"Point","coordinates":[-118.81355150924651,34.150818578899525]},"properties":{"course_id":"westlake_village","course_name":"Westlake Village Golf Course","hole_number":11,"feature_type":"tee_center","name":"hole_11_tee_center","feature-color":"#c8a055","is_approximate":true,"source":"derived","@id":"eb03006f-42f8-4da7-a3c3-d3746f1e495e"}},{"type":"Feature","bbox":[-118.81013938652849,34.14944521367457,-118.81013938652849,34.14944521367457],"geometry":{"type":"Point","coordinates":[-118.81013938652849,34.14944521367457]},"properties":{"course_id":"westlake_village","course_name":"Westlake Village Golf Course","hole_number":11,"feature_type":"green_center","name":"hole_11_green_center","feature-color":"#5aae5a","is_approximate":true,"source":"derived","@id":"0931b288-3a4f-467b-9e68-ef3e963885b6"}},{"type":"Feature","bbox":[-118.81027044571023,34.149480471455,-118.81027044571023,34.149480471455],"geometry":{"type":"Point","coordinates":[-118.81027044571023,34.149480471455]},"properties":{"course_id":"westlake_village","course_name":"Westlake Village Golf Course","hole_number":11,"feature_type":"green_front","name":"hole_11_green_front","feature-color":"#5aae5a","is_approximate":true,"source":"derived","@id":"0ae1a4b2-7f5e-4856-a879-9e0001e046b9"}},{"type":"Feature","bbox":[-118.81001982301163,34.1494130484789,-118.81001982301163,34.1494130484789],"geometry":{"type":"Point","coordinates":[-118.81001982301163,34.1494130484789]},"properties":{"course_id":"westlake_village","course_name":"Westlake Village Golf Course","hole_number":11,"feature_type":"green_back","name":"hole_11_green_back","feature-color":"#5aae5a","is_approximate":true,"source":"derived","@id":"8684c676-569e-42f5-9ea2-35a7fb5775c4"}}]}